cell	key	task	condition	run	started_at_CDT	source_run_dir	source_job_dir
di__b4k__otrc-ss-partial	blind-maze-explorer-5x5__otrc-ss-partial__r1	blind-maze-explorer-5x5	otrc-ss-partial	1	2026-09-06T03:19:18.834526-05:00	ICLR_results/terminalbench/main/devstral24b/di__b4k__otrc-ss-partial/blind-maze-explorer-5x5/otrc-ss-partial/run_1	logs/harbor_jobs/terminalbench/devstral24b/devstral24b-otrc-ss-partial-r1-1788678526318
di__b4k__otrc-ss-partial	blind-maze-explorer-algorithm__otrc-ss-partial__r1	blind-maze-explorer-algorithm	otrc-ss-partial	1	2026-09-06T02:36:19.142048-05:00	ICLR_results/terminalbench/main/devstral24b/di__b4k__otrc-ss-partial/blind-maze-explorer-algorithm/otrc-ss-partial/run_1	logs/harbor_jobs/terminalbench/devstral24b/devstral24b-otrc-ss-partial-r1-1788678526318
di__b4k__otrc-ss-partial	cartpole-rl-training__otrc-ss-partial__r1	cartpole-rl-training	otrc-ss-partial	1	2026-09-06T03:20:11.507337-05:00	ICLR_results/terminalbench/main/devstral24b/di__b4k__otrc-ss-partial/cartpole-rl-training/otrc-ss-partial/run_1	logs/harbor_jobs/terminalbench/devstral24b/devstral24b-otrc-ss-partial-r1-1788678526318
di__b4k__otrc-ss-partial	count-dataset-tokens__otrc-ss-partial__r1	count-dataset-tokens	otrc-ss-partial	1	2026-09-06T02:09:42.821763-05:00	ICLR_results/terminalbench/main/devstral24b/di__b4k__otrc-ss-partial/count-dataset-tokens/otrc-ss-partial/run_1	logs/harbor_jobs/terminalbench/devstral24b/devstral24b-otrc-ss-partial-r1-1788678526318
di__b4k__otrc-ss-partial	crack-7z-hash.hard__otrc-ss-partial__r1	crack-7z-hash.hard	otrc-ss-partial	1	2026-09-06T02:59:09.534473-05:00	ICLR_results/terminalbench/main/devstral24b/di__b4k__otrc-ss-partial/crack-7z-hash.hard/otrc-ss-partial/run_1	logs/harbor_jobs/terminalbench/devstral24b/devstral24b-otrc-ss-partial-r1-1788678526318
di__b4k__otrc-ss-partial	csv-to-parquet__otrc-ss-partial__r1	csv-to-parquet	otrc-ss-partial	1	2026-09-06T02:29:01.714724-05:00	ICLR_results/terminalbench/main/devstral24b/di__b4k__otrc-ss-partial/csv-to-parquet/otrc-ss-partial/run_1	logs/harbor_jobs/terminalbench/devstral24b/devstral24b-otrc-ss-partial-r1-1788678526318
di__b4k__otrc-ss-partial	decommissioning-service-with-sensitive-data__otrc-ss-partial__r1	decommissioning-service-with-sensitive-data	otrc-ss-partial	1	2026-09-06T03:18:21.231761-05:00	ICLR_results/terminalbench/main/devstral24b/di__b4k__otrc-ss-partial/decommissioning-service-with-sensitive-data/otrc-ss-partial/run_1	logs/harbor_jobs/terminalbench/devstral24b/devstral24b-otrc-ss-partial-r1-1788678526318
di__b4k__otrc-ss-partial	download-youtube__otrc-ss-partial__r1	download-youtube	otrc-ss-partial	1	2026-09-06T03:05:33.252053-05:00	ICLR_results/terminalbench/main/devstral24b/di__b4k__otrc-ss-partial/download-youtube/otrc-ss-partial/run_1	logs/harbor_jobs/terminalbench/devstral24b/devstral24b-otrc-ss-partial-r1-1788678526318
di__b4k__otrc-ss-partial	eval-mteb__otrc-ss-partial__r1	eval-mteb	otrc-ss-partial	1	2026-09-06T02:22:24.461576-05:00	ICLR_results/terminalbench/main/devstral24b/di__b4k__otrc-ss-partial/eval-mteb/otrc-ss-partial/run_1	logs/harbor_jobs/terminalbench/devstral24b/devstral24b-otrc-ss-partial-r1-1788678526318
di__b4k__otrc-ss-partial	eval-mteb.hard__otrc-ss-partial__r1	eval-mteb.hard	otrc-ss-partial	1	2026-09-06T03:15:01.238652-05:00	ICLR_results/terminalbench/main/devstral24b/di__b4k__otrc-ss-partial/eval-mteb.hard/otrc-ss-partial/run_1	logs/harbor_jobs/terminalbench/devstral24b/devstral24b-otrc-ss-partial-r1-1788678526318
di__b4k__otrc-ss-partial	extract-moves-from-video__otrc-ss-partial__r1	extract-moves-from-video	otrc-ss-partial	1	2026-09-06T02:41:53.413876-05:00	ICLR_results/terminalbench/main/devstral24b/di__b4k__otrc-ss-partial/extract-moves-from-video/otrc-ss-partial/run_1	logs/harbor_jobs/terminalbench/devstral24b/devstral24b-otrc-ss-partial-r1-1788678526318
di__b4k__otrc-ss-partial	fibonacci-server__otrc-ss-partial__r1	fibonacci-server	otrc-ss-partial	1	2026-09-06T02:18:52.489001-05:00	ICLR_results/terminalbench/main/devstral24b/di__b4k__otrc-ss-partial/fibonacci-server/otrc-ss-partial/run_1	logs/harbor_jobs/terminalbench/devstral24b/devstral24b-otrc-ss-partial-r1-1788678526318
di__b4k__otrc-ss-partial	fix-git__otrc-ss-partial__r1	fix-git	otrc-ss-partial	1	2026-09-06T02:52:46.246048-05:00	ICLR_results/terminalbench/main/devstral24b/di__b4k__otrc-ss-partial/fix-git/otrc-ss-partial/run_1	logs/harbor_jobs/terminalbench/devstral24b/devstral24b-otrc-ss-partial-r1-1788678526318
di__b4k__otrc-ss-partial	fix-pandas-version__otrc-ss-partial__r1	fix-pandas-version	otrc-ss-partial	1	2026-09-06T02:26:38.904366-05:00	ICLR_results/terminalbench/main/devstral24b/di__b4k__otrc-ss-partial/fix-pandas-version/otrc-ss-partial/run_1	logs/harbor_jobs/terminalbench/devstral24b/devstral24b-otrc-ss-partial-r1-1788678526318
di__b4k__otrc-ss-partial	fix-permissions__otrc-ss-partial__r1	fix-permissions	otrc-ss-partial	1	2026-09-06T02:15:17.200388-05:00	ICLR_results/terminalbench/main/devstral24b/di__b4k__otrc-ss-partial/fix-permissions/otrc-ss-partial/run_1	logs/harbor_jobs/terminalbench/devstral24b/devstral24b-otrc-ss-partial-r1-1788678526318
di__b4k__otrc-ss-partial	git-workflow-hack__otrc-ss-partial__r1	git-workflow-hack	otrc-ss-partial	1	2026-09-06T02:51:51.854428-05:00	ICLR_results/terminalbench/main/devstral24b/di__b4k__otrc-ss-partial/git-workflow-hack/otrc-ss-partial/run_1	logs/harbor_jobs/terminalbench/devstral24b/devstral24b-otrc-ss-partial-r1-1788678526318
di__b4k__otrc-ss-partial	gpt2-codegolf__otrc-ss-partial__r1	gpt2-codegolf	otrc-ss-partial	1	2026-09-06T02:20:09.658471-05:00	ICLR_results/terminalbench/main/devstral24b/di__b4k__otrc-ss-partial/gpt2-codegolf/otrc-ss-partial/run_1	logs/harbor_jobs/terminalbench/devstral24b/devstral24b-otrc-ss-partial-r1-1788678526318
di__b4k__otrc-ss-partial	heterogeneous-dates__otrc-ss-partial__r1	heterogeneous-dates	otrc-ss-partial	1	2026-09-06T03:23:48.977545-05:00	ICLR_results/terminalbench/main/devstral24b/di__b4k__otrc-ss-partial/heterogeneous-dates/otrc-ss-partial/run_1	logs/harbor_jobs/terminalbench/devstral24b/devstral24b-otrc-ss-partial-r1-1788678526318
di__b4k__otrc-ss-partial	hf-model-inference__otrc-ss-partial__r1	hf-model-inference	otrc-ss-partial	1	2026-09-06T02:25:20.101930-05:00	ICLR_results/terminalbench/main/devstral24b/di__b4k__otrc-ss-partial/hf-model-inference/otrc-ss-partial/run_1	logs/harbor_jobs/terminalbench/devstral24b/devstral24b-otrc-ss-partial-r1-1788678526318
di__b4k__otrc-ss-partial	incompatible-python-fasttext__otrc-ss-partial__r1	incompatible-python-fasttext	otrc-ss-partial	1	2026-09-06T02:08:47.783295-05:00	ICLR_results/terminalbench/main/devstral24b/di__b4k__otrc-ss-partial/incompatible-python-fasttext/otrc-ss-partial/run_1	logs/harbor_jobs/terminalbench/devstral24b/devstral24b-otrc-ss-partial-r1-1788678526318
di__b4k__otrc-ss-partial	intrusion-detection__otrc-ss-partial__r1	intrusion-detection	otrc-ss-partial	1	2026-09-06T02:51:43.677359-05:00	ICLR_results/terminalbench/main/devstral24b/di__b4k__otrc-ss-partial/intrusion-detection/otrc-ss-partial/run_1	logs/harbor_jobs/terminalbench/devstral24b/devstral24b-otrc-ss-partial-r1-1788678526318
di__b4k__otrc-ss-partial	modernize-fortran-build__otrc-ss-partial__r1	modernize-fortran-build	otrc-ss-partial	1	2026-09-06T02:35:27.604522-05:00	ICLR_results/terminalbench/main/devstral24b/di__b4k__otrc-ss-partial/modernize-fortran-build/otrc-ss-partial/run_1	logs/harbor_jobs/terminalbench/devstral24b/devstral24b-otrc-ss-partial-r1-1788678526318
di__b4k__otrc-ss-partial	new-encrypt-command__otrc-ss-partial__r1	new-encrypt-command	otrc-ss-partial	1	2026-09-06T02:50:14.109807-05:00	ICLR_results/terminalbench/main/devstral24b/di__b4k__otrc-ss-partial/new-encrypt-command/otrc-ss-partial/run_1	logs/harbor_jobs/terminalbench/devstral24b/devstral24b-otrc-ss-partial-r1-1788678526318
di__b4k__otrc-ss-partial	password-recovery__otrc-ss-partial__r1	password-recovery	otrc-ss-partial	1	2026-09-06T02:58:14.995524-05:00	ICLR_results/terminalbench/main/devstral24b/di__b4k__otrc-ss-partial/password-recovery/otrc-ss-partial/run_1	logs/harbor_jobs/terminalbench/devstral24b/devstral24b-otrc-ss-partial-r1-1788678526318
di__b4k__otrc-ss-partial	path-tracing-reverse__otrc-ss-partial__r1	path-tracing-reverse	otrc-ss-partial	1	2026-09-06T02:09:27.411536-05:00	ICLR_results/terminalbench/main/devstral24b/di__b4k__otrc-ss-partial/path-tracing-reverse/otrc-ss-partial/run_1	logs/harbor_jobs/terminalbench/devstral24b/devstral24b-otrc-ss-partial-r1-1788678526318
di__b4k__otrc-ss-partial	processing-pipeline__otrc-ss-partial__r1	processing-pipeline	otrc-ss-partial	1	2026-09-06T02:34:00.172529-05:00	ICLR_results/terminalbench/main/devstral24b/di__b4k__otrc-ss-partial/processing-pipeline/otrc-ss-partial/run_1	logs/harbor_jobs/terminalbench/devstral24b/devstral24b-otrc-ss-partial-r1-1788678526318
di__b4k__otrc-ss-partial	prove-plus-comm__otrc-ss-partial__r1	prove-plus-comm	otrc-ss-partial	1	2026-09-06T02:08:47.787545-05:00	ICLR_results/terminalbench/main/devstral24b/di__b4k__otrc-ss-partial/prove-plus-comm/otrc-ss-partial/run_1	logs/harbor_jobs/terminalbench/devstral24b/devstral24b-otrc-ss-partial-r1-1788678526318
di__b4k__otrc-ss-partial	pytorch-model-cli.hard__otrc-ss-partial__r1	pytorch-model-cli.hard	otrc-ss-partial	1	2026-09-06T02:11:39.592119-05:00	ICLR_results/terminalbench/main/devstral24b/di__b4k__otrc-ss-partial/pytorch-model-cli.hard/otrc-ss-partial/run_1	logs/harbor_jobs/terminalbench/devstral24b/devstral24b-otrc-ss-partial-r1-1788678526318
di__b4k__otrc-ss-partial	qemu-alpine-ssh__otrc-ss-partial__r1	qemu-alpine-ssh	otrc-ss-partial	1	2026-09-06T02:22:17.204294-05:00	ICLR_results/terminalbench/main/devstral24b/di__b4k__otrc-ss-partial/qemu-alpine-ssh/otrc-ss-partial/run_1	logs/harbor_jobs/terminalbench/devstral24b/devstral24b-otrc-ss-partial-r1-1788678526318
di__b4k__otrc-ss-partial	qemu-startup__otrc-ss-partial__r1	qemu-startup	otrc-ss-partial	1	2026-09-06T03:04:34.282325-05:00	ICLR_results/terminalbench/main/devstral24b/di__b4k__otrc-ss-partial/qemu-startup/otrc-ss-partial/run_1	logs/harbor_jobs/terminalbench/devstral24b/devstral24b-otrc-ss-partial-r1-1788678526318
di__b4k__otrc-ss-partial	raman-fitting.easy__otrc-ss-partial__r1	raman-fitting.easy	otrc-ss-partial	1	2026-09-06T02:08:47.779155-05:00	ICLR_results/terminalbench/main/devstral24b/di__b4k__otrc-ss-partial/raman-fitting.easy/otrc-ss-partial/run_1	logs/harbor_jobs/terminalbench/devstral24b/devstral24b-otrc-ss-partial-r1-1788678526318
di__b4k__otrc-ss-partial	sanitize-git-repo__otrc-ss-partial__r1	sanitize-git-repo	otrc-ss-partial	1	2026-09-06T02:27:35.234551-05:00	ICLR_results/terminalbench/main/devstral24b/di__b4k__otrc-ss-partial/sanitize-git-repo/otrc-ss-partial/run_1	logs/harbor_jobs/terminalbench/devstral24b/devstral24b-otrc-ss-partial-r1-1788678526318
di__b4k__otrc-ss-partial	sanitize-git-repo.hard__otrc-ss-partial__r1	sanitize-git-repo.hard	otrc-ss-partial	1	2026-09-06T03:11:57.577820-05:00	ICLR_results/terminalbench/main/devstral24b/di__b4k__otrc-ss-partial/sanitize-git-repo.hard/otrc-ss-partial/run_1	logs/harbor_jobs/terminalbench/devstral24b/devstral24b-otrc-ss-partial-r1-1788678526318
di__b4k__otrc-ss-partial	solana-data__otrc-ss-partial__r1	solana-data	otrc-ss-partial	1	2026-09-06T02:15:50.310296-05:00	ICLR_results/terminalbench/main/devstral24b/di__b4k__otrc-ss-partial/solana-data/otrc-ss-partial/run_1	logs/harbor_jobs/terminalbench/devstral24b/devstral24b-otrc-ss-partial-r1-1788678526318
di__b4k__otrc-ss-partial	sqlite-with-gcov__otrc-ss-partial__r1	sqlite-with-gcov	otrc-ss-partial	1	2026-09-06T02:15:55.318381-05:00	ICLR_results/terminalbench/main/devstral24b/di__b4k__otrc-ss-partial/sqlite-with-gcov/otrc-ss-partial/run_1	logs/harbor_jobs/terminalbench/devstral24b/devstral24b-otrc-ss-partial-r1-1788678526318
di__b4k__otrc-ss-partial	super-benchmark-upet__otrc-ss-partial__r1	super-benchmark-upet	otrc-ss-partial	1	2026-09-06T02:48:16.944792-05:00	ICLR_results/terminalbench/main/devstral24b/di__b4k__otrc-ss-partial/super-benchmark-upet/otrc-ss-partial/run_1	logs/harbor_jobs/terminalbench/devstral24b/devstral24b-otrc-ss-partial-r1-1788678526318
di__b4k__otrc-ss-partial	swe-bench-astropy-2__otrc-ss-partial__r1	swe-bench-astropy-2	otrc-ss-partial	1	2026-09-06T03:00:43.626453-05:00	ICLR_results/terminalbench/main/devstral24b/di__b4k__otrc-ss-partial/swe-bench-astropy-2/otrc-ss-partial/run_1	logs/harbor_jobs/terminalbench/devstral24b/devstral24b-otrc-ss-partial-r1-1788678526318
di__b4k__otrc-ss-partial	swe-bench-fsspec__otrc-ss-partial__r1	swe-bench-fsspec	otrc-ss-partial	1	2026-09-06T02:32:43.067926-05:00	ICLR_results/terminalbench/main/devstral24b/di__b4k__otrc-ss-partial/swe-bench-fsspec/otrc-ss-partial/run_1	logs/harbor_jobs/terminalbench/devstral24b/devstral24b-otrc-ss-partial-r1-1788678526318
di__b4k__otrc-ss-partial	tmux-advanced-workflow__otrc-ss-partial__r1	tmux-advanced-workflow	otrc-ss-partial	1	2026-09-06T02:08:47.736830-05:00	ICLR_results/terminalbench/main/devstral24b/di__b4k__otrc-ss-partial/tmux-advanced-workflow/otrc-ss-partial/run_1	logs/harbor_jobs/terminalbench/devstral24b/devstral24b-otrc-ss-partial-r1-1788678526318
di__b4k__otrc-ss-partial	write-compressor__otrc-ss-partial__r1	write-compressor	otrc-ss-partial	1	2026-09-06T02:58:10.132835-05:00	ICLR_results/terminalbench/main/devstral24b/di__b4k__otrc-ss-partial/write-compressor/otrc-ss-partial/run_1	logs/harbor_jobs/terminalbench/devstral24b/devstral24b-otrc-ss-partial-r1-1788678526318
di__b4k__otrc-ss-partial	blind-maze-explorer-5x5__otrc-ss-partial__r2	blind-maze-explorer-5x5	otrc-ss-partial	2	2026-09-06T05:06:52.079581-05:00	ICLR_results/terminalbench/main/devstral24b/di__b4k__otrc-ss-partial/blind-maze-explorer-5x5/otrc-ss-partial/run_2	logs/harbor_jobs/terminalbench/devstral24b/devstral24b-otrc-ss-partial-r2-1788684822492
di__b4k__otrc-ss-partial	blind-maze-explorer-algorithm__otrc-ss-partial__r2	blind-maze-explorer-algorithm	otrc-ss-partial	2	2026-09-06T04:23:43.461294-05:00	ICLR_results/terminalbench/main/devstral24b/di__b4k__otrc-ss-partial/blind-maze-explorer-algorithm/otrc-ss-partial/run_2	logs/harbor_jobs/terminalbench/devstral24b/devstral24b-otrc-ss-partial-r2-1788684822492
di__b4k__otrc-ss-partial	cartpole-rl-training__otrc-ss-partial__r2	cartpole-rl-training	otrc-ss-partial	2	2026-09-06T05:08:48.649081-05:00	ICLR_results/terminalbench/main/devstral24b/di__b4k__otrc-ss-partial/cartpole-rl-training/otrc-ss-partial/run_2	logs/harbor_jobs/terminalbench/devstral24b/devstral24b-otrc-ss-partial-r2-1788684822492
di__b4k__otrc-ss-partial	count-dataset-tokens__otrc-ss-partial__r2	count-dataset-tokens	otrc-ss-partial	2	2026-09-06T04:00:12.014512-05:00	ICLR_results/terminalbench/main/devstral24b/di__b4k__otrc-ss-partial/count-dataset-tokens/otrc-ss-partial/run_2	logs/harbor_jobs/terminalbench/devstral24b/devstral24b-otrc-ss-partial-r2-1788684822492
di__b4k__otrc-ss-partial	crack-7z-hash.hard__otrc-ss-partial__r2	crack-7z-hash.hard	otrc-ss-partial	2	2026-09-06T04:45:32.021145-05:00	ICLR_results/terminalbench/main/devstral24b/di__b4k__otrc-ss-partial/crack-7z-hash.hard/otrc-ss-partial/run_2	logs/harbor_jobs/terminalbench/devstral24b/devstral24b-otrc-ss-partial-r2-1788684822492
di__b4k__otrc-ss-partial	csv-to-parquet__otrc-ss-partial__r2	csv-to-parquet	otrc-ss-partial	2	2026-09-06T04:17:17.496891-05:00	ICLR_results/terminalbench/main/devstral24b/di__b4k__otrc-ss-partial/csv-to-parquet/otrc-ss-partial/run_2	logs/harbor_jobs/terminalbench/devstral24b/devstral24b-otrc-ss-partial-r2-1788684822492
di__b4k__otrc-ss-partial	decommissioning-service-with-sensitive-data__otrc-ss-partial__r2	decommissioning-service-with-sensitive-data	otrc-ss-partial	2	2026-09-06T05:04:43.359920-05:00	ICLR_results/terminalbench/main/devstral24b/di__b4k__otrc-ss-partial/decommissioning-service-with-sensitive-data/otrc-ss-partial/run_2	logs/harbor_jobs/terminalbench/devstral24b/devstral24b-otrc-ss-partial-r2-1788684822492
di__b4k__otrc-ss-partial	download-youtube__otrc-ss-partial__r2	download-youtube	otrc-ss-partial	2	2026-09-06T04:51:55.844550-05:00	ICLR_results/terminalbench/main/devstral24b/di__b4k__otrc-ss-partial/download-youtube/otrc-ss-partial/run_2	logs/harbor_jobs/terminalbench/devstral24b/devstral24b-otrc-ss-partial-r2-1788684822492
di__b4k__otrc-ss-partial	eval-mteb__otrc-ss-partial__r2	eval-mteb	otrc-ss-partial	2	2026-09-06T04:10:36.973465-05:00	ICLR_results/terminalbench/main/devstral24b/di__b4k__otrc-ss-partial/eval-mteb/otrc-ss-partial/run_2	logs/harbor_jobs/terminalbench/devstral24b/devstral24b-otrc-ss-partial-r2-1788684822492
di__b4k__otrc-ss-partial	eval-mteb.hard__otrc-ss-partial__r2	eval-mteb.hard	otrc-ss-partial	2	2026-09-06T05:01:36.285495-05:00	ICLR_results/terminalbench/main/devstral24b/di__b4k__otrc-ss-partial/eval-mteb.hard/otrc-ss-partial/run_2	logs/harbor_jobs/terminalbench/devstral24b/devstral24b-otrc-ss-partial-r2-1788684822492
di__b4k__otrc-ss-partial	extract-moves-from-video__otrc-ss-partial__r2	extract-moves-from-video	otrc-ss-partial	2	2026-09-06T04:25:30.997338-05:00	ICLR_results/terminalbench/main/devstral24b/di__b4k__otrc-ss-partial/extract-moves-from-video/otrc-ss-partial/run_2	logs/harbor_jobs/terminalbench/devstral24b/devstral24b-otrc-ss-partial-r2-1788684822492
di__b4k__otrc-ss-partial	fibonacci-server__otrc-ss-partial__r2	fibonacci-server	otrc-ss-partial	2	2026-09-06T04:07:06.690516-05:00	ICLR_results/terminalbench/main/devstral24b/di__b4k__otrc-ss-partial/fibonacci-server/otrc-ss-partial/run_2	logs/harbor_jobs/terminalbench/devstral24b/devstral24b-otrc-ss-partial-r2-1788684822492
di__b4k__otrc-ss-partial	fix-git__otrc-ss-partial__r2	fix-git	otrc-ss-partial	2	2026-09-06T04:40:58.673546-05:00	ICLR_results/terminalbench/main/devstral24b/di__b4k__otrc-ss-partial/fix-git/otrc-ss-partial/run_2	logs/harbor_jobs/terminalbench/devstral24b/devstral24b-otrc-ss-partial-r2-1788684822492
di__b4k__otrc-ss-partial	fix-pandas-version__otrc-ss-partial__r2	fix-pandas-version	otrc-ss-partial	2	2026-09-06T04:13:40.591354-05:00	ICLR_results/terminalbench/main/devstral24b/di__b4k__otrc-ss-partial/fix-pandas-version/otrc-ss-partial/run_2	logs/harbor_jobs/terminalbench/devstral24b/devstral24b-otrc-ss-partial-r2-1788684822492
di__b4k__otrc-ss-partial	fix-permissions__otrc-ss-partial__r2	fix-permissions	otrc-ss-partial	2	2026-09-06T04:00:16.329039-05:00	ICLR_results/terminalbench/main/devstral24b/di__b4k__otrc-ss-partial/fix-permissions/otrc-ss-partial/run_2	logs/harbor_jobs/terminalbench/devstral24b/devstral24b-otrc-ss-partial-r2-1788684822492
di__b4k__otrc-ss-partial	git-workflow-hack__otrc-ss-partial__r2	git-workflow-hack	otrc-ss-partial	2	2026-09-06T04:39:08.473480-05:00	ICLR_results/terminalbench/main/devstral24b/di__b4k__otrc-ss-partial/git-workflow-hack/otrc-ss-partial/run_2	logs/harbor_jobs/terminalbench/devstral24b/devstral24b-otrc-ss-partial-r2-1788684822492
di__b4k__otrc-ss-partial	gpt2-codegolf__otrc-ss-partial__r2	gpt2-codegolf	otrc-ss-partial	2	2026-09-06T04:07:18.033062-05:00	ICLR_results/terminalbench/main/devstral24b/di__b4k__otrc-ss-partial/gpt2-codegolf/otrc-ss-partial/run_2	logs/harbor_jobs/terminalbench/devstral24b/devstral24b-otrc-ss-partial-r2-1788684822492
di__b4k__otrc-ss-partial	heterogeneous-dates__otrc-ss-partial__r2	heterogeneous-dates	otrc-ss-partial	2	2026-09-06T05:12:17.359432-05:00	ICLR_results/terminalbench/main/devstral24b/di__b4k__otrc-ss-partial/heterogeneous-dates/otrc-ss-partial/run_2	logs/harbor_jobs/terminalbench/devstral24b/devstral24b-otrc-ss-partial-r2-1788684822492
di__b4k__otrc-ss-partial	hf-model-inference__otrc-ss-partial__r2	hf-model-inference	otrc-ss-partial	2	2026-09-06T04:13:38.970425-05:00	ICLR_results/terminalbench/main/devstral24b/di__b4k__otrc-ss-partial/hf-model-inference/otrc-ss-partial/run_2	logs/harbor_jobs/terminalbench/devstral24b/devstral24b-otrc-ss-partial-r2-1788684822492
di__b4k__otrc-ss-partial	incompatible-python-fasttext__otrc-ss-partial__r2	incompatible-python-fasttext	otrc-ss-partial	2	2026-09-06T03:53:44.120003-05:00	ICLR_results/terminalbench/main/devstral24b/di__b4k__otrc-ss-partial/incompatible-python-fasttext/otrc-ss-partial/run_2	logs/harbor_jobs/terminalbench/devstral24b/devstral24b-otrc-ss-partial-r2-1788684822492
di__b4k__otrc-ss-partial	intrusion-detection__otrc-ss-partial__r2	intrusion-detection	otrc-ss-partial	2	2026-09-06T04:37:28.262121-05:00	ICLR_results/terminalbench/main/devstral24b/di__b4k__otrc-ss-partial/intrusion-detection/otrc-ss-partial/run_2	logs/harbor_jobs/terminalbench/devstral24b/devstral24b-otrc-ss-partial-r2-1788684822492
di__b4k__otrc-ss-partial	modernize-fortran-build__otrc-ss-partial__r2	modernize-fortran-build	otrc-ss-partial	2	2026-09-06T04:23:17.732060-05:00	ICLR_results/terminalbench/main/devstral24b/di__b4k__otrc-ss-partial/modernize-fortran-build/otrc-ss-partial/run_2	logs/harbor_jobs/terminalbench/devstral24b/devstral24b-otrc-ss-partial-r2-1788684822492
di__b4k__otrc-ss-partial	new-encrypt-command__otrc-ss-partial__r2	new-encrypt-command	otrc-ss-partial	2	2026-09-06T04:35:27.296531-05:00	ICLR_results/terminalbench/main/devstral24b/di__b4k__otrc-ss-partial/new-encrypt-command/otrc-ss-partial/run_2	logs/harbor_jobs/terminalbench/devstral24b/devstral24b-otrc-ss-partial-r2-1788684822492
di__b4k__otrc-ss-partial	password-recovery__otrc-ss-partial__r2	password-recovery	otrc-ss-partial	2	2026-09-06T04:43:55.150698-05:00	ICLR_results/terminalbench/main/devstral24b/di__b4k__otrc-ss-partial/password-recovery/otrc-ss-partial/run_2	logs/harbor_jobs/terminalbench/devstral24b/devstral24b-otrc-ss-partial-r2-1788684822492
di__b4k__otrc-ss-partial	path-tracing-reverse__otrc-ss-partial__r2	path-tracing-reverse	otrc-ss-partial	2	2026-09-06T03:54:26.799041-05:00	ICLR_results/terminalbench/main/devstral24b/di__b4k__otrc-ss-partial/path-tracing-reverse/otrc-ss-partial/run_2	logs/harbor_jobs/terminalbench/devstral24b/devstral24b-otrc-ss-partial-r2-1788684822492
di__b4k__otrc-ss-partial	processing-pipeline__otrc-ss-partial__r2	processing-pipeline	otrc-ss-partial	2	2026-09-06T04:20:59.880126-05:00	ICLR_results/terminalbench/main/devstral24b/di__b4k__otrc-ss-partial/processing-pipeline/otrc-ss-partial/run_2	logs/harbor_jobs/terminalbench/devstral24b/devstral24b-otrc-ss-partial-r2-1788684822492
di__b4k__otrc-ss-partial	prove-plus-comm__otrc-ss-partial__r2	prove-plus-comm	otrc-ss-partial	2	2026-09-06T03:53:44.124233-05:00	ICLR_results/terminalbench/main/devstral24b/di__b4k__otrc-ss-partial/prove-plus-comm/otrc-ss-partial/run_2	logs/harbor_jobs/terminalbench/devstral24b/devstral24b-otrc-ss-partial-r2-1788684822492
di__b4k__otrc-ss-partial	pytorch-model-cli.hard__otrc-ss-partial__r2	pytorch-model-cli.hard	otrc-ss-partial	2	2026-09-06T04:00:14.878256-05:00	ICLR_results/terminalbench/main/devstral24b/di__b4k__otrc-ss-partial/pytorch-model-cli.hard/otrc-ss-partial/run_2	logs/harbor_jobs/terminalbench/devstral24b/devstral24b-otrc-ss-partial-r2-1788684822492
di__b4k__otrc-ss-partial	qemu-alpine-ssh__otrc-ss-partial__r2	qemu-alpine-ssh	otrc-ss-partial	2	2026-09-06T04:07:26.308429-05:00	ICLR_results/terminalbench/main/devstral24b/di__b4k__otrc-ss-partial/qemu-alpine-ssh/otrc-ss-partial/run_2	logs/harbor_jobs/terminalbench/devstral24b/devstral24b-otrc-ss-partial-r2-1788684822492
di__b4k__otrc-ss-partial	qemu-startup__otrc-ss-partial__r2	qemu-startup	otrc-ss-partial	2	2026-09-06T04:50:19.090678-05:00	ICLR_results/terminalbench/main/devstral24b/di__b4k__otrc-ss-partial/qemu-startup/otrc-ss-partial/run_2	logs/harbor_jobs/terminalbench/devstral24b/devstral24b-otrc-ss-partial-r2-1788684822492
di__b4k__otrc-ss-partial	raman-fitting.easy__otrc-ss-partial__r2	raman-fitting.easy	otrc-ss-partial	2	2026-09-06T03:53:44.115884-05:00	ICLR_results/terminalbench/main/devstral24b/di__b4k__otrc-ss-partial/raman-fitting.easy/otrc-ss-partial/run_2	logs/harbor_jobs/terminalbench/devstral24b/devstral24b-otrc-ss-partial-r2-1788684822492
di__b4k__otrc-ss-partial	sanitize-git-repo__otrc-ss-partial__r2	sanitize-git-repo	otrc-ss-partial	2	2026-09-06T04:14:36.807005-05:00	ICLR_results/terminalbench/main/devstral24b/di__b4k__otrc-ss-partial/sanitize-git-repo/otrc-ss-partial/run_2	logs/harbor_jobs/terminalbench/devstral24b/devstral24b-otrc-ss-partial-r2-1788684822492
di__b4k__otrc-ss-partial	sanitize-git-repo.hard__otrc-ss-partial__r2	sanitize-git-repo.hard	otrc-ss-partial	2	2026-09-06T04:58:20.732518-05:00	ICLR_results/terminalbench/main/devstral24b/di__b4k__otrc-ss-partial/sanitize-git-repo.hard/otrc-ss-partial/run_2	logs/harbor_jobs/terminalbench/devstral24b/devstral24b-otrc-ss-partial-r2-1788684822492
di__b4k__otrc-ss-partial	solana-data__otrc-ss-partial__r2	solana-data	otrc-ss-partial	2	2026-09-06T04:00:53.603494-05:00	ICLR_results/terminalbench/main/devstral24b/di__b4k__otrc-ss-partial/solana-data/otrc-ss-partial/run_2	logs/harbor_jobs/terminalbench/devstral24b/devstral24b-otrc-ss-partial-r2-1788684822492
di__b4k__otrc-ss-partial	sqlite-with-gcov__otrc-ss-partial__r2	sqlite-with-gcov	otrc-ss-partial	2	2026-09-06T04:00:55.135172-05:00	ICLR_results/terminalbench/main/devstral24b/di__b4k__otrc-ss-partial/sqlite-with-gcov/otrc-ss-partial/run_2	logs/harbor_jobs/terminalbench/devstral24b/devstral24b-otrc-ss-partial-r2-1788684822492
di__b4k__otrc-ss-partial	super-benchmark-upet__otrc-ss-partial__r2	super-benchmark-upet	otrc-ss-partial	2	2026-09-06T04:31:53.869884-05:00	ICLR_results/terminalbench/main/devstral24b/di__b4k__otrc-ss-partial/super-benchmark-upet/otrc-ss-partial/run_2	logs/harbor_jobs/terminalbench/devstral24b/devstral24b-otrc-ss-partial-r2-1788684822492
di__b4k__otrc-ss-partial	swe-bench-astropy-2__otrc-ss-partial__r2	swe-bench-astropy-2	otrc-ss-partial	2	2026-09-06T04:50:13.166226-05:00	ICLR_results/terminalbench/main/devstral24b/di__b4k__otrc-ss-partial/swe-bench-astropy-2/otrc-ss-partial/run_2	logs/harbor_jobs/terminalbench/devstral24b/devstral24b-otrc-ss-partial-r2-1788684822492
di__b4k__otrc-ss-partial	swe-bench-fsspec__otrc-ss-partial__r2	swe-bench-fsspec	otrc-ss-partial	2	2026-09-06T04:17:51.820262-05:00	ICLR_results/terminalbench/main/devstral24b/di__b4k__otrc-ss-partial/swe-bench-fsspec/otrc-ss-partial/run_2	logs/harbor_jobs/terminalbench/devstral24b/devstral24b-otrc-ss-partial-r2-1788684822492
di__b4k__otrc-ss-partial	tmux-advanced-workflow__otrc-ss-partial__r2	tmux-advanced-workflow	otrc-ss-partial	2	2026-09-06T03:53:44.074979-05:00	ICLR_results/terminalbench/main/devstral24b/di__b4k__otrc-ss-partial/tmux-advanced-workflow/otrc-ss-partial/run_2	logs/harbor_jobs/terminalbench/devstral24b/devstral24b-otrc-ss-partial-r2-1788684822492
di__b4k__otrc-ss-partial	write-compressor__otrc-ss-partial__r2	write-compressor	otrc-ss-partial	2	2026-09-06T04:43:46.135659-05:00	ICLR_results/terminalbench/main/devstral24b/di__b4k__otrc-ss-partial/write-compressor/otrc-ss-partial/run_2	logs/harbor_jobs/terminalbench/devstral24b/devstral24b-otrc-ss-partial-r2-1788684822492
di__b4k__otrc-ss-partial	blind-maze-explorer-5x5__otrc-ss-partial__r3	blind-maze-explorer-5x5	otrc-ss-partial	3	2026-09-06T06:59:32.321509-05:00	ICLR_results/terminalbench/main/devstral24b/di__b4k__otrc-ss-partial/blind-maze-explorer-5x5/otrc-ss-partial/run_3	logs/harbor_jobs/terminalbench/devstral24b/devstral24b-otrc-ss-partial-r3-1788691729478
di__b4k__otrc-ss-partial	blind-maze-explorer-algorithm__otrc-ss-partial__r3	blind-maze-explorer-algorithm	otrc-ss-partial	3	2026-09-06T06:15:39.183788-05:00	ICLR_results/terminalbench/main/devstral24b/di__b4k__otrc-ss-partial/blind-maze-explorer-algorithm/otrc-ss-partial/run_3	logs/harbor_jobs/terminalbench/devstral24b/devstral24b-otrc-ss-partial-r3-1788691729478
di__b4k__otrc-ss-partial	cartpole-rl-training__otrc-ss-partial__r3	cartpole-rl-training	otrc-ss-partial	3	2026-09-06T07:01:23.129846-05:00	ICLR_results/terminalbench/main/devstral24b/di__b4k__otrc-ss-partial/cartpole-rl-training/otrc-ss-partial/run_3	logs/harbor_jobs/terminalbench/devstral24b/devstral24b-otrc-ss-partial-r3-1788691729478
di__b4k__otrc-ss-partial	count-dataset-tokens__otrc-ss-partial__r3	count-dataset-tokens	otrc-ss-partial	3	2026-09-06T05:50:30.109062-05:00	ICLR_results/terminalbench/main/devstral24b/di__b4k__otrc-ss-partial/count-dataset-tokens/otrc-ss-partial/run_3	logs/harbor_jobs/terminalbench/devstral24b/devstral24b-otrc-ss-partial-r3-1788691729478
di__b4k__otrc-ss-partial	crack-7z-hash.hard__otrc-ss-partial__r3	crack-7z-hash.hard	otrc-ss-partial	3	2026-09-06T06:37:32.501800-05:00	ICLR_results/terminalbench/main/devstral24b/di__b4k__otrc-ss-partial/crack-7z-hash.hard/otrc-ss-partial/run_3	logs/harbor_jobs/terminalbench/devstral24b/devstral24b-otrc-ss-partial-r3-1788691729478
di__b4k__otrc-ss-partial	csv-to-parquet__otrc-ss-partial__r3	csv-to-parquet	otrc-ss-partial	3	2026-09-06T06:07:26.868327-05:00	ICLR_results/terminalbench/main/devstral24b/di__b4k__otrc-ss-partial/csv-to-parquet/otrc-ss-partial/run_3	logs/harbor_jobs/terminalbench/devstral24b/devstral24b-otrc-ss-partial-r3-1788691729478
di__b4k__otrc-ss-partial	decommissioning-service-with-sensitive-data__otrc-ss-partial__r3	decommissioning-service-with-sensitive-data	otrc-ss-partial	3	2026-09-06T06:56:44.593120-05:00	ICLR_results/terminalbench/main/devstral24b/di__b4k__otrc-ss-partial/decommissioning-service-with-sensitive-data/otrc-ss-partial/run_3	logs/harbor_jobs/terminalbench/devstral24b/devstral24b-otrc-ss-partial-r3-1788691729478
di__b4k__otrc-ss-partial	download-youtube__otrc-ss-partial__r3	download-youtube	otrc-ss-partial	3	2026-09-06T06:43:56.771937-05:00	ICLR_results/terminalbench/main/devstral24b/di__b4k__otrc-ss-partial/download-youtube/otrc-ss-partial/run_3	logs/harbor_jobs/terminalbench/devstral24b/devstral24b-otrc-ss-partial-r3-1788691729478
di__b4k__otrc-ss-partial	eval-mteb__otrc-ss-partial__r3	eval-mteb	otrc-ss-partial	3	2026-09-06T06:02:25.088716-05:00	ICLR_results/terminalbench/main/devstral24b/di__b4k__otrc-ss-partial/eval-mteb/otrc-ss-partial/run_3	logs/harbor_jobs/terminalbench/devstral24b/devstral24b-otrc-ss-partial-r3-1788691729478
di__b4k__otrc-ss-partial	eval-mteb.hard__otrc-ss-partial__r3	eval-mteb.hard	otrc-ss-partial	3	2026-09-06T06:54:23.203319-05:00	ICLR_results/terminalbench/main/devstral24b/di__b4k__otrc-ss-partial/eval-mteb.hard/otrc-ss-partial/run_3	logs/harbor_jobs/terminalbench/devstral24b/devstral24b-otrc-ss-partial-r3-1788691729478
di__b4k__otrc-ss-partial	extract-moves-from-video__otrc-ss-partial__r3	extract-moves-from-video	otrc-ss-partial	3	2026-09-06T06:16:30.470236-05:00	ICLR_results/terminalbench/main/devstral24b/di__b4k__otrc-ss-partial/extract-moves-from-video/otrc-ss-partial/run_3	logs/harbor_jobs/terminalbench/devstral24b/devstral24b-otrc-ss-partial-r3-1788691729478
di__b4k__otrc-ss-partial	fibonacci-server__otrc-ss-partial__r3	fibonacci-server	otrc-ss-partial	3	2026-09-06T05:58:06.489975-05:00	ICLR_results/terminalbench/main/devstral24b/di__b4k__otrc-ss-partial/fibonacci-server/otrc-ss-partial/run_3	logs/harbor_jobs/terminalbench/devstral24b/devstral24b-otrc-ss-partial-r3-1788691729478
di__b4k__otrc-ss-partial	fix-git__otrc-ss-partial__r3	fix-git	otrc-ss-partial	3	2026-09-06T06:32:47.067933-05:00	ICLR_results/terminalbench/main/devstral24b/di__b4k__otrc-ss-partial/fix-git/otrc-ss-partial/run_3	logs/harbor_jobs/terminalbench/devstral24b/devstral24b-otrc-ss-partial-r3-1788691729478
di__b4k__otrc-ss-partial	fix-pandas-version__otrc-ss-partial__r3	fix-pandas-version	otrc-ss-partial	3	2026-09-06T06:06:27.605210-05:00	ICLR_results/terminalbench/main/devstral24b/di__b4k__otrc-ss-partial/fix-pandas-version/otrc-ss-partial/run_3	logs/harbor_jobs/terminalbench/devstral24b/devstral24b-otrc-ss-partial-r3-1788691729478
di__b4k__otrc-ss-partial	fix-permissions__otrc-ss-partial__r3	fix-permissions	otrc-ss-partial	3	2026-09-06T05:55:18.125884-05:00	ICLR_results/terminalbench/main/devstral24b/di__b4k__otrc-ss-partial/fix-permissions/otrc-ss-partial/run_3	logs/harbor_jobs/terminalbench/devstral24b/devstral24b-otrc-ss-partial-r3-1788691729478
di__b4k__otrc-ss-partial	git-workflow-hack__otrc-ss-partial__r3	git-workflow-hack	otrc-ss-partial	3	2026-09-06T06:31:05.156494-05:00	ICLR_results/terminalbench/main/devstral24b/di__b4k__otrc-ss-partial/git-workflow-hack/otrc-ss-partial/run_3	logs/harbor_jobs/terminalbench/devstral24b/devstral24b-otrc-ss-partial-r3-1788691729478
di__b4k__otrc-ss-partial	gpt2-codegolf__otrc-ss-partial__r3	gpt2-codegolf	otrc-ss-partial	3	2026-09-06T06:00:36.147518-05:00	ICLR_results/terminalbench/main/devstral24b/di__b4k__otrc-ss-partial/gpt2-codegolf/otrc-ss-partial/run_3	logs/harbor_jobs/terminalbench/devstral24b/devstral24b-otrc-ss-partial-r3-1788691729478
di__b4k__otrc-ss-partial	heterogeneous-dates__otrc-ss-partial__r3	heterogeneous-dates	otrc-ss-partial	3	2026-09-06T07:03:17.861275-05:00	ICLR_results/terminalbench/main/devstral24b/di__b4k__otrc-ss-partial/heterogeneous-dates/otrc-ss-partial/run_3	logs/harbor_jobs/terminalbench/devstral24b/devstral24b-otrc-ss-partial-r3-1788691729478
di__b4k__otrc-ss-partial	hf-model-inference__otrc-ss-partial__r3	hf-model-inference	otrc-ss-partial	3	2026-09-06T06:02:47.495635-05:00	ICLR_results/terminalbench/main/devstral24b/di__b4k__otrc-ss-partial/hf-model-inference/otrc-ss-partial/run_3	logs/harbor_jobs/terminalbench/devstral24b/devstral24b-otrc-ss-partial-r3-1788691729478
di__b4k__otrc-ss-partial	incompatible-python-fasttext__otrc-ss-partial__r3	incompatible-python-fasttext	otrc-ss-partial	3	2026-09-06T05:48:50.998201-05:00	ICLR_results/terminalbench/main/devstral24b/di__b4k__otrc-ss-partial/incompatible-python-fasttext/otrc-ss-partial/run_3	logs/harbor_jobs/terminalbench/devstral24b/devstral24b-otrc-ss-partial-r3-1788691729478
di__b4k__otrc-ss-partial	intrusion-detection__otrc-ss-partial__r3	intrusion-detection	otrc-ss-partial	3	2026-09-06T06:31:04.420975-05:00	ICLR_results/terminalbench/main/devstral24b/di__b4k__otrc-ss-partial/intrusion-detection/otrc-ss-partial/run_3	logs/harbor_jobs/terminalbench/devstral24b/devstral24b-otrc-ss-partial-r3-1788691729478
di__b4k__otrc-ss-partial	modernize-fortran-build__otrc-ss-partial__r3	modernize-fortran-build	otrc-ss-partial	3	2026-09-06T06:13:52.762149-05:00	ICLR_results/terminalbench/main/devstral24b/di__b4k__otrc-ss-partial/modernize-fortran-build/otrc-ss-partial/run_3	logs/harbor_jobs/terminalbench/devstral24b/devstral24b-otrc-ss-partial-r3-1788691729478
di__b4k__otrc-ss-partial	new-encrypt-command__otrc-ss-partial__r3	new-encrypt-command	otrc-ss-partial	3	2026-09-06T06:28:57.347007-05:00	ICLR_results/terminalbench/main/devstral24b/di__b4k__otrc-ss-partial/new-encrypt-command/otrc-ss-partial/run_3	logs/harbor_jobs/terminalbench/devstral24b/devstral24b-otrc-ss-partial-r3-1788691729478
di__b4k__otrc-ss-partial	password-recovery__otrc-ss-partial__r3	password-recovery	otrc-ss-partial	3	2026-09-06T06:37:30.691020-05:00	ICLR_results/terminalbench/main/devstral24b/di__b4k__otrc-ss-partial/password-recovery/otrc-ss-partial/run_3	logs/harbor_jobs/terminalbench/devstral24b/devstral24b-otrc-ss-partial-r3-1788691729478
di__b4k__otrc-ss-partial	path-tracing-reverse__otrc-ss-partial__r3	path-tracing-reverse	otrc-ss-partial	3	2026-09-06T05:49:59.141442-05:00	ICLR_results/terminalbench/main/devstral24b/di__b4k__otrc-ss-partial/path-tracing-reverse/otrc-ss-partial/run_3	logs/harbor_jobs/terminalbench/devstral24b/devstral24b-otrc-ss-partial-r3-1788691729478
di__b4k__otrc-ss-partial	processing-pipeline__otrc-ss-partial__r3	processing-pipeline	otrc-ss-partial	3	2026-09-06T06:13:24.523568-05:00	ICLR_results/terminalbench/main/devstral24b/di__b4k__otrc-ss-partial/processing-pipeline/otrc-ss-partial/run_3	logs/harbor_jobs/terminalbench/devstral24b/devstral24b-otrc-ss-partial-r3-1788691729478
di__b4k__otrc-ss-partial	prove-plus-comm__otrc-ss-partial__r3	prove-plus-comm	otrc-ss-partial	3	2026-09-06T05:48:51.002428-05:00	ICLR_results/terminalbench/main/devstral24b/di__b4k__otrc-ss-partial/prove-plus-comm/otrc-ss-partial/run_3	logs/harbor_jobs/terminalbench/devstral24b/devstral24b-otrc-ss-partial-r3-1788691729478
di__b4k__otrc-ss-partial	pytorch-model-cli.hard__otrc-ss-partial__r3	pytorch-model-cli.hard	otrc-ss-partial	3	2026-09-06T05:50:45.548611-05:00	ICLR_results/terminalbench/main/devstral24b/di__b4k__otrc-ss-partial/pytorch-model-cli.hard/otrc-ss-partial/run_3	logs/harbor_jobs/terminalbench/devstral24b/devstral24b-otrc-ss-partial-r3-1788691729478
di__b4k__otrc-ss-partial	qemu-alpine-ssh__otrc-ss-partial__r3	qemu-alpine-ssh	otrc-ss-partial	3	2026-09-06T06:00:57.827856-05:00	ICLR_results/terminalbench/main/devstral24b/di__b4k__otrc-ss-partial/qemu-alpine-ssh/otrc-ss-partial/run_3	logs/harbor_jobs/terminalbench/devstral24b/devstral24b-otrc-ss-partial-r3-1788691729478
di__b4k__otrc-ss-partial	qemu-startup__otrc-ss-partial__r3	qemu-startup	otrc-ss-partial	3	2026-09-06T06:43:56.036754-05:00	ICLR_results/terminalbench/main/devstral24b/di__b4k__otrc-ss-partial/qemu-startup/otrc-ss-partial/run_3	logs/harbor_jobs/terminalbench/devstral24b/devstral24b-otrc-ss-partial-r3-1788691729478
di__b4k__otrc-ss-partial	raman-fitting.easy__otrc-ss-partial__r3	raman-fitting.easy	otrc-ss-partial	3	2026-09-06T05:48:50.994056-05:00	ICLR_results/terminalbench/main/devstral24b/di__b4k__otrc-ss-partial/raman-fitting.easy/otrc-ss-partial/run_3	logs/harbor_jobs/terminalbench/devstral24b/devstral24b-otrc-ss-partial-r3-1788691729478
di__b4k__otrc-ss-partial	sanitize-git-repo__otrc-ss-partial__r3	sanitize-git-repo	otrc-ss-partial	3	2026-09-06T06:07:01.424617-05:00	ICLR_results/terminalbench/main/devstral24b/di__b4k__otrc-ss-partial/sanitize-git-repo/otrc-ss-partial/run_3	logs/harbor_jobs/terminalbench/devstral24b/devstral24b-otrc-ss-partial-r3-1788691729478
di__b4k__otrc-ss-partial	sanitize-git-repo.hard__otrc-ss-partial__r3	sanitize-git-repo.hard	otrc-ss-partial	3	2026-09-06T06:50:21.728240-05:00	ICLR_results/terminalbench/main/devstral24b/di__b4k__otrc-ss-partial/sanitize-git-repo.hard/otrc-ss-partial/run_3	logs/harbor_jobs/terminalbench/devstral24b/devstral24b-otrc-ss-partial-r3-1788691729478
di__b4k__otrc-ss-partial	solana-data__otrc-ss-partial__r3	solana-data	otrc-ss-partial	3	2026-09-06T05:55:54.350582-05:00	ICLR_results/terminalbench/main/devstral24b/di__b4k__otrc-ss-partial/solana-data/otrc-ss-partial/run_3	logs/harbor_jobs/terminalbench/devstral24b/devstral24b-otrc-ss-partial-r3-1788691729478
di__b4k__otrc-ss-partial	sqlite-with-gcov__otrc-ss-partial__r3	sqlite-with-gcov	otrc-ss-partial	3	2026-09-06T05:56:22.973213-05:00	ICLR_results/terminalbench/main/devstral24b/di__b4k__otrc-ss-partial/sqlite-with-gcov/otrc-ss-partial/run_3	logs/harbor_jobs/terminalbench/devstral24b/devstral24b-otrc-ss-partial-r3-1788691729478
di__b4k__otrc-ss-partial	super-benchmark-upet__otrc-ss-partial__r3	super-benchmark-upet	otrc-ss-partial	3	2026-09-06T06:22:54.758760-05:00	ICLR_results/terminalbench/main/devstral24b/di__b4k__otrc-ss-partial/super-benchmark-upet/otrc-ss-partial/run_3	logs/harbor_jobs/terminalbench/devstral24b/devstral24b-otrc-ss-partial-r3-1788691729478
di__b4k__otrc-ss-partial	swe-bench-astropy-2__otrc-ss-partial__r3	swe-bench-astropy-2	otrc-ss-partial	3	2026-09-06T06:42:45.476388-05:00	ICLR_results/terminalbench/main/devstral24b/di__b4k__otrc-ss-partial/swe-bench-astropy-2/otrc-ss-partial/run_3	logs/harbor_jobs/terminalbench/devstral24b/devstral24b-otrc-ss-partial-r3-1788691729478
di__b4k__otrc-ss-partial	swe-bench-fsspec__otrc-ss-partial__r3	swe-bench-fsspec	otrc-ss-partial	3	2026-09-06T06:11:23.062245-05:00	ICLR_results/terminalbench/main/devstral24b/di__b4k__otrc-ss-partial/swe-bench-fsspec/otrc-ss-partial/run_3	logs/harbor_jobs/terminalbench/devstral24b/devstral24b-otrc-ss-partial-r3-1788691729478
di__b4k__otrc-ss-partial	tmux-advanced-workflow__otrc-ss-partial__r3	tmux-advanced-workflow	otrc-ss-partial	3	2026-09-06T05:48:50.950183-05:00	ICLR_results/terminalbench/main/devstral24b/di__b4k__otrc-ss-partial/tmux-advanced-workflow/otrc-ss-partial/run_3	logs/harbor_jobs/terminalbench/devstral24b/devstral24b-otrc-ss-partial-r3-1788691729478
di__b4k__otrc-ss-partial	write-compressor__otrc-ss-partial__r3	write-compressor	otrc-ss-partial	3	2026-09-06T06:36:19.894921-05:00	ICLR_results/terminalbench/main/devstral24b/di__b4k__otrc-ss-partial/write-compressor/otrc-ss-partial/run_3	logs/harbor_jobs/terminalbench/devstral24b/devstral24b-otrc-ss-partial-r3-1788691729478
di__b4k__otrc-su-partial	blind-maze-explorer-5x5__otrc-su-partial__r1	blind-maze-explorer-5x5	otrc-su-partial	1	2026-09-05T22:08:18.689210-05:00	ICLR_results/terminalbench/main/devstral24b/di__b4k__otrc-su-partial/blind-maze-explorer-5x5/otrc-su-partial/run_1	logs/harbor_jobs/terminalbench/devstral24b/devstral24b-otrc-su-partial-r1-1788659834570
di__b4k__otrc-su-partial	blind-maze-explorer-algorithm__otrc-su-partial__r1	blind-maze-explorer-algorithm	otrc-su-partial	1	2026-09-05T21:26:07.951517-05:00	ICLR_results/terminalbench/main/devstral24b/di__b4k__otrc-su-partial/blind-maze-explorer-algorithm/otrc-su-partial/run_1	logs/harbor_jobs/terminalbench/devstral24b/devstral24b-otrc-su-partial-r1-1788659834570
di__b4k__otrc-su-partial	cartpole-rl-training__otrc-su-partial__r1	cartpole-rl-training	otrc-su-partial	1	2026-09-05T22:08:44.348624-05:00	ICLR_results/terminalbench/main/devstral24b/di__b4k__otrc-su-partial/cartpole-rl-training/otrc-su-partial/run_1	logs/harbor_jobs/terminalbench/devstral24b/devstral24b-otrc-su-partial-r1-1788659834570
di__b4k__otrc-su-partial	count-dataset-tokens__otrc-su-partial__r1	count-dataset-tokens	otrc-su-partial	1	2026-09-05T20:58:45.856173-05:00	ICLR_results/terminalbench/main/devstral24b/di__b4k__otrc-su-partial/count-dataset-tokens/otrc-su-partial/run_1	logs/harbor_jobs/terminalbench/devstral24b/devstral24b-otrc-su-partial-r1-1788659834570
di__b4k__otrc-su-partial	crack-7z-hash.hard__otrc-su-partial__r1	crack-7z-hash.hard	otrc-su-partial	1	2026-09-05T21:47:51.974851-05:00	ICLR_results/terminalbench/main/devstral24b/di__b4k__otrc-su-partial/crack-7z-hash.hard/otrc-su-partial/run_1	logs/harbor_jobs/terminalbench/devstral24b/devstral24b-otrc-su-partial-r1-1788659834570
di__b4k__otrc-su-partial	csv-to-parquet__otrc-su-partial__r1	csv-to-parquet	otrc-su-partial	1	2026-09-05T21:17:55.089992-05:00	ICLR_results/terminalbench/main/devstral24b/di__b4k__otrc-su-partial/csv-to-parquet/otrc-su-partial/run_1	logs/harbor_jobs/terminalbench/devstral24b/devstral24b-otrc-su-partial-r1-1788659834570
di__b4k__otrc-su-partial	decommissioning-service-with-sensitive-data__otrc-su-partial__r1	decommissioning-service-with-sensitive-data	otrc-su-partial	1	2026-09-05T22:07:02.022146-05:00	ICLR_results/terminalbench/main/devstral24b/di__b4k__otrc-su-partial/decommissioning-service-with-sensitive-data/otrc-su-partial/run_1	logs/harbor_jobs/terminalbench/devstral24b/devstral24b-otrc-su-partial-r1-1788659834570
di__b4k__otrc-su-partial	download-youtube__otrc-su-partial__r1	download-youtube	otrc-su-partial	1	2026-09-05T21:54:14.490564-05:00	ICLR_results/terminalbench/main/devstral24b/di__b4k__otrc-su-partial/download-youtube/otrc-su-partial/run_1	logs/harbor_jobs/terminalbench/devstral24b/devstral24b-otrc-su-partial-r1-1788659834570
di__b4k__otrc-su-partial	eval-mteb__otrc-su-partial__r1	eval-mteb	otrc-su-partial	1	2026-09-05T21:11:04.985401-05:00	ICLR_results/terminalbench/main/devstral24b/di__b4k__otrc-su-partial/eval-mteb/otrc-su-partial/run_1	logs/harbor_jobs/terminalbench/devstral24b/devstral24b-otrc-su-partial-r1-1788659834570
di__b4k__otrc-su-partial	eval-mteb.hard__otrc-su-partial__r1	eval-mteb.hard	otrc-su-partial	1	2026-09-05T22:03:16.706755-05:00	ICLR_results/terminalbench/main/devstral24b/di__b4k__otrc-su-partial/eval-mteb.hard/otrc-su-partial/run_1	logs/harbor_jobs/terminalbench/devstral24b/devstral24b-otrc-su-partial-r1-1788659834570
di__b4k__otrc-su-partial	extract-moves-from-video__otrc-su-partial__r1	extract-moves-from-video	otrc-su-partial	1	2026-09-05T21:30:07.896339-05:00	ICLR_results/terminalbench/main/devstral24b/di__b4k__otrc-su-partial/extract-moves-from-video/otrc-su-partial/run_1	logs/harbor_jobs/terminalbench/devstral24b/devstral24b-otrc-su-partial-r1-1788659834570
di__b4k__otrc-su-partial	fibonacci-server__otrc-su-partial__r1	fibonacci-server	otrc-su-partial	1	2026-09-05T21:09:13.880511-05:00	ICLR_results/terminalbench/main/devstral24b/di__b4k__otrc-su-partial/fibonacci-server/otrc-su-partial/run_1	logs/harbor_jobs/terminalbench/devstral24b/devstral24b-otrc-su-partial-r1-1788659834570
di__b4k__otrc-su-partial	fix-git__otrc-su-partial__r1	fix-git	otrc-su-partial	1	2026-09-05T21:41:32.675029-05:00	ICLR_results/terminalbench/main/devstral24b/di__b4k__otrc-su-partial/fix-git/otrc-su-partial/run_1	logs/harbor_jobs/terminalbench/devstral24b/devstral24b-otrc-su-partial-r1-1788659834570
di__b4k__otrc-su-partial	fix-pandas-version__otrc-su-partial__r1	fix-pandas-version	otrc-su-partial	1	2026-09-05T21:17:05.966030-05:00	ICLR_results/terminalbench/main/devstral24b/di__b4k__otrc-su-partial/fix-pandas-version/otrc-su-partial/run_1	logs/harbor_jobs/terminalbench/devstral24b/devstral24b-otrc-su-partial-r1-1788659834570
di__b4k__otrc-su-partial	fix-permissions__otrc-su-partial__r1	fix-permissions	otrc-su-partial	1	2026-09-05T21:03:48.351934-05:00	ICLR_results/terminalbench/main/devstral24b/di__b4k__otrc-su-partial/fix-permissions/otrc-su-partial/run_1	logs/harbor_jobs/terminalbench/devstral24b/devstral24b-otrc-su-partial-r1-1788659834570
di__b4k__otrc-su-partial	git-workflow-hack__otrc-su-partial__r1	git-workflow-hack	otrc-su-partial	1	2026-09-05T21:41:27.032140-05:00	ICLR_results/terminalbench/main/devstral24b/di__b4k__otrc-su-partial/git-workflow-hack/otrc-su-partial/run_1	logs/harbor_jobs/terminalbench/devstral24b/devstral24b-otrc-su-partial-r1-1788659834570
di__b4k__otrc-su-partial	gpt2-codegolf__otrc-su-partial__r1	gpt2-codegolf	otrc-su-partial	1	2026-09-05T21:10:52.655913-05:00	ICLR_results/terminalbench/main/devstral24b/di__b4k__otrc-su-partial/gpt2-codegolf/otrc-su-partial/run_1	logs/harbor_jobs/terminalbench/devstral24b/devstral24b-otrc-su-partial-r1-1788659834570
di__b4k__otrc-su-partial	heterogeneous-dates__otrc-su-partial__r1	heterogeneous-dates	otrc-su-partial	1	2026-09-05T22:15:12.043102-05:00	ICLR_results/terminalbench/main/devstral24b/di__b4k__otrc-su-partial/heterogeneous-dates/otrc-su-partial/run_1	logs/harbor_jobs/terminalbench/devstral24b/devstral24b-otrc-su-partial-r1-1788659834570
di__b4k__otrc-su-partial	hf-model-inference__otrc-su-partial__r1	hf-model-inference	otrc-su-partial	1	2026-09-05T21:13:27.539687-05:00	ICLR_results/terminalbench/main/devstral24b/di__b4k__otrc-su-partial/hf-model-inference/otrc-su-partial/run_1	logs/harbor_jobs/terminalbench/devstral24b/devstral24b-otrc-su-partial-r1-1788659834570
di__b4k__otrc-su-partial	incompatible-python-fasttext__otrc-su-partial__r1	incompatible-python-fasttext	otrc-su-partial	1	2026-09-05T20:57:16.079297-05:00	ICLR_results/terminalbench/main/devstral24b/di__b4k__otrc-su-partial/incompatible-python-fasttext/otrc-su-partial/run_1	logs/harbor_jobs/terminalbench/devstral24b/devstral24b-otrc-su-partial-r1-1788659834570
di__b4k__otrc-su-partial	intrusion-detection__otrc-su-partial__r1	intrusion-detection	otrc-su-partial	1	2026-09-05T21:39:57.542991-05:00	ICLR_results/terminalbench/main/devstral24b/di__b4k__otrc-su-partial/intrusion-detection/otrc-su-partial/run_1	logs/harbor_jobs/terminalbench/devstral24b/devstral24b-otrc-su-partial-r1-1788659834570
di__b4k__otrc-su-partial	modernize-fortran-build__otrc-su-partial__r1	modernize-fortran-build	otrc-su-partial	1	2026-09-05T21:24:21.949108-05:00	ICLR_results/terminalbench/main/devstral24b/di__b4k__otrc-su-partial/modernize-fortran-build/otrc-su-partial/run_1	logs/harbor_jobs/terminalbench/devstral24b/devstral24b-otrc-su-partial-r1-1788659834570
di__b4k__otrc-su-partial	new-encrypt-command__otrc-su-partial__r1	new-encrypt-command	otrc-su-partial	1	2026-09-05T21:38:52.693859-05:00	ICLR_results/terminalbench/main/devstral24b/di__b4k__otrc-su-partial/new-encrypt-command/otrc-su-partial/run_1	logs/harbor_jobs/terminalbench/devstral24b/devstral24b-otrc-su-partial-r1-1788659834570
di__b4k__otrc-su-partial	password-recovery__otrc-su-partial__r1	password-recovery	otrc-su-partial	1	2026-09-05T21:46:24.541442-05:00	ICLR_results/terminalbench/main/devstral24b/di__b4k__otrc-su-partial/password-recovery/otrc-su-partial/run_1	logs/harbor_jobs/terminalbench/devstral24b/devstral24b-otrc-su-partial-r1-1788659834570
di__b4k__otrc-su-partial	path-tracing-reverse__otrc-su-partial__r1	path-tracing-reverse	otrc-su-partial	1	2026-09-05T20:58:05.076673-05:00	ICLR_results/terminalbench/main/devstral24b/di__b4k__otrc-su-partial/path-tracing-reverse/otrc-su-partial/run_1	logs/harbor_jobs/terminalbench/devstral24b/devstral24b-otrc-su-partial-r1-1788659834570
di__b4k__otrc-su-partial	processing-pipeline__otrc-su-partial__r1	processing-pipeline	otrc-su-partial	1	2026-09-05T21:23:40.537633-05:00	ICLR_results/terminalbench/main/devstral24b/di__b4k__otrc-su-partial/processing-pipeline/otrc-su-partial/run_1	logs/harbor_jobs/terminalbench/devstral24b/devstral24b-otrc-su-partial-r1-1788659834570
di__b4k__otrc-su-partial	prove-plus-comm__otrc-su-partial__r1	prove-plus-comm	otrc-su-partial	1	2026-09-05T20:57:16.083714-05:00	ICLR_results/terminalbench/main/devstral24b/di__b4k__otrc-su-partial/prove-plus-comm/otrc-su-partial/run_1	logs/harbor_jobs/terminalbench/devstral24b/devstral24b-otrc-su-partial-r1-1788659834570
di__b4k__otrc-su-partial	pytorch-model-cli.hard__otrc-su-partial__r1	pytorch-model-cli.hard	otrc-su-partial	1	2026-09-05T21:03:13.634459-05:00	ICLR_results/terminalbench/main/devstral24b/di__b4k__otrc-su-partial/pytorch-model-cli.hard/otrc-su-partial/run_1	logs/harbor_jobs/terminalbench/devstral24b/devstral24b-otrc-su-partial-r1-1788659834570
di__b4k__otrc-su-partial	qemu-alpine-ssh__otrc-su-partial__r1	qemu-alpine-ssh	otrc-su-partial	1	2026-09-05T21:10:53.951771-05:00	ICLR_results/terminalbench/main/devstral24b/di__b4k__otrc-su-partial/qemu-alpine-ssh/otrc-su-partial/run_1	logs/harbor_jobs/terminalbench/devstral24b/devstral24b-otrc-su-partial-r1-1788659834570
di__b4k__otrc-su-partial	qemu-startup__otrc-su-partial__r1	qemu-startup	otrc-su-partial	1	2026-09-05T21:52:50.446521-05:00	ICLR_results/terminalbench/main/devstral24b/di__b4k__otrc-su-partial/qemu-startup/otrc-su-partial/run_1	logs/harbor_jobs/terminalbench/devstral24b/devstral24b-otrc-su-partial-r1-1788659834570
di__b4k__otrc-su-partial	raman-fitting.easy__otrc-su-partial__r1	raman-fitting.easy	otrc-su-partial	1	2026-09-05T20:57:16.069233-05:00	ICLR_results/terminalbench/main/devstral24b/di__b4k__otrc-su-partial/raman-fitting.easy/otrc-su-partial/run_1	logs/harbor_jobs/terminalbench/devstral24b/devstral24b-otrc-su-partial-r1-1788659834570
di__b4k__otrc-su-partial	sanitize-git-repo__otrc-su-partial__r1	sanitize-git-repo	otrc-su-partial	1	2026-09-05T21:17:17.332396-05:00	ICLR_results/terminalbench/main/devstral24b/di__b4k__otrc-su-partial/sanitize-git-repo/otrc-su-partial/run_1	logs/harbor_jobs/terminalbench/devstral24b/devstral24b-otrc-su-partial-r1-1788659834570
di__b4k__otrc-su-partial	sanitize-git-repo.hard__otrc-su-partial__r1	sanitize-git-repo.hard	otrc-su-partial	1	2026-09-05T22:00:38.940907-05:00	ICLR_results/terminalbench/main/devstral24b/di__b4k__otrc-su-partial/sanitize-git-repo.hard/otrc-su-partial/run_1	logs/harbor_jobs/terminalbench/devstral24b/devstral24b-otrc-su-partial-r1-1788659834570
di__b4k__otrc-su-partial	solana-data__otrc-su-partial__r1	solana-data	otrc-su-partial	1	2026-09-05T21:04:24.935084-05:00	ICLR_results/terminalbench/main/devstral24b/di__b4k__otrc-su-partial/solana-data/otrc-su-partial/run_1	logs/harbor_jobs/terminalbench/devstral24b/devstral24b-otrc-su-partial-r1-1788659834570
di__b4k__otrc-su-partial	sqlite-with-gcov__otrc-su-partial__r1	sqlite-with-gcov	otrc-su-partial	1	2026-09-05T21:04:28.458943-05:00	ICLR_results/terminalbench/main/devstral24b/di__b4k__otrc-su-partial/sqlite-with-gcov/otrc-su-partial/run_1	logs/harbor_jobs/terminalbench/devstral24b/devstral24b-otrc-su-partial-r1-1788659834570
di__b4k__otrc-su-partial	super-benchmark-upet__otrc-su-partial__r1	super-benchmark-upet	otrc-su-partial	1	2026-09-05T21:36:32.600806-05:00	ICLR_results/terminalbench/main/devstral24b/di__b4k__otrc-su-partial/super-benchmark-upet/otrc-su-partial/run_1	logs/harbor_jobs/terminalbench/devstral24b/devstral24b-otrc-su-partial-r1-1788659834570
di__b4k__otrc-su-partial	swe-bench-astropy-2__otrc-su-partial__r1	swe-bench-astropy-2	otrc-su-partial	1	2026-09-05T21:49:46.700265-05:00	ICLR_results/terminalbench/main/devstral24b/di__b4k__otrc-su-partial/swe-bench-astropy-2/otrc-su-partial/run_1	logs/harbor_jobs/terminalbench/devstral24b/devstral24b-otrc-su-partial-r1-1788659834570
di__b4k__otrc-su-partial	swe-bench-fsspec__otrc-su-partial__r1	swe-bench-fsspec	otrc-su-partial	1	2026-09-05T21:21:19.299340-05:00	ICLR_results/terminalbench/main/devstral24b/di__b4k__otrc-su-partial/swe-bench-fsspec/otrc-su-partial/run_1	logs/harbor_jobs/terminalbench/devstral24b/devstral24b-otrc-su-partial-r1-1788659834570
di__b4k__otrc-su-partial	tmux-advanced-workflow__otrc-su-partial__r1	tmux-advanced-workflow	otrc-su-partial	1	2026-09-05T20:57:16.022957-05:00	ICLR_results/terminalbench/main/devstral24b/di__b4k__otrc-su-partial/tmux-advanced-workflow/otrc-su-partial/run_1	logs/harbor_jobs/terminalbench/devstral24b/devstral24b-otrc-su-partial-r1-1788659834570
di__b4k__otrc-su-partial	write-compressor__otrc-su-partial__r1	write-compressor	otrc-su-partial	1	2026-09-05T21:43:20.738499-05:00	ICLR_results/terminalbench/main/devstral24b/di__b4k__otrc-su-partial/write-compressor/otrc-su-partial/run_1	logs/harbor_jobs/terminalbench/devstral24b/devstral24b-otrc-su-partial-r1-1788659834570
di__b4k__otrc-su-partial	blind-maze-explorer-5x5__otrc-su-partial__r2	blind-maze-explorer-5x5	otrc-su-partial	2	2026-09-05T23:53:34.590560-05:00	ICLR_results/terminalbench/main/devstral24b/di__b4k__otrc-su-partial/blind-maze-explorer-5x5/otrc-su-partial/run_2	logs/harbor_jobs/terminalbench/devstral24b/devstral24b-otrc-su-partial-r2-1788666612369
di__b4k__otrc-su-partial	blind-maze-explorer-algorithm__otrc-su-partial__r2	blind-maze-explorer-algorithm	otrc-su-partial	2	2026-09-05T23:13:12.321148-05:00	ICLR_results/terminalbench/main/devstral24b/di__b4k__otrc-su-partial/blind-maze-explorer-algorithm/otrc-su-partial/run_2	logs/harbor_jobs/terminalbench/devstral24b/devstral24b-otrc-su-partial-r2-1788666612369
di__b4k__otrc-su-partial	cartpole-rl-training__otrc-su-partial__r2	cartpole-rl-training	otrc-su-partial	2	2026-09-05T23:54:31.121781-05:00	ICLR_results/terminalbench/main/devstral24b/di__b4k__otrc-su-partial/cartpole-rl-training/otrc-su-partial/run_2	logs/harbor_jobs/terminalbench/devstral24b/devstral24b-otrc-su-partial-r2-1788666612369
di__b4k__otrc-su-partial	count-dataset-tokens__otrc-su-partial__r2	count-dataset-tokens	otrc-su-partial	2	2026-09-05T22:51:09.350348-05:00	ICLR_results/terminalbench/main/devstral24b/di__b4k__otrc-su-partial/count-dataset-tokens/otrc-su-partial/run_2	logs/harbor_jobs/terminalbench/devstral24b/devstral24b-otrc-su-partial-r2-1788666612369
di__b4k__otrc-su-partial	crack-7z-hash.hard__otrc-su-partial__r2	crack-7z-hash.hard	otrc-su-partial	2	2026-09-05T23:34:13.001734-05:00	ICLR_results/terminalbench/main/devstral24b/di__b4k__otrc-su-partial/crack-7z-hash.hard/otrc-su-partial/run_2	logs/harbor_jobs/terminalbench/devstral24b/devstral24b-otrc-su-partial-r2-1788666612369
di__b4k__otrc-su-partial	csv-to-parquet__otrc-su-partial__r2	csv-to-parquet	otrc-su-partial	2	2026-09-05T23:07:56.373776-05:00	ICLR_results/terminalbench/main/devstral24b/di__b4k__otrc-su-partial/csv-to-parquet/otrc-su-partial/run_2	logs/harbor_jobs/terminalbench/devstral24b/devstral24b-otrc-su-partial-r2-1788666612369
di__b4k__otrc-su-partial	decommissioning-service-with-sensitive-data__otrc-su-partial__r2	decommissioning-service-with-sensitive-data	otrc-su-partial	2	2026-09-05T23:53:23.155851-05:00	ICLR_results/terminalbench/main/devstral24b/di__b4k__otrc-su-partial/decommissioning-service-with-sensitive-data/otrc-su-partial/run_2	logs/harbor_jobs/terminalbench/devstral24b/devstral24b-otrc-su-partial-r2-1788666612369
di__b4k__otrc-su-partial	download-youtube__otrc-su-partial__r2	download-youtube	otrc-su-partial	2	2026-09-05T23:40:36.522896-05:00	ICLR_results/terminalbench/main/devstral24b/di__b4k__otrc-su-partial/download-youtube/otrc-su-partial/run_2	logs/harbor_jobs/terminalbench/devstral24b/devstral24b-otrc-su-partial-r2-1788666612369
di__b4k__otrc-su-partial	eval-mteb__otrc-su-partial__r2	eval-mteb	otrc-su-partial	2	2026-09-05T23:03:38.762767-05:00	ICLR_results/terminalbench/main/devstral24b/di__b4k__otrc-su-partial/eval-mteb/otrc-su-partial/run_2	logs/harbor_jobs/terminalbench/devstral24b/devstral24b-otrc-su-partial-r2-1788666612369
di__b4k__otrc-su-partial	eval-mteb.hard__otrc-su-partial__r2	eval-mteb.hard	otrc-su-partial	2	2026-09-05T23:47:07.955726-05:00	ICLR_results/terminalbench/main/devstral24b/di__b4k__otrc-su-partial/eval-mteb.hard/otrc-su-partial/run_2	logs/harbor_jobs/terminalbench/devstral24b/devstral24b-otrc-su-partial-r2-1788666612369
di__b4k__otrc-su-partial	extract-moves-from-video__otrc-su-partial__r2	extract-moves-from-video	otrc-su-partial	2	2026-09-05T23:14:06.589149-05:00	ICLR_results/terminalbench/main/devstral24b/di__b4k__otrc-su-partial/extract-moves-from-video/otrc-su-partial/run_2	logs/harbor_jobs/terminalbench/devstral24b/devstral24b-otrc-su-partial-r2-1788666612369
di__b4k__otrc-su-partial	fibonacci-server__otrc-su-partial__r2	fibonacci-server	otrc-su-partial	2	2026-09-05T22:59:25.443828-05:00	ICLR_results/terminalbench/main/devstral24b/di__b4k__otrc-su-partial/fibonacci-server/otrc-su-partial/run_2	logs/harbor_jobs/terminalbench/devstral24b/devstral24b-otrc-su-partial-r2-1788666612369
di__b4k__otrc-su-partial	fix-git__otrc-su-partial__r2	fix-git	otrc-su-partial	2	2026-09-05T23:28:33.133963-05:00	ICLR_results/terminalbench/main/devstral24b/di__b4k__otrc-su-partial/fix-git/otrc-su-partial/run_2	logs/harbor_jobs/terminalbench/devstral24b/devstral24b-otrc-su-partial-r2-1788666612369
di__b4k__otrc-su-partial	fix-pandas-version__otrc-su-partial__r2	fix-pandas-version	otrc-su-partial	2	2026-09-05T23:06:49.449360-05:00	ICLR_results/terminalbench/main/devstral24b/di__b4k__otrc-su-partial/fix-pandas-version/otrc-su-partial/run_2	logs/harbor_jobs/terminalbench/devstral24b/devstral24b-otrc-su-partial-r2-1788666612369
di__b4k__otrc-su-partial	fix-permissions__otrc-su-partial__r2	fix-permissions	otrc-su-partial	2	2026-09-05T22:56:40.938621-05:00	ICLR_results/terminalbench/main/devstral24b/di__b4k__otrc-su-partial/fix-permissions/otrc-su-partial/run_2	logs/harbor_jobs/terminalbench/devstral24b/devstral24b-otrc-su-partial-r2-1788666612369
di__b4k__otrc-su-partial	git-workflow-hack__otrc-su-partial__r2	git-workflow-hack	otrc-su-partial	2	2026-09-05T23:27:48.118103-05:00	ICLR_results/terminalbench/main/devstral24b/di__b4k__otrc-su-partial/git-workflow-hack/otrc-su-partial/run_2	logs/harbor_jobs/terminalbench/devstral24b/devstral24b-otrc-su-partial-r2-1788666612369
di__b4k__otrc-su-partial	gpt2-codegolf__otrc-su-partial__r2	gpt2-codegolf	otrc-su-partial	2	2026-09-05T23:01:33.070612-05:00	ICLR_results/terminalbench/main/devstral24b/di__b4k__otrc-su-partial/gpt2-codegolf/otrc-su-partial/run_2	logs/harbor_jobs/terminalbench/devstral24b/devstral24b-otrc-su-partial-r2-1788666612369
di__b4k__otrc-su-partial	heterogeneous-dates__otrc-su-partial__r2	heterogeneous-dates	otrc-su-partial	2	2026-09-05T23:55:10.582934-05:00	ICLR_results/terminalbench/main/devstral24b/di__b4k__otrc-su-partial/heterogeneous-dates/otrc-su-partial/run_2	logs/harbor_jobs/terminalbench/devstral24b/devstral24b-otrc-su-partial-r2-1788666612369
di__b4k__otrc-su-partial	hf-model-inference__otrc-su-partial__r2	hf-model-inference	otrc-su-partial	2	2026-09-05T23:03:45.179505-05:00	ICLR_results/terminalbench/main/devstral24b/di__b4k__otrc-su-partial/hf-model-inference/otrc-su-partial/run_2	logs/harbor_jobs/terminalbench/devstral24b/devstral24b-otrc-su-partial-r2-1788666612369
di__b4k__otrc-su-partial	incompatible-python-fasttext__otrc-su-partial__r2	incompatible-python-fasttext	otrc-su-partial	2	2026-09-05T22:50:13.908308-05:00	ICLR_results/terminalbench/main/devstral24b/di__b4k__otrc-su-partial/incompatible-python-fasttext/otrc-su-partial/run_2	logs/harbor_jobs/terminalbench/devstral24b/devstral24b-otrc-su-partial-r2-1788666612369
di__b4k__otrc-su-partial	intrusion-detection__otrc-su-partial__r2	intrusion-detection	otrc-su-partial	2	2026-09-05T23:22:04.704198-05:00	ICLR_results/terminalbench/main/devstral24b/di__b4k__otrc-su-partial/intrusion-detection/otrc-su-partial/run_2	logs/harbor_jobs/terminalbench/devstral24b/devstral24b-otrc-su-partial-r2-1788666612369
di__b4k__otrc-su-partial	modernize-fortran-build__otrc-su-partial__r2	modernize-fortran-build	otrc-su-partial	2	2026-09-05T23:12:58.299725-05:00	ICLR_results/terminalbench/main/devstral24b/di__b4k__otrc-su-partial/modernize-fortran-build/otrc-su-partial/run_2	logs/harbor_jobs/terminalbench/devstral24b/devstral24b-otrc-su-partial-r2-1788666612369
di__b4k__otrc-su-partial	new-encrypt-command__otrc-su-partial__r2	new-encrypt-command	otrc-su-partial	2	2026-09-05T23:20:29.080460-05:00	ICLR_results/terminalbench/main/devstral24b/di__b4k__otrc-su-partial/new-encrypt-command/otrc-su-partial/run_2	logs/harbor_jobs/terminalbench/devstral24b/devstral24b-otrc-su-partial-r2-1788666612369
di__b4k__otrc-su-partial	password-recovery__otrc-su-partial__r2	password-recovery	otrc-su-partial	2	2026-09-05T23:30:15.939184-05:00	ICLR_results/terminalbench/main/devstral24b/di__b4k__otrc-su-partial/password-recovery/otrc-su-partial/run_2	logs/harbor_jobs/terminalbench/devstral24b/devstral24b-otrc-su-partial-r2-1788666612369
di__b4k__otrc-su-partial	path-tracing-reverse__otrc-su-partial__r2	path-tracing-reverse	otrc-su-partial	2	2026-09-05T22:50:50.864117-05:00	ICLR_results/terminalbench/main/devstral24b/di__b4k__otrc-su-partial/path-tracing-reverse/otrc-su-partial/run_2	logs/harbor_jobs/terminalbench/devstral24b/devstral24b-otrc-su-partial-r2-1788666612369
di__b4k__otrc-su-partial	processing-pipeline__otrc-su-partial__r2	processing-pipeline	otrc-su-partial	2	2026-09-05T23:11:03.094333-05:00	ICLR_results/terminalbench/main/devstral24b/di__b4k__otrc-su-partial/processing-pipeline/otrc-su-partial/run_2	logs/harbor_jobs/terminalbench/devstral24b/devstral24b-otrc-su-partial-r2-1788666612369
di__b4k__otrc-su-partial	prove-plus-comm__otrc-su-partial__r2	prove-plus-comm	otrc-su-partial	2	2026-09-05T22:50:13.912760-05:00	ICLR_results/terminalbench/main/devstral24b/di__b4k__otrc-su-partial/prove-plus-comm/otrc-su-partial/run_2	logs/harbor_jobs/terminalbench/devstral24b/devstral24b-otrc-su-partial-r2-1788666612369
di__b4k__otrc-su-partial	pytorch-model-cli.hard__otrc-su-partial__r2	pytorch-model-cli.hard	otrc-su-partial	2	2026-09-05T22:51:23.739844-05:00	ICLR_results/terminalbench/main/devstral24b/di__b4k__otrc-su-partial/pytorch-model-cli.hard/otrc-su-partial/run_2	logs/harbor_jobs/terminalbench/devstral24b/devstral24b-otrc-su-partial-r2-1788666612369
di__b4k__otrc-su-partial	qemu-alpine-ssh__otrc-su-partial__r2	qemu-alpine-ssh	otrc-su-partial	2	2026-09-05T23:02:47.612059-05:00	ICLR_results/terminalbench/main/devstral24b/di__b4k__otrc-su-partial/qemu-alpine-ssh/otrc-su-partial/run_2	logs/harbor_jobs/terminalbench/devstral24b/devstral24b-otrc-su-partial-r2-1788666612369
di__b4k__otrc-su-partial	qemu-startup__otrc-su-partial__r2	qemu-startup	otrc-su-partial	2	2026-09-05T23:36:41.650596-05:00	ICLR_results/terminalbench/main/devstral24b/di__b4k__otrc-su-partial/qemu-startup/otrc-su-partial/run_2	logs/harbor_jobs/terminalbench/devstral24b/devstral24b-otrc-su-partial-r2-1788666612369
di__b4k__otrc-su-partial	raman-fitting.easy__otrc-su-partial__r2	raman-fitting.easy	otrc-su-partial	2	2026-09-05T22:50:13.903985-05:00	ICLR_results/terminalbench/main/devstral24b/di__b4k__otrc-su-partial/raman-fitting.easy/otrc-su-partial/run_2	logs/harbor_jobs/terminalbench/devstral24b/devstral24b-otrc-su-partial-r2-1788666612369
di__b4k__otrc-su-partial	sanitize-git-repo__otrc-su-partial__r2	sanitize-git-repo	otrc-su-partial	2	2026-09-05T23:07:43.565434-05:00	ICLR_results/terminalbench/main/devstral24b/di__b4k__otrc-su-partial/sanitize-git-repo/otrc-su-partial/run_2	logs/harbor_jobs/terminalbench/devstral24b/devstral24b-otrc-su-partial-r2-1788666612369
di__b4k__otrc-su-partial	sanitize-git-repo.hard__otrc-su-partial__r2	sanitize-git-repo.hard	otrc-su-partial	2	2026-09-05T23:47:00.267898-05:00	ICLR_results/terminalbench/main/devstral24b/di__b4k__otrc-su-partial/sanitize-git-repo.hard/otrc-su-partial/run_2	logs/harbor_jobs/terminalbench/devstral24b/devstral24b-otrc-su-partial-r2-1788666612369
di__b4k__otrc-su-partial	solana-data__otrc-su-partial__r2	solana-data	otrc-su-partial	2	2026-09-05T22:57:13.702306-05:00	ICLR_results/terminalbench/main/devstral24b/di__b4k__otrc-su-partial/solana-data/otrc-su-partial/run_2	logs/harbor_jobs/terminalbench/devstral24b/devstral24b-otrc-su-partial-r2-1788666612369
di__b4k__otrc-su-partial	sqlite-with-gcov__otrc-su-partial__r2	sqlite-with-gcov	otrc-su-partial	2	2026-09-05T22:57:16.571720-05:00	ICLR_results/terminalbench/main/devstral24b/di__b4k__otrc-su-partial/sqlite-with-gcov/otrc-su-partial/run_2	logs/harbor_jobs/terminalbench/devstral24b/devstral24b-otrc-su-partial-r2-1788666612369
di__b4k__otrc-su-partial	super-benchmark-upet__otrc-su-partial__r2	super-benchmark-upet	otrc-su-partial	2	2026-09-05T23:14:08.442895-05:00	ICLR_results/terminalbench/main/devstral24b/di__b4k__otrc-su-partial/super-benchmark-upet/otrc-su-partial/run_2	logs/harbor_jobs/terminalbench/devstral24b/devstral24b-otrc-su-partial-r2-1788666612369
di__b4k__otrc-su-partial	swe-bench-astropy-2__otrc-su-partial__r2	swe-bench-astropy-2	otrc-su-partial	2	2026-09-05T23:34:59.886042-05:00	ICLR_results/terminalbench/main/devstral24b/di__b4k__otrc-su-partial/swe-bench-astropy-2/otrc-su-partial/run_2	logs/harbor_jobs/terminalbench/devstral24b/devstral24b-otrc-su-partial-r2-1788666612369
di__b4k__otrc-su-partial	swe-bench-fsspec__otrc-su-partial__r2	swe-bench-fsspec	otrc-su-partial	2	2026-09-05T23:10:18.245962-05:00	ICLR_results/terminalbench/main/devstral24b/di__b4k__otrc-su-partial/swe-bench-fsspec/otrc-su-partial/run_2	logs/harbor_jobs/terminalbench/devstral24b/devstral24b-otrc-su-partial-r2-1788666612369
di__b4k__otrc-su-partial	tmux-advanced-workflow__otrc-su-partial__r2	tmux-advanced-workflow	otrc-su-partial	2	2026-09-05T22:50:13.859153-05:00	ICLR_results/terminalbench/main/devstral24b/di__b4k__otrc-su-partial/tmux-advanced-workflow/otrc-su-partial/run_2	logs/harbor_jobs/terminalbench/devstral24b/devstral24b-otrc-su-partial-r2-1788666612369
di__b4k__otrc-su-partial	write-compressor__otrc-su-partial__r2	write-compressor	otrc-su-partial	2	2026-09-05T23:28:34.924572-05:00	ICLR_results/terminalbench/main/devstral24b/di__b4k__otrc-su-partial/write-compressor/otrc-su-partial/run_2	logs/harbor_jobs/terminalbench/devstral24b/devstral24b-otrc-su-partial-r2-1788666612369
di__b4k__otrc-su-partial	blind-maze-explorer-5x5__otrc-su-partial__r3	blind-maze-explorer-5x5	otrc-su-partial	3	2026-09-06T01:37:35.131685-05:00	ICLR_results/terminalbench/main/devstral24b/di__b4k__otrc-su-partial/blind-maze-explorer-5x5/otrc-su-partial/run_3	logs/harbor_jobs/terminalbench/devstral24b/devstral24b-otrc-su-partial-r3-1788672542340
di__b4k__otrc-su-partial	blind-maze-explorer-algorithm__otrc-su-partial__r3	blind-maze-explorer-algorithm	otrc-su-partial	3	2026-09-06T00:55:39.977189-05:00	ICLR_results/terminalbench/main/devstral24b/di__b4k__otrc-su-partial/blind-maze-explorer-algorithm/otrc-su-partial/run_3	logs/harbor_jobs/terminalbench/devstral24b/devstral24b-otrc-su-partial-r3-1788672542340
di__b4k__otrc-su-partial	cartpole-rl-training__otrc-su-partial__r3	cartpole-rl-training	otrc-su-partial	3	2026-09-06T01:39:27.092316-05:00	ICLR_results/terminalbench/main/devstral24b/di__b4k__otrc-su-partial/cartpole-rl-training/otrc-su-partial/run_3	logs/harbor_jobs/terminalbench/devstral24b/devstral24b-otrc-su-partial-r3-1788672542340
di__b4k__otrc-su-partial	count-dataset-tokens__otrc-su-partial__r3	count-dataset-tokens	otrc-su-partial	3	2026-09-06T00:30:12.896882-05:00	ICLR_results/terminalbench/main/devstral24b/di__b4k__otrc-su-partial/count-dataset-tokens/otrc-su-partial/run_3	logs/harbor_jobs/terminalbench/devstral24b/devstral24b-otrc-su-partial-r3-1788672542340
di__b4k__otrc-su-partial	crack-7z-hash.hard__otrc-su-partial__r3	crack-7z-hash.hard	otrc-su-partial	3	2026-09-06T01:17:29.882951-05:00	ICLR_results/terminalbench/main/devstral24b/di__b4k__otrc-su-partial/crack-7z-hash.hard/otrc-su-partial/run_3	logs/harbor_jobs/terminalbench/devstral24b/devstral24b-otrc-su-partial-r3-1788672542340
di__b4k__otrc-su-partial	csv-to-parquet__otrc-su-partial__r3	csv-to-parquet	otrc-su-partial	3	2026-09-06T00:49:13.342945-05:00	ICLR_results/terminalbench/main/devstral24b/di__b4k__otrc-su-partial/csv-to-parquet/otrc-su-partial/run_3	logs/harbor_jobs/terminalbench/devstral24b/devstral24b-otrc-su-partial-r3-1788672542340
di__b4k__otrc-su-partial	decommissioning-service-with-sensitive-data__otrc-su-partial__r3	decommissioning-service-with-sensitive-data	otrc-su-partial	3	2026-09-06T01:35:58.739603-05:00	ICLR_results/terminalbench/main/devstral24b/di__b4k__otrc-su-partial/decommissioning-service-with-sensitive-data/otrc-su-partial/run_3	logs/harbor_jobs/terminalbench/devstral24b/devstral24b-otrc-su-partial-r3-1788672542340
di__b4k__otrc-su-partial	download-youtube__otrc-su-partial__r3	download-youtube	otrc-su-partial	3	2026-09-06T01:23:53.068264-05:00	ICLR_results/terminalbench/main/devstral24b/di__b4k__otrc-su-partial/download-youtube/otrc-su-partial/run_3	logs/harbor_jobs/terminalbench/devstral24b/devstral24b-otrc-su-partial-r3-1788672542340
di__b4k__otrc-su-partial	eval-mteb__otrc-su-partial__r3	eval-mteb	otrc-su-partial	3	2026-09-06T00:42:02.703141-05:00	ICLR_results/terminalbench/main/devstral24b/di__b4k__otrc-su-partial/eval-mteb/otrc-su-partial/run_3	logs/harbor_jobs/terminalbench/devstral24b/devstral24b-otrc-su-partial-r3-1788672542340
di__b4k__otrc-su-partial	eval-mteb.hard__otrc-su-partial__r3	eval-mteb.hard	otrc-su-partial	3	2026-09-06T01:33:21.747957-05:00	ICLR_results/terminalbench/main/devstral24b/di__b4k__otrc-su-partial/eval-mteb.hard/otrc-su-partial/run_3	logs/harbor_jobs/terminalbench/devstral24b/devstral24b-otrc-su-partial-r3-1788672542340
di__b4k__otrc-su-partial	extract-moves-from-video__otrc-su-partial__r3	extract-moves-from-video	otrc-su-partial	3	2026-09-06T00:56:10.107136-05:00	ICLR_results/terminalbench/main/devstral24b/di__b4k__otrc-su-partial/extract-moves-from-video/otrc-su-partial/run_3	logs/harbor_jobs/terminalbench/devstral24b/devstral24b-otrc-su-partial-r3-1788672542340
di__b4k__otrc-su-partial	fibonacci-server__otrc-su-partial__r3	fibonacci-server	otrc-su-partial	3	2026-09-06T00:37:51.457308-05:00	ICLR_results/terminalbench/main/devstral24b/di__b4k__otrc-su-partial/fibonacci-server/otrc-su-partial/run_3	logs/harbor_jobs/terminalbench/devstral24b/devstral24b-otrc-su-partial-r3-1788672542340
di__b4k__otrc-su-partial	fix-git__otrc-su-partial__r3	fix-git	otrc-su-partial	3	2026-09-06T01:12:23.985623-05:00	ICLR_results/terminalbench/main/devstral24b/di__b4k__otrc-su-partial/fix-git/otrc-su-partial/run_3	logs/harbor_jobs/terminalbench/devstral24b/devstral24b-otrc-su-partial-r3-1788672542340
di__b4k__otrc-su-partial	fix-pandas-version__otrc-su-partial__r3	fix-pandas-version	otrc-su-partial	3	2026-09-06T00:45:05.113971-05:00	ICLR_results/terminalbench/main/devstral24b/di__b4k__otrc-su-partial/fix-pandas-version/otrc-su-partial/run_3	logs/harbor_jobs/terminalbench/devstral24b/devstral24b-otrc-su-partial-r3-1788672542340
di__b4k__otrc-su-partial	fix-permissions__otrc-su-partial__r3	fix-permissions	otrc-su-partial	3	2026-09-06T00:31:35.226462-05:00	ICLR_results/terminalbench/main/devstral24b/di__b4k__otrc-su-partial/fix-permissions/otrc-su-partial/run_3	logs/harbor_jobs/terminalbench/devstral24b/devstral24b-otrc-su-partial-r3-1788672542340
di__b4k__otrc-su-partial	git-workflow-hack__otrc-su-partial__r3	git-workflow-hack	otrc-su-partial	3	2026-09-06T01:11:04.536634-05:00	ICLR_results/terminalbench/main/devstral24b/di__b4k__otrc-su-partial/git-workflow-hack/otrc-su-partial/run_3	logs/harbor_jobs/terminalbench/devstral24b/devstral24b-otrc-su-partial-r3-1788672542340
di__b4k__otrc-su-partial	gpt2-codegolf__otrc-su-partial__r3	gpt2-codegolf	otrc-su-partial	3	2026-09-06T00:38:38.842164-05:00	ICLR_results/terminalbench/main/devstral24b/di__b4k__otrc-su-partial/gpt2-codegolf/otrc-su-partial/run_3	logs/harbor_jobs/terminalbench/devstral24b/devstral24b-otrc-su-partial-r3-1788672542340
di__b4k__otrc-su-partial	heterogeneous-dates__otrc-su-partial__r3	heterogeneous-dates	otrc-su-partial	3	2026-09-06T01:41:59.338638-05:00	ICLR_results/terminalbench/main/devstral24b/di__b4k__otrc-su-partial/heterogeneous-dates/otrc-su-partial/run_3	logs/harbor_jobs/terminalbench/devstral24b/devstral24b-otrc-su-partial-r3-1788672542340
di__b4k__otrc-su-partial	hf-model-inference__otrc-su-partial__r3	hf-model-inference	otrc-su-partial	3	2026-09-06T00:44:16.160804-05:00	ICLR_results/terminalbench/main/devstral24b/di__b4k__otrc-su-partial/hf-model-inference/otrc-su-partial/run_3	logs/harbor_jobs/terminalbench/devstral24b/devstral24b-otrc-su-partial-r3-1788672542340
di__b4k__otrc-su-partial	incompatible-python-fasttext__otrc-su-partial__r3	incompatible-python-fasttext	otrc-su-partial	3	2026-09-06T00:29:03.922229-05:00	ICLR_results/terminalbench/main/devstral24b/di__b4k__otrc-su-partial/incompatible-python-fasttext/otrc-su-partial/run_3	logs/harbor_jobs/terminalbench/devstral24b/devstral24b-otrc-su-partial-r3-1788672542340
di__b4k__otrc-su-partial	intrusion-detection__otrc-su-partial__r3	intrusion-detection	otrc-su-partial	3	2026-09-06T01:10:02.929798-05:00	ICLR_results/terminalbench/main/devstral24b/di__b4k__otrc-su-partial/intrusion-detection/otrc-su-partial/run_3	logs/harbor_jobs/terminalbench/devstral24b/devstral24b-otrc-su-partial-r3-1788672542340
di__b4k__otrc-su-partial	modernize-fortran-build__otrc-su-partial__r3	modernize-fortran-build	otrc-su-partial	3	2026-09-06T00:54:13.187238-05:00	ICLR_results/terminalbench/main/devstral24b/di__b4k__otrc-su-partial/modernize-fortran-build/otrc-su-partial/run_3	logs/harbor_jobs/terminalbench/devstral24b/devstral24b-otrc-su-partial-r3-1788672542340
di__b4k__otrc-su-partial	new-encrypt-command__otrc-su-partial__r3	new-encrypt-command	otrc-su-partial	3	2026-09-06T01:08:36.190851-05:00	ICLR_results/terminalbench/main/devstral24b/di__b4k__otrc-su-partial/new-encrypt-command/otrc-su-partial/run_3	logs/harbor_jobs/terminalbench/devstral24b/devstral24b-otrc-su-partial-r3-1788672542340
di__b4k__otrc-su-partial	password-recovery__otrc-su-partial__r3	password-recovery	otrc-su-partial	3	2026-09-06T01:16:29.466094-05:00	ICLR_results/terminalbench/main/devstral24b/di__b4k__otrc-su-partial/password-recovery/otrc-su-partial/run_3	logs/harbor_jobs/terminalbench/devstral24b/devstral24b-otrc-su-partial-r3-1788672542340
di__b4k__otrc-su-partial	path-tracing-reverse__otrc-su-partial__r3	path-tracing-reverse	otrc-su-partial	3	2026-09-06T00:29:49.996477-05:00	ICLR_results/terminalbench/main/devstral24b/di__b4k__otrc-su-partial/path-tracing-reverse/otrc-su-partial/run_3	logs/harbor_jobs/terminalbench/devstral24b/devstral24b-otrc-su-partial-r3-1788672542340
di__b4k__otrc-su-partial	processing-pipeline__otrc-su-partial__r3	processing-pipeline	otrc-su-partial	3	2026-09-06T00:52:21.136570-05:00	ICLR_results/terminalbench/main/devstral24b/di__b4k__otrc-su-partial/processing-pipeline/otrc-su-partial/run_3	logs/harbor_jobs/terminalbench/devstral24b/devstral24b-otrc-su-partial-r3-1788672542340
di__b4k__otrc-su-partial	prove-plus-comm__otrc-su-partial__r3	prove-plus-comm	otrc-su-partial	3	2026-09-06T00:29:03.926427-05:00	ICLR_results/terminalbench/main/devstral24b/di__b4k__otrc-su-partial/prove-plus-comm/otrc-su-partial/run_3	logs/harbor_jobs/terminalbench/devstral24b/devstral24b-otrc-su-partial-r3-1788672542340
di__b4k__otrc-su-partial	pytorch-model-cli.hard__otrc-su-partial__r3	pytorch-model-cli.hard	otrc-su-partial	3	2026-09-06T00:30:21.670977-05:00	ICLR_results/terminalbench/main/devstral24b/di__b4k__otrc-su-partial/pytorch-model-cli.hard/otrc-su-partial/run_3	logs/harbor_jobs/terminalbench/devstral24b/devstral24b-otrc-su-partial-r3-1788672542340
di__b4k__otrc-su-partial	qemu-alpine-ssh__otrc-su-partial__r3	qemu-alpine-ssh	otrc-su-partial	3	2026-09-06T00:40:39.523127-05:00	ICLR_results/terminalbench/main/devstral24b/di__b4k__otrc-su-partial/qemu-alpine-ssh/otrc-su-partial/run_3	logs/harbor_jobs/terminalbench/devstral24b/devstral24b-otrc-su-partial-r3-1788672542340
di__b4k__otrc-su-partial	qemu-startup__otrc-su-partial__r3	qemu-startup	otrc-su-partial	3	2026-09-06T01:22:55.818149-05:00	ICLR_results/terminalbench/main/devstral24b/di__b4k__otrc-su-partial/qemu-startup/otrc-su-partial/run_3	logs/harbor_jobs/terminalbench/devstral24b/devstral24b-otrc-su-partial-r3-1788672542340
di__b4k__otrc-su-partial	raman-fitting.easy__otrc-su-partial__r3	raman-fitting.easy	otrc-su-partial	3	2026-09-06T00:29:03.918202-05:00	ICLR_results/terminalbench/main/devstral24b/di__b4k__otrc-su-partial/raman-fitting.easy/otrc-su-partial/run_3	logs/harbor_jobs/terminalbench/devstral24b/devstral24b-otrc-su-partial-r3-1788672542340
di__b4k__otrc-su-partial	sanitize-git-repo__otrc-su-partial__r3	sanitize-git-repo	otrc-su-partial	3	2026-09-06T00:45:58.161075-05:00	ICLR_results/terminalbench/main/devstral24b/di__b4k__otrc-su-partial/sanitize-git-repo/otrc-su-partial/run_3	logs/harbor_jobs/terminalbench/devstral24b/devstral24b-otrc-su-partial-r3-1788672542340
di__b4k__otrc-su-partial	sanitize-git-repo.hard__otrc-su-partial__r3	sanitize-git-repo.hard	otrc-su-partial	3	2026-09-06T01:30:17.606314-05:00	ICLR_results/terminalbench/main/devstral24b/di__b4k__otrc-su-partial/sanitize-git-repo.hard/otrc-su-partial/run_3	logs/harbor_jobs/terminalbench/devstral24b/devstral24b-otrc-su-partial-r3-1788672542340
di__b4k__otrc-su-partial	solana-data__otrc-su-partial__r3	solana-data	otrc-su-partial	3	2026-09-06T00:32:06.701395-05:00	ICLR_results/terminalbench/main/devstral24b/di__b4k__otrc-su-partial/solana-data/otrc-su-partial/run_3	logs/harbor_jobs/terminalbench/devstral24b/devstral24b-otrc-su-partial-r3-1788672542340
di__b4k__otrc-su-partial	sqlite-with-gcov__otrc-su-partial__r3	sqlite-with-gcov	otrc-su-partial	3	2026-09-06T00:36:13.324839-05:00	ICLR_results/terminalbench/main/devstral24b/di__b4k__otrc-su-partial/sqlite-with-gcov/otrc-su-partial/run_3	logs/harbor_jobs/terminalbench/devstral24b/devstral24b-otrc-su-partial-r3-1788672542340
di__b4k__otrc-su-partial	super-benchmark-upet__otrc-su-partial__r3	super-benchmark-upet	otrc-su-partial	3	2026-09-06T01:02:34.950275-05:00	ICLR_results/terminalbench/main/devstral24b/di__b4k__otrc-su-partial/super-benchmark-upet/otrc-su-partial/run_3	logs/harbor_jobs/terminalbench/devstral24b/devstral24b-otrc-su-partial-r3-1788672542340
di__b4k__otrc-su-partial	swe-bench-astropy-2__otrc-su-partial__r3	swe-bench-astropy-2	otrc-su-partial	3	2026-09-06T01:20:54.896871-05:00	ICLR_results/terminalbench/main/devstral24b/di__b4k__otrc-su-partial/swe-bench-astropy-2/otrc-su-partial/run_3	logs/harbor_jobs/terminalbench/devstral24b/devstral24b-otrc-su-partial-r3-1788672542340
di__b4k__otrc-su-partial	swe-bench-fsspec__otrc-su-partial__r3	swe-bench-fsspec	otrc-su-partial	3	2026-09-06T00:51:04.758216-05:00	ICLR_results/terminalbench/main/devstral24b/di__b4k__otrc-su-partial/swe-bench-fsspec/otrc-su-partial/run_3	logs/harbor_jobs/terminalbench/devstral24b/devstral24b-otrc-su-partial-r3-1788672542340
di__b4k__otrc-su-partial	tmux-advanced-workflow__otrc-su-partial__r3	tmux-advanced-workflow	otrc-su-partial	3	2026-09-06T00:29:03.873050-05:00	ICLR_results/terminalbench/main/devstral24b/di__b4k__otrc-su-partial/tmux-advanced-workflow/otrc-su-partial/run_3	logs/harbor_jobs/terminalbench/devstral24b/devstral24b-otrc-su-partial-r3-1788672542340
di__b4k__otrc-su-partial	write-compressor__otrc-su-partial__r3	write-compressor	otrc-su-partial	3	2026-09-06T01:14:30.360866-05:00	ICLR_results/terminalbench/main/devstral24b/di__b4k__otrc-su-partial/write-compressor/otrc-su-partial/run_3	logs/harbor_jobs/terminalbench/devstral24b/devstral24b-otrc-su-partial-r3-1788672542340
di__b4k__otrc-tr	blind-maze-explorer-5x5__otrc-tr__r1	blind-maze-explorer-5x5	otrc-tr	1	2026-09-05T19:15:18.954729-05:00	ICLR_results/terminalbench/main/devstral24b/di__b4k__otrc-tr/blind-maze-explorer-5x5/otrc-tr/run_1	logs/harbor_jobs/terminalbench/devstral24b/devstral24b-otrc-tr-r1-1788651155300
di__b4k__otrc-tr	blind-maze-explorer-algorithm__otrc-tr__r1	blind-maze-explorer-algorithm	otrc-tr	1	2026-09-05T18:54:19.481446-05:00	ICLR_results/terminalbench/main/devstral24b/di__b4k__otrc-tr/blind-maze-explorer-algorithm/otrc-tr/run_1	logs/harbor_jobs/terminalbench/devstral24b/devstral24b-otrc-tr-r1-1788651155300
di__b4k__otrc-tr	cartpole-rl-training__otrc-tr__r1	cartpole-rl-training	otrc-tr	1	2026-09-05T19:15:45.211151-05:00	ICLR_results/terminalbench/main/devstral24b/di__b4k__otrc-tr/cartpole-rl-training/otrc-tr/run_1	logs/harbor_jobs/terminalbench/devstral24b/devstral24b-otrc-tr-r1-1788651155300
di__b4k__otrc-tr	count-dataset-tokens__otrc-tr__r1	count-dataset-tokens	otrc-tr	1	2026-09-05T18:34:37.372105-05:00	ICLR_results/terminalbench/main/devstral24b/di__b4k__otrc-tr/count-dataset-tokens/otrc-tr/run_1	logs/harbor_jobs/terminalbench/devstral24b/devstral24b-otrc-tr-r1-1788651155300
di__b4k__otrc-tr	crack-7z-hash.hard__otrc-tr__r1	crack-7z-hash.hard	otrc-tr	1	2026-09-05T19:04:23.092822-05:00	ICLR_results/terminalbench/main/devstral24b/di__b4k__otrc-tr/crack-7z-hash.hard/otrc-tr/run_1	logs/harbor_jobs/terminalbench/devstral24b/devstral24b-otrc-tr-r1-1788651155300
di__b4k__otrc-tr	csv-to-parquet__otrc-tr__r1	csv-to-parquet	otrc-tr	1	2026-09-05T18:50:28.337110-05:00	ICLR_results/terminalbench/main/devstral24b/di__b4k__otrc-tr/csv-to-parquet/otrc-tr/run_1	logs/harbor_jobs/terminalbench/devstral24b/devstral24b-otrc-tr-r1-1788651155300
di__b4k__otrc-tr	decommissioning-service-with-sensitive-data__otrc-tr__r1	decommissioning-service-with-sensitive-data	otrc-tr	1	2026-09-05T19:14:35.082168-05:00	ICLR_results/terminalbench/main/devstral24b/di__b4k__otrc-tr/decommissioning-service-with-sensitive-data/otrc-tr/run_1	logs/harbor_jobs/terminalbench/devstral24b/devstral24b-otrc-tr-r1-1788651155300
di__b4k__otrc-tr	download-youtube__otrc-tr__r1	download-youtube	otrc-tr	1	2026-09-05T19:09:34.237675-05:00	ICLR_results/terminalbench/main/devstral24b/di__b4k__otrc-tr/download-youtube/otrc-tr/run_1	logs/harbor_jobs/terminalbench/devstral24b/devstral24b-otrc-tr-r1-1788651155300
di__b4k__otrc-tr	eval-mteb__otrc-tr__r1	eval-mteb	otrc-tr	1	2026-09-05T18:45:43.236666-05:00	ICLR_results/terminalbench/main/devstral24b/di__b4k__otrc-tr/eval-mteb/otrc-tr/run_1	logs/harbor_jobs/terminalbench/devstral24b/devstral24b-otrc-tr-r1-1788651155300
di__b4k__otrc-tr	eval-mteb.hard__otrc-tr__r1	eval-mteb.hard	otrc-tr	1	2026-09-05T19:12:34.882193-05:00	ICLR_results/terminalbench/main/devstral24b/di__b4k__otrc-tr/eval-mteb.hard/otrc-tr/run_1	logs/harbor_jobs/terminalbench/devstral24b/devstral24b-otrc-tr-r1-1788651155300
di__b4k__otrc-tr	extract-moves-from-video__otrc-tr__r1	extract-moves-from-video	otrc-tr	1	2026-09-05T18:55:30.423773-05:00	ICLR_results/terminalbench/main/devstral24b/di__b4k__otrc-tr/extract-moves-from-video/otrc-tr/run_1	logs/harbor_jobs/terminalbench/devstral24b/devstral24b-otrc-tr-r1-1788651155300
di__b4k__otrc-tr	fibonacci-server__otrc-tr__r1	fibonacci-server	otrc-tr	1	2026-09-05T18:43:46.232016-05:00	ICLR_results/terminalbench/main/devstral24b/di__b4k__otrc-tr/fibonacci-server/otrc-tr/run_1	logs/harbor_jobs/terminalbench/devstral24b/devstral24b-otrc-tr-r1-1788651155300
di__b4k__otrc-tr	fix-git__otrc-tr__r1	fix-git	otrc-tr	1	2026-09-05T19:02:13.225723-05:00	ICLR_results/terminalbench/main/devstral24b/di__b4k__otrc-tr/fix-git/otrc-tr/run_1	logs/harbor_jobs/terminalbench/devstral24b/devstral24b-otrc-tr-r1-1788651155300
di__b4k__otrc-tr	fix-pandas-version__otrc-tr__r1	fix-pandas-version	otrc-tr	1	2026-09-05T18:48:19.772569-05:00	ICLR_results/terminalbench/main/devstral24b/di__b4k__otrc-tr/fix-pandas-version/otrc-tr/run_1	logs/harbor_jobs/terminalbench/devstral24b/devstral24b-otrc-tr-r1-1788651155300
di__b4k__otrc-tr	fix-permissions__otrc-tr__r1	fix-permissions	otrc-tr	1	2026-09-05T18:39:04.127233-05:00	ICLR_results/terminalbench/main/devstral24b/di__b4k__otrc-tr/fix-permissions/otrc-tr/run_1	logs/harbor_jobs/terminalbench/devstral24b/devstral24b-otrc-tr-r1-1788651155300
di__b4k__otrc-tr	git-workflow-hack__otrc-tr__r1	git-workflow-hack	otrc-tr	1	2026-09-05T19:01:50.242311-05:00	ICLR_results/terminalbench/main/devstral24b/di__b4k__otrc-tr/git-workflow-hack/otrc-tr/run_1	logs/harbor_jobs/terminalbench/devstral24b/devstral24b-otrc-tr-r1-1788651155300
di__b4k__otrc-tr	gpt2-codegolf__otrc-tr__r1	gpt2-codegolf	otrc-tr	1	2026-09-05T18:44:09.964004-05:00	ICLR_results/terminalbench/main/devstral24b/di__b4k__otrc-tr/gpt2-codegolf/otrc-tr/run_1	logs/harbor_jobs/terminalbench/devstral24b/devstral24b-otrc-tr-r1-1788651155300
di__b4k__otrc-tr	heterogeneous-dates__otrc-tr__r1	heterogeneous-dates	otrc-tr	1	2026-09-05T19:18:12.281404-05:00	ICLR_results/terminalbench/main/devstral24b/di__b4k__otrc-tr/heterogeneous-dates/otrc-tr/run_1	logs/harbor_jobs/terminalbench/devstral24b/devstral24b-otrc-tr-r1-1788651155300
di__b4k__otrc-tr	hf-model-inference__otrc-tr__r1	hf-model-inference	otrc-tr	1	2026-09-05T18:47:22.673454-05:00	ICLR_results/terminalbench/main/devstral24b/di__b4k__otrc-tr/hf-model-inference/otrc-tr/run_1	logs/harbor_jobs/terminalbench/devstral24b/devstral24b-otrc-tr-r1-1788651155300
di__b4k__otrc-tr	incompatible-python-fasttext__otrc-tr__r1	incompatible-python-fasttext	otrc-tr	1	2026-09-05T18:32:36.788022-05:00	ICLR_results/terminalbench/main/devstral24b/di__b4k__otrc-tr/incompatible-python-fasttext/otrc-tr/run_1	logs/harbor_jobs/terminalbench/devstral24b/devstral24b-otrc-tr-r1-1788651155300
di__b4k__otrc-tr	intrusion-detection__otrc-tr__r1	intrusion-detection	otrc-tr	1	2026-09-05T18:57:47.111762-05:00	ICLR_results/terminalbench/main/devstral24b/di__b4k__otrc-tr/intrusion-detection/otrc-tr/run_1	logs/harbor_jobs/terminalbench/devstral24b/devstral24b-otrc-tr-r1-1788651155300
di__b4k__otrc-tr	modernize-fortran-build__otrc-tr__r1	modernize-fortran-build	otrc-tr	1	2026-09-05T18:53:33.852037-05:00	ICLR_results/terminalbench/main/devstral24b/di__b4k__otrc-tr/modernize-fortran-build/otrc-tr/run_1	logs/harbor_jobs/terminalbench/devstral24b/devstral24b-otrc-tr-r1-1788651155300
di__b4k__otrc-tr	new-encrypt-command__otrc-tr__r1	new-encrypt-command	otrc-tr	1	2026-09-05T18:57:07.853574-05:00	ICLR_results/terminalbench/main/devstral24b/di__b4k__otrc-tr/new-encrypt-command/otrc-tr/run_1	logs/harbor_jobs/terminalbench/devstral24b/devstral24b-otrc-tr-r1-1788651155300
di__b4k__otrc-tr	password-recovery__otrc-tr__r1	password-recovery	otrc-tr	1	2026-09-05T19:04:14.181269-05:00	ICLR_results/terminalbench/main/devstral24b/di__b4k__otrc-tr/password-recovery/otrc-tr/run_1	logs/harbor_jobs/terminalbench/devstral24b/devstral24b-otrc-tr-r1-1788651155300
di__b4k__otrc-tr	path-tracing-reverse__otrc-tr__r1	path-tracing-reverse	otrc-tr	1	2026-09-05T18:33:31.379923-05:00	ICLR_results/terminalbench/main/devstral24b/di__b4k__otrc-tr/path-tracing-reverse/otrc-tr/run_1	logs/harbor_jobs/terminalbench/devstral24b/devstral24b-otrc-tr-r1-1788651155300
di__b4k__otrc-tr	processing-pipeline__otrc-tr__r1	processing-pipeline	otrc-tr	1	2026-09-05T18:52:23.722225-05:00	ICLR_results/terminalbench/main/devstral24b/di__b4k__otrc-tr/processing-pipeline/otrc-tr/run_1	logs/harbor_jobs/terminalbench/devstral24b/devstral24b-otrc-tr-r1-1788651155300
di__b4k__otrc-tr	prove-plus-comm__otrc-tr__r1	prove-plus-comm	otrc-tr	1	2026-09-05T18:32:36.792418-05:00	ICLR_results/terminalbench/main/devstral24b/di__b4k__otrc-tr/prove-plus-comm/otrc-tr/run_1	logs/harbor_jobs/terminalbench/devstral24b/devstral24b-otrc-tr-r1-1788651155300
di__b4k__otrc-tr	pytorch-model-cli.hard__otrc-tr__r1	pytorch-model-cli.hard	otrc-tr	1	2026-09-05T18:36:55.256031-05:00	ICLR_results/terminalbench/main/devstral24b/di__b4k__otrc-tr/pytorch-model-cli.hard/otrc-tr/run_1	logs/harbor_jobs/terminalbench/devstral24b/devstral24b-otrc-tr-r1-1788651155300
di__b4k__otrc-tr	qemu-alpine-ssh__otrc-tr__r1	qemu-alpine-ssh	otrc-tr	1	2026-09-05T18:45:05.149828-05:00	ICLR_results/terminalbench/main/devstral24b/di__b4k__otrc-tr/qemu-alpine-ssh/otrc-tr/run_1	logs/harbor_jobs/terminalbench/devstral24b/devstral24b-otrc-tr-r1-1788651155300
di__b4k__otrc-tr	qemu-startup__otrc-tr__r1	qemu-startup	otrc-tr	1	2026-09-05T19:09:19.065186-05:00	ICLR_results/terminalbench/main/devstral24b/di__b4k__otrc-tr/qemu-startup/otrc-tr/run_1	logs/harbor_jobs/terminalbench/devstral24b/devstral24b-otrc-tr-r1-1788651155300
di__b4k__otrc-tr	raman-fitting.easy__otrc-tr__r1	raman-fitting.easy	otrc-tr	1	2026-09-05T18:32:36.783758-05:00	ICLR_results/terminalbench/main/devstral24b/di__b4k__otrc-tr/raman-fitting.easy/otrc-tr/run_1	logs/harbor_jobs/terminalbench/devstral24b/devstral24b-otrc-tr-r1-1788651155300
di__b4k__otrc-tr	sanitize-git-repo__otrc-tr__r1	sanitize-git-repo	otrc-tr	1	2026-09-05T18:49:08.928215-05:00	ICLR_results/terminalbench/main/devstral24b/di__b4k__otrc-tr/sanitize-git-repo/otrc-tr/run_1	logs/harbor_jobs/terminalbench/devstral24b/devstral24b-otrc-tr-r1-1788651155300
di__b4k__otrc-tr	sanitize-git-repo.hard__otrc-tr__r1	sanitize-git-repo.hard	otrc-tr	1	2026-09-05T19:09:39.620959-05:00	ICLR_results/terminalbench/main/devstral24b/di__b4k__otrc-tr/sanitize-git-repo.hard/otrc-tr/run_1	logs/harbor_jobs/terminalbench/devstral24b/devstral24b-otrc-tr-r1-1788651155300
di__b4k__otrc-tr	solana-data__otrc-tr__r1	solana-data	otrc-tr	1	2026-09-05T18:39:08.684077-05:00	ICLR_results/terminalbench/main/devstral24b/di__b4k__otrc-tr/solana-data/otrc-tr/run_1	logs/harbor_jobs/terminalbench/devstral24b/devstral24b-otrc-tr-r1-1788651155300
di__b4k__otrc-tr	sqlite-with-gcov__otrc-tr__r1	sqlite-with-gcov	otrc-tr	1	2026-09-05T18:39:42.315414-05:00	ICLR_results/terminalbench/main/devstral24b/di__b4k__otrc-tr/sqlite-with-gcov/otrc-tr/run_1	logs/harbor_jobs/terminalbench/devstral24b/devstral24b-otrc-tr-r1-1788651155300
di__b4k__otrc-tr	super-benchmark-upet__otrc-tr__r1	super-benchmark-upet	otrc-tr	1	2026-09-05T18:55:41.550515-05:00	ICLR_results/terminalbench/main/devstral24b/di__b4k__otrc-tr/super-benchmark-upet/otrc-tr/run_1	logs/harbor_jobs/terminalbench/devstral24b/devstral24b-otrc-tr-r1-1788651155300
di__b4k__otrc-tr	swe-bench-astropy-2__otrc-tr__r1	swe-bench-astropy-2	otrc-tr	1	2026-09-05T19:08:15.420658-05:00	ICLR_results/terminalbench/main/devstral24b/di__b4k__otrc-tr/swe-bench-astropy-2/otrc-tr/run_1	logs/harbor_jobs/terminalbench/devstral24b/devstral24b-otrc-tr-r1-1788651155300
di__b4k__otrc-tr	swe-bench-fsspec__otrc-tr__r1	swe-bench-fsspec	otrc-tr	1	2026-09-05T18:51:26.789323-05:00	ICLR_results/terminalbench/main/devstral24b/di__b4k__otrc-tr/swe-bench-fsspec/otrc-tr/run_1	logs/harbor_jobs/terminalbench/devstral24b/devstral24b-otrc-tr-r1-1788651155300
di__b4k__otrc-tr	tmux-advanced-workflow__otrc-tr__r1	tmux-advanced-workflow	otrc-tr	1	2026-09-05T18:32:36.739188-05:00	ICLR_results/terminalbench/main/devstral24b/di__b4k__otrc-tr/tmux-advanced-workflow/otrc-tr/run_1	logs/harbor_jobs/terminalbench/devstral24b/devstral24b-otrc-tr-r1-1788651155300
di__b4k__otrc-tr	write-compressor__otrc-tr__r1	write-compressor	otrc-tr	1	2026-09-05T19:03:07.606943-05:00	ICLR_results/terminalbench/main/devstral24b/di__b4k__otrc-tr/write-compressor/otrc-tr/run_1	logs/harbor_jobs/terminalbench/devstral24b/devstral24b-otrc-tr-r1-1788651155300
di__b4k__otrc-tr	blind-maze-explorer-5x5__otrc-tr__r2	blind-maze-explorer-5x5	otrc-tr	2	2026-09-05T19:57:57.566913-05:00	ICLR_results/terminalbench/main/devstral24b/di__b4k__otrc-tr/blind-maze-explorer-5x5/otrc-tr/run_2	logs/harbor_jobs/terminalbench/devstral24b/devstral24b-otrc-tr-r2-1788654140158
di__b4k__otrc-tr	blind-maze-explorer-algorithm__otrc-tr__r2	blind-maze-explorer-algorithm	otrc-tr	2	2026-09-05T19:41:24.275308-05:00	ICLR_results/terminalbench/main/devstral24b/di__b4k__otrc-tr/blind-maze-explorer-algorithm/otrc-tr/run_2	logs/harbor_jobs/terminalbench/devstral24b/devstral24b-otrc-tr-r2-1788654140158
di__b4k__otrc-tr	cartpole-rl-training__otrc-tr__r2	cartpole-rl-training	otrc-tr	2	2026-09-05T19:58:42.597127-05:00	ICLR_results/terminalbench/main/devstral24b/di__b4k__otrc-tr/cartpole-rl-training/otrc-tr/run_2	logs/harbor_jobs/terminalbench/devstral24b/devstral24b-otrc-tr-r2-1788654140158
di__b4k__otrc-tr	count-dataset-tokens__otrc-tr__r2	count-dataset-tokens	otrc-tr	2	2026-09-05T19:23:16.793204-05:00	ICLR_results/terminalbench/main/devstral24b/di__b4k__otrc-tr/count-dataset-tokens/otrc-tr/run_2	logs/harbor_jobs/terminalbench/devstral24b/devstral24b-otrc-tr-r2-1788654140158
di__b4k__otrc-tr	crack-7z-hash.hard__otrc-tr__r2	crack-7z-hash.hard	otrc-tr	2	2026-09-05T19:48:41.555105-05:00	ICLR_results/terminalbench/main/devstral24b/di__b4k__otrc-tr/crack-7z-hash.hard/otrc-tr/run_2	logs/harbor_jobs/terminalbench/devstral24b/devstral24b-otrc-tr-r2-1788654140158
di__b4k__otrc-tr	csv-to-parquet__otrc-tr__r2	csv-to-parquet	otrc-tr	2	2026-09-05T19:37:18.528448-05:00	ICLR_results/terminalbench/main/devstral24b/di__b4k__otrc-tr/csv-to-parquet/otrc-tr/run_2	logs/harbor_jobs/terminalbench/devstral24b/devstral24b-otrc-tr-r2-1788654140158
di__b4k__otrc-tr	decommissioning-service-with-sensitive-data__otrc-tr__r2	decommissioning-service-with-sensitive-data	otrc-tr	2	2026-09-05T19:57:21.137461-05:00	ICLR_results/terminalbench/main/devstral24b/di__b4k__otrc-tr/decommissioning-service-with-sensitive-data/otrc-tr/run_2	logs/harbor_jobs/terminalbench/devstral24b/devstral24b-otrc-tr-r2-1788654140158
di__b4k__otrc-tr	download-youtube__otrc-tr__r2	download-youtube	otrc-tr	2	2026-09-05T19:53:29.214387-05:00	ICLR_results/terminalbench/main/devstral24b/di__b4k__otrc-tr/download-youtube/otrc-tr/run_2	logs/harbor_jobs/terminalbench/devstral24b/devstral24b-otrc-tr-r2-1788654140158
di__b4k__otrc-tr	eval-mteb__otrc-tr__r2	eval-mteb	otrc-tr	2	2026-09-05T19:32:42.995539-05:00	ICLR_results/terminalbench/main/devstral24b/di__b4k__otrc-tr/eval-mteb/otrc-tr/run_2	logs/harbor_jobs/terminalbench/devstral24b/devstral24b-otrc-tr-r2-1788654140158
di__b4k__otrc-tr	eval-mteb.hard__otrc-tr__r2	eval-mteb.hard	otrc-tr	2	2026-09-05T19:55:56.327100-05:00	ICLR_results/terminalbench/main/devstral24b/di__b4k__otrc-tr/eval-mteb.hard/otrc-tr/run_2	logs/harbor_jobs/terminalbench/devstral24b/devstral24b-otrc-tr-r2-1788654140158
di__b4k__otrc-tr	extract-moves-from-video__otrc-tr__r2	extract-moves-from-video	otrc-tr	2	2026-09-05T19:41:25.318909-05:00	ICLR_results/terminalbench/main/devstral24b/di__b4k__otrc-tr/extract-moves-from-video/otrc-tr/run_2	logs/harbor_jobs/terminalbench/devstral24b/devstral24b-otrc-tr-r2-1788654140158
di__b4k__otrc-tr	fibonacci-server__otrc-tr__r2	fibonacci-server	otrc-tr	2	2026-09-05T19:29:25.591149-05:00	ICLR_results/terminalbench/main/devstral24b/di__b4k__otrc-tr/fibonacci-server/otrc-tr/run_2	logs/harbor_jobs/terminalbench/devstral24b/devstral24b-otrc-tr-r2-1788654140158
di__b4k__otrc-tr	fix-git__otrc-tr__r2	fix-git	otrc-tr	2	2026-09-05T19:47:51.029207-05:00	ICLR_results/terminalbench/main/devstral24b/di__b4k__otrc-tr/fix-git/otrc-tr/run_2	logs/harbor_jobs/terminalbench/devstral24b/devstral24b-otrc-tr-r2-1788654140158
di__b4k__otrc-tr	fix-pandas-version__otrc-tr__r2	fix-pandas-version	otrc-tr	2	2026-09-05T19:36:36.395936-05:00	ICLR_results/terminalbench/main/devstral24b/di__b4k__otrc-tr/fix-pandas-version/otrc-tr/run_2	logs/harbor_jobs/terminalbench/devstral24b/devstral24b-otrc-tr-r2-1788654140158
di__b4k__otrc-tr	fix-permissions__otrc-tr__r2	fix-permissions	otrc-tr	2	2026-09-05T19:24:57.454258-05:00	ICLR_results/terminalbench/main/devstral24b/di__b4k__otrc-tr/fix-permissions/otrc-tr/run_2	logs/harbor_jobs/terminalbench/devstral24b/devstral24b-otrc-tr-r2-1788654140158
di__b4k__otrc-tr	git-workflow-hack__otrc-tr__r2	git-workflow-hack	otrc-tr	2	2026-09-05T19:46:24.135451-05:00	ICLR_results/terminalbench/main/devstral24b/di__b4k__otrc-tr/git-workflow-hack/otrc-tr/run_2	logs/harbor_jobs/terminalbench/devstral24b/devstral24b-otrc-tr-r2-1788654140158
di__b4k__otrc-tr	gpt2-codegolf__otrc-tr__r2	gpt2-codegolf	otrc-tr	2	2026-09-05T19:30:12.307361-05:00	ICLR_results/terminalbench/main/devstral24b/di__b4k__otrc-tr/gpt2-codegolf/otrc-tr/run_2	logs/harbor_jobs/terminalbench/devstral24b/devstral24b-otrc-tr-r2-1788654140158
di__b4k__otrc-tr	heterogeneous-dates__otrc-tr__r2	heterogeneous-dates	otrc-tr	2	2026-09-05T19:59:06.482336-05:00	ICLR_results/terminalbench/main/devstral24b/di__b4k__otrc-tr/heterogeneous-dates/otrc-tr/run_2	logs/harbor_jobs/terminalbench/devstral24b/devstral24b-otrc-tr-r2-1788654140158
di__b4k__otrc-tr	hf-model-inference__otrc-tr__r2	hf-model-inference	otrc-tr	2	2026-09-05T19:34:03.065291-05:00	ICLR_results/terminalbench/main/devstral24b/di__b4k__otrc-tr/hf-model-inference/otrc-tr/run_2	logs/harbor_jobs/terminalbench/devstral24b/devstral24b-otrc-tr-r2-1788654140158
di__b4k__otrc-tr	incompatible-python-fasttext__otrc-tr__r2	incompatible-python-fasttext	otrc-tr	2	2026-09-05T19:22:21.707224-05:00	ICLR_results/terminalbench/main/devstral24b/di__b4k__otrc-tr/incompatible-python-fasttext/otrc-tr/run_2	logs/harbor_jobs/terminalbench/devstral24b/devstral24b-otrc-tr-r2-1788654140158
di__b4k__otrc-tr	intrusion-detection__otrc-tr__r2	intrusion-detection	otrc-tr	2	2026-09-05T19:42:46.850544-05:00	ICLR_results/terminalbench/main/devstral24b/di__b4k__otrc-tr/intrusion-detection/otrc-tr/run_2	logs/harbor_jobs/terminalbench/devstral24b/devstral24b-otrc-tr-r2-1788654140158
di__b4k__otrc-tr	modernize-fortran-build__otrc-tr__r2	modernize-fortran-build	otrc-tr	2	2026-09-05T19:40:24.110820-05:00	ICLR_results/terminalbench/main/devstral24b/di__b4k__otrc-tr/modernize-fortran-build/otrc-tr/run_2	logs/harbor_jobs/terminalbench/devstral24b/devstral24b-otrc-tr-r2-1788654140158
di__b4k__otrc-tr	new-encrypt-command__otrc-tr__r2	new-encrypt-command	otrc-tr	2	2026-09-05T19:41:50.099505-05:00	ICLR_results/terminalbench/main/devstral24b/di__b4k__otrc-tr/new-encrypt-command/otrc-tr/run_2	logs/harbor_jobs/terminalbench/devstral24b/devstral24b-otrc-tr-r2-1788654140158
di__b4k__otrc-tr	password-recovery__otrc-tr__r2	password-recovery	otrc-tr	2	2026-09-05T19:48:18.347769-05:00	ICLR_results/terminalbench/main/devstral24b/di__b4k__otrc-tr/password-recovery/otrc-tr/run_2	logs/harbor_jobs/terminalbench/devstral24b/devstral24b-otrc-tr-r2-1788654140158
di__b4k__otrc-tr	path-tracing-reverse__otrc-tr__r2	path-tracing-reverse	otrc-tr	2	2026-09-05T19:23:12.524115-05:00	ICLR_results/terminalbench/main/devstral24b/di__b4k__otrc-tr/path-tracing-reverse/otrc-tr/run_2	logs/harbor_jobs/terminalbench/devstral24b/devstral24b-otrc-tr-r2-1788654140158
di__b4k__otrc-tr	processing-pipeline__otrc-tr__r2	processing-pipeline	otrc-tr	2	2026-09-05T19:39:07.128606-05:00	ICLR_results/terminalbench/main/devstral24b/di__b4k__otrc-tr/processing-pipeline/otrc-tr/run_2	logs/harbor_jobs/terminalbench/devstral24b/devstral24b-otrc-tr-r2-1788654140158
di__b4k__otrc-tr	prove-plus-comm__otrc-tr__r2	prove-plus-comm	otrc-tr	2	2026-09-05T19:22:21.711664-05:00	ICLR_results/terminalbench/main/devstral24b/di__b4k__otrc-tr/prove-plus-comm/otrc-tr/run_2	logs/harbor_jobs/terminalbench/devstral24b/devstral24b-otrc-tr-r2-1788654140158
di__b4k__otrc-tr	pytorch-model-cli.hard__otrc-tr__r2	pytorch-model-cli.hard	otrc-tr	2	2026-09-05T19:23:39.052067-05:00	ICLR_results/terminalbench/main/devstral24b/di__b4k__otrc-tr/pytorch-model-cli.hard/otrc-tr/run_2	logs/harbor_jobs/terminalbench/devstral24b/devstral24b-otrc-tr-r2-1788654140158
di__b4k__otrc-tr	qemu-alpine-ssh__otrc-tr__r2	qemu-alpine-ssh	otrc-tr	2	2026-09-05T19:31:24.529312-05:00	ICLR_results/terminalbench/main/devstral24b/di__b4k__otrc-tr/qemu-alpine-ssh/otrc-tr/run_2	logs/harbor_jobs/terminalbench/devstral24b/devstral24b-otrc-tr-r2-1788654140158
di__b4k__otrc-tr	qemu-startup__otrc-tr__r2	qemu-startup	otrc-tr	2	2026-09-05T19:52:35.822145-05:00	ICLR_results/terminalbench/main/devstral24b/di__b4k__otrc-tr/qemu-startup/otrc-tr/run_2	logs/harbor_jobs/terminalbench/devstral24b/devstral24b-otrc-tr-r2-1788654140158
di__b4k__otrc-tr	raman-fitting.easy__otrc-tr__r2	raman-fitting.easy	otrc-tr	2	2026-09-05T19:22:21.702961-05:00	ICLR_results/terminalbench/main/devstral24b/di__b4k__otrc-tr/raman-fitting.easy/otrc-tr/run_2	logs/harbor_jobs/terminalbench/devstral24b/devstral24b-otrc-tr-r2-1788654140158
di__b4k__otrc-tr	sanitize-git-repo__otrc-tr__r2	sanitize-git-repo	otrc-tr	2	2026-09-05T19:36:54.004927-05:00	ICLR_results/terminalbench/main/devstral24b/di__b4k__otrc-tr/sanitize-git-repo/otrc-tr/run_2	logs/harbor_jobs/terminalbench/devstral24b/devstral24b-otrc-tr-r2-1788654140158
di__b4k__otrc-tr	sanitize-git-repo.hard__otrc-tr__r2	sanitize-git-repo.hard	otrc-tr	2	2026-09-05T19:54:25.049169-05:00	ICLR_results/terminalbench/main/devstral24b/di__b4k__otrc-tr/sanitize-git-repo.hard/otrc-tr/run_2	logs/harbor_jobs/terminalbench/devstral24b/devstral24b-otrc-tr-r2-1788654140158
di__b4k__otrc-tr	solana-data__otrc-tr__r2	solana-data	otrc-tr	2	2026-09-05T19:25:37.170018-05:00	ICLR_results/terminalbench/main/devstral24b/di__b4k__otrc-tr/solana-data/otrc-tr/run_2	logs/harbor_jobs/terminalbench/devstral24b/devstral24b-otrc-tr-r2-1788654140158
di__b4k__otrc-tr	sqlite-with-gcov__otrc-tr__r2	sqlite-with-gcov	otrc-tr	2	2026-09-05T19:28:20.464867-05:00	ICLR_results/terminalbench/main/devstral24b/di__b4k__otrc-tr/sqlite-with-gcov/otrc-tr/run_2	logs/harbor_jobs/terminalbench/devstral24b/devstral24b-otrc-tr-r2-1788654140158
di__b4k__otrc-tr	super-benchmark-upet__otrc-tr__r2	super-benchmark-upet	otrc-tr	2	2026-09-05T19:41:45.503783-05:00	ICLR_results/terminalbench/main/devstral24b/di__b4k__otrc-tr/super-benchmark-upet/otrc-tr/run_2	logs/harbor_jobs/terminalbench/devstral24b/devstral24b-otrc-tr-r2-1788654140158
di__b4k__otrc-tr	swe-bench-astropy-2__otrc-tr__r2	swe-bench-astropy-2	otrc-tr	2	2026-09-05T19:49:44.279987-05:00	ICLR_results/terminalbench/main/devstral24b/di__b4k__otrc-tr/swe-bench-astropy-2/otrc-tr/run_2	logs/harbor_jobs/terminalbench/devstral24b/devstral24b-otrc-tr-r2-1788654140158
di__b4k__otrc-tr	swe-bench-fsspec__otrc-tr__r2	swe-bench-fsspec	otrc-tr	2	2026-09-05T19:38:13.793771-05:00	ICLR_results/terminalbench/main/devstral24b/di__b4k__otrc-tr/swe-bench-fsspec/otrc-tr/run_2	logs/harbor_jobs/terminalbench/devstral24b/devstral24b-otrc-tr-r2-1788654140158
di__b4k__otrc-tr	tmux-advanced-workflow__otrc-tr__r2	tmux-advanced-workflow	otrc-tr	2	2026-09-05T19:22:21.654412-05:00	ICLR_results/terminalbench/main/devstral24b/di__b4k__otrc-tr/tmux-advanced-workflow/otrc-tr/run_2	logs/harbor_jobs/terminalbench/devstral24b/devstral24b-otrc-tr-r2-1788654140158
di__b4k__otrc-tr	write-compressor__otrc-tr__r2	write-compressor	otrc-tr	2	2026-09-05T19:47:58.818685-05:00	ICLR_results/terminalbench/main/devstral24b/di__b4k__otrc-tr/write-compressor/otrc-tr/run_2	logs/harbor_jobs/terminalbench/devstral24b/devstral24b-otrc-tr-r2-1788654140158
di__b4k__otrc-tr	blind-maze-explorer-5x5__otrc-tr__r3	blind-maze-explorer-5x5	otrc-tr	3	2026-09-05T20:49:52.448312-05:00	ICLR_results/terminalbench/main/devstral24b/di__b4k__otrc-tr/blind-maze-explorer-5x5/otrc-tr/run_3	logs/harbor_jobs/terminalbench/devstral24b/devstral24b-otrc-tr-r3-1788656756753
di__b4k__otrc-tr	blind-maze-explorer-algorithm__otrc-tr__r3	blind-maze-explorer-algorithm	otrc-tr	3	2026-09-05T20:29:55.513744-05:00	ICLR_results/terminalbench/main/devstral24b/di__b4k__otrc-tr/blind-maze-explorer-algorithm/otrc-tr/run_3	logs/harbor_jobs/terminalbench/devstral24b/devstral24b-otrc-tr-r3-1788656756753
di__b4k__otrc-tr	cartpole-rl-training__otrc-tr__r3	cartpole-rl-training	otrc-tr	3	2026-09-05T20:50:57.140405-05:00	ICLR_results/terminalbench/main/devstral24b/di__b4k__otrc-tr/cartpole-rl-training/otrc-tr/run_3	logs/harbor_jobs/terminalbench/devstral24b/devstral24b-otrc-tr-r3-1788656756753
di__b4k__otrc-tr	count-dataset-tokens__otrc-tr__r3	count-dataset-tokens	otrc-tr	3	2026-09-05T20:08:02.193837-05:00	ICLR_results/terminalbench/main/devstral24b/di__b4k__otrc-tr/count-dataset-tokens/otrc-tr/run_3	logs/harbor_jobs/terminalbench/devstral24b/devstral24b-otrc-tr-r3-1788656756753
di__b4k__otrc-tr	crack-7z-hash.hard__otrc-tr__r3	crack-7z-hash.hard	otrc-tr	3	2026-09-05T20:38:43.262315-05:00	ICLR_results/terminalbench/main/devstral24b/di__b4k__otrc-tr/crack-7z-hash.hard/otrc-tr/run_3	logs/harbor_jobs/terminalbench/devstral24b/devstral24b-otrc-tr-r3-1788656756753
di__b4k__otrc-tr	csv-to-parquet__otrc-tr__r3	csv-to-parquet	otrc-tr	3	2026-09-05T20:25:13.107833-05:00	ICLR_results/terminalbench/main/devstral24b/di__b4k__otrc-tr/csv-to-parquet/otrc-tr/run_3	logs/harbor_jobs/terminalbench/devstral24b/devstral24b-otrc-tr-r3-1788656756753
di__b4k__otrc-tr	decommissioning-service-with-sensitive-data__otrc-tr__r3	decommissioning-service-with-sensitive-data	otrc-tr	3	2026-09-05T20:49:17.117206-05:00	ICLR_results/terminalbench/main/devstral24b/di__b4k__otrc-tr/decommissioning-service-with-sensitive-data/otrc-tr/run_3	logs/harbor_jobs/terminalbench/devstral24b/devstral24b-otrc-tr-r3-1788656756753
di__b4k__otrc-tr	download-youtube__otrc-tr__r3	download-youtube	otrc-tr	3	2026-09-05T20:44:18.741408-05:00	ICLR_results/terminalbench/main/devstral24b/di__b4k__otrc-tr/download-youtube/otrc-tr/run_3	logs/harbor_jobs/terminalbench/devstral24b/devstral24b-otrc-tr-r3-1788656756753
di__b4k__otrc-tr	eval-mteb__otrc-tr__r3	eval-mteb	otrc-tr	3	2026-09-05T20:18:42.657284-05:00	ICLR_results/terminalbench/main/devstral24b/di__b4k__otrc-tr/eval-mteb/otrc-tr/run_3	logs/harbor_jobs/terminalbench/devstral24b/devstral24b-otrc-tr-r3-1788656756753
di__b4k__otrc-tr	eval-mteb.hard__otrc-tr__r3	eval-mteb.hard	otrc-tr	3	2026-09-05T20:45:33.363530-05:00	ICLR_results/terminalbench/main/devstral24b/di__b4k__otrc-tr/eval-mteb.hard/otrc-tr/run_3	logs/harbor_jobs/terminalbench/devstral24b/devstral24b-otrc-tr-r3-1788656756753
di__b4k__otrc-tr	extract-moves-from-video__otrc-tr__r3	extract-moves-from-video	otrc-tr	3	2026-09-05T20:30:23.615593-05:00	ICLR_results/terminalbench/main/devstral24b/di__b4k__otrc-tr/extract-moves-from-video/otrc-tr/run_3	logs/harbor_jobs/terminalbench/devstral24b/devstral24b-otrc-tr-r3-1788656756753
di__b4k__otrc-tr	fibonacci-server__otrc-tr__r3	fibonacci-server	otrc-tr	3	2026-09-05T20:13:39.846623-05:00	ICLR_results/terminalbench/main/devstral24b/di__b4k__otrc-tr/fibonacci-server/otrc-tr/run_3	logs/harbor_jobs/terminalbench/devstral24b/devstral24b-otrc-tr-r3-1788656756753
di__b4k__otrc-tr	fix-git__otrc-tr__r3	fix-git	otrc-tr	3	2026-09-05T20:36:48.942050-05:00	ICLR_results/terminalbench/main/devstral24b/di__b4k__otrc-tr/fix-git/otrc-tr/run_3	logs/harbor_jobs/terminalbench/devstral24b/devstral24b-otrc-tr-r3-1788656756753
di__b4k__otrc-tr	fix-pandas-version__otrc-tr__r3	fix-pandas-version	otrc-tr	3	2026-09-05T20:24:19.679383-05:00	ICLR_results/terminalbench/main/devstral24b/di__b4k__otrc-tr/fix-pandas-version/otrc-tr/run_3	logs/harbor_jobs/terminalbench/devstral24b/devstral24b-otrc-tr-r3-1788656756753
di__b4k__otrc-tr	fix-permissions__otrc-tr__r3	fix-permissions	otrc-tr	3	2026-09-05T20:11:32.803302-05:00	ICLR_results/terminalbench/main/devstral24b/di__b4k__otrc-tr/fix-permissions/otrc-tr/run_3	logs/harbor_jobs/terminalbench/devstral24b/devstral24b-otrc-tr-r3-1788656756753
di__b4k__otrc-tr	git-workflow-hack__otrc-tr__r3	git-workflow-hack	otrc-tr	3	2026-09-05T20:33:38.877479-05:00	ICLR_results/terminalbench/main/devstral24b/di__b4k__otrc-tr/git-workflow-hack/otrc-tr/run_3	logs/harbor_jobs/terminalbench/devstral24b/devstral24b-otrc-tr-r3-1788656756753
di__b4k__otrc-tr	gpt2-codegolf__otrc-tr__r3	gpt2-codegolf	otrc-tr	3	2026-09-05T20:18:21.450527-05:00	ICLR_results/terminalbench/main/devstral24b/di__b4k__otrc-tr/gpt2-codegolf/otrc-tr/run_3	logs/harbor_jobs/terminalbench/devstral24b/devstral24b-otrc-tr-r3-1788656756753
di__b4k__otrc-tr	heterogeneous-dates__otrc-tr__r3	heterogeneous-dates	otrc-tr	3	2026-09-05T20:52:41.426930-05:00	ICLR_results/terminalbench/main/devstral24b/di__b4k__otrc-tr/heterogeneous-dates/otrc-tr/run_3	logs/harbor_jobs/terminalbench/devstral24b/devstral24b-otrc-tr-r3-1788656756753
di__b4k__otrc-tr	hf-model-inference__otrc-tr__r3	hf-model-inference	otrc-tr	3	2026-09-05T20:20:13.998468-05:00	ICLR_results/terminalbench/main/devstral24b/di__b4k__otrc-tr/hf-model-inference/otrc-tr/run_3	logs/harbor_jobs/terminalbench/devstral24b/devstral24b-otrc-tr-r3-1788656756753
di__b4k__otrc-tr	incompatible-python-fasttext__otrc-tr__r3	incompatible-python-fasttext	otrc-tr	3	2026-09-05T20:05:58.246985-05:00	ICLR_results/terminalbench/main/devstral24b/di__b4k__otrc-tr/incompatible-python-fasttext/otrc-tr/run_3	logs/harbor_jobs/terminalbench/devstral24b/devstral24b-otrc-tr-r3-1788656756753
di__b4k__otrc-tr	intrusion-detection__otrc-tr__r3	intrusion-detection	otrc-tr	3	2026-09-05T20:32:12.050311-05:00	ICLR_results/terminalbench/main/devstral24b/di__b4k__otrc-tr/intrusion-detection/otrc-tr/run_3	logs/harbor_jobs/terminalbench/devstral24b/devstral24b-otrc-tr-r3-1788656756753
di__b4k__otrc-tr	modernize-fortran-build__otrc-tr__r3	modernize-fortran-build	otrc-tr	3	2026-09-05T20:28:58.913151-05:00	ICLR_results/terminalbench/main/devstral24b/di__b4k__otrc-tr/modernize-fortran-build/otrc-tr/run_3	logs/harbor_jobs/terminalbench/devstral24b/devstral24b-otrc-tr-r3-1788656756753
di__b4k__otrc-tr	new-encrypt-command__otrc-tr__r3	new-encrypt-command	otrc-tr	3	2026-09-05T20:31:31.711705-05:00	ICLR_results/terminalbench/main/devstral24b/di__b4k__otrc-tr/new-encrypt-command/otrc-tr/run_3	logs/harbor_jobs/terminalbench/devstral24b/devstral24b-otrc-tr-r3-1788656756753
di__b4k__otrc-tr	password-recovery__otrc-tr__r3	password-recovery	otrc-tr	3	2026-09-05T20:38:39.327160-05:00	ICLR_results/terminalbench/main/devstral24b/di__b4k__otrc-tr/password-recovery/otrc-tr/run_3	logs/harbor_jobs/terminalbench/devstral24b/devstral24b-otrc-tr-r3-1788656756753
di__b4k__otrc-tr	path-tracing-reverse__otrc-tr__r3	path-tracing-reverse	otrc-tr	3	2026-09-05T20:07:07.582937-05:00	ICLR_results/terminalbench/main/devstral24b/di__b4k__otrc-tr/path-tracing-reverse/otrc-tr/run_3	logs/harbor_jobs/terminalbench/devstral24b/devstral24b-otrc-tr-r3-1788656756753
di__b4k__otrc-tr	processing-pipeline__otrc-tr__r3	processing-pipeline	otrc-tr	3	2026-09-05T20:28:57.047284-05:00	ICLR_results/terminalbench/main/devstral24b/di__b4k__otrc-tr/processing-pipeline/otrc-tr/run_3	logs/harbor_jobs/terminalbench/devstral24b/devstral24b-otrc-tr-r3-1788656756753
di__b4k__otrc-tr	prove-plus-comm__otrc-tr__r3	prove-plus-comm	otrc-tr	3	2026-09-05T20:05:58.251321-05:00	ICLR_results/terminalbench/main/devstral24b/di__b4k__otrc-tr/prove-plus-comm/otrc-tr/run_3	logs/harbor_jobs/terminalbench/devstral24b/devstral24b-otrc-tr-r3-1788656756753
di__b4k__otrc-tr	pytorch-model-cli.hard__otrc-tr__r3	pytorch-model-cli.hard	otrc-tr	3	2026-09-05T20:11:18.225690-05:00	ICLR_results/terminalbench/main/devstral24b/di__b4k__otrc-tr/pytorch-model-cli.hard/otrc-tr/run_3	logs/harbor_jobs/terminalbench/devstral24b/devstral24b-otrc-tr-r3-1788656756753
di__b4k__otrc-tr	qemu-alpine-ssh__otrc-tr__r3	qemu-alpine-ssh	otrc-tr	3	2026-09-05T20:18:31.041037-05:00	ICLR_results/terminalbench/main/devstral24b/di__b4k__otrc-tr/qemu-alpine-ssh/otrc-tr/run_3	logs/harbor_jobs/terminalbench/devstral24b/devstral24b-otrc-tr-r3-1788656756753
di__b4k__otrc-tr	qemu-startup__otrc-tr__r3	qemu-startup	otrc-tr	3	2026-09-05T20:43:05.335094-05:00	ICLR_results/terminalbench/main/devstral24b/di__b4k__otrc-tr/qemu-startup/otrc-tr/run_3	logs/harbor_jobs/terminalbench/devstral24b/devstral24b-otrc-tr-r3-1788656756753
di__b4k__otrc-tr	raman-fitting.easy__otrc-tr__r3	raman-fitting.easy	otrc-tr	3	2026-09-05T20:05:58.242742-05:00	ICLR_results/terminalbench/main/devstral24b/di__b4k__otrc-tr/raman-fitting.easy/otrc-tr/run_3	logs/harbor_jobs/terminalbench/devstral24b/devstral24b-otrc-tr-r3-1788656756753
di__b4k__otrc-tr	sanitize-git-repo__otrc-tr__r3	sanitize-git-repo	otrc-tr	3	2026-09-05T20:24:50.351944-05:00	ICLR_results/terminalbench/main/devstral24b/di__b4k__otrc-tr/sanitize-git-repo/otrc-tr/run_3	logs/harbor_jobs/terminalbench/devstral24b/devstral24b-otrc-tr-r3-1788656756753
di__b4k__otrc-tr	sanitize-git-repo.hard__otrc-tr__r3	sanitize-git-repo.hard	otrc-tr	3	2026-09-05T20:44:40.697384-05:00	ICLR_results/terminalbench/main/devstral24b/di__b4k__otrc-tr/sanitize-git-repo.hard/otrc-tr/run_3	logs/harbor_jobs/terminalbench/devstral24b/devstral24b-otrc-tr-r3-1788656756753
di__b4k__otrc-tr	solana-data__otrc-tr__r3	solana-data	otrc-tr	3	2026-09-05T20:12:07.644464-05:00	ICLR_results/terminalbench/main/devstral24b/di__b4k__otrc-tr/solana-data/otrc-tr/run_3	logs/harbor_jobs/terminalbench/devstral24b/devstral24b-otrc-tr-r3-1788656756753
di__b4k__otrc-tr	sqlite-with-gcov__otrc-tr__r3	sqlite-with-gcov	otrc-tr	3	2026-09-05T20:12:26.728844-05:00	ICLR_results/terminalbench/main/devstral24b/di__b4k__otrc-tr/sqlite-with-gcov/otrc-tr/run_3	logs/harbor_jobs/terminalbench/devstral24b/devstral24b-otrc-tr-r3-1788656756753
di__b4k__otrc-tr	super-benchmark-upet__otrc-tr__r3	super-benchmark-upet	otrc-tr	3	2026-09-05T20:30:25.590096-05:00	ICLR_results/terminalbench/main/devstral24b/di__b4k__otrc-tr/super-benchmark-upet/otrc-tr/run_3	logs/harbor_jobs/terminalbench/devstral24b/devstral24b-otrc-tr-r3-1788656756753
di__b4k__otrc-tr	swe-bench-astropy-2__otrc-tr__r3	swe-bench-astropy-2	otrc-tr	3	2026-09-05T20:39:21.600233-05:00	ICLR_results/terminalbench/main/devstral24b/di__b4k__otrc-tr/swe-bench-astropy-2/otrc-tr/run_3	logs/harbor_jobs/terminalbench/devstral24b/devstral24b-otrc-tr-r3-1788656756753
di__b4k__otrc-tr	swe-bench-fsspec__otrc-tr__r3	swe-bench-fsspec	otrc-tr	3	2026-09-05T20:26:39.232465-05:00	ICLR_results/terminalbench/main/devstral24b/di__b4k__otrc-tr/swe-bench-fsspec/otrc-tr/run_3	logs/harbor_jobs/terminalbench/devstral24b/devstral24b-otrc-tr-r3-1788656756753
di__b4k__otrc-tr	tmux-advanced-workflow__otrc-tr__r3	tmux-advanced-workflow	otrc-tr	3	2026-09-05T20:05:58.199374-05:00	ICLR_results/terminalbench/main/devstral24b/di__b4k__otrc-tr/tmux-advanced-workflow/otrc-tr/run_3	logs/harbor_jobs/terminalbench/devstral24b/devstral24b-otrc-tr-r3-1788656756753
di__b4k__otrc-tr	write-compressor__otrc-tr__r3	write-compressor	otrc-tr	3	2026-09-05T20:37:51.168830-05:00	ICLR_results/terminalbench/main/devstral24b/di__b4k__otrc-tr/write-compressor/otrc-tr/run_3	logs/harbor_jobs/terminalbench/devstral24b/devstral24b-otrc-tr-r3-1788656756753
di__b4k__trc-ss	blind-maze-explorer-5x5__trc-ss__r2	blind-maze-explorer-5x5	trc-ss	2	2026-09-05T15:57:55.687551-05:00	ICLR_results/terminalbench/main/devstral24b/di__b4k__trc-ss/blind-maze-explorer-5x5/trc-ss/run_2	logs/harbor_jobs/terminalbench/devstral24b/devstral24b-trc-ss-r2-1788638197266
di__b4k__trc-ss	blind-maze-explorer-algorithm__trc-ss__r2	blind-maze-explorer-algorithm	trc-ss	2	2026-09-05T15:19:30.984915-05:00	ICLR_results/terminalbench/main/devstral24b/di__b4k__trc-ss/blind-maze-explorer-algorithm/trc-ss/run_2	logs/harbor_jobs/terminalbench/devstral24b/devstral24b-trc-ss-r2-1788638197266
di__b4k__trc-ss	cartpole-rl-training__trc-ss__r2	cartpole-rl-training	trc-ss	2	2026-09-05T15:58:26.082852-05:00	ICLR_results/terminalbench/main/devstral24b/di__b4k__trc-ss/cartpole-rl-training/trc-ss/run_2	logs/harbor_jobs/terminalbench/devstral24b/devstral24b-trc-ss-r2-1788638197266
di__b4k__trc-ss	count-dataset-tokens__trc-ss__r2	count-dataset-tokens	trc-ss	2	2026-09-05T14:57:47.302278-05:00	ICLR_results/terminalbench/main/devstral24b/di__b4k__trc-ss/count-dataset-tokens/trc-ss/run_2	logs/harbor_jobs/terminalbench/devstral24b/devstral24b-trc-ss-r2-1788638197266
di__b4k__trc-ss	crack-7z-hash.hard__trc-ss__r2	crack-7z-hash.hard	trc-ss	2	2026-09-05T15:37:44.566674-05:00	ICLR_results/terminalbench/main/devstral24b/di__b4k__trc-ss/crack-7z-hash.hard/trc-ss/run_2	logs/harbor_jobs/terminalbench/devstral24b/devstral24b-trc-ss-r2-1788638197266
di__b4k__trc-ss	csv-to-parquet__trc-ss__r2	csv-to-parquet	trc-ss	2	2026-09-05T15:13:21.721190-05:00	ICLR_results/terminalbench/main/devstral24b/di__b4k__trc-ss/csv-to-parquet/trc-ss/run_2	logs/harbor_jobs/terminalbench/devstral24b/devstral24b-trc-ss-r2-1788638197266
di__b4k__trc-ss	decommissioning-service-with-sensitive-data__trc-ss__r2	decommissioning-service-with-sensitive-data	trc-ss	2	2026-09-05T15:56:54.715269-05:00	ICLR_results/terminalbench/main/devstral24b/di__b4k__trc-ss/decommissioning-service-with-sensitive-data/trc-ss/run_2	logs/harbor_jobs/terminalbench/devstral24b/devstral24b-trc-ss-r2-1788638197266
di__b4k__trc-ss	download-youtube__trc-ss__r2	download-youtube	trc-ss	2	2026-09-05T15:44:07.574311-05:00	ICLR_results/terminalbench/main/devstral24b/di__b4k__trc-ss/download-youtube/trc-ss/run_2	logs/harbor_jobs/terminalbench/devstral24b/devstral24b-trc-ss-r2-1788638197266
di__b4k__trc-ss	eval-mteb__trc-ss__r2	eval-mteb	trc-ss	2	2026-09-05T15:09:28.018137-05:00	ICLR_results/terminalbench/main/devstral24b/di__b4k__trc-ss/eval-mteb/trc-ss/run_2	logs/harbor_jobs/terminalbench/devstral24b/devstral24b-trc-ss-r2-1788638197266
di__b4k__trc-ss	eval-mteb.hard__trc-ss__r2	eval-mteb.hard	trc-ss	2	2026-09-05T15:53:49.058232-05:00	ICLR_results/terminalbench/main/devstral24b/di__b4k__trc-ss/eval-mteb.hard/trc-ss/run_2	logs/harbor_jobs/terminalbench/devstral24b/devstral24b-trc-ss-r2-1788638197266
di__b4k__trc-ss	extract-moves-from-video__trc-ss__r2	extract-moves-from-video	trc-ss	2	2026-09-05T15:20:06.283282-05:00	ICLR_results/terminalbench/main/devstral24b/di__b4k__trc-ss/extract-moves-from-video/trc-ss/run_2	logs/harbor_jobs/terminalbench/devstral24b/devstral24b-trc-ss-r2-1788638197266
di__b4k__trc-ss	fibonacci-server__trc-ss__r2	fibonacci-server	trc-ss	2	2026-09-05T15:03:54.138863-05:00	ICLR_results/terminalbench/main/devstral24b/di__b4k__trc-ss/fibonacci-server/trc-ss/run_2	logs/harbor_jobs/terminalbench/devstral24b/devstral24b-trc-ss-r2-1788638197266
di__b4k__trc-ss	fix-git__trc-ss__r2	fix-git	trc-ss	2	2026-09-05T15:34:31.926178-05:00	ICLR_results/terminalbench/main/devstral24b/di__b4k__trc-ss/fix-git/trc-ss/run_2	logs/harbor_jobs/terminalbench/devstral24b/devstral24b-trc-ss-r2-1788638197266
di__b4k__trc-ss	fix-pandas-version__trc-ss__r2	fix-pandas-version	trc-ss	2	2026-09-05T15:12:56.001499-05:00	ICLR_results/terminalbench/main/devstral24b/di__b4k__trc-ss/fix-pandas-version/trc-ss/run_2	logs/harbor_jobs/terminalbench/devstral24b/devstral24b-trc-ss-r2-1788638197266
di__b4k__trc-ss	fix-permissions__trc-ss__r2	fix-permissions	trc-ss	2	2026-09-05T15:02:30.398194-05:00	ICLR_results/terminalbench/main/devstral24b/di__b4k__trc-ss/fix-permissions/trc-ss/run_2	logs/harbor_jobs/terminalbench/devstral24b/devstral24b-trc-ss-r2-1788638197266
di__b4k__trc-ss	git-workflow-hack__trc-ss__r2	git-workflow-hack	trc-ss	2	2026-09-05T15:31:19.800866-05:00	ICLR_results/terminalbench/main/devstral24b/di__b4k__trc-ss/git-workflow-hack/trc-ss/run_2	logs/harbor_jobs/terminalbench/devstral24b/devstral24b-trc-ss-r2-1788638197266
di__b4k__trc-ss	gpt2-codegolf__trc-ss__r2	gpt2-codegolf	trc-ss	2	2026-09-05T15:06:32.254388-05:00	ICLR_results/terminalbench/main/devstral24b/di__b4k__trc-ss/gpt2-codegolf/trc-ss/run_2	logs/harbor_jobs/terminalbench/devstral24b/devstral24b-trc-ss-r2-1788638197266
di__b4k__trc-ss	heterogeneous-dates__trc-ss__r2	heterogeneous-dates	trc-ss	2	2026-09-05T15:59:54.734079-05:00	ICLR_results/terminalbench/main/devstral24b/di__b4k__trc-ss/heterogeneous-dates/trc-ss/run_2	logs/harbor_jobs/terminalbench/devstral24b/devstral24b-trc-ss-r2-1788638197266
di__b4k__trc-ss	hf-model-inference__trc-ss__r2	hf-model-inference	trc-ss	2	2026-09-05T15:09:38.608492-05:00	ICLR_results/terminalbench/main/devstral24b/di__b4k__trc-ss/hf-model-inference/trc-ss/run_2	logs/harbor_jobs/terminalbench/devstral24b/devstral24b-trc-ss-r2-1788638197266
di__b4k__trc-ss	incompatible-python-fasttext__trc-ss__r2	incompatible-python-fasttext	trc-ss	2	2026-09-05T14:56:38.771876-05:00	ICLR_results/terminalbench/main/devstral24b/di__b4k__trc-ss/incompatible-python-fasttext/trc-ss/run_2	logs/harbor_jobs/terminalbench/devstral24b/devstral24b-trc-ss-r2-1788638197266
di__b4k__trc-ss	intrusion-detection__trc-ss__r2	intrusion-detection	trc-ss	2	2026-09-05T15:27:58.773138-05:00	ICLR_results/terminalbench/main/devstral24b/di__b4k__trc-ss/intrusion-detection/trc-ss/run_2	logs/harbor_jobs/terminalbench/devstral24b/devstral24b-trc-ss-r2-1788638197266
di__b4k__trc-ss	modernize-fortran-build__trc-ss__r2	modernize-fortran-build	trc-ss	2	2026-09-05T15:19:06.469188-05:00	ICLR_results/terminalbench/main/devstral24b/di__b4k__trc-ss/modernize-fortran-build/trc-ss/run_2	logs/harbor_jobs/terminalbench/devstral24b/devstral24b-trc-ss-r2-1788638197266
di__b4k__trc-ss	new-encrypt-command__trc-ss__r2	new-encrypt-command	trc-ss	2	2026-09-05T15:26:30.147276-05:00	ICLR_results/terminalbench/main/devstral24b/di__b4k__trc-ss/new-encrypt-command/trc-ss/run_2	logs/harbor_jobs/terminalbench/devstral24b/devstral24b-trc-ss-r2-1788638197266
di__b4k__trc-ss	password-recovery__trc-ss__r2	password-recovery	trc-ss	2	2026-09-05T15:36:05.611738-05:00	ICLR_results/terminalbench/main/devstral24b/di__b4k__trc-ss/password-recovery/trc-ss/run_2	logs/harbor_jobs/terminalbench/devstral24b/devstral24b-trc-ss-r2-1788638197266
di__b4k__trc-ss	path-tracing-reverse__trc-ss__r2	path-tracing-reverse	trc-ss	2	2026-09-05T14:57:30.995312-05:00	ICLR_results/terminalbench/main/devstral24b/di__b4k__trc-ss/path-tracing-reverse/trc-ss/run_2	logs/harbor_jobs/terminalbench/devstral24b/devstral24b-trc-ss-r2-1788638197266
di__b4k__trc-ss	processing-pipeline__trc-ss__r2	processing-pipeline	trc-ss	2	2026-09-05T15:18:42.434110-05:00	ICLR_results/terminalbench/main/devstral24b/di__b4k__trc-ss/processing-pipeline/trc-ss/run_2	logs/harbor_jobs/terminalbench/devstral24b/devstral24b-trc-ss-r2-1788638197266
di__b4k__trc-ss	prove-plus-comm__trc-ss__r2	prove-plus-comm	trc-ss	2	2026-09-05T14:56:38.776334-05:00	ICLR_results/terminalbench/main/devstral24b/di__b4k__trc-ss/prove-plus-comm/trc-ss/run_2	logs/harbor_jobs/terminalbench/devstral24b/devstral24b-trc-ss-r2-1788638197266
di__b4k__trc-ss	pytorch-model-cli.hard__trc-ss__r2	pytorch-model-cli.hard	trc-ss	2	2026-09-05T14:58:09.954986-05:00	ICLR_results/terminalbench/main/devstral24b/di__b4k__trc-ss/pytorch-model-cli.hard/trc-ss/run_2	logs/harbor_jobs/terminalbench/devstral24b/devstral24b-trc-ss-r2-1788638197266
di__b4k__trc-ss	qemu-alpine-ssh__trc-ss__r2	qemu-alpine-ssh	trc-ss	2	2026-09-05T15:08:13.984728-05:00	ICLR_results/terminalbench/main/devstral24b/di__b4k__trc-ss/qemu-alpine-ssh/trc-ss/run_2	logs/harbor_jobs/terminalbench/devstral24b/devstral24b-trc-ss-r2-1788638197266
di__b4k__trc-ss	qemu-startup__trc-ss__r2	qemu-startup	trc-ss	2	2026-09-05T15:42:31.472946-05:00	ICLR_results/terminalbench/main/devstral24b/di__b4k__trc-ss/qemu-startup/trc-ss/run_2	logs/harbor_jobs/terminalbench/devstral24b/devstral24b-trc-ss-r2-1788638197266
di__b4k__trc-ss	raman-fitting.easy__trc-ss__r2	raman-fitting.easy	trc-ss	2	2026-09-05T14:56:38.767608-05:00	ICLR_results/terminalbench/main/devstral24b/di__b4k__trc-ss/raman-fitting.easy/trc-ss/run_2	logs/harbor_jobs/terminalbench/devstral24b/devstral24b-trc-ss-r2-1788638197266
di__b4k__trc-ss	sanitize-git-repo__trc-ss__r2	sanitize-git-repo	trc-ss	2	2026-09-05T15:13:04.079538-05:00	ICLR_results/terminalbench/main/devstral24b/di__b4k__trc-ss/sanitize-git-repo/trc-ss/run_2	logs/harbor_jobs/terminalbench/devstral24b/devstral24b-trc-ss-r2-1788638197266
di__b4k__trc-ss	sanitize-git-repo.hard__trc-ss__r2	sanitize-git-repo.hard	trc-ss	2	2026-09-05T15:50:31.845788-05:00	ICLR_results/terminalbench/main/devstral24b/di__b4k__trc-ss/sanitize-git-repo.hard/trc-ss/run_2	logs/harbor_jobs/terminalbench/devstral24b/devstral24b-trc-ss-r2-1788638197266
di__b4k__trc-ss	solana-data__trc-ss__r2	solana-data	trc-ss	2	2026-09-05T15:03:04.235367-05:00	ICLR_results/terminalbench/main/devstral24b/di__b4k__trc-ss/solana-data/trc-ss/run_2	logs/harbor_jobs/terminalbench/devstral24b/devstral24b-trc-ss-r2-1788638197266
di__b4k__trc-ss	sqlite-with-gcov__trc-ss__r2	sqlite-with-gcov	trc-ss	2	2026-09-05T15:03:06.012282-05:00	ICLR_results/terminalbench/main/devstral24b/di__b4k__trc-ss/sqlite-with-gcov/trc-ss/run_2	logs/harbor_jobs/terminalbench/devstral24b/devstral24b-trc-ss-r2-1788638197266
di__b4k__trc-ss	super-benchmark-upet__trc-ss__r2	super-benchmark-upet	trc-ss	2	2026-09-05T15:20:17.677880-05:00	ICLR_results/terminalbench/main/devstral24b/di__b4k__trc-ss/super-benchmark-upet/trc-ss/run_2	logs/harbor_jobs/terminalbench/devstral24b/devstral24b-trc-ss-r2-1788638197266
di__b4k__trc-ss	swe-bench-astropy-2__trc-ss__r2	swe-bench-astropy-2	trc-ss	2	2026-09-05T15:41:20.734928-05:00	ICLR_results/terminalbench/main/devstral24b/di__b4k__trc-ss/swe-bench-astropy-2/trc-ss/run_2	logs/harbor_jobs/terminalbench/devstral24b/devstral24b-trc-ss-r2-1788638197266
di__b4k__trc-ss	swe-bench-fsspec__trc-ss__r2	swe-bench-fsspec	trc-ss	2	2026-09-05T15:13:47.883440-05:00	ICLR_results/terminalbench/main/devstral24b/di__b4k__trc-ss/swe-bench-fsspec/trc-ss/run_2	logs/harbor_jobs/terminalbench/devstral24b/devstral24b-trc-ss-r2-1788638197266
di__b4k__trc-ss	tmux-advanced-workflow__trc-ss__r2	tmux-advanced-workflow	trc-ss	2	2026-09-05T14:56:38.721004-05:00	ICLR_results/terminalbench/main/devstral24b/di__b4k__trc-ss/tmux-advanced-workflow/trc-ss/run_2	logs/harbor_jobs/terminalbench/devstral24b/devstral24b-trc-ss-r2-1788638197266
di__b4k__trc-ss	write-compressor__trc-ss__r2	write-compressor	trc-ss	2	2026-09-05T15:34:55.414091-05:00	ICLR_results/terminalbench/main/devstral24b/di__b4k__trc-ss/write-compressor/trc-ss/run_2	logs/harbor_jobs/terminalbench/devstral24b/devstral24b-trc-ss-r2-1788638197266
di__b4k__trc-ss	blind-maze-explorer-5x5__trc-ss__r3	blind-maze-explorer-5x5	trc-ss	3	2026-09-05T17:47:34.765594-05:00	ICLR_results/terminalbench/main/devstral24b/di__b4k__trc-ss/blind-maze-explorer-5x5/trc-ss/run_3	logs/harbor_jobs/terminalbench/devstral24b/devstral24b-trc-ss-r3-1788644357175
di__b4k__trc-ss	blind-maze-explorer-algorithm__trc-ss__r3	blind-maze-explorer-algorithm	trc-ss	3	2026-09-05T17:03:49.387873-05:00	ICLR_results/terminalbench/main/devstral24b/di__b4k__trc-ss/blind-maze-explorer-algorithm/trc-ss/run_3	logs/harbor_jobs/terminalbench/devstral24b/devstral24b-trc-ss-r3-1788644357175
di__b4k__trc-ss	cartpole-rl-training__trc-ss__r3	cartpole-rl-training	trc-ss	3	2026-09-05T17:50:23.288322-05:00	ICLR_results/terminalbench/main/devstral24b/di__b4k__trc-ss/cartpole-rl-training/trc-ss/run_3	logs/harbor_jobs/terminalbench/devstral24b/devstral24b-trc-ss-r3-1788644357175
di__b4k__trc-ss	count-dataset-tokens__trc-ss__r3	count-dataset-tokens	trc-ss	3	2026-09-05T16:40:31.246285-05:00	ICLR_results/terminalbench/main/devstral24b/di__b4k__trc-ss/count-dataset-tokens/trc-ss/run_3	logs/harbor_jobs/terminalbench/devstral24b/devstral24b-trc-ss-r3-1788644357175
di__b4k__trc-ss	crack-7z-hash.hard__trc-ss__r3	crack-7z-hash.hard	trc-ss	3	2026-09-05T17:26:51.129882-05:00	ICLR_results/terminalbench/main/devstral24b/di__b4k__trc-ss/crack-7z-hash.hard/trc-ss/run_3	logs/harbor_jobs/terminalbench/devstral24b/devstral24b-trc-ss-r3-1788644357175
di__b4k__trc-ss	csv-to-parquet__trc-ss__r3	csv-to-parquet	trc-ss	3	2026-09-05T16:57:27.774262-05:00	ICLR_results/terminalbench/main/devstral24b/di__b4k__trc-ss/csv-to-parquet/trc-ss/run_3	logs/harbor_jobs/terminalbench/devstral24b/devstral24b-trc-ss-r3-1788644357175
di__b4k__trc-ss	decommissioning-service-with-sensitive-data__trc-ss__r3	decommissioning-service-with-sensitive-data	trc-ss	3	2026-09-05T17:46:00.304831-05:00	ICLR_results/terminalbench/main/devstral24b/di__b4k__trc-ss/decommissioning-service-with-sensitive-data/trc-ss/run_3	logs/harbor_jobs/terminalbench/devstral24b/devstral24b-trc-ss-r3-1788644357175
di__b4k__trc-ss	download-youtube__trc-ss__r3	download-youtube	trc-ss	3	2026-09-05T17:33:13.335118-05:00	ICLR_results/terminalbench/main/devstral24b/di__b4k__trc-ss/download-youtube/trc-ss/run_3	logs/harbor_jobs/terminalbench/devstral24b/devstral24b-trc-ss-r3-1788644357175
di__b4k__trc-ss	eval-mteb__trc-ss__r3	eval-mteb	trc-ss	3	2026-09-05T16:52:54.798508-05:00	ICLR_results/terminalbench/main/devstral24b/di__b4k__trc-ss/eval-mteb/trc-ss/run_3	logs/harbor_jobs/terminalbench/devstral24b/devstral24b-trc-ss-r3-1788644357175
di__b4k__trc-ss	eval-mteb.hard__trc-ss__r3	eval-mteb.hard	trc-ss	3	2026-09-05T17:42:33.367426-05:00	ICLR_results/terminalbench/main/devstral24b/di__b4k__trc-ss/eval-mteb.hard/trc-ss/run_3	logs/harbor_jobs/terminalbench/devstral24b/devstral24b-trc-ss-r3-1788644357175
di__b4k__trc-ss	extract-moves-from-video__trc-ss__r3	extract-moves-from-video	trc-ss	3	2026-09-05T17:05:14.956714-05:00	ICLR_results/terminalbench/main/devstral24b/di__b4k__trc-ss/extract-moves-from-video/trc-ss/run_3	logs/harbor_jobs/terminalbench/devstral24b/devstral24b-trc-ss-r3-1788644357175
di__b4k__trc-ss	fibonacci-server__trc-ss__r3	fibonacci-server	trc-ss	3	2026-09-05T16:50:07.837151-05:00	ICLR_results/terminalbench/main/devstral24b/di__b4k__trc-ss/fibonacci-server/trc-ss/run_3	logs/harbor_jobs/terminalbench/devstral24b/devstral24b-trc-ss-r3-1788644357175
di__b4k__trc-ss	fix-git__trc-ss__r3	fix-git	trc-ss	3	2026-09-05T17:23:16.642482-05:00	ICLR_results/terminalbench/main/devstral24b/di__b4k__trc-ss/fix-git/trc-ss/run_3	logs/harbor_jobs/terminalbench/devstral24b/devstral24b-trc-ss-r3-1788644357175
di__b4k__trc-ss	fix-pandas-version__trc-ss__r3	fix-pandas-version	trc-ss	3	2026-09-05T16:56:38.510165-05:00	ICLR_results/terminalbench/main/devstral24b/di__b4k__trc-ss/fix-pandas-version/trc-ss/run_3	logs/harbor_jobs/terminalbench/devstral24b/devstral24b-trc-ss-r3-1788644357175
di__b4k__trc-ss	fix-permissions__trc-ss__r3	fix-permissions	trc-ss	3	2026-09-05T16:45:45.428884-05:00	ICLR_results/terminalbench/main/devstral24b/di__b4k__trc-ss/fix-permissions/trc-ss/run_3	logs/harbor_jobs/terminalbench/devstral24b/devstral24b-trc-ss-r3-1788644357175
di__b4k__trc-ss	git-workflow-hack__trc-ss__r3	git-workflow-hack	trc-ss	3	2026-09-05T17:20:26.443082-05:00	ICLR_results/terminalbench/main/devstral24b/di__b4k__trc-ss/git-workflow-hack/trc-ss/run_3	logs/harbor_jobs/terminalbench/devstral24b/devstral24b-trc-ss-r3-1788644357175
di__b4k__trc-ss	gpt2-codegolf__trc-ss__r3	gpt2-codegolf	trc-ss	3	2026-09-05T16:50:57.969605-05:00	ICLR_results/terminalbench/main/devstral24b/di__b4k__trc-ss/gpt2-codegolf/trc-ss/run_3	logs/harbor_jobs/terminalbench/devstral24b/devstral24b-trc-ss-r3-1788644357175
di__b4k__trc-ss	heterogeneous-dates__trc-ss__r3	heterogeneous-dates	trc-ss	3	2026-09-05T17:52:02.626367-05:00	ICLR_results/terminalbench/main/devstral24b/di__b4k__trc-ss/heterogeneous-dates/trc-ss/run_3	logs/harbor_jobs/terminalbench/devstral24b/devstral24b-trc-ss-r3-1788644357175
di__b4k__trc-ss	hf-model-inference__trc-ss__r3	hf-model-inference	trc-ss	3	2026-09-05T16:53:01.274560-05:00	ICLR_results/terminalbench/main/devstral24b/di__b4k__trc-ss/hf-model-inference/trc-ss/run_3	logs/harbor_jobs/terminalbench/devstral24b/devstral24b-trc-ss-r3-1788644357175
di__b4k__trc-ss	incompatible-python-fasttext__trc-ss__r3	incompatible-python-fasttext	trc-ss	3	2026-09-05T16:39:18.690613-05:00	ICLR_results/terminalbench/main/devstral24b/di__b4k__trc-ss/incompatible-python-fasttext/trc-ss/run_3	logs/harbor_jobs/terminalbench/devstral24b/devstral24b-trc-ss-r3-1788644357175
di__b4k__trc-ss	intrusion-detection__trc-ss__r3	intrusion-detection	trc-ss	3	2026-09-05T17:19:14.083628-05:00	ICLR_results/terminalbench/main/devstral24b/di__b4k__trc-ss/intrusion-detection/trc-ss/run_3	logs/harbor_jobs/terminalbench/devstral24b/devstral24b-trc-ss-r3-1788644357175
di__b4k__trc-ss	modernize-fortran-build__trc-ss__r3	modernize-fortran-build	trc-ss	3	2026-09-05T17:03:42.592151-05:00	ICLR_results/terminalbench/main/devstral24b/di__b4k__trc-ss/modernize-fortran-build/trc-ss/run_3	logs/harbor_jobs/terminalbench/devstral24b/devstral24b-trc-ss-r3-1788644357175
di__b4k__trc-ss	new-encrypt-command__trc-ss__r3	new-encrypt-command	trc-ss	3	2026-09-05T17:19:08.613190-05:00	ICLR_results/terminalbench/main/devstral24b/di__b4k__trc-ss/new-encrypt-command/trc-ss/run_3	logs/harbor_jobs/terminalbench/devstral24b/devstral24b-trc-ss-r3-1788644357175
di__b4k__trc-ss	password-recovery__trc-ss__r3	password-recovery	trc-ss	3	2026-09-05T17:25:40.625068-05:00	ICLR_results/terminalbench/main/devstral24b/di__b4k__trc-ss/password-recovery/trc-ss/run_3	logs/harbor_jobs/terminalbench/devstral24b/devstral24b-trc-ss-r3-1788644357175
di__b4k__trc-ss	path-tracing-reverse__trc-ss__r3	path-tracing-reverse	trc-ss	3	2026-09-05T16:40:02.567880-05:00	ICLR_results/terminalbench/main/devstral24b/di__b4k__trc-ss/path-tracing-reverse/trc-ss/run_3	logs/harbor_jobs/terminalbench/devstral24b/devstral24b-trc-ss-r3-1788644357175
di__b4k__trc-ss	processing-pipeline__trc-ss__r3	processing-pipeline	trc-ss	3	2026-09-05T17:02:31.725456-05:00	ICLR_results/terminalbench/main/devstral24b/di__b4k__trc-ss/processing-pipeline/trc-ss/run_3	logs/harbor_jobs/terminalbench/devstral24b/devstral24b-trc-ss-r3-1788644357175
di__b4k__trc-ss	prove-plus-comm__trc-ss__r3	prove-plus-comm	trc-ss	3	2026-09-05T16:39:18.694955-05:00	ICLR_results/terminalbench/main/devstral24b/di__b4k__trc-ss/prove-plus-comm/trc-ss/run_3	logs/harbor_jobs/terminalbench/devstral24b/devstral24b-trc-ss-r3-1788644357175
di__b4k__trc-ss	pytorch-model-cli.hard__trc-ss__r3	pytorch-model-cli.hard	trc-ss	3	2026-09-05T16:44:46.052100-05:00	ICLR_results/terminalbench/main/devstral24b/di__b4k__trc-ss/pytorch-model-cli.hard/trc-ss/run_3	logs/harbor_jobs/terminalbench/devstral24b/devstral24b-trc-ss-r3-1788644357175
di__b4k__trc-ss	qemu-alpine-ssh__trc-ss__r3	qemu-alpine-ssh	trc-ss	3	2026-09-05T16:52:07.130143-05:00	ICLR_results/terminalbench/main/devstral24b/di__b4k__trc-ss/qemu-alpine-ssh/trc-ss/run_3	logs/harbor_jobs/terminalbench/devstral24b/devstral24b-trc-ss-r3-1788644357175
di__b4k__trc-ss	qemu-startup__trc-ss__r3	qemu-startup	trc-ss	3	2026-09-05T17:32:07.239588-05:00	ICLR_results/terminalbench/main/devstral24b/di__b4k__trc-ss/qemu-startup/trc-ss/run_3	logs/harbor_jobs/terminalbench/devstral24b/devstral24b-trc-ss-r3-1788644357175
di__b4k__trc-ss	raman-fitting.easy__trc-ss__r3	raman-fitting.easy	trc-ss	3	2026-09-05T16:39:18.686373-05:00	ICLR_results/terminalbench/main/devstral24b/di__b4k__trc-ss/raman-fitting.easy/trc-ss/run_3	logs/harbor_jobs/terminalbench/devstral24b/devstral24b-trc-ss-r3-1788644357175
di__b4k__trc-ss	sanitize-git-repo__trc-ss__r3	sanitize-git-repo	trc-ss	3	2026-09-05T16:57:25.966066-05:00	ICLR_results/terminalbench/main/devstral24b/di__b4k__trc-ss/sanitize-git-repo/trc-ss/run_3	logs/harbor_jobs/terminalbench/devstral24b/devstral24b-trc-ss-r3-1788644357175
di__b4k__trc-ss	sanitize-git-repo.hard__trc-ss__r3	sanitize-git-repo.hard	trc-ss	3	2026-09-05T17:39:37.681670-05:00	ICLR_results/terminalbench/main/devstral24b/di__b4k__trc-ss/sanitize-git-repo.hard/trc-ss/run_3	logs/harbor_jobs/terminalbench/devstral24b/devstral24b-trc-ss-r3-1788644357175
di__b4k__trc-ss	solana-data__trc-ss__r3	solana-data	trc-ss	3	2026-09-05T16:46:21.716831-05:00	ICLR_results/terminalbench/main/devstral24b/di__b4k__trc-ss/solana-data/trc-ss/run_3	logs/harbor_jobs/terminalbench/devstral24b/devstral24b-trc-ss-r3-1788644357175
di__b4k__trc-ss	sqlite-with-gcov__trc-ss__r3	sqlite-with-gcov	trc-ss	3	2026-09-05T16:46:24.628926-05:00	ICLR_results/terminalbench/main/devstral24b/di__b4k__trc-ss/sqlite-with-gcov/trc-ss/run_3	logs/harbor_jobs/terminalbench/devstral24b/devstral24b-trc-ss-r3-1788644357175
di__b4k__trc-ss	super-benchmark-upet__trc-ss__r3	super-benchmark-upet	trc-ss	3	2026-09-05T17:11:39.555644-05:00	ICLR_results/terminalbench/main/devstral24b/di__b4k__trc-ss/super-benchmark-upet/trc-ss/run_3	logs/harbor_jobs/terminalbench/devstral24b/devstral24b-trc-ss-r3-1788644357175
di__b4k__trc-ss	swe-bench-astropy-2__trc-ss__r3	swe-bench-astropy-2	trc-ss	3	2026-09-05T17:31:52.617738-05:00	ICLR_results/terminalbench/main/devstral24b/di__b4k__trc-ss/swe-bench-astropy-2/trc-ss/run_3	logs/harbor_jobs/terminalbench/devstral24b/devstral24b-trc-ss-r3-1788644357175
di__b4k__trc-ss	swe-bench-fsspec__trc-ss__r3	swe-bench-fsspec	trc-ss	3	2026-09-05T17:01:36.920041-05:00	ICLR_results/terminalbench/main/devstral24b/di__b4k__trc-ss/swe-bench-fsspec/trc-ss/run_3	logs/harbor_jobs/terminalbench/devstral24b/devstral24b-trc-ss-r3-1788644357175
di__b4k__trc-ss	tmux-advanced-workflow__trc-ss__r3	tmux-advanced-workflow	trc-ss	3	2026-09-05T16:39:18.639666-05:00	ICLR_results/terminalbench/main/devstral24b/di__b4k__trc-ss/tmux-advanced-workflow/trc-ss/run_3	logs/harbor_jobs/terminalbench/devstral24b/devstral24b-trc-ss-r3-1788644357175
di__b4k__trc-ss	write-compressor__trc-ss__r3	write-compressor	trc-ss	3	2026-09-05T17:25:27.828179-05:00	ICLR_results/terminalbench/main/devstral24b/di__b4k__trc-ss/write-compressor/trc-ss/run_3	logs/harbor_jobs/terminalbench/devstral24b/devstral24b-trc-ss-r3-1788644357175
di__binf__fc	blind-maze-explorer-5x5__full-context__r1	blind-maze-explorer-5x5	full-context	1	2026-09-06T08:17:29.556156-05:00	ICLR_results/terminalbench/main/devstral24b/di__binf__fc/blind-maze-explorer-5x5/full-context/run_1	logs/harbor_jobs/terminalbench/devstral24b/devstral24b-full-context-r1-1788698611194
di__binf__fc	blind-maze-explorer-algorithm__full-context__r1	blind-maze-explorer-algorithm	full-context	1	2026-09-06T08:00:13.789819-05:00	ICLR_results/terminalbench/main/devstral24b/di__binf__fc/blind-maze-explorer-algorithm/full-context/run_1	logs/harbor_jobs/terminalbench/devstral24b/devstral24b-full-context-r1-1788698611194
di__binf__fc	cartpole-rl-training__full-context__r1	cartpole-rl-training	full-context	1	2026-09-06T08:17:47.119234-05:00	ICLR_results/terminalbench/main/devstral24b/di__binf__fc/cartpole-rl-training/full-context/run_1	logs/harbor_jobs/terminalbench/devstral24b/devstral24b-full-context-r1-1788698611194
di__binf__fc	count-dataset-tokens__full-context__r1	count-dataset-tokens	full-context	1	2026-09-06T07:45:33.187572-05:00	ICLR_results/terminalbench/main/devstral24b/di__binf__fc/count-dataset-tokens/full-context/run_1	logs/harbor_jobs/terminalbench/devstral24b/devstral24b-full-context-r1-1788698611194
di__binf__fc	crack-7z-hash.hard__full-context__r1	crack-7z-hash.hard	full-context	1	2026-09-06T08:10:43.822754-05:00	ICLR_results/terminalbench/main/devstral24b/di__binf__fc/crack-7z-hash.hard/full-context/run_1	logs/harbor_jobs/terminalbench/devstral24b/devstral24b-full-context-r1-1788698611194
di__binf__fc	csv-to-parquet__full-context__r1	csv-to-parquet	full-context	1	2026-09-06T07:58:42.958633-05:00	ICLR_results/terminalbench/main/devstral24b/di__binf__fc/csv-to-parquet/full-context/run_1	logs/harbor_jobs/terminalbench/devstral24b/devstral24b-full-context-r1-1788698611194
di__binf__fc	decommissioning-service-with-sensitive-data__full-context__r1	decommissioning-service-with-sensitive-data	full-context	1	2026-09-06T08:16:49.171431-05:00	ICLR_results/terminalbench/main/devstral24b/di__binf__fc/decommissioning-service-with-sensitive-data/full-context/run_1	logs/harbor_jobs/terminalbench/devstral24b/devstral24b-full-context-r1-1788698611194
di__binf__fc	download-youtube__full-context__r1	download-youtube	full-context	1	2026-09-06T08:14:40.189238-05:00	ICLR_results/terminalbench/main/devstral24b/di__binf__fc/download-youtube/full-context/run_1	logs/harbor_jobs/terminalbench/devstral24b/devstral24b-full-context-r1-1788698611194
di__binf__fc	eval-mteb__full-context__r1	eval-mteb	full-context	1	2026-09-06T07:56:46.919222-05:00	ICLR_results/terminalbench/main/devstral24b/di__binf__fc/eval-mteb/full-context/run_1	logs/harbor_jobs/terminalbench/devstral24b/devstral24b-full-context-r1-1788698611194
di__binf__fc	eval-mteb.hard__full-context__r1	eval-mteb.hard	full-context	1	2026-09-06T08:16:26.949121-05:00	ICLR_results/terminalbench/main/devstral24b/di__binf__fc/eval-mteb.hard/full-context/run_1	logs/harbor_jobs/terminalbench/devstral24b/devstral24b-full-context-r1-1788698611194
di__binf__fc	extract-moves-from-video__full-context__r1	extract-moves-from-video	full-context	1	2026-09-06T08:01:07.238105-05:00	ICLR_results/terminalbench/main/devstral24b/di__binf__fc/extract-moves-from-video/full-context/run_1	logs/harbor_jobs/terminalbench/devstral24b/devstral24b-full-context-r1-1788698611194
di__binf__fc	fibonacci-server__full-context__r1	fibonacci-server	full-context	1	2026-09-06T07:53:23.572945-05:00	ICLR_results/terminalbench/main/devstral24b/di__binf__fc/fibonacci-server/full-context/run_1	logs/harbor_jobs/terminalbench/devstral24b/devstral24b-full-context-r1-1788698611194
di__binf__fc	fix-git__full-context__r1	fix-git	full-context	1	2026-09-06T08:07:31.814867-05:00	ICLR_results/terminalbench/main/devstral24b/di__binf__fc/fix-git/full-context/run_1	logs/harbor_jobs/terminalbench/devstral24b/devstral24b-full-context-r1-1788698611194
di__binf__fc	fix-pandas-version__full-context__r1	fix-pandas-version	full-context	1	2026-09-06T07:56:48.857784-05:00	ICLR_results/terminalbench/main/devstral24b/di__binf__fc/fix-pandas-version/full-context/run_1	logs/harbor_jobs/terminalbench/devstral24b/devstral24b-full-context-r1-1788698611194
di__binf__fc	fix-permissions__full-context__r1	fix-permissions	full-context	1	2026-09-06T07:50:04.934360-05:00	ICLR_results/terminalbench/main/devstral24b/di__binf__fc/fix-permissions/full-context/run_1	logs/harbor_jobs/terminalbench/devstral24b/devstral24b-full-context-r1-1788698611194
di__binf__fc	git-workflow-hack__full-context__r1	git-workflow-hack	full-context	1	2026-09-06T08:05:14.606710-05:00	ICLR_results/terminalbench/main/devstral24b/di__binf__fc/git-workflow-hack/full-context/run_1	logs/harbor_jobs/terminalbench/devstral24b/devstral24b-full-context-r1-1788698611194
di__binf__fc	gpt2-codegolf__full-context__r1	gpt2-codegolf	full-context	1	2026-09-06T07:54:27.781311-05:00	ICLR_results/terminalbench/main/devstral24b/di__binf__fc/gpt2-codegolf/full-context/run_1	logs/harbor_jobs/terminalbench/devstral24b/devstral24b-full-context-r1-1788698611194
di__binf__fc	heterogeneous-dates__full-context__r1	heterogeneous-dates	full-context	1	2026-09-06T08:21:26.216140-05:00	ICLR_results/terminalbench/main/devstral24b/di__binf__fc/heterogeneous-dates/full-context/run_1	logs/harbor_jobs/terminalbench/devstral24b/devstral24b-full-context-r1-1788698611194
di__binf__fc	hf-model-inference__full-context__r1	hf-model-inference	full-context	1	2026-09-06T07:56:46.924699-05:00	ICLR_results/terminalbench/main/devstral24b/di__binf__fc/hf-model-inference/full-context/run_1	logs/harbor_jobs/terminalbench/devstral24b/devstral24b-full-context-r1-1788698611194
di__binf__fc	incompatible-python-fasttext__full-context__r1	incompatible-python-fasttext	full-context	1	2026-09-06T07:43:32.702150-05:00	ICLR_results/terminalbench/main/devstral24b/di__binf__fc/incompatible-python-fasttext/full-context/run_1	logs/harbor_jobs/terminalbench/devstral24b/devstral24b-full-context-r1-1788698611194
di__binf__fc	intrusion-detection__full-context__r1	intrusion-detection	full-context	1	2026-09-06T08:05:08.715225-05:00	ICLR_results/terminalbench/main/devstral24b/di__binf__fc/intrusion-detection/full-context/run_1	logs/harbor_jobs/terminalbench/devstral24b/devstral24b-full-context-r1-1788698611194
di__binf__fc	modernize-fortran-build__full-context__r1	modernize-fortran-build	full-context	1	2026-09-06T08:00:13.023249-05:00	ICLR_results/terminalbench/main/devstral24b/di__binf__fc/modernize-fortran-build/full-context/run_1	logs/harbor_jobs/terminalbench/devstral24b/devstral24b-full-context-r1-1788698611194
di__binf__fc	new-encrypt-command__full-context__r1	new-encrypt-command	full-context	1	2026-09-06T08:04:30.080937-05:00	ICLR_results/terminalbench/main/devstral24b/di__binf__fc/new-encrypt-command/full-context/run_1	logs/harbor_jobs/terminalbench/devstral24b/devstral24b-full-context-r1-1788698611194
di__binf__fc	password-recovery__full-context__r1	password-recovery	full-context	1	2026-09-06T08:08:57.561725-05:00	ICLR_results/terminalbench/main/devstral24b/di__binf__fc/password-recovery/full-context/run_1	logs/harbor_jobs/terminalbench/devstral24b/devstral24b-full-context-r1-1788698611194
di__binf__fc	path-tracing-reverse__full-context__r1	path-tracing-reverse	full-context	1	2026-09-06T07:44:13.431037-05:00	ICLR_results/terminalbench/main/devstral24b/di__binf__fc/path-tracing-reverse/full-context/run_1	logs/harbor_jobs/terminalbench/devstral24b/devstral24b-full-context-r1-1788698611194
di__binf__fc	processing-pipeline__full-context__r1	processing-pipeline	full-context	1	2026-09-06T07:59:23.600323-05:00	ICLR_results/terminalbench/main/devstral24b/di__binf__fc/processing-pipeline/full-context/run_1	logs/harbor_jobs/terminalbench/devstral24b/devstral24b-full-context-r1-1788698611194
di__binf__fc	prove-plus-comm__full-context__r1	prove-plus-comm	full-context	1	2026-09-06T07:43:32.706312-05:00	ICLR_results/terminalbench/main/devstral24b/di__binf__fc/prove-plus-comm/full-context/run_1	logs/harbor_jobs/terminalbench/devstral24b/devstral24b-full-context-r1-1788698611194
di__binf__fc	pytorch-model-cli.hard__full-context__r1	pytorch-model-cli.hard	full-context	1	2026-09-06T07:47:12.180104-05:00	ICLR_results/terminalbench/main/devstral24b/di__binf__fc/pytorch-model-cli.hard/full-context/run_1	logs/harbor_jobs/terminalbench/devstral24b/devstral24b-full-context-r1-1788698611194
di__binf__fc	qemu-alpine-ssh__full-context__r1	qemu-alpine-ssh	full-context	1	2026-09-06T07:54:43.670359-05:00	ICLR_results/terminalbench/main/devstral24b/di__binf__fc/qemu-alpine-ssh/full-context/run_1	logs/harbor_jobs/terminalbench/devstral24b/devstral24b-full-context-r1-1788698611194
di__binf__fc	qemu-startup__full-context__r1	qemu-startup	full-context	1	2026-09-06T08:13:27.155117-05:00	ICLR_results/terminalbench/main/devstral24b/di__binf__fc/qemu-startup/full-context/run_1	logs/harbor_jobs/terminalbench/devstral24b/devstral24b-full-context-r1-1788698611194
di__binf__fc	raman-fitting.easy__full-context__r1	raman-fitting.easy	full-context	1	2026-09-06T07:43:32.698074-05:00	ICLR_results/terminalbench/main/devstral24b/di__binf__fc/raman-fitting.easy/full-context/run_1	logs/harbor_jobs/terminalbench/devstral24b/devstral24b-full-context-r1-1788698611194
di__binf__fc	sanitize-git-repo__full-context__r1	sanitize-git-repo	full-context	1	2026-09-06T07:57:38.988046-05:00	ICLR_results/terminalbench/main/devstral24b/di__binf__fc/sanitize-git-repo/full-context/run_1	logs/harbor_jobs/terminalbench/devstral24b/devstral24b-full-context-r1-1788698611194
di__binf__fc	sanitize-git-repo.hard__full-context__r1	sanitize-git-repo.hard	full-context	1	2026-09-06T08:14:58.920216-05:00	ICLR_results/terminalbench/main/devstral24b/di__binf__fc/sanitize-git-repo.hard/full-context/run_1	logs/harbor_jobs/terminalbench/devstral24b/devstral24b-full-context-r1-1788698611194
di__binf__fc	solana-data__full-context__r1	solana-data	full-context	1	2026-09-06T07:50:12.004765-05:00	ICLR_results/terminalbench/main/devstral24b/di__binf__fc/solana-data/full-context/run_1	logs/harbor_jobs/terminalbench/devstral24b/devstral24b-full-context-r1-1788698611194
di__binf__fc	sqlite-with-gcov__full-context__r1	sqlite-with-gcov	full-context	1	2026-09-06T07:50:44.208761-05:00	ICLR_results/terminalbench/main/devstral24b/di__binf__fc/sqlite-with-gcov/full-context/run_1	logs/harbor_jobs/terminalbench/devstral24b/devstral24b-full-context-r1-1788698611194
di__binf__fc	super-benchmark-upet__full-context__r1	super-benchmark-upet	full-context	1	2026-09-06T08:02:03.591203-05:00	ICLR_results/terminalbench/main/devstral24b/di__binf__fc/super-benchmark-upet/full-context/run_1	logs/harbor_jobs/terminalbench/devstral24b/devstral24b-full-context-r1-1788698611194
di__binf__fc	swe-bench-astropy-2__full-context__r1	swe-bench-astropy-2	full-context	1	2026-09-06T08:11:38.400318-05:00	ICLR_results/terminalbench/main/devstral24b/di__binf__fc/swe-bench-astropy-2/full-context/run_1	logs/harbor_jobs/terminalbench/devstral24b/devstral24b-full-context-r1-1788698611194
di__binf__fc	swe-bench-fsspec__full-context__r1	swe-bench-fsspec	full-context	1	2026-09-06T07:58:56.001470-05:00	ICLR_results/terminalbench/main/devstral24b/di__binf__fc/swe-bench-fsspec/full-context/run_1	logs/harbor_jobs/terminalbench/devstral24b/devstral24b-full-context-r1-1788698611194
di__binf__fc	tmux-advanced-workflow__full-context__r1	tmux-advanced-workflow	full-context	1	2026-09-06T07:43:32.654244-05:00	ICLR_results/terminalbench/main/devstral24b/di__binf__fc/tmux-advanced-workflow/full-context/run_1	logs/harbor_jobs/terminalbench/devstral24b/devstral24b-full-context-r1-1788698611194
di__binf__fc	write-compressor__full-context__r1	write-compressor	full-context	1	2026-09-06T08:08:15.617985-05:00	ICLR_results/terminalbench/main/devstral24b/di__binf__fc/write-compressor/full-context/run_1	logs/harbor_jobs/terminalbench/devstral24b/devstral24b-full-context-r1-1788698611194
di__binf__fc	blind-maze-explorer-5x5__full-context__r2	blind-maze-explorer-5x5	full-context	2	2026-09-06T09:00:15.096198-05:00	ICLR_results/terminalbench/main/devstral24b/di__binf__fc/blind-maze-explorer-5x5/full-context/run_2	logs/harbor_jobs/terminalbench/devstral24b/devstral24b-full-context-r2-1788701215830
di__binf__fc	blind-maze-explorer-algorithm__full-context__r2	blind-maze-explorer-algorithm	full-context	2	2026-09-06T08:41:52.777837-05:00	ICLR_results/terminalbench/main/devstral24b/di__binf__fc/blind-maze-explorer-algorithm/full-context/run_2	logs/harbor_jobs/terminalbench/devstral24b/devstral24b-full-context-r2-1788701215830
di__binf__fc	cartpole-rl-training__full-context__r2	cartpole-rl-training	full-context	2	2026-09-06T09:00:40.081267-05:00	ICLR_results/terminalbench/main/devstral24b/di__binf__fc/cartpole-rl-training/full-context/run_2	logs/harbor_jobs/terminalbench/devstral24b/devstral24b-full-context-r2-1788701215830
di__binf__fc	count-dataset-tokens__full-context__r2	count-dataset-tokens	full-context	2	2026-09-06T08:28:32.320862-05:00	ICLR_results/terminalbench/main/devstral24b/di__binf__fc/count-dataset-tokens/full-context/run_2	logs/harbor_jobs/terminalbench/devstral24b/devstral24b-full-context-r2-1788701215830
di__binf__fc	crack-7z-hash.hard__full-context__r2	crack-7z-hash.hard	full-context	2	2026-09-06T08:51:19.686454-05:00	ICLR_results/terminalbench/main/devstral24b/di__binf__fc/crack-7z-hash.hard/full-context/run_2	logs/harbor_jobs/terminalbench/devstral24b/devstral24b-full-context-r2-1788701215830
di__binf__fc	csv-to-parquet__full-context__r2	csv-to-parquet	full-context	2	2026-09-06T08:40:36.140098-05:00	ICLR_results/terminalbench/main/devstral24b/di__binf__fc/csv-to-parquet/full-context/run_2	logs/harbor_jobs/terminalbench/devstral24b/devstral24b-full-context-r2-1788701215830
di__binf__fc	decommissioning-service-with-sensitive-data__full-context__r2	decommissioning-service-with-sensitive-data	full-context	2	2026-09-06T08:59:54.059940-05:00	ICLR_results/terminalbench/main/devstral24b/di__binf__fc/decommissioning-service-with-sensitive-data/full-context/run_2	logs/harbor_jobs/terminalbench/devstral24b/devstral24b-full-context-r2-1788701215830
di__binf__fc	download-youtube__full-context__r2	download-youtube	full-context	2	2026-09-06T08:57:17.987340-05:00	ICLR_results/terminalbench/main/devstral24b/di__binf__fc/download-youtube/full-context/run_2	logs/harbor_jobs/terminalbench/devstral24b/devstral24b-full-context-r2-1788701215830
di__binf__fc	eval-mteb__full-context__r2	eval-mteb	full-context	2	2026-09-06T08:35:27.322598-05:00	ICLR_results/terminalbench/main/devstral24b/di__binf__fc/eval-mteb/full-context/run_2	logs/harbor_jobs/terminalbench/devstral24b/devstral24b-full-context-r2-1788701215830
di__binf__fc	eval-mteb.hard__full-context__r2	eval-mteb.hard	full-context	2	2026-09-06T08:57:57.891646-05:00	ICLR_results/terminalbench/main/devstral24b/di__binf__fc/eval-mteb.hard/full-context/run_2	logs/harbor_jobs/terminalbench/devstral24b/devstral24b-full-context-r2-1788701215830
di__binf__fc	extract-moves-from-video__full-context__r2	extract-moves-from-video	full-context	2	2026-09-06T08:42:01.004027-05:00	ICLR_results/terminalbench/main/devstral24b/di__binf__fc/extract-moves-from-video/full-context/run_2	logs/harbor_jobs/terminalbench/devstral24b/devstral24b-full-context-r2-1788701215830
di__binf__fc	fibonacci-server__full-context__r2	fibonacci-server	full-context	2	2026-09-06T08:33:46.807695-05:00	ICLR_results/terminalbench/main/devstral24b/di__binf__fc/fibonacci-server/full-context/run_2	logs/harbor_jobs/terminalbench/devstral24b/devstral24b-full-context-r2-1788701215830
di__binf__fc	fix-git__full-context__r2	fix-git	full-context	2	2026-09-06T08:50:05.239075-05:00	ICLR_results/terminalbench/main/devstral24b/di__binf__fc/fix-git/full-context/run_2	logs/harbor_jobs/terminalbench/devstral24b/devstral24b-full-context-r2-1788701215830
di__binf__fc	fix-pandas-version__full-context__r2	fix-pandas-version	full-context	2	2026-09-06T08:39:05.898146-05:00	ICLR_results/terminalbench/main/devstral24b/di__binf__fc/fix-pandas-version/full-context/run_2	logs/harbor_jobs/terminalbench/devstral24b/devstral24b-full-context-r2-1788701215830
di__binf__fc	fix-permissions__full-context__r2	fix-permissions	full-context	2	2026-09-06T08:32:14.432862-05:00	ICLR_results/terminalbench/main/devstral24b/di__binf__fc/fix-permissions/full-context/run_2	logs/harbor_jobs/terminalbench/devstral24b/devstral24b-full-context-r2-1788701215830
di__binf__fc	git-workflow-hack__full-context__r2	git-workflow-hack	full-context	2	2026-09-06T08:48:24.700025-05:00	ICLR_results/terminalbench/main/devstral24b/di__binf__fc/git-workflow-hack/full-context/run_2	logs/harbor_jobs/terminalbench/devstral24b/devstral24b-full-context-r2-1788701215830
di__binf__fc	gpt2-codegolf__full-context__r2	gpt2-codegolf	full-context	2	2026-09-06T08:33:59.900715-05:00	ICLR_results/terminalbench/main/devstral24b/di__binf__fc/gpt2-codegolf/full-context/run_2	logs/harbor_jobs/terminalbench/devstral24b/devstral24b-full-context-r2-1788701215830
di__binf__fc	heterogeneous-dates__full-context__r2	heterogeneous-dates	full-context	2	2026-09-06T09:01:23.736548-05:00	ICLR_results/terminalbench/main/devstral24b/di__binf__fc/heterogeneous-dates/full-context/run_2	logs/harbor_jobs/terminalbench/devstral24b/devstral24b-full-context-r2-1788701215830
di__binf__fc	hf-model-inference__full-context__r2	hf-model-inference	full-context	2	2026-09-06T08:37:47.529786-05:00	ICLR_results/terminalbench/main/devstral24b/di__binf__fc/hf-model-inference/full-context/run_2	logs/harbor_jobs/terminalbench/devstral24b/devstral24b-full-context-r2-1788701215830
di__binf__fc	incompatible-python-fasttext__full-context__r2	incompatible-python-fasttext	full-context	2	2026-09-06T08:26:57.355737-05:00	ICLR_results/terminalbench/main/devstral24b/di__binf__fc/incompatible-python-fasttext/full-context/run_2	logs/harbor_jobs/terminalbench/devstral24b/devstral24b-full-context-r2-1788701215830
di__binf__fc	intrusion-detection__full-context__r2	intrusion-detection	full-context	2	2026-09-06T08:44:59.870759-05:00	ICLR_results/terminalbench/main/devstral24b/di__binf__fc/intrusion-detection/full-context/run_2	logs/harbor_jobs/terminalbench/devstral24b/devstral24b-full-context-r2-1788701215830
di__binf__fc	modernize-fortran-build__full-context__r2	modernize-fortran-build	full-context	2	2026-09-06T08:41:16.273403-05:00	ICLR_results/terminalbench/main/devstral24b/di__binf__fc/modernize-fortran-build/full-context/run_2	logs/harbor_jobs/terminalbench/devstral24b/devstral24b-full-context-r2-1788701215830
di__binf__fc	new-encrypt-command__full-context__r2	new-encrypt-command	full-context	2	2026-09-06T08:44:20.453575-05:00	ICLR_results/terminalbench/main/devstral24b/di__binf__fc/new-encrypt-command/full-context/run_2	logs/harbor_jobs/terminalbench/devstral24b/devstral24b-full-context-r2-1788701215830
di__binf__fc	password-recovery__full-context__r2	password-recovery	full-context	2	2026-09-06T08:51:00.400738-05:00	ICLR_results/terminalbench/main/devstral24b/di__binf__fc/password-recovery/full-context/run_2	logs/harbor_jobs/terminalbench/devstral24b/devstral24b-full-context-r2-1788701215830
di__binf__fc	path-tracing-reverse__full-context__r2	path-tracing-reverse	full-context	2	2026-09-06T08:27:36.265365-05:00	ICLR_results/terminalbench/main/devstral24b/di__binf__fc/path-tracing-reverse/full-context/run_2	logs/harbor_jobs/terminalbench/devstral24b/devstral24b-full-context-r2-1788701215830
di__binf__fc	processing-pipeline__full-context__r2	processing-pipeline	full-context	2	2026-09-06T08:40:58.405846-05:00	ICLR_results/terminalbench/main/devstral24b/di__binf__fc/processing-pipeline/full-context/run_2	logs/harbor_jobs/terminalbench/devstral24b/devstral24b-full-context-r2-1788701215830
di__binf__fc	prove-plus-comm__full-context__r2	prove-plus-comm	full-context	2	2026-09-06T08:26:57.359948-05:00	ICLR_results/terminalbench/main/devstral24b/di__binf__fc/prove-plus-comm/full-context/run_2	logs/harbor_jobs/terminalbench/devstral24b/devstral24b-full-context-r2-1788701215830
di__binf__fc	pytorch-model-cli.hard__full-context__r2	pytorch-model-cli.hard	full-context	2	2026-09-06T08:28:39.730536-05:00	ICLR_results/terminalbench/main/devstral24b/di__binf__fc/pytorch-model-cli.hard/full-context/run_2	logs/harbor_jobs/terminalbench/devstral24b/devstral24b-full-context-r2-1788701215830
di__binf__fc	qemu-alpine-ssh__full-context__r2	qemu-alpine-ssh	full-context	2	2026-09-06T08:34:57.536383-05:00	ICLR_results/terminalbench/main/devstral24b/di__binf__fc/qemu-alpine-ssh/full-context/run_2	logs/harbor_jobs/terminalbench/devstral24b/devstral24b-full-context-r2-1788701215830
di__binf__fc	qemu-startup__full-context__r2	qemu-startup	full-context	2	2026-09-06T08:56:44.431655-05:00	ICLR_results/terminalbench/main/devstral24b/di__binf__fc/qemu-startup/full-context/run_2	logs/harbor_jobs/terminalbench/devstral24b/devstral24b-full-context-r2-1788701215830
di__binf__fc	raman-fitting.easy__full-context__r2	raman-fitting.easy	full-context	2	2026-09-06T08:26:57.351427-05:00	ICLR_results/terminalbench/main/devstral24b/di__binf__fc/raman-fitting.easy/full-context/run_2	logs/harbor_jobs/terminalbench/devstral24b/devstral24b-full-context-r2-1788701215830
di__binf__fc	sanitize-git-repo__full-context__r2	sanitize-git-repo	full-context	2	2026-09-06T08:39:45.744846-05:00	ICLR_results/terminalbench/main/devstral24b/di__binf__fc/sanitize-git-repo/full-context/run_2	logs/harbor_jobs/terminalbench/devstral24b/devstral24b-full-context-r2-1788701215830
di__binf__fc	sanitize-git-repo.hard__full-context__r2	sanitize-git-repo.hard	full-context	2	2026-09-06T08:57:24.641562-05:00	ICLR_results/terminalbench/main/devstral24b/di__binf__fc/sanitize-git-repo.hard/full-context/run_2	logs/harbor_jobs/terminalbench/devstral24b/devstral24b-full-context-r2-1788701215830
di__binf__fc	solana-data__full-context__r2	solana-data	full-context	2	2026-09-06T08:32:30.941733-05:00	ICLR_results/terminalbench/main/devstral24b/di__binf__fc/solana-data/full-context/run_2	logs/harbor_jobs/terminalbench/devstral24b/devstral24b-full-context-r2-1788701215830
di__binf__fc	sqlite-with-gcov__full-context__r2	sqlite-with-gcov	full-context	2	2026-09-06T08:32:45.119400-05:00	ICLR_results/terminalbench/main/devstral24b/di__binf__fc/sqlite-with-gcov/full-context/run_2	logs/harbor_jobs/terminalbench/devstral24b/devstral24b-full-context-r2-1788701215830
di__binf__fc	super-benchmark-upet__full-context__r2	super-benchmark-upet	full-context	2	2026-09-06T08:42:40.957258-05:00	ICLR_results/terminalbench/main/devstral24b/di__binf__fc/super-benchmark-upet/full-context/run_2	logs/harbor_jobs/terminalbench/devstral24b/devstral24b-full-context-r2-1788701215830
di__binf__fc	swe-bench-astropy-2__full-context__r2	swe-bench-astropy-2	full-context	2	2026-09-06T08:52:36.927380-05:00	ICLR_results/terminalbench/main/devstral24b/di__binf__fc/swe-bench-astropy-2/full-context/run_2	logs/harbor_jobs/terminalbench/devstral24b/devstral24b-full-context-r2-1788701215830
di__binf__fc	swe-bench-fsspec__full-context__r2	swe-bench-fsspec	full-context	2	2026-09-06T08:40:37.916662-05:00	ICLR_results/terminalbench/main/devstral24b/di__binf__fc/swe-bench-fsspec/full-context/run_2	logs/harbor_jobs/terminalbench/devstral24b/devstral24b-full-context-r2-1788701215830
di__binf__fc	tmux-advanced-workflow__full-context__r2	tmux-advanced-workflow	full-context	2	2026-09-06T08:26:57.305225-05:00	ICLR_results/terminalbench/main/devstral24b/di__binf__fc/tmux-advanced-workflow/full-context/run_2	logs/harbor_jobs/terminalbench/devstral24b/devstral24b-full-context-r2-1788701215830
di__binf__fc	write-compressor__full-context__r2	write-compressor	full-context	2	2026-09-06T08:50:18.314016-05:00	ICLR_results/terminalbench/main/devstral24b/di__binf__fc/write-compressor/full-context/run_2	logs/harbor_jobs/terminalbench/devstral24b/devstral24b-full-context-r2-1788701215830
di__binf__fc	blind-maze-explorer-5x5__full-context__r3	blind-maze-explorer-5x5	full-context	3	2026-09-06T10:02:40.177842-05:00	ICLR_results/terminalbench/main/devstral24b/di__binf__fc/blind-maze-explorer-5x5/full-context/run_3	logs/harbor_jobs/terminalbench/devstral24b/devstral24b-full-context-r3-1788704722861
di__binf__fc	blind-maze-explorer-algorithm__full-context__r3	blind-maze-explorer-algorithm	full-context	3	2026-09-06T09:42:12.831473-05:00	ICLR_results/terminalbench/main/devstral24b/di__binf__fc/blind-maze-explorer-algorithm/full-context/run_3	logs/harbor_jobs/terminalbench/devstral24b/devstral24b-full-context-r3-1788704722861
di__binf__fc	cartpole-rl-training__full-context__r3	cartpole-rl-training	full-context	3	2026-09-06T10:02:59.181524-05:00	ICLR_results/terminalbench/main/devstral24b/di__binf__fc/cartpole-rl-training/full-context/run_3	logs/harbor_jobs/terminalbench/devstral24b/devstral24b-full-context-r3-1788704722861
di__binf__fc	count-dataset-tokens__full-context__r3	count-dataset-tokens	full-context	3	2026-09-06T09:29:49.418738-05:00	ICLR_results/terminalbench/main/devstral24b/di__binf__fc/count-dataset-tokens/full-context/run_3	logs/harbor_jobs/terminalbench/devstral24b/devstral24b-full-context-r3-1788704722861
di__binf__fc	crack-7z-hash.hard__full-context__r3	crack-7z-hash.hard	full-context	3	2026-09-06T09:53:43.420438-05:00	ICLR_results/terminalbench/main/devstral24b/di__binf__fc/crack-7z-hash.hard/full-context/run_3	logs/harbor_jobs/terminalbench/devstral24b/devstral24b-full-context-r3-1788704722861
di__binf__fc	csv-to-parquet__full-context__r3	csv-to-parquet	full-context	3	2026-09-06T09:39:48.218935-05:00	ICLR_results/terminalbench/main/devstral24b/di__binf__fc/csv-to-parquet/full-context/run_3	logs/harbor_jobs/terminalbench/devstral24b/devstral24b-full-context-r3-1788704722861
di__binf__fc	decommissioning-service-with-sensitive-data__full-context__r3	decommissioning-service-with-sensitive-data	full-context	3	2026-09-06T10:01:41.270148-05:00	ICLR_results/terminalbench/main/devstral24b/di__binf__fc/decommissioning-service-with-sensitive-data/full-context/run_3	logs/harbor_jobs/terminalbench/devstral24b/devstral24b-full-context-r3-1788704722861
di__binf__fc	download-youtube__full-context__r3	download-youtube	full-context	3	2026-09-06T09:56:27.231082-05:00	ICLR_results/terminalbench/main/devstral24b/di__binf__fc/download-youtube/full-context/run_3	logs/harbor_jobs/terminalbench/devstral24b/devstral24b-full-context-r3-1788704722861
di__binf__fc	eval-mteb__full-context__r3	eval-mteb	full-context	3	2026-09-06T09:36:08.178519-05:00	ICLR_results/terminalbench/main/devstral24b/di__binf__fc/eval-mteb/full-context/run_3	logs/harbor_jobs/terminalbench/devstral24b/devstral24b-full-context-r3-1788704722861
di__binf__fc	eval-mteb.hard__full-context__r3	eval-mteb.hard	full-context	3	2026-09-06T10:00:43.013574-05:00	ICLR_results/terminalbench/main/devstral24b/di__binf__fc/eval-mteb.hard/full-context/run_3	logs/harbor_jobs/terminalbench/devstral24b/devstral24b-full-context-r3-1788704722861
di__binf__fc	extract-moves-from-video__full-context__r3	extract-moves-from-video	full-context	3	2026-09-06T09:42:43.449284-05:00	ICLR_results/terminalbench/main/devstral24b/di__binf__fc/extract-moves-from-video/full-context/run_3	logs/harbor_jobs/terminalbench/devstral24b/devstral24b-full-context-r3-1788704722861
di__binf__fc	fibonacci-server__full-context__r3	fibonacci-server	full-context	3	2026-09-06T09:33:39.932736-05:00	ICLR_results/terminalbench/main/devstral24b/di__binf__fc/fibonacci-server/full-context/run_3	logs/harbor_jobs/terminalbench/devstral24b/devstral24b-full-context-r3-1788704722861
di__binf__fc	fix-git__full-context__r3	fix-git	full-context	3	2026-09-06T09:49:06.576180-05:00	ICLR_results/terminalbench/main/devstral24b/di__binf__fc/fix-git/full-context/run_3	logs/harbor_jobs/terminalbench/devstral24b/devstral24b-full-context-r3-1788704722861
di__binf__fc	fix-pandas-version__full-context__r3	fix-pandas-version	full-context	3	2026-09-06T09:38:34.190907-05:00	ICLR_results/terminalbench/main/devstral24b/di__binf__fc/fix-pandas-version/full-context/run_3	logs/harbor_jobs/terminalbench/devstral24b/devstral24b-full-context-r3-1788704722861
di__binf__fc	fix-permissions__full-context__r3	fix-permissions	full-context	3	2026-09-06T09:31:23.015506-05:00	ICLR_results/terminalbench/main/devstral24b/di__binf__fc/fix-permissions/full-context/run_3	logs/harbor_jobs/terminalbench/devstral24b/devstral24b-full-context-r3-1788704722861
di__binf__fc	git-workflow-hack__full-context__r3	git-workflow-hack	full-context	3	2026-09-06T09:48:13.502445-05:00	ICLR_results/terminalbench/main/devstral24b/di__binf__fc/git-workflow-hack/full-context/run_3	logs/harbor_jobs/terminalbench/devstral24b/devstral24b-full-context-r3-1788704722861
di__binf__fc	gpt2-codegolf__full-context__r3	gpt2-codegolf	full-context	3	2026-09-06T09:34:26.156791-05:00	ICLR_results/terminalbench/main/devstral24b/di__binf__fc/gpt2-codegolf/full-context/run_3	logs/harbor_jobs/terminalbench/devstral24b/devstral24b-full-context-r3-1788704722861
di__binf__fc	heterogeneous-dates__full-context__r3	heterogeneous-dates	full-context	3	2026-09-06T10:06:31.825198-05:00	ICLR_results/terminalbench/main/devstral24b/di__binf__fc/heterogeneous-dates/full-context/run_3	logs/harbor_jobs/terminalbench/devstral24b/devstral24b-full-context-r3-1788704722861
di__binf__fc	hf-model-inference__full-context__r3	hf-model-inference	full-context	3	2026-09-06T09:37:20.705634-05:00	ICLR_results/terminalbench/main/devstral24b/di__binf__fc/hf-model-inference/full-context/run_3	logs/harbor_jobs/terminalbench/devstral24b/devstral24b-full-context-r3-1788704722861
di__binf__fc	incompatible-python-fasttext__full-context__r3	incompatible-python-fasttext	full-context	3	2026-09-06T09:25:24.371729-05:00	ICLR_results/terminalbench/main/devstral24b/di__binf__fc/incompatible-python-fasttext/full-context/run_3	logs/harbor_jobs/terminalbench/devstral24b/devstral24b-full-context-r3-1788704722861
di__binf__fc	intrusion-detection__full-context__r3	intrusion-detection	full-context	3	2026-09-06T09:46:07.978083-05:00	ICLR_results/terminalbench/main/devstral24b/di__binf__fc/intrusion-detection/full-context/run_3	logs/harbor_jobs/terminalbench/devstral24b/devstral24b-full-context-r3-1788704722861
di__binf__fc	modernize-fortran-build__full-context__r3	modernize-fortran-build	full-context	3	2026-09-06T09:41:54.985919-05:00	ICLR_results/terminalbench/main/devstral24b/di__binf__fc/modernize-fortran-build/full-context/run_3	logs/harbor_jobs/terminalbench/devstral24b/devstral24b-full-context-r3-1788704722861
di__binf__fc	new-encrypt-command__full-context__r3	new-encrypt-command	full-context	3	2026-09-06T09:45:24.112932-05:00	ICLR_results/terminalbench/main/devstral24b/di__binf__fc/new-encrypt-command/full-context/run_3	logs/harbor_jobs/terminalbench/devstral24b/devstral24b-full-context-r3-1788704722861
di__binf__fc	password-recovery__full-context__r3	password-recovery	full-context	3	2026-09-06T09:50:04.225554-05:00	ICLR_results/terminalbench/main/devstral24b/di__binf__fc/password-recovery/full-context/run_3	logs/harbor_jobs/terminalbench/devstral24b/devstral24b-full-context-r3-1788704722861
di__binf__fc	path-tracing-reverse__full-context__r3	path-tracing-reverse	full-context	3	2026-09-06T09:26:08.058709-05:00	ICLR_results/terminalbench/main/devstral24b/di__binf__fc/path-tracing-reverse/full-context/run_3	logs/harbor_jobs/terminalbench/devstral24b/devstral24b-full-context-r3-1788704722861
di__binf__fc	processing-pipeline__full-context__r3	processing-pipeline	full-context	3	2026-09-06T09:41:16.293443-05:00	ICLR_results/terminalbench/main/devstral24b/di__binf__fc/processing-pipeline/full-context/run_3	logs/harbor_jobs/terminalbench/devstral24b/devstral24b-full-context-r3-1788704722861
di__binf__fc	prove-plus-comm__full-context__r3	prove-plus-comm	full-context	3	2026-09-06T09:25:24.375991-05:00	ICLR_results/terminalbench/main/devstral24b/di__binf__fc/prove-plus-comm/full-context/run_3	logs/harbor_jobs/terminalbench/devstral24b/devstral24b-full-context-r3-1788704722861
di__binf__fc	pytorch-model-cli.hard__full-context__r3	pytorch-model-cli.hard	full-context	3	2026-09-06T09:30:43.707025-05:00	ICLR_results/terminalbench/main/devstral24b/di__binf__fc/pytorch-model-cli.hard/full-context/run_3	logs/harbor_jobs/terminalbench/devstral24b/devstral24b-full-context-r3-1788704722861
di__binf__fc	qemu-alpine-ssh__full-context__r3	qemu-alpine-ssh	full-context	3	2026-09-06T09:34:58.697653-05:00	ICLR_results/terminalbench/main/devstral24b/di__binf__fc/qemu-alpine-ssh/full-context/run_3	logs/harbor_jobs/terminalbench/devstral24b/devstral24b-full-context-r3-1788704722861
di__binf__fc	qemu-startup__full-context__r3	qemu-startup	full-context	3	2026-09-06T09:55:30.620573-05:00	ICLR_results/terminalbench/main/devstral24b/di__binf__fc/qemu-startup/full-context/run_3	logs/harbor_jobs/terminalbench/devstral24b/devstral24b-full-context-r3-1788704722861
di__binf__fc	raman-fitting.easy__full-context__r3	raman-fitting.easy	full-context	3	2026-09-06T09:25:24.367548-05:00	ICLR_results/terminalbench/main/devstral24b/di__binf__fc/raman-fitting.easy/full-context/run_3	logs/harbor_jobs/terminalbench/devstral24b/devstral24b-full-context-r3-1788704722861
di__binf__fc	sanitize-git-repo__full-context__r3	sanitize-git-repo	full-context	3	2026-09-06T09:39:19.118704-05:00	ICLR_results/terminalbench/main/devstral24b/di__binf__fc/sanitize-git-repo/full-context/run_3	logs/harbor_jobs/terminalbench/devstral24b/devstral24b-full-context-r3-1788704722861
di__binf__fc	sanitize-git-repo.hard__full-context__r3	sanitize-git-repo.hard	full-context	3	2026-09-06T10:00:11.182326-05:00	ICLR_results/terminalbench/main/devstral24b/di__binf__fc/sanitize-git-repo.hard/full-context/run_3	logs/harbor_jobs/terminalbench/devstral24b/devstral24b-full-context-r3-1788704722861
di__binf__fc	solana-data__full-context__r3	solana-data	full-context	3	2026-09-06T09:31:58.612311-05:00	ICLR_results/terminalbench/main/devstral24b/di__binf__fc/solana-data/full-context/run_3	logs/harbor_jobs/terminalbench/devstral24b/devstral24b-full-context-r3-1788704722861
di__binf__fc	sqlite-with-gcov__full-context__r3	sqlite-with-gcov	full-context	3	2026-09-06T09:32:30.711970-05:00	ICLR_results/terminalbench/main/devstral24b/di__binf__fc/sqlite-with-gcov/full-context/run_3	logs/harbor_jobs/terminalbench/devstral24b/devstral24b-full-context-r3-1788704722861
di__binf__fc	super-benchmark-upet__full-context__r3	super-benchmark-upet	full-context	3	2026-09-06T09:43:00.633679-05:00	ICLR_results/terminalbench/main/devstral24b/di__binf__fc/super-benchmark-upet/full-context/run_3	logs/harbor_jobs/terminalbench/devstral24b/devstral24b-full-context-r3-1788704722861
di__binf__fc	swe-bench-astropy-2__full-context__r3	swe-bench-astropy-2	full-context	3	2026-09-06T09:54:32.337301-05:00	ICLR_results/terminalbench/main/devstral24b/di__binf__fc/swe-bench-astropy-2/full-context/run_3	logs/harbor_jobs/terminalbench/devstral24b/devstral24b-full-context-r3-1788704722861
di__binf__fc	swe-bench-fsspec__full-context__r3	swe-bench-fsspec	full-context	3	2026-09-06T09:40:10.332948-05:00	ICLR_results/terminalbench/main/devstral24b/di__binf__fc/swe-bench-fsspec/full-context/run_3	logs/harbor_jobs/terminalbench/devstral24b/devstral24b-full-context-r3-1788704722861
di__binf__fc	tmux-advanced-workflow__full-context__r3	tmux-advanced-workflow	full-context	3	2026-09-06T09:25:24.326932-05:00	ICLR_results/terminalbench/main/devstral24b/di__binf__fc/tmux-advanced-workflow/full-context/run_3	logs/harbor_jobs/terminalbench/devstral24b/devstral24b-full-context-r3-1788704722861
di__binf__fc	write-compressor__full-context__r3	write-compressor	full-context	3	2026-09-06T09:49:51.636238-05:00	ICLR_results/terminalbench/main/devstral24b/di__binf__fc/write-compressor/full-context/run_3	logs/harbor_jobs/terminalbench/devstral24b/devstral24b-full-context-r3-1788704722861
di__binf__otrc	blind-maze-explorer-5x5__online-trc__r1	blind-maze-explorer-5x5	online-trc	1	2026-09-06T10:55:43.132398-05:00	ICLR_results/terminalbench/main/devstral24b/di__binf__otrc/blind-maze-explorer-5x5/online-trc/run_1	logs/harbor_jobs/terminalbench/devstral24b/devstral24b-online-trc-r1-1788707604224
di__binf__otrc	blind-maze-explorer-algorithm__online-trc__r1	blind-maze-explorer-algorithm	online-trc	1	2026-09-06T10:30:32.743703-05:00	ICLR_results/terminalbench/main/devstral24b/di__binf__otrc/blind-maze-explorer-algorithm/online-trc/run_1	logs/harbor_jobs/terminalbench/devstral24b/devstral24b-online-trc-r1-1788707604224
di__binf__otrc	cartpole-rl-training__online-trc__r1	cartpole-rl-training	online-trc	1	2026-09-06T10:57:40.260983-05:00	ICLR_results/terminalbench/main/devstral24b/di__binf__otrc/cartpole-rl-training/online-trc/run_1	logs/harbor_jobs/terminalbench/devstral24b/devstral24b-online-trc-r1-1788707604224
di__binf__otrc	count-dataset-tokens__online-trc__r1	count-dataset-tokens	online-trc	1	2026-09-06T10:15:24.726699-05:00	ICLR_results/terminalbench/main/devstral24b/di__binf__otrc/count-dataset-tokens/online-trc/run_1	logs/harbor_jobs/terminalbench/devstral24b/devstral24b-online-trc-r1-1788707604224
di__binf__otrc	crack-7z-hash.hard__online-trc__r1	crack-7z-hash.hard	online-trc	1	2026-09-06T10:43:35.766252-05:00	ICLR_results/terminalbench/main/devstral24b/di__binf__otrc/crack-7z-hash.hard/online-trc/run_1	logs/harbor_jobs/terminalbench/devstral24b/devstral24b-online-trc-r1-1788707604224
di__binf__otrc	csv-to-parquet__online-trc__r1	csv-to-parquet	online-trc	1	2026-09-06T10:27:24.084492-05:00	ICLR_results/terminalbench/main/devstral24b/di__binf__otrc/csv-to-parquet/online-trc/run_1	logs/harbor_jobs/terminalbench/devstral24b/devstral24b-online-trc-r1-1788707604224
di__binf__otrc	decommissioning-service-with-sensitive-data__online-trc__r1	decommissioning-service-with-sensitive-data	online-trc	1	2026-09-06T10:54:44.744498-05:00	ICLR_results/terminalbench/main/devstral24b/di__binf__otrc/decommissioning-service-with-sensitive-data/online-trc/run_1	logs/harbor_jobs/terminalbench/devstral24b/devstral24b-online-trc-r1-1788707604224
di__binf__otrc	download-youtube__online-trc__r1	download-youtube	online-trc	1	2026-09-06T10:50:01.655636-05:00	ICLR_results/terminalbench/main/devstral24b/di__binf__otrc/download-youtube/online-trc/run_1	logs/harbor_jobs/terminalbench/devstral24b/devstral24b-online-trc-r1-1788707604224
di__binf__otrc	eval-mteb__online-trc__r1	eval-mteb	online-trc	1	2026-09-06T10:24:05.499448-05:00	ICLR_results/terminalbench/main/devstral24b/di__binf__otrc/eval-mteb/online-trc/run_1	logs/harbor_jobs/terminalbench/devstral24b/devstral24b-online-trc-r1-1788707604224
di__binf__otrc	eval-mteb.hard__online-trc__r1	eval-mteb.hard	online-trc	1	2026-09-06T10:54:42.984792-05:00	ICLR_results/terminalbench/main/devstral24b/di__binf__otrc/eval-mteb.hard/online-trc/run_1	logs/harbor_jobs/terminalbench/devstral24b/devstral24b-online-trc-r1-1788707604224
di__binf__otrc	extract-moves-from-video__online-trc__r1	extract-moves-from-video	online-trc	1	2026-09-06T10:30:46.990803-05:00	ICLR_results/terminalbench/main/devstral24b/di__binf__otrc/extract-moves-from-video/online-trc/run_1	logs/harbor_jobs/terminalbench/devstral24b/devstral24b-online-trc-r1-1788707604224
di__binf__otrc	fibonacci-server__online-trc__r1	fibonacci-server	online-trc	1	2026-09-06T10:21:30.402965-05:00	ICLR_results/terminalbench/main/devstral24b/di__binf__otrc/fibonacci-server/online-trc/run_1	logs/harbor_jobs/terminalbench/devstral24b/devstral24b-online-trc-r1-1788707604224
di__binf__otrc	fix-git__online-trc__r1	fix-git	online-trc	1	2026-09-06T10:39:33.568721-05:00	ICLR_results/terminalbench/main/devstral24b/di__binf__otrc/fix-git/online-trc/run_1	logs/harbor_jobs/terminalbench/devstral24b/devstral24b-online-trc-r1-1788707604224
di__binf__otrc	fix-pandas-version__online-trc__r1	fix-pandas-version	online-trc	1	2026-09-06T10:26:10.446135-05:00	ICLR_results/terminalbench/main/devstral24b/di__binf__otrc/fix-pandas-version/online-trc/run_1	logs/harbor_jobs/terminalbench/devstral24b/devstral24b-online-trc-r1-1788707604224
di__binf__otrc	fix-permissions__online-trc__r1	fix-permissions	online-trc	1	2026-09-06T10:19:18.853664-05:00	ICLR_results/terminalbench/main/devstral24b/di__binf__otrc/fix-permissions/online-trc/run_1	logs/harbor_jobs/terminalbench/devstral24b/devstral24b-online-trc-r1-1788707604224
di__binf__otrc	git-workflow-hack__online-trc__r1	git-workflow-hack	online-trc	1	2026-09-06T10:37:11.113175-05:00	ICLR_results/terminalbench/main/devstral24b/di__binf__otrc/git-workflow-hack/online-trc/run_1	logs/harbor_jobs/terminalbench/devstral24b/devstral24b-online-trc-r1-1788707604224
di__binf__otrc	gpt2-codegolf__online-trc__r1	gpt2-codegolf	online-trc	1	2026-09-06T10:23:04.418599-05:00	ICLR_results/terminalbench/main/devstral24b/di__binf__otrc/gpt2-codegolf/online-trc/run_1	logs/harbor_jobs/terminalbench/devstral24b/devstral24b-online-trc-r1-1788707604224
di__binf__otrc	heterogeneous-dates__online-trc__r1	heterogeneous-dates	online-trc	1	2026-09-06T10:58:14.263547-05:00	ICLR_results/terminalbench/main/devstral24b/di__binf__otrc/heterogeneous-dates/online-trc/run_1	logs/harbor_jobs/terminalbench/devstral24b/devstral24b-online-trc-r1-1788707604224
di__binf__otrc	hf-model-inference__online-trc__r1	hf-model-inference	online-trc	1	2026-09-06T10:24:42.399493-05:00	ICLR_results/terminalbench/main/devstral24b/di__binf__otrc/hf-model-inference/online-trc/run_1	logs/harbor_jobs/terminalbench/devstral24b/devstral24b-online-trc-r1-1788707604224
di__binf__otrc	incompatible-python-fasttext__online-trc__r1	incompatible-python-fasttext	online-trc	1	2026-09-06T10:13:25.750479-05:00	ICLR_results/terminalbench/main/devstral24b/di__binf__otrc/incompatible-python-fasttext/online-trc/run_1	logs/harbor_jobs/terminalbench/devstral24b/devstral24b-online-trc-r1-1788707604224
di__binf__otrc	intrusion-detection__online-trc__r1	intrusion-detection	online-trc	1	2026-09-06T10:33:59.703725-05:00	ICLR_results/terminalbench/main/devstral24b/di__binf__otrc/intrusion-detection/online-trc/run_1	logs/harbor_jobs/terminalbench/devstral24b/devstral24b-online-trc-r1-1788707604224
di__binf__otrc	modernize-fortran-build__online-trc__r1	modernize-fortran-build	online-trc	1	2026-09-06T10:29:31.723410-05:00	ICLR_results/terminalbench/main/devstral24b/di__binf__otrc/modernize-fortran-build/online-trc/run_1	logs/harbor_jobs/terminalbench/devstral24b/devstral24b-online-trc-r1-1788707604224
di__binf__otrc	new-encrypt-command__online-trc__r1	new-encrypt-command	online-trc	1	2026-09-06T10:32:57.794606-05:00	ICLR_results/terminalbench/main/devstral24b/di__binf__otrc/new-encrypt-command/online-trc/run_1	logs/harbor_jobs/terminalbench/devstral24b/devstral24b-online-trc-r1-1788707604224
di__binf__otrc	password-recovery__online-trc__r1	password-recovery	online-trc	1	2026-09-06T10:40:39.002812-05:00	ICLR_results/terminalbench/main/devstral24b/di__binf__otrc/password-recovery/online-trc/run_1	logs/harbor_jobs/terminalbench/devstral24b/devstral24b-online-trc-r1-1788707604224
di__binf__otrc	path-tracing-reverse__online-trc__r1	path-tracing-reverse	online-trc	1	2026-09-06T10:15:02.281683-05:00	ICLR_results/terminalbench/main/devstral24b/di__binf__otrc/path-tracing-reverse/online-trc/run_1	logs/harbor_jobs/terminalbench/devstral24b/devstral24b-online-trc-r1-1788707604224
di__binf__otrc	processing-pipeline__online-trc__r1	processing-pipeline	online-trc	1	2026-09-06T10:29:30.992209-05:00	ICLR_results/terminalbench/main/devstral24b/di__binf__otrc/processing-pipeline/online-trc/run_1	logs/harbor_jobs/terminalbench/devstral24b/devstral24b-online-trc-r1-1788707604224
di__binf__otrc	prove-plus-comm__online-trc__r1	prove-plus-comm	online-trc	1	2026-09-06T10:13:25.754741-05:00	ICLR_results/terminalbench/main/devstral24b/di__binf__otrc/prove-plus-comm/online-trc/run_1	logs/harbor_jobs/terminalbench/devstral24b/devstral24b-online-trc-r1-1788707604224
di__binf__otrc	pytorch-model-cli.hard__online-trc__r1	pytorch-model-cli.hard	online-trc	1	2026-09-06T10:17:26.766903-05:00	ICLR_results/terminalbench/main/devstral24b/di__binf__otrc/pytorch-model-cli.hard/online-trc/run_1	logs/harbor_jobs/terminalbench/devstral24b/devstral24b-online-trc-r1-1788707604224
di__binf__otrc	qemu-alpine-ssh__online-trc__r1	qemu-alpine-ssh	online-trc	1	2026-09-06T10:23:45.931961-05:00	ICLR_results/terminalbench/main/devstral24b/di__binf__otrc/qemu-alpine-ssh/online-trc/run_1	logs/harbor_jobs/terminalbench/devstral24b/devstral24b-online-trc-r1-1788707604224
di__binf__otrc	qemu-startup__online-trc__r1	qemu-startup	online-trc	1	2026-09-06T10:46:55.625548-05:00	ICLR_results/terminalbench/main/devstral24b/di__binf__otrc/qemu-startup/online-trc/run_1	logs/harbor_jobs/terminalbench/devstral24b/devstral24b-online-trc-r1-1788707604224
di__binf__otrc	raman-fitting.easy__online-trc__r1	raman-fitting.easy	online-trc	1	2026-09-06T10:13:25.746147-05:00	ICLR_results/terminalbench/main/devstral24b/di__binf__otrc/raman-fitting.easy/online-trc/run_1	logs/harbor_jobs/terminalbench/devstral24b/devstral24b-online-trc-r1-1788707604224
di__binf__otrc	sanitize-git-repo__online-trc__r1	sanitize-git-repo	online-trc	1	2026-09-06T10:26:53.996144-05:00	ICLR_results/terminalbench/main/devstral24b/di__binf__otrc/sanitize-git-repo/online-trc/run_1	logs/harbor_jobs/terminalbench/devstral24b/devstral24b-online-trc-r1-1788707604224
di__binf__otrc	sanitize-git-repo.hard__online-trc__r1	sanitize-git-repo.hard	online-trc	1	2026-09-06T10:51:54.615113-05:00	ICLR_results/terminalbench/main/devstral24b/di__binf__otrc/sanitize-git-repo.hard/online-trc/run_1	logs/harbor_jobs/terminalbench/devstral24b/devstral24b-online-trc-r1-1788707604224
di__binf__otrc	solana-data__online-trc__r1	solana-data	online-trc	1	2026-09-06T10:19:35.593508-05:00	ICLR_results/terminalbench/main/devstral24b/di__binf__otrc/solana-data/online-trc/run_1	logs/harbor_jobs/terminalbench/devstral24b/devstral24b-online-trc-r1-1788707604224
di__binf__otrc	sqlite-with-gcov__online-trc__r1	sqlite-with-gcov	online-trc	1	2026-09-06T10:19:57.243113-05:00	ICLR_results/terminalbench/main/devstral24b/di__binf__otrc/sqlite-with-gcov/online-trc/run_1	logs/harbor_jobs/terminalbench/devstral24b/devstral24b-online-trc-r1-1788707604224
di__binf__otrc	super-benchmark-upet__online-trc__r1	super-benchmark-upet	online-trc	1	2026-09-06T10:31:43.296875-05:00	ICLR_results/terminalbench/main/devstral24b/di__binf__otrc/super-benchmark-upet/online-trc/run_1	logs/harbor_jobs/terminalbench/devstral24b/devstral24b-online-trc-r1-1788707604224
di__binf__otrc	swe-bench-astropy-2__online-trc__r1	swe-bench-astropy-2	online-trc	1	2026-09-06T10:46:44.474798-05:00	ICLR_results/terminalbench/main/devstral24b/di__binf__otrc/swe-bench-astropy-2/online-trc/run_1	logs/harbor_jobs/terminalbench/devstral24b/devstral24b-online-trc-r1-1788707604224
di__binf__otrc	swe-bench-fsspec__online-trc__r1	swe-bench-fsspec	online-trc	1	2026-09-06T10:28:11.723873-05:00	ICLR_results/terminalbench/main/devstral24b/di__binf__otrc/swe-bench-fsspec/online-trc/run_1	logs/harbor_jobs/terminalbench/devstral24b/devstral24b-online-trc-r1-1788707604224
di__binf__otrc	tmux-advanced-workflow__online-trc__r1	tmux-advanced-workflow	online-trc	1	2026-09-06T10:13:25.699012-05:00	ICLR_results/terminalbench/main/devstral24b/di__binf__otrc/tmux-advanced-workflow/online-trc/run_1	logs/harbor_jobs/terminalbench/devstral24b/devstral24b-online-trc-r1-1788707604224
di__binf__otrc	write-compressor__online-trc__r1	write-compressor	online-trc	1	2026-09-06T10:40:27.593086-05:00	ICLR_results/terminalbench/main/devstral24b/di__binf__otrc/write-compressor/online-trc/run_1	logs/harbor_jobs/terminalbench/devstral24b/devstral24b-online-trc-r1-1788707604224
di__binf__otrc	blind-maze-explorer-5x5__online-trc__r2	blind-maze-explorer-5x5	online-trc	2	2026-09-06T11:47:06.057283-05:00	ICLR_results/terminalbench/main/devstral24b/di__binf__otrc/blind-maze-explorer-5x5/online-trc/run_2	logs/harbor_jobs/terminalbench/devstral24b/devstral24b-online-trc-r2-1788710881273
di__binf__otrc	blind-maze-explorer-algorithm__online-trc__r2	blind-maze-explorer-algorithm	online-trc	2	2026-09-06T11:27:56.581193-05:00	ICLR_results/terminalbench/main/devstral24b/di__binf__otrc/blind-maze-explorer-algorithm/online-trc/run_2	logs/harbor_jobs/terminalbench/devstral24b/devstral24b-online-trc-r2-1788710881273
di__binf__otrc	cartpole-rl-training__online-trc__r2	cartpole-rl-training	online-trc	2	2026-09-06T11:49:33.151463-05:00	ICLR_results/terminalbench/main/devstral24b/di__binf__otrc/cartpole-rl-training/online-trc/run_2	logs/harbor_jobs/terminalbench/devstral24b/devstral24b-online-trc-r2-1788710881273
di__binf__otrc	count-dataset-tokens__online-trc__r2	count-dataset-tokens	online-trc	2	2026-09-06T11:09:39.316016-05:00	ICLR_results/terminalbench/main/devstral24b/di__binf__otrc/count-dataset-tokens/online-trc/run_2	logs/harbor_jobs/terminalbench/devstral24b/devstral24b-online-trc-r2-1788710881273
di__binf__otrc	crack-7z-hash.hard__online-trc__r2	crack-7z-hash.hard	online-trc	2	2026-09-06T11:39:16.960365-05:00	ICLR_results/terminalbench/main/devstral24b/di__binf__otrc/crack-7z-hash.hard/online-trc/run_2	logs/harbor_jobs/terminalbench/devstral24b/devstral24b-online-trc-r2-1788710881273
di__binf__otrc	csv-to-parquet__online-trc__r2	csv-to-parquet	online-trc	2	2026-09-06T11:24:14.324425-05:00	ICLR_results/terminalbench/main/devstral24b/di__binf__otrc/csv-to-parquet/online-trc/run_2	logs/harbor_jobs/terminalbench/devstral24b/devstral24b-online-trc-r2-1788710881273
di__binf__otrc	decommissioning-service-with-sensitive-data__online-trc__r2	decommissioning-service-with-sensitive-data	online-trc	2	2026-09-06T11:46:28.702253-05:00	ICLR_results/terminalbench/main/devstral24b/di__binf__otrc/decommissioning-service-with-sensitive-data/online-trc/run_2	logs/harbor_jobs/terminalbench/devstral24b/devstral24b-online-trc-r2-1788710881273
di__binf__otrc	download-youtube__online-trc__r2	download-youtube	online-trc	2	2026-09-06T11:43:36.617961-05:00	ICLR_results/terminalbench/main/devstral24b/di__binf__otrc/download-youtube/online-trc/run_2	logs/harbor_jobs/terminalbench/devstral24b/devstral24b-online-trc-r2-1788710881273
di__binf__otrc	eval-mteb__online-trc__r2	eval-mteb	online-trc	2	2026-09-06T11:20:05.980890-05:00	ICLR_results/terminalbench/main/devstral24b/di__binf__otrc/eval-mteb/online-trc/run_2	logs/harbor_jobs/terminalbench/devstral24b/devstral24b-online-trc-r2-1788710881273
di__binf__otrc	eval-mteb.hard__online-trc__r2	eval-mteb.hard	online-trc	2	2026-09-06T11:45:57.465522-05:00	ICLR_results/terminalbench/main/devstral24b/di__binf__otrc/eval-mteb.hard/online-trc/run_2	logs/harbor_jobs/terminalbench/devstral24b/devstral24b-online-trc-r2-1788710881273
di__binf__otrc	extract-moves-from-video__online-trc__r2	extract-moves-from-video	online-trc	2	2026-09-06T11:28:02.366416-05:00	ICLR_results/terminalbench/main/devstral24b/di__binf__otrc/extract-moves-from-video/online-trc/run_2	logs/harbor_jobs/terminalbench/devstral24b/devstral24b-online-trc-r2-1788710881273
di__binf__otrc	fibonacci-server__online-trc__r2	fibonacci-server	online-trc	2	2026-09-06T11:17:27.636532-05:00	ICLR_results/terminalbench/main/devstral24b/di__binf__otrc/fibonacci-server/online-trc/run_2	logs/harbor_jobs/terminalbench/devstral24b/devstral24b-online-trc-r2-1788710881273
di__binf__otrc	fix-git__online-trc__r2	fix-git	online-trc	2	2026-09-06T11:36:24.763874-05:00	ICLR_results/terminalbench/main/devstral24b/di__binf__otrc/fix-git/online-trc/run_2	logs/harbor_jobs/terminalbench/devstral24b/devstral24b-online-trc-r2-1788710881273
di__binf__otrc	fix-pandas-version__online-trc__r2	fix-pandas-version	online-trc	2	2026-09-06T11:22:56.894815-05:00	ICLR_results/terminalbench/main/devstral24b/di__binf__otrc/fix-pandas-version/online-trc/run_2	logs/harbor_jobs/terminalbench/devstral24b/devstral24b-online-trc-r2-1788710881273
di__binf__otrc	fix-permissions__online-trc__r2	fix-permissions	online-trc	2	2026-09-06T11:14:36.263553-05:00	ICLR_results/terminalbench/main/devstral24b/di__binf__otrc/fix-permissions/online-trc/run_2	logs/harbor_jobs/terminalbench/devstral24b/devstral24b-online-trc-r2-1788710881273
di__binf__otrc	git-workflow-hack__online-trc__r2	git-workflow-hack	online-trc	2	2026-09-06T11:34:25.812094-05:00	ICLR_results/terminalbench/main/devstral24b/di__binf__otrc/git-workflow-hack/online-trc/run_2	logs/harbor_jobs/terminalbench/devstral24b/devstral24b-online-trc-r2-1788710881273
di__binf__otrc	gpt2-codegolf__online-trc__r2	gpt2-codegolf	online-trc	2	2026-09-06T11:17:49.699519-05:00	ICLR_results/terminalbench/main/devstral24b/di__binf__otrc/gpt2-codegolf/online-trc/run_2	logs/harbor_jobs/terminalbench/devstral24b/devstral24b-online-trc-r2-1788710881273
di__binf__otrc	heterogeneous-dates__online-trc__r2	heterogeneous-dates	online-trc	2	2026-09-06T11:54:22.644632-05:00	ICLR_results/terminalbench/main/devstral24b/di__binf__otrc/heterogeneous-dates/online-trc/run_2	logs/harbor_jobs/terminalbench/devstral24b/devstral24b-online-trc-r2-1788710881273
di__binf__otrc	hf-model-inference__online-trc__r2	hf-model-inference	online-trc	2	2026-09-06T11:21:35.548894-05:00	ICLR_results/terminalbench/main/devstral24b/di__binf__otrc/hf-model-inference/online-trc/run_2	logs/harbor_jobs/terminalbench/devstral24b/devstral24b-online-trc-r2-1788710881273
di__binf__otrc	incompatible-python-fasttext__online-trc__r2	incompatible-python-fasttext	online-trc	2	2026-09-06T11:08:02.802086-05:00	ICLR_results/terminalbench/main/devstral24b/di__binf__otrc/incompatible-python-fasttext/online-trc/run_2	logs/harbor_jobs/terminalbench/devstral24b/devstral24b-online-trc-r2-1788710881273
di__binf__otrc	intrusion-detection__online-trc__r2	intrusion-detection	online-trc	2	2026-09-06T11:31:54.798439-05:00	ICLR_results/terminalbench/main/devstral24b/di__binf__otrc/intrusion-detection/online-trc/run_2	logs/harbor_jobs/terminalbench/devstral24b/devstral24b-online-trc-r2-1788710881273
di__binf__otrc	modernize-fortran-build__online-trc__r2	modernize-fortran-build	online-trc	2	2026-09-06T11:27:09.653581-05:00	ICLR_results/terminalbench/main/devstral24b/di__binf__otrc/modernize-fortran-build/online-trc/run_2	logs/harbor_jobs/terminalbench/devstral24b/devstral24b-online-trc-r2-1788710881273
di__binf__otrc	new-encrypt-command__online-trc__r2	new-encrypt-command	online-trc	2	2026-09-06T11:31:01.291026-05:00	ICLR_results/terminalbench/main/devstral24b/di__binf__otrc/new-encrypt-command/online-trc/run_2	logs/harbor_jobs/terminalbench/devstral24b/devstral24b-online-trc-r2-1788710881273
di__binf__otrc	password-recovery__online-trc__r2	password-recovery	online-trc	2	2026-09-06T11:37:18.545450-05:00	ICLR_results/terminalbench/main/devstral24b/di__binf__otrc/password-recovery/online-trc/run_2	logs/harbor_jobs/terminalbench/devstral24b/devstral24b-online-trc-r2-1788710881273
di__binf__otrc	path-tracing-reverse__online-trc__r2	path-tracing-reverse	online-trc	2	2026-09-06T11:08:42.436040-05:00	ICLR_results/terminalbench/main/devstral24b/di__binf__otrc/path-tracing-reverse/online-trc/run_2	logs/harbor_jobs/terminalbench/devstral24b/devstral24b-online-trc-r2-1788710881273
di__binf__otrc	processing-pipeline__online-trc__r2	processing-pipeline	online-trc	2	2026-09-06T11:25:52.993987-05:00	ICLR_results/terminalbench/main/devstral24b/di__binf__otrc/processing-pipeline/online-trc/run_2	logs/harbor_jobs/terminalbench/devstral24b/devstral24b-online-trc-r2-1788710881273
di__binf__otrc	prove-plus-comm__online-trc__r2	prove-plus-comm	online-trc	2	2026-09-06T11:08:02.806367-05:00	ICLR_results/terminalbench/main/devstral24b/di__binf__otrc/prove-plus-comm/online-trc/run_2	logs/harbor_jobs/terminalbench/devstral24b/devstral24b-online-trc-r2-1788710881273
di__binf__otrc	pytorch-model-cli.hard__online-trc__r2	pytorch-model-cli.hard	online-trc	2	2026-09-06T11:10:24.566961-05:00	ICLR_results/terminalbench/main/devstral24b/di__binf__otrc/pytorch-model-cli.hard/online-trc/run_2	logs/harbor_jobs/terminalbench/devstral24b/devstral24b-online-trc-r2-1788710881273
di__binf__otrc	qemu-alpine-ssh__online-trc__r2	qemu-alpine-ssh	online-trc	2	2026-09-06T11:19:33.162449-05:00	ICLR_results/terminalbench/main/devstral24b/di__binf__otrc/qemu-alpine-ssh/online-trc/run_2	logs/harbor_jobs/terminalbench/devstral24b/devstral24b-online-trc-r2-1788710881273
di__binf__otrc	qemu-startup__online-trc__r2	qemu-startup	online-trc	2	2026-09-06T11:43:01.938047-05:00	ICLR_results/terminalbench/main/devstral24b/di__binf__otrc/qemu-startup/online-trc/run_2	logs/harbor_jobs/terminalbench/devstral24b/devstral24b-online-trc-r2-1788710881273
di__binf__otrc	raman-fitting.easy__online-trc__r2	raman-fitting.easy	online-trc	2	2026-09-06T11:08:02.797881-05:00	ICLR_results/terminalbench/main/devstral24b/di__binf__otrc/raman-fitting.easy/online-trc/run_2	logs/harbor_jobs/terminalbench/devstral24b/devstral24b-online-trc-r2-1788710881273
di__binf__otrc	sanitize-git-repo__online-trc__r2	sanitize-git-repo	online-trc	2	2026-09-06T11:23:42.080699-05:00	ICLR_results/terminalbench/main/devstral24b/di__binf__otrc/sanitize-git-repo/online-trc/run_2	logs/harbor_jobs/terminalbench/devstral24b/devstral24b-online-trc-r2-1788710881273
di__binf__otrc	sanitize-git-repo.hard__online-trc__r2	sanitize-git-repo.hard	online-trc	2	2026-09-06T11:43:43.341280-05:00	ICLR_results/terminalbench/main/devstral24b/di__binf__otrc/sanitize-git-repo.hard/online-trc/run_2	logs/harbor_jobs/terminalbench/devstral24b/devstral24b-online-trc-r2-1788710881273
di__binf__otrc	solana-data__online-trc__r2	solana-data	online-trc	2	2026-09-06T11:15:04.408995-05:00	ICLR_results/terminalbench/main/devstral24b/di__binf__otrc/solana-data/online-trc/run_2	logs/harbor_jobs/terminalbench/devstral24b/devstral24b-online-trc-r2-1788710881273
di__binf__otrc	sqlite-with-gcov__online-trc__r2	sqlite-with-gcov	online-trc	2	2026-09-06T11:15:15.945352-05:00	ICLR_results/terminalbench/main/devstral24b/di__binf__otrc/sqlite-with-gcov/online-trc/run_2	logs/harbor_jobs/terminalbench/devstral24b/devstral24b-online-trc-r2-1788710881273
di__binf__otrc	super-benchmark-upet__online-trc__r2	super-benchmark-upet	online-trc	2	2026-09-06T11:29:57.889212-05:00	ICLR_results/terminalbench/main/devstral24b/di__binf__otrc/super-benchmark-upet/online-trc/run_2	logs/harbor_jobs/terminalbench/devstral24b/devstral24b-online-trc-r2-1788710881273
di__binf__otrc	swe-bench-astropy-2__online-trc__r2	swe-bench-astropy-2	online-trc	2	2026-09-06T11:40:49.355011-05:00	ICLR_results/terminalbench/main/devstral24b/di__binf__otrc/swe-bench-astropy-2/online-trc/run_2	logs/harbor_jobs/terminalbench/devstral24b/devstral24b-online-trc-r2-1788710881273
di__binf__otrc	swe-bench-fsspec__online-trc__r2	swe-bench-fsspec	online-trc	2	2026-09-06T11:25:29.635635-05:00	ICLR_results/terminalbench/main/devstral24b/di__binf__otrc/swe-bench-fsspec/online-trc/run_2	logs/harbor_jobs/terminalbench/devstral24b/devstral24b-online-trc-r2-1788710881273
di__binf__otrc	tmux-advanced-workflow__online-trc__r2	tmux-advanced-workflow	online-trc	2	2026-09-06T11:08:02.752753-05:00	ICLR_results/terminalbench/main/devstral24b/di__binf__otrc/tmux-advanced-workflow/online-trc/run_2	logs/harbor_jobs/terminalbench/devstral24b/devstral24b-online-trc-r2-1788710881273
di__binf__otrc	write-compressor__online-trc__r2	write-compressor	online-trc	2	2026-09-06T11:36:36.222429-05:00	ICLR_results/terminalbench/main/devstral24b/di__binf__otrc/write-compressor/online-trc/run_2	logs/harbor_jobs/terminalbench/devstral24b/devstral24b-online-trc-r2-1788710881273
di__binf__otrc	blind-maze-explorer-5x5__online-trc__r3	blind-maze-explorer-5x5	online-trc	3	2026-09-06T12:45:14.581660-05:00	ICLR_results/terminalbench/main/devstral24b/di__binf__otrc/blind-maze-explorer-5x5/online-trc/run_3	logs/harbor_jobs/terminalbench/devstral24b/devstral24b-online-trc-r3-1788714230713
di__binf__otrc	blind-maze-explorer-algorithm__online-trc__r3	blind-maze-explorer-algorithm	online-trc	3	2026-09-06T12:25:14.284991-05:00	ICLR_results/terminalbench/main/devstral24b/di__binf__otrc/blind-maze-explorer-algorithm/online-trc/run_3	logs/harbor_jobs/terminalbench/devstral24b/devstral24b-online-trc-r3-1788714230713
di__binf__otrc	cartpole-rl-training__online-trc__r3	cartpole-rl-training	online-trc	3	2026-09-06T12:45:37.262539-05:00	ICLR_results/terminalbench/main/devstral24b/di__binf__otrc/cartpole-rl-training/online-trc/run_3	logs/harbor_jobs/terminalbench/devstral24b/devstral24b-online-trc-r3-1788714230713
di__binf__otrc	count-dataset-tokens__online-trc__r3	count-dataset-tokens	online-trc	3	2026-09-06T12:07:07.171744-05:00	ICLR_results/terminalbench/main/devstral24b/di__binf__otrc/count-dataset-tokens/online-trc/run_3	logs/harbor_jobs/terminalbench/devstral24b/devstral24b-online-trc-r3-1788714230713
di__binf__otrc	crack-7z-hash.hard__online-trc__r3	crack-7z-hash.hard	online-trc	3	2026-09-06T12:36:28.200862-05:00	ICLR_results/terminalbench/main/devstral24b/di__binf__otrc/crack-7z-hash.hard/online-trc/run_3	logs/harbor_jobs/terminalbench/devstral24b/devstral24b-online-trc-r3-1788714230713
di__binf__otrc	csv-to-parquet__online-trc__r3	csv-to-parquet	online-trc	3	2026-09-06T12:20:52.440952-05:00	ICLR_results/terminalbench/main/devstral24b/di__binf__otrc/csv-to-parquet/online-trc/run_3	logs/harbor_jobs/terminalbench/devstral24b/devstral24b-online-trc-r3-1788714230713
di__binf__otrc	decommissioning-service-with-sensitive-data__online-trc__r3	decommissioning-service-with-sensitive-data	online-trc	3	2026-09-06T12:45:01.397214-05:00	ICLR_results/terminalbench/main/devstral24b/di__binf__otrc/decommissioning-service-with-sensitive-data/online-trc/run_3	logs/harbor_jobs/terminalbench/devstral24b/devstral24b-online-trc-r3-1788714230713
di__binf__otrc	download-youtube__online-trc__r3	download-youtube	online-trc	3	2026-09-06T12:42:32.959673-05:00	ICLR_results/terminalbench/main/devstral24b/di__binf__otrc/download-youtube/online-trc/run_3	logs/harbor_jobs/terminalbench/devstral24b/devstral24b-online-trc-r3-1788714230713
di__binf__otrc	eval-mteb__online-trc__r3	eval-mteb	online-trc	3	2026-09-06T12:17:38.094012-05:00	ICLR_results/terminalbench/main/devstral24b/di__binf__otrc/eval-mteb/online-trc/run_3	logs/harbor_jobs/terminalbench/devstral24b/devstral24b-online-trc-r3-1788714230713
di__binf__otrc	eval-mteb.hard__online-trc__r3	eval-mteb.hard	online-trc	3	2026-09-06T12:44:43.905323-05:00	ICLR_results/terminalbench/main/devstral24b/di__binf__otrc/eval-mteb.hard/online-trc/run_3	logs/harbor_jobs/terminalbench/devstral24b/devstral24b-online-trc-r3-1788714230713
di__binf__otrc	extract-moves-from-video__online-trc__r3	extract-moves-from-video	online-trc	3	2026-09-06T12:26:26.092876-05:00	ICLR_results/terminalbench/main/devstral24b/di__binf__otrc/extract-moves-from-video/online-trc/run_3	logs/harbor_jobs/terminalbench/devstral24b/devstral24b-online-trc-r3-1788714230713
di__binf__otrc	fibonacci-server__online-trc__r3	fibonacci-server	online-trc	3	2026-09-06T12:13:59.036159-05:00	ICLR_results/terminalbench/main/devstral24b/di__binf__otrc/fibonacci-server/online-trc/run_3	logs/harbor_jobs/terminalbench/devstral24b/devstral24b-online-trc-r3-1788714230713
di__binf__otrc	fix-git__online-trc__r3	fix-git	online-trc	3	2026-09-06T12:35:32.817063-05:00	ICLR_results/terminalbench/main/devstral24b/di__binf__otrc/fix-git/online-trc/run_3	logs/harbor_jobs/terminalbench/devstral24b/devstral24b-online-trc-r3-1788714230713
di__binf__otrc	fix-pandas-version__online-trc__r3	fix-pandas-version	online-trc	3	2026-09-06T12:19:54.333853-05:00	ICLR_results/terminalbench/main/devstral24b/di__binf__otrc/fix-pandas-version/online-trc/run_3	logs/harbor_jobs/terminalbench/devstral24b/devstral24b-online-trc-r3-1788714230713
di__binf__otrc	fix-permissions__online-trc__r3	fix-permissions	online-trc	3	2026-09-06T12:10:26.642930-05:00	ICLR_results/terminalbench/main/devstral24b/di__binf__otrc/fix-permissions/online-trc/run_3	logs/harbor_jobs/terminalbench/devstral24b/devstral24b-online-trc-r3-1788714230713
di__binf__otrc	git-workflow-hack__online-trc__r3	git-workflow-hack	online-trc	3	2026-09-06T12:31:32.907762-05:00	ICLR_results/terminalbench/main/devstral24b/di__binf__otrc/git-workflow-hack/online-trc/run_3	logs/harbor_jobs/terminalbench/devstral24b/devstral24b-online-trc-r3-1788714230713
di__binf__otrc	gpt2-codegolf__online-trc__r3	gpt2-codegolf	online-trc	3	2026-09-06T12:16:17.487495-05:00	ICLR_results/terminalbench/main/devstral24b/di__binf__otrc/gpt2-codegolf/online-trc/run_3	logs/harbor_jobs/terminalbench/devstral24b/devstral24b-online-trc-r3-1788714230713
di__binf__otrc	heterogeneous-dates__online-trc__r3	heterogeneous-dates	online-trc	3	2026-09-06T12:49:17.644651-05:00	ICLR_results/terminalbench/main/devstral24b/di__binf__otrc/heterogeneous-dates/online-trc/run_3	logs/harbor_jobs/terminalbench/devstral24b/devstral24b-online-trc-r3-1788714230713
di__binf__otrc	hf-model-inference__online-trc__r3	hf-model-inference	online-trc	3	2026-09-06T12:18:24.407117-05:00	ICLR_results/terminalbench/main/devstral24b/di__binf__otrc/hf-model-inference/online-trc/run_3	logs/harbor_jobs/terminalbench/devstral24b/devstral24b-online-trc-r3-1788714230713
di__binf__otrc	incompatible-python-fasttext__online-trc__r3	incompatible-python-fasttext	online-trc	3	2026-09-06T12:03:52.256857-05:00	ICLR_results/terminalbench/main/devstral24b/di__binf__otrc/incompatible-python-fasttext/online-trc/run_3	logs/harbor_jobs/terminalbench/devstral24b/devstral24b-online-trc-r3-1788714230713
di__binf__otrc	intrusion-detection__online-trc__r3	intrusion-detection	online-trc	3	2026-09-06T12:29:36.616640-05:00	ICLR_results/terminalbench/main/devstral24b/di__binf__otrc/intrusion-detection/online-trc/run_3	logs/harbor_jobs/terminalbench/devstral24b/devstral24b-online-trc-r3-1788714230713
di__binf__otrc	modernize-fortran-build__online-trc__r3	modernize-fortran-build	online-trc	3	2026-09-06T12:24:47.639631-05:00	ICLR_results/terminalbench/main/devstral24b/di__binf__otrc/modernize-fortran-build/online-trc/run_3	logs/harbor_jobs/terminalbench/devstral24b/devstral24b-online-trc-r3-1788714230713
di__binf__otrc	new-encrypt-command__online-trc__r3	new-encrypt-command	online-trc	3	2026-09-06T12:28:18.953593-05:00	ICLR_results/terminalbench/main/devstral24b/di__binf__otrc/new-encrypt-command/online-trc/run_3	logs/harbor_jobs/terminalbench/devstral24b/devstral24b-online-trc-r3-1788714230713
di__binf__otrc	password-recovery__online-trc__r3	password-recovery	online-trc	3	2026-09-06T12:36:15.933521-05:00	ICLR_results/terminalbench/main/devstral24b/di__binf__otrc/password-recovery/online-trc/run_3	logs/harbor_jobs/terminalbench/devstral24b/devstral24b-online-trc-r3-1788714230713
di__binf__otrc	path-tracing-reverse__online-trc__r3	path-tracing-reverse	online-trc	3	2026-09-06T12:05:36.038340-05:00	ICLR_results/terminalbench/main/devstral24b/di__binf__otrc/path-tracing-reverse/online-trc/run_3	logs/harbor_jobs/terminalbench/devstral24b/devstral24b-online-trc-r3-1788714230713
di__binf__otrc	processing-pipeline__online-trc__r3	processing-pipeline	online-trc	3	2026-09-06T12:23:21.123928-05:00	ICLR_results/terminalbench/main/devstral24b/di__binf__otrc/processing-pipeline/online-trc/run_3	logs/harbor_jobs/terminalbench/devstral24b/devstral24b-online-trc-r3-1788714230713
di__binf__otrc	prove-plus-comm__online-trc__r3	prove-plus-comm	online-trc	3	2026-09-06T12:03:52.261097-05:00	ICLR_results/terminalbench/main/devstral24b/di__binf__otrc/prove-plus-comm/online-trc/run_3	logs/harbor_jobs/terminalbench/devstral24b/devstral24b-online-trc-r3-1788714230713
di__binf__otrc	pytorch-model-cli.hard__online-trc__r3	pytorch-model-cli.hard	online-trc	3	2026-09-06T12:09:59.151734-05:00	ICLR_results/terminalbench/main/devstral24b/di__binf__otrc/pytorch-model-cli.hard/online-trc/run_3	logs/harbor_jobs/terminalbench/devstral24b/devstral24b-online-trc-r3-1788714230713
di__binf__otrc	qemu-alpine-ssh__online-trc__r3	qemu-alpine-ssh	online-trc	3	2026-09-06T12:17:34.780752-05:00	ICLR_results/terminalbench/main/devstral24b/di__binf__otrc/qemu-alpine-ssh/online-trc/run_3	logs/harbor_jobs/terminalbench/devstral24b/devstral24b-online-trc-r3-1788714230713
di__binf__otrc	qemu-startup__online-trc__r3	qemu-startup	online-trc	3	2026-09-06T12:40:39.485801-05:00	ICLR_results/terminalbench/main/devstral24b/di__binf__otrc/qemu-startup/online-trc/run_3	logs/harbor_jobs/terminalbench/devstral24b/devstral24b-online-trc-r3-1788714230713
di__binf__otrc	raman-fitting.easy__online-trc__r3	raman-fitting.easy	online-trc	3	2026-09-06T12:03:52.252752-05:00	ICLR_results/terminalbench/main/devstral24b/di__binf__otrc/raman-fitting.easy/online-trc/run_3	logs/harbor_jobs/terminalbench/devstral24b/devstral24b-online-trc-r3-1788714230713
di__binf__otrc	sanitize-git-repo__online-trc__r3	sanitize-git-repo	online-trc	3	2026-09-06T12:20:01.324434-05:00	ICLR_results/terminalbench/main/devstral24b/di__binf__otrc/sanitize-git-repo/online-trc/run_3	logs/harbor_jobs/terminalbench/devstral24b/devstral24b-online-trc-r3-1788714230713
di__binf__otrc	sanitize-git-repo.hard__online-trc__r3	sanitize-git-repo.hard	online-trc	3	2026-09-06T12:42:41.925241-05:00	ICLR_results/terminalbench/main/devstral24b/di__binf__otrc/sanitize-git-repo.hard/online-trc/run_3	logs/harbor_jobs/terminalbench/devstral24b/devstral24b-online-trc-r3-1788714230713
di__binf__otrc	solana-data__online-trc__r3	solana-data	online-trc	3	2026-09-06T12:11:05.929706-05:00	ICLR_results/terminalbench/main/devstral24b/di__binf__otrc/solana-data/online-trc/run_3	logs/harbor_jobs/terminalbench/devstral24b/devstral24b-online-trc-r3-1788714230713
di__binf__otrc	sqlite-with-gcov__online-trc__r3	sqlite-with-gcov	online-trc	3	2026-09-06T12:12:00.127859-05:00	ICLR_results/terminalbench/main/devstral24b/di__binf__otrc/sqlite-with-gcov/online-trc/run_3	logs/harbor_jobs/terminalbench/devstral24b/devstral24b-online-trc-r3-1788714230713
di__binf__otrc	super-benchmark-upet__online-trc__r3	super-benchmark-upet	online-trc	3	2026-09-06T12:26:38.131629-05:00	ICLR_results/terminalbench/main/devstral24b/di__binf__otrc/super-benchmark-upet/online-trc/run_3	logs/harbor_jobs/terminalbench/devstral24b/devstral24b-online-trc-r3-1788714230713
di__binf__otrc	swe-bench-astropy-2__online-trc__r3	swe-bench-astropy-2	online-trc	3	2026-09-06T12:38:59.994069-05:00	ICLR_results/terminalbench/main/devstral24b/di__binf__otrc/swe-bench-astropy-2/online-trc/run_3	logs/harbor_jobs/terminalbench/devstral24b/devstral24b-online-trc-r3-1788714230713
di__binf__otrc	swe-bench-fsspec__online-trc__r3	swe-bench-fsspec	online-trc	3	2026-09-06T12:22:14.989654-05:00	ICLR_results/terminalbench/main/devstral24b/di__binf__otrc/swe-bench-fsspec/online-trc/run_3	logs/harbor_jobs/terminalbench/devstral24b/devstral24b-online-trc-r3-1788714230713
di__binf__otrc	tmux-advanced-workflow__online-trc__r3	tmux-advanced-workflow	online-trc	3	2026-09-06T12:03:52.209106-05:00	ICLR_results/terminalbench/main/devstral24b/di__binf__otrc/tmux-advanced-workflow/online-trc/run_3	logs/harbor_jobs/terminalbench/devstral24b/devstral24b-online-trc-r3-1788714230713
di__binf__otrc	write-compressor__online-trc__r3	write-compressor	online-trc	3	2026-09-06T12:36:06.397360-05:00	ICLR_results/terminalbench/main/devstral24b/di__binf__otrc/write-compressor/online-trc/run_3	logs/harbor_jobs/terminalbench/devstral24b/devstral24b-online-trc-r3-1788714230713
