cell,key,resolved,timestamp,pred_matches,report_exists,patch_matches,report_time,report_after_attempt,report_resolved,task,run_num,action,reason,result_file,prediction_file,evaluation_log_dir
d05__b21k__su-full,scikit-learn__scikit-learn-14710__summarization__r1,False,2026-08-31T09:16:36.195578,True,False,False,,False,,scikit-learn__scikit-learn-14710,1,evaluate_only,evaluation_container_image_conflict,ICLR_experiments/swebench/main/devstral24b/d05__b21k__su-full/experiment_results.json,ICLR_experiments/swebench/main/devstral24b/d05__b21k__su-full/preds/preds_scikit-learn__scikit-learn-14710__summarization__r1.json,ICLR_experiments/swebench/main/devstral24b/d05__b21k__su-full/eval/logs/run_evaluation/scikit-learn__scikit-learn-14710__summarization__r1/devstral-2/scikit-learn__scikit-learn-14710
d05__b21k__su-full,scikit-learn__scikit-learn-14710__summarization__r3,False,2026-08-31T09:18:35.460641,True,False,False,,False,,scikit-learn__scikit-learn-14710,3,evaluate_only,evaluation_container_image_conflict,ICLR_experiments/swebench/main/devstral24b/d05__b21k__su-full/experiment_results.json,ICLR_experiments/swebench/main/devstral24b/d05__b21k__su-full/preds/preds_scikit-learn__scikit-learn-14710__summarization__r3.json,ICLR_experiments/swebench/main/devstral24b/d05__b21k__su-full/eval/logs/run_evaluation/scikit-learn__scikit-learn-14710__summarization__r3/devstral-2/scikit-learn__scikit-learn-14710
d05__b21k__su-full,django__django-11292__summarization__r1,True,2026-09-09T15:37:44.489796,True,True,False,2026-08-31T09:44:19.960703,False,True,django__django-11292,1,evaluate_only,stale_report_different_patch,ICLR_experiments/swebench/main/devstral24b/d05__b21k__su-full/experiment_results.json,ICLR_experiments/swebench/main/devstral24b/d05__b21k__su-full/preds/preds_django__django-11292__summarization__r1.json,ICLR_experiments/swebench/main/devstral24b/d05__b21k__su-full/eval/logs/run_evaluation/django__django-11292__summarization__r1/devstral-2/django__django-11292
d05__b21k__su-full,django__django-11292__summarization__r2,True,2026-09-09T15:38:40.910574,True,True,False,2026-08-31T09:46:30.982471,False,True,django__django-11292,2,evaluate_only,stale_report_different_patch,ICLR_experiments/swebench/main/devstral24b/d05__b21k__su-full/experiment_results.json,ICLR_experiments/swebench/main/devstral24b/d05__b21k__su-full/preds/preds_django__django-11292__summarization__r2.json,ICLR_experiments/swebench/main/devstral24b/d05__b21k__su-full/eval/logs/run_evaluation/django__django-11292__summarization__r2/devstral-2/django__django-11292
d05__b21k__su-full,django__django-11299__summarization__r1,True,2026-09-09T15:38:56.200814,True,True,False,2026-08-31T09:44:53.041151,False,True,django__django-11299,1,evaluate_only,stale_report_different_patch,ICLR_experiments/swebench/main/devstral24b/d05__b21k__su-full/experiment_results.json,ICLR_experiments/swebench/main/devstral24b/d05__b21k__su-full/preds/preds_django__django-11299__summarization__r1.json,ICLR_experiments/swebench/main/devstral24b/d05__b21k__su-full/eval/logs/run_evaluation/django__django-11299__summarization__r1/devstral-2/django__django-11299
d05__b21k__su-full,django__django-14915__summarization__r1,True,2026-09-09T15:39:45.786033,True,True,False,2026-08-31T09:47:03.166903,False,True,django__django-14915,1,evaluate_only,stale_report_different_patch,ICLR_experiments/swebench/main/devstral24b/d05__b21k__su-full/experiment_results.json,ICLR_experiments/swebench/main/devstral24b/d05__b21k__su-full/preds/preds_django__django-14915__summarization__r1.json,ICLR_experiments/swebench/main/devstral24b/d05__b21k__su-full/eval/logs/run_evaluation/django__django-14915__summarization__r1/devstral-2/django__django-14915
d05__b21k__su-full,django__django-13012__summarization__r1,True,2026-09-09T15:40:25.377615,True,True,False,2026-08-31T09:45:25.273586,False,True,django__django-13012,1,evaluate_only,stale_report_different_patch,ICLR_experiments/swebench/main/devstral24b/d05__b21k__su-full/experiment_results.json,ICLR_experiments/swebench/main/devstral24b/d05__b21k__su-full/preds/preds_django__django-13012__summarization__r1.json,ICLR_experiments/swebench/main/devstral24b/d05__b21k__su-full/eval/logs/run_evaluation/django__django-13012__summarization__r1/devstral-2/django__django-13012
d05__b21k__su-full,django__django-13964__summarization__r3,False,2026-09-09T15:40:56.182889,True,True,False,2026-08-31T09:45:55.689996,False,False,django__django-13964,3,evaluate_only,stale_report_different_patch,ICLR_experiments/swebench/main/devstral24b/d05__b21k__su-full/experiment_results.json,ICLR_experiments/swebench/main/devstral24b/d05__b21k__su-full/preds/preds_django__django-13964__summarization__r3.json,ICLR_experiments/swebench/main/devstral24b/d05__b21k__su-full/eval/logs/run_evaluation/django__django-13964__summarization__r3/devstral-2/django__django-13964
d05__b21k__su-full,django__django-14999__summarization__r3,True,2026-09-09T15:41:15.615660,True,True,False,2026-08-31T09:51:04.614133,False,True,django__django-14999,3,evaluate_only,stale_report_different_patch,ICLR_experiments/swebench/main/devstral24b/d05__b21k__su-full/experiment_results.json,ICLR_experiments/swebench/main/devstral24b/d05__b21k__su-full/preds/preds_django__django-14999__summarization__r3.json,ICLR_experiments/swebench/main/devstral24b/d05__b21k__su-full/eval/logs/run_evaluation/django__django-14999__summarization__r3/devstral-2/django__django-14999
d05__b21k__su-full,django__django-17087__summarization__r2,True,2026-09-09T15:45:03.432338,True,True,False,2026-08-31T09:49:18.124711,False,True,django__django-17087,2,evaluate_only,stale_report_different_patch,ICLR_experiments/swebench/main/devstral24b/d05__b21k__su-full/experiment_results.json,ICLR_experiments/swebench/main/devstral24b/d05__b21k__su-full/preds/preds_django__django-17087__summarization__r2.json,ICLR_experiments/swebench/main/devstral24b/d05__b21k__su-full/eval/logs/run_evaluation/django__django-17087__summarization__r2/devstral-2/django__django-17087
d05__b21k__su-full,scikit-learn__scikit-learn-11310__summarization__r1,True,2026-09-09T15:45:49.462486,True,True,False,2026-08-31T09:52:21.999164,False,True,scikit-learn__scikit-learn-11310,1,evaluate_only,stale_report_different_patch,ICLR_experiments/swebench/main/devstral24b/d05__b21k__su-full/experiment_results.json,ICLR_experiments/swebench/main/devstral24b/d05__b21k__su-full/preds/preds_scikit-learn__scikit-learn-11310__summarization__r1.json,ICLR_experiments/swebench/main/devstral24b/d05__b21k__su-full/eval/logs/run_evaluation/scikit-learn__scikit-learn-11310__summarization__r1/devstral-2/scikit-learn__scikit-learn-11310
d05__b21k__su-full,scikit-learn__scikit-learn-10908__summarization__r1,True,2026-09-09T15:46:38.701411,True,True,False,2026-08-31T09:50:32.533705,False,True,scikit-learn__scikit-learn-10908,1,evaluate_only,stale_report_different_patch,ICLR_experiments/swebench/main/devstral24b/d05__b21k__su-full/experiment_results.json,ICLR_experiments/swebench/main/devstral24b/d05__b21k__su-full/preds/preds_scikit-learn__scikit-learn-10908__summarization__r1.json,ICLR_experiments/swebench/main/devstral24b/d05__b21k__su-full/eval/logs/run_evaluation/scikit-learn__scikit-learn-10908__summarization__r1/devstral-2/scikit-learn__scikit-learn-10908
d05__b21k__su-full,scikit-learn__scikit-learn-11310__summarization__r2,True,2026-09-09T15:46:48.408733,True,True,False,2026-08-31T09:54:34.524925,False,True,scikit-learn__scikit-learn-11310,2,evaluate_only,stale_report_different_patch,ICLR_experiments/swebench/main/devstral24b/d05__b21k__su-full/experiment_results.json,ICLR_experiments/swebench/main/devstral24b/d05__b21k__su-full/preds/preds_scikit-learn__scikit-learn-11310__summarization__r2.json,ICLR_experiments/swebench/main/devstral24b/d05__b21k__su-full/eval/logs/run_evaluation/scikit-learn__scikit-learn-11310__summarization__r2/devstral-2/scikit-learn__scikit-learn-11310
d05__b21k__su-full,scikit-learn__scikit-learn-10908__summarization__r2,False,2026-09-09T15:47:35.837179,True,True,False,2026-08-31T09:55:03.777313,False,False,scikit-learn__scikit-learn-10908,2,evaluate_only,stale_report_different_patch,ICLR_experiments/swebench/main/devstral24b/d05__b21k__su-full/experiment_results.json,ICLR_experiments/swebench/main/devstral24b/d05__b21k__su-full/preds/preds_scikit-learn__scikit-learn-10908__summarization__r2.json,ICLR_experiments/swebench/main/devstral24b/d05__b21k__su-full/eval/logs/run_evaluation/scikit-learn__scikit-learn-10908__summarization__r2/devstral-2/scikit-learn__scikit-learn-10908
d05__b21k__su-full,scikit-learn__scikit-learn-11578__summarization__r1,True,2026-09-09T15:48:32.238470,True,True,False,2026-08-31T09:57:48.147492,False,True,scikit-learn__scikit-learn-11578,1,evaluate_only,stale_report_different_patch,ICLR_experiments/swebench/main/devstral24b/d05__b21k__su-full/experiment_results.json,ICLR_experiments/swebench/main/devstral24b/d05__b21k__su-full/preds/preds_scikit-learn__scikit-learn-11578__summarization__r1.json,ICLR_experiments/swebench/main/devstral24b/d05__b21k__su-full/eval/logs/run_evaluation/scikit-learn__scikit-learn-11578__summarization__r1/devstral-2/scikit-learn__scikit-learn-11578
d05__b21k__su-full,scikit-learn__scikit-learn-11578__summarization__r3,True,2026-09-09T15:49:43.476719,True,True,False,2026-08-31T09:54:01.692489,False,True,scikit-learn__scikit-learn-11578,3,evaluate_only,stale_report_different_patch,ICLR_experiments/swebench/main/devstral24b/d05__b21k__su-full/experiment_results.json,ICLR_experiments/swebench/main/devstral24b/d05__b21k__su-full/preds/preds_scikit-learn__scikit-learn-11578__summarization__r3.json,ICLR_experiments/swebench/main/devstral24b/d05__b21k__su-full/eval/logs/run_evaluation/scikit-learn__scikit-learn-11578__summarization__r3/devstral-2/scikit-learn__scikit-learn-11578
d05__b21k__su-full,scikit-learn__scikit-learn-13328__summarization__r2,True,2026-09-09T15:52:06.032723,True,True,False,2026-08-31T10:00:19.493495,False,True,scikit-learn__scikit-learn-13328,2,evaluate_only,stale_report_different_patch,ICLR_experiments/swebench/main/devstral24b/d05__b21k__su-full/experiment_results.json,ICLR_experiments/swebench/main/devstral24b/d05__b21k__su-full/preds/preds_scikit-learn__scikit-learn-13328__summarization__r2.json,ICLR_experiments/swebench/main/devstral24b/d05__b21k__su-full/eval/logs/run_evaluation/scikit-learn__scikit-learn-13328__summarization__r2/devstral-2/scikit-learn__scikit-learn-13328
d05__b21k__su-full,scikit-learn__scikit-learn-13328__summarization__r1,True,2026-09-09T15:52:25.304599,True,True,False,2026-08-31T09:56:59.486848,False,True,scikit-learn__scikit-learn-13328,1,evaluate_only,stale_report_different_patch,ICLR_experiments/swebench/main/devstral24b/d05__b21k__su-full/experiment_results.json,ICLR_experiments/swebench/main/devstral24b/d05__b21k__su-full/preds/preds_scikit-learn__scikit-learn-13328__summarization__r1.json,ICLR_experiments/swebench/main/devstral24b/d05__b21k__su-full/eval/logs/run_evaluation/scikit-learn__scikit-learn-13328__summarization__r1/devstral-2/scikit-learn__scikit-learn-13328
d05__b21k__su-full,scikit-learn__scikit-learn-13328__summarization__r3,True,2026-09-09T15:52:27.773091,True,True,False,2026-08-31T09:58:51.060325,False,True,scikit-learn__scikit-learn-13328,3,evaluate_only,stale_report_different_patch,ICLR_experiments/swebench/main/devstral24b/d05__b21k__su-full/experiment_results.json,ICLR_experiments/swebench/main/devstral24b/d05__b21k__su-full/preds/preds_scikit-learn__scikit-learn-13328__summarization__r3.json,ICLR_experiments/swebench/main/devstral24b/d05__b21k__su-full/eval/logs/run_evaluation/scikit-learn__scikit-learn-13328__summarization__r3/devstral-2/scikit-learn__scikit-learn-13328
d05__b21k__su-full,scikit-learn__scikit-learn-25747__summarization__r2,False,2026-09-09T15:58:12.629112,True,True,False,2026-08-31T10:01:44.370616,False,False,scikit-learn__scikit-learn-25747,2,evaluate_only,stale_report_different_patch,ICLR_experiments/swebench/main/devstral24b/d05__b21k__su-full/experiment_results.json,ICLR_experiments/swebench/main/devstral24b/d05__b21k__su-full/preds/preds_scikit-learn__scikit-learn-25747__summarization__r2.json,ICLR_experiments/swebench/main/devstral24b/d05__b21k__su-full/eval/logs/run_evaluation/scikit-learn__scikit-learn-25747__summarization__r2/devstral-2/scikit-learn__scikit-learn-25747
d05__b21k__su-full,scikit-learn__scikit-learn-26323__summarization__r2,True,2026-09-09T15:58:25.523215,True,True,False,2026-08-31T10:06:29.162377,False,True,scikit-learn__scikit-learn-26323,2,evaluate_only,stale_report_different_patch,ICLR_experiments/swebench/main/devstral24b/d05__b21k__su-full/experiment_results.json,ICLR_experiments/swebench/main/devstral24b/d05__b21k__su-full/preds/preds_scikit-learn__scikit-learn-26323__summarization__r2.json,ICLR_experiments/swebench/main/devstral24b/d05__b21k__su-full/eval/logs/run_evaluation/scikit-learn__scikit-learn-26323__summarization__r2/devstral-2/scikit-learn__scikit-learn-26323
d05__b21k__su-full,scikit-learn__scikit-learn-26323__summarization__r3,False,2026-09-09T15:58:33.638829,True,True,False,2026-08-31T10:04:09.728536,False,False,scikit-learn__scikit-learn-26323,3,evaluate_only,stale_report_different_patch,ICLR_experiments/swebench/main/devstral24b/d05__b21k__su-full/experiment_results.json,ICLR_experiments/swebench/main/devstral24b/d05__b21k__su-full/preds/preds_scikit-learn__scikit-learn-26323__summarization__r3.json,ICLR_experiments/swebench/main/devstral24b/d05__b21k__su-full/eval/logs/run_evaluation/scikit-learn__scikit-learn-26323__summarization__r3/devstral-2/scikit-learn__scikit-learn-26323
d05__b21k__su-full,scikit-learn__scikit-learn-25747__summarization__r1,False,2026-09-09T16:00:28.007779,True,True,False,2026-08-31T10:03:37.944117,False,False,scikit-learn__scikit-learn-25747,1,evaluate_only,stale_report_different_patch,ICLR_experiments/swebench/main/devstral24b/d05__b21k__su-full/experiment_results.json,ICLR_experiments/swebench/main/devstral24b/d05__b21k__su-full/preds/preds_scikit-learn__scikit-learn-25747__summarization__r1.json,ICLR_experiments/swebench/main/devstral24b/d05__b21k__su-full/eval/logs/run_evaluation/scikit-learn__scikit-learn-25747__summarization__r1/devstral-2/scikit-learn__scikit-learn-25747
d05__b21k__su-full,scikit-learn__scikit-learn-26323__summarization__r1,True,2026-09-09T16:02:58.009324,True,True,False,2026-08-31T10:07:27.435145,False,True,scikit-learn__scikit-learn-26323,1,evaluate_only,stale_report_different_patch,ICLR_experiments/swebench/main/devstral24b/d05__b21k__su-full/experiment_results.json,ICLR_experiments/swebench/main/devstral24b/d05__b21k__su-full/preds/preds_scikit-learn__scikit-learn-26323__summarization__r1.json,ICLR_experiments/swebench/main/devstral24b/d05__b21k__su-full/eval/logs/run_evaluation/scikit-learn__scikit-learn-26323__summarization__r1/devstral-2/scikit-learn__scikit-learn-26323
d05__b21k__su-full,sympy__sympy-17630__summarization__r1,False,2026-09-09T16:03:19.665449,True,True,False,2026-08-31T10:09:14.256554,False,False,sympy__sympy-17630,1,evaluate_only,stale_report_different_patch,ICLR_experiments/swebench/main/devstral24b/d05__b21k__su-full/experiment_results.json,ICLR_experiments/swebench/main/devstral24b/d05__b21k__su-full/preds/preds_sympy__sympy-17630__summarization__r1.json,ICLR_experiments/swebench/main/devstral24b/d05__b21k__su-full/eval/logs/run_evaluation/sympy__sympy-17630__summarization__r1/devstral-2/sympy__sympy-17630
d05__b21k__su-full,sympy__sympy-24066__summarization__r3,True,2026-09-09T16:03:28.187616,True,True,False,2026-08-31T10:11:37.114402,False,True,sympy__sympy-24066,3,evaluate_only,stale_report_different_patch,ICLR_experiments/swebench/main/devstral24b/d05__b21k__su-full/experiment_results.json,ICLR_experiments/swebench/main/devstral24b/d05__b21k__su-full/preds/preds_sympy__sympy-24066__summarization__r3.json,ICLR_experiments/swebench/main/devstral24b/d05__b21k__su-full/eval/logs/run_evaluation/sympy__sympy-24066__summarization__r3/devstral-2/sympy__sympy-24066
d05__b21k__su-full,sympy__sympy-24066__summarization__r1,True,2026-09-09T16:04:31.236867,True,True,False,2026-08-31T10:11:07.154042,False,True,sympy__sympy-24066,1,evaluate_only,stale_report_different_patch,ICLR_experiments/swebench/main/devstral24b/d05__b21k__su-full/experiment_results.json,ICLR_experiments/swebench/main/devstral24b/d05__b21k__su-full/preds/preds_sympy__sympy-24066__summarization__r1.json,ICLR_experiments/swebench/main/devstral24b/d05__b21k__su-full/eval/logs/run_evaluation/sympy__sympy-24066__summarization__r1/devstral-2/sympy__sympy-24066
d05__b21k__su-full,sympy__sympy-17630__summarization__r3,False,2026-09-09T16:04:36.585726,True,True,False,2026-08-31T10:10:37.109647,False,False,sympy__sympy-17630,3,evaluate_only,stale_report_different_patch,ICLR_experiments/swebench/main/devstral24b/d05__b21k__su-full/experiment_results.json,ICLR_experiments/swebench/main/devstral24b/d05__b21k__su-full/preds/preds_sympy__sympy-17630__summarization__r3.json,ICLR_experiments/swebench/main/devstral24b/d05__b21k__su-full/eval/logs/run_evaluation/sympy__sympy-17630__summarization__r3/devstral-2/sympy__sympy-17630
d05__b21k__su-full,sympy__sympy-24066__summarization__r2,True,2026-09-09T16:04:47.644933,True,True,False,2026-08-31T10:09:42.228923,False,True,sympy__sympy-24066,2,evaluate_only,stale_report_different_patch,ICLR_experiments/swebench/main/devstral24b/d05__b21k__su-full/experiment_results.json,ICLR_experiments/swebench/main/devstral24b/d05__b21k__su-full/preds/preds_sympy__sympy-24066__summarization__r2.json,ICLR_experiments/swebench/main/devstral24b/d05__b21k__su-full/eval/logs/run_evaluation/sympy__sympy-24066__summarization__r2/devstral-2/sympy__sympy-24066
d05__b21k__su-full,sympy__sympy-24443__summarization__r1,True,2026-09-09T16:06:06.633457,True,True,False,2026-08-31T10:13:38.979773,False,True,sympy__sympy-24443,1,evaluate_only,stale_report_different_patch,ICLR_experiments/swebench/main/devstral24b/d05__b21k__su-full/experiment_results.json,ICLR_experiments/swebench/main/devstral24b/d05__b21k__su-full/preds/preds_sympy__sympy-24443__summarization__r1.json,ICLR_experiments/swebench/main/devstral24b/d05__b21k__su-full/eval/logs/run_evaluation/sympy__sympy-24443__summarization__r1/devstral-2/sympy__sympy-24443
d05__b21k__su-full,django__django-11095__summarization__r1,True,2026-09-09T16:07:17.530952,True,True,False,2026-08-31T10:18:38.323306,False,True,django__django-11095,1,evaluate_only,stale_report_different_patch,ICLR_experiments/swebench/main/devstral24b/d05__b21k__su-full/experiment_results.json,ICLR_experiments/swebench/main/devstral24b/d05__b21k__su-full/preds/preds_django__django-11095__summarization__r1.json,ICLR_experiments/swebench/main/devstral24b/d05__b21k__su-full/eval/logs/run_evaluation/django__django-11095__summarization__r1/devstral-2/django__django-11095
d05__b21k__su-full,django__django-11087__summarization__r3,False,2026-09-09T16:08:11.634894,True,True,False,2026-08-31T10:12:39.259095,False,False,django__django-11087,3,evaluate_only,stale_report_different_patch,ICLR_experiments/swebench/main/devstral24b/d05__b21k__su-full/experiment_results.json,ICLR_experiments/swebench/main/devstral24b/d05__b21k__su-full/preds/preds_django__django-11087__summarization__r3.json,ICLR_experiments/swebench/main/devstral24b/d05__b21k__su-full/eval/logs/run_evaluation/django__django-11087__summarization__r3/devstral-2/django__django-11087
d05__b21k__su-full,django__django-11477__summarization__r1,False,2026-09-09T16:08:41.175034,True,True,False,2026-08-31T10:19:12.015714,False,False,django__django-11477,1,evaluate_only,stale_report_different_patch,ICLR_experiments/swebench/main/devstral24b/d05__b21k__su-full/experiment_results.json,ICLR_experiments/swebench/main/devstral24b/d05__b21k__su-full/preds/preds_django__django-11477__summarization__r1.json,ICLR_experiments/swebench/main/devstral24b/d05__b21k__su-full/eval/logs/run_evaluation/django__django-11477__summarization__r1/devstral-2/django__django-11477
d05__b21k__su-full,django__django-11095__summarization__r2,True,2026-09-09T16:08:44.408753,True,True,False,2026-08-31T10:16:56.794086,False,True,django__django-11095,2,evaluate_only,stale_report_different_patch,ICLR_experiments/swebench/main/devstral24b/d05__b21k__su-full/experiment_results.json,ICLR_experiments/swebench/main/devstral24b/d05__b21k__su-full/preds/preds_django__django-11095__summarization__r2.json,ICLR_experiments/swebench/main/devstral24b/d05__b21k__su-full/eval/logs/run_evaluation/django__django-11095__summarization__r2/devstral-2/django__django-11095
d05__b21k__su-full,django__django-11087__summarization__r2,False,2026-09-09T16:09:34.049283,True,True,False,2026-08-31T10:14:43.924522,False,False,django__django-11087,2,evaluate_only,stale_report_different_patch,ICLR_experiments/swebench/main/devstral24b/d05__b21k__su-full/experiment_results.json,ICLR_experiments/swebench/main/devstral24b/d05__b21k__su-full/preds/preds_django__django-11087__summarization__r2.json,ICLR_experiments/swebench/main/devstral24b/d05__b21k__su-full/eval/logs/run_evaluation/django__django-11087__summarization__r2/devstral-2/django__django-11087
d05__b21k__su-full,django__django-12276__summarization__r1,True,2026-09-09T16:09:41.277968,True,True,False,2026-08-31T10:19:43.048092,False,True,django__django-12276,1,evaluate_only,stale_report_different_patch,ICLR_experiments/swebench/main/devstral24b/d05__b21k__su-full/experiment_results.json,ICLR_experiments/swebench/main/devstral24b/d05__b21k__su-full/preds/preds_django__django-12276__summarization__r1.json,ICLR_experiments/swebench/main/devstral24b/d05__b21k__su-full/eval/logs/run_evaluation/django__django-12276__summarization__r1/devstral-2/django__django-12276
d05__b21k__su-full,django__django-11433__summarization__r3,False,2026-09-09T16:09:46.263689,True,True,False,2026-08-31T10:17:30.490489,False,False,django__django-11433,3,evaluate_only,stale_report_different_patch,ICLR_experiments/swebench/main/devstral24b/d05__b21k__su-full/experiment_results.json,ICLR_experiments/swebench/main/devstral24b/d05__b21k__su-full/preds/preds_django__django-11433__summarization__r3.json,ICLR_experiments/swebench/main/devstral24b/d05__b21k__su-full/eval/logs/run_evaluation/django__django-11433__summarization__r3/devstral-2/django__django-11433
d05__b21k__su-full,django__django-11477__summarization__r2,False,2026-09-09T16:10:10.324449,True,True,False,2026-08-31T10:18:04.554898,False,False,django__django-11477,2,evaluate_only,stale_report_different_patch,ICLR_experiments/swebench/main/devstral24b/d05__b21k__su-full/experiment_results.json,ICLR_experiments/swebench/main/devstral24b/d05__b21k__su-full/preds/preds_django__django-11477__summarization__r2.json,ICLR_experiments/swebench/main/devstral24b/d05__b21k__su-full/eval/logs/run_evaluation/django__django-11477__summarization__r2/devstral-2/django__django-11477
d05__b21k__su-full,django__django-12304__summarization__r1,True,2026-09-09T16:14:54.390718,True,True,False,2026-08-31T10:24:37.731737,False,True,django__django-12304,1,evaluate_only,stale_report_different_patch,ICLR_experiments/swebench/main/devstral24b/d05__b21k__su-full/experiment_results.json,ICLR_experiments/swebench/main/devstral24b/d05__b21k__su-full/preds/preds_django__django-12304__summarization__r1.json,ICLR_experiments/swebench/main/devstral24b/d05__b21k__su-full/eval/logs/run_evaluation/django__django-12304__summarization__r1/devstral-2/django__django-12304
d05__b21k__su-full,django__django-12663__summarization__r3,False,2026-09-09T16:15:29.905761,True,True,False,2026-08-31T10:23:33.242932,False,False,django__django-12663,3,evaluate_only,stale_report_different_patch,ICLR_experiments/swebench/main/devstral24b/d05__b21k__su-full/experiment_results.json,ICLR_experiments/swebench/main/devstral24b/d05__b21k__su-full/preds/preds_django__django-12663__summarization__r3.json,ICLR_experiments/swebench/main/devstral24b/d05__b21k__su-full/eval/logs/run_evaluation/django__django-12663__summarization__r3/devstral-2/django__django-12663
d05__b21k__su-full,django__django-13809__summarization__r2,True,2026-09-09T16:16:14.617400,True,True,False,2026-08-31T10:23:02.178545,False,True,django__django-13809,2,evaluate_only,stale_report_different_patch,ICLR_experiments/swebench/main/devstral24b/d05__b21k__su-full/experiment_results.json,ICLR_experiments/swebench/main/devstral24b/d05__b21k__su-full/preds/preds_django__django-13809__summarization__r2.json,ICLR_experiments/swebench/main/devstral24b/d05__b21k__su-full/eval/logs/run_evaluation/django__django-13809__summarization__r2/devstral-2/django__django-13809
d05__b21k__su-full,django__django-12276__summarization__r3,True,2026-09-09T16:17:02.369671,True,True,False,2026-08-31T10:21:53.429693,False,True,django__django-12276,3,evaluate_only,stale_report_different_patch,ICLR_experiments/swebench/main/devstral24b/d05__b21k__su-full/experiment_results.json,ICLR_experiments/swebench/main/devstral24b/d05__b21k__su-full/preds/preds_django__django-12276__summarization__r3.json,ICLR_experiments/swebench/main/devstral24b/d05__b21k__su-full/eval/logs/run_evaluation/django__django-12276__summarization__r3/devstral-2/django__django-12276
d05__b21k__su-full,django__django-12304__summarization__r2,True,2026-09-09T16:17:24.608804,True,True,False,2026-08-31T10:20:13.732467,False,True,django__django-12304,2,evaluate_only,stale_report_different_patch,ICLR_experiments/swebench/main/devstral24b/d05__b21k__su-full/experiment_results.json,ICLR_experiments/swebench/main/devstral24b/d05__b21k__su-full/preds/preds_django__django-12304__summarization__r2.json,ICLR_experiments/swebench/main/devstral24b/d05__b21k__su-full/eval/logs/run_evaluation/django__django-12304__summarization__r2/devstral-2/django__django-12304
d05__b21k__su-full,django__django-13809__summarization__r1,True,2026-09-09T16:18:27.820344,True,True,False,2026-08-31T10:21:19.905279,False,True,django__django-13809,1,evaluate_only,stale_report_different_patch,ICLR_experiments/swebench/main/devstral24b/d05__b21k__su-full/experiment_results.json,ICLR_experiments/swebench/main/devstral24b/d05__b21k__su-full/preds/preds_django__django-13809__summarization__r1.json,ICLR_experiments/swebench/main/devstral24b/d05__b21k__su-full/eval/logs/run_evaluation/django__django-13809__summarization__r1/devstral-2/django__django-13809
d05__b21k__su-full,django__django-13810__summarization__r1,True,2026-09-09T16:20:22.957065,True,True,False,2026-08-31T10:25:19.920266,False,True,django__django-13810,1,evaluate_only,stale_report_different_patch,ICLR_experiments/swebench/main/devstral24b/d05__b21k__su-full/experiment_results.json,ICLR_experiments/swebench/main/devstral24b/d05__b21k__su-full/preds/preds_django__django-13810__summarization__r1.json,ICLR_experiments/swebench/main/devstral24b/d05__b21k__su-full/eval/logs/run_evaluation/django__django-13810__summarization__r1/devstral-2/django__django-13810
d05__b21k__su-full,django__django-15741__summarization__r1,True,2026-09-09T16:25:38.571306,True,True,False,2026-08-31T10:30:29.120175,False,True,django__django-15741,1,evaluate_only,stale_report_different_patch,ICLR_experiments/swebench/main/devstral24b/d05__b21k__su-full/experiment_results.json,ICLR_experiments/swebench/main/devstral24b/d05__b21k__su-full/preds/preds_django__django-15741__summarization__r1.json,ICLR_experiments/swebench/main/devstral24b/d05__b21k__su-full/eval/logs/run_evaluation/django__django-15741__summarization__r1/devstral-2/django__django-15741
d05__b21k__su-full,django__django-15629__summarization__r1,False,2026-09-09T16:26:09.667266,True,True,False,2026-08-31T10:27:22.529809,False,False,django__django-15629,1,evaluate_only,stale_report_different_patch,ICLR_experiments/swebench/main/devstral24b/d05__b21k__su-full/experiment_results.json,ICLR_experiments/swebench/main/devstral24b/d05__b21k__su-full/preds/preds_django__django-15629__summarization__r1.json,ICLR_experiments/swebench/main/devstral24b/d05__b21k__su-full/eval/logs/run_evaluation/django__django-15629__summarization__r1/devstral-2/django__django-15629
d05__b21k__su-full,django__django-15741__summarization__r3,True,2026-09-09T16:27:44.574263,True,True,False,2026-08-31T10:28:54.382972,False,True,django__django-15741,3,evaluate_only,stale_report_different_patch,ICLR_experiments/swebench/main/devstral24b/d05__b21k__su-full/experiment_results.json,ICLR_experiments/swebench/main/devstral24b/d05__b21k__su-full/preds/preds_django__django-15741__summarization__r3.json,ICLR_experiments/swebench/main/devstral24b/d05__b21k__su-full/eval/logs/run_evaluation/django__django-15741__summarization__r3/devstral-2/django__django-15741
d05__b21k__su-full,sympy__sympy-14711__summarization__r2,False,2026-09-09T16:43:19.394658,True,True,False,2026-08-31T10:41:07.364348,False,False,sympy__sympy-14711,2,evaluate_only,stale_report_different_patch,ICLR_experiments/swebench/main/devstral24b/d05__b21k__su-full/experiment_results.json,ICLR_experiments/swebench/main/devstral24b/d05__b21k__su-full/preds/preds_sympy__sympy-14711__summarization__r2.json,ICLR_experiments/swebench/main/devstral24b/d05__b21k__su-full/eval/logs/run_evaluation/sympy__sympy-14711__summarization__r2/devstral-2/sympy__sympy-14711
d05__b21k__su-full,sympy__sympy-15349__summarization__r3,True,2026-09-09T16:44:06.331468,True,True,False,2026-08-31T10:46:34.120491,False,True,sympy__sympy-15349,3,evaluate_only,stale_report_different_patch,ICLR_experiments/swebench/main/devstral24b/d05__b21k__su-full/experiment_results.json,ICLR_experiments/swebench/main/devstral24b/d05__b21k__su-full/preds/preds_sympy__sympy-15349__summarization__r3.json,ICLR_experiments/swebench/main/devstral24b/d05__b21k__su-full/eval/logs/run_evaluation/sympy__sympy-15349__summarization__r3/devstral-2/sympy__sympy-15349
d05__b21k__su-full,sympy__sympy-14711__summarization__r3,True,2026-09-09T16:44:07.349663,True,True,False,2026-08-31T10:36:48.161018,False,True,sympy__sympy-14711,3,evaluate_only,stale_report_different_patch,ICLR_experiments/swebench/main/devstral24b/d05__b21k__su-full/experiment_results.json,ICLR_experiments/swebench/main/devstral24b/d05__b21k__su-full/preds/preds_sympy__sympy-14711__summarization__r3.json,ICLR_experiments/swebench/main/devstral24b/d05__b21k__su-full/eval/logs/run_evaluation/sympy__sympy-14711__summarization__r3/devstral-2/sympy__sympy-14711
d05__b21k__su-full,sympy__sympy-15875__summarization__r3,False,2026-09-09T16:46:43.163314,True,True,False,2026-08-31T10:47:05.988873,False,False,sympy__sympy-15875,3,evaluate_only,stale_report_different_patch,ICLR_experiments/swebench/main/devstral24b/d05__b21k__su-full/experiment_results.json,ICLR_experiments/swebench/main/devstral24b/d05__b21k__su-full/preds/preds_sympy__sympy-15875__summarization__r3.json,ICLR_experiments/swebench/main/devstral24b/d05__b21k__su-full/eval/logs/run_evaluation/sympy__sympy-15875__summarization__r3/devstral-2/sympy__sympy-15875
d05__b21k__su-full,sympy__sympy-16450__summarization__r1,True,2026-09-09T16:46:52.044056,True,True,False,2026-08-31T10:51:36.088161,False,True,sympy__sympy-16450,1,evaluate_only,stale_report_different_patch,ICLR_experiments/swebench/main/devstral24b/d05__b21k__su-full/experiment_results.json,ICLR_experiments/swebench/main/devstral24b/d05__b21k__su-full/preds/preds_sympy__sympy-16450__summarization__r1.json,ICLR_experiments/swebench/main/devstral24b/d05__b21k__su-full/eval/logs/run_evaluation/sympy__sympy-16450__summarization__r1/devstral-2/sympy__sympy-16450
d05__b21k__su-full,sympy__sympy-18199__summarization__r1,False,2026-09-09T16:46:53.715553,True,True,False,2026-08-31T10:55:38.703176,False,False,sympy__sympy-18199,1,evaluate_only,stale_report_different_patch,ICLR_experiments/swebench/main/devstral24b/d05__b21k__su-full/experiment_results.json,ICLR_experiments/swebench/main/devstral24b/d05__b21k__su-full/preds/preds_sympy__sympy-18199__summarization__r1.json,ICLR_experiments/swebench/main/devstral24b/d05__b21k__su-full/eval/logs/run_evaluation/sympy__sympy-18199__summarization__r1/devstral-2/sympy__sympy-18199
d05__b21k__su-full,sympy__sympy-16450__summarization__r2,True,2026-09-09T16:47:20.429039,True,True,False,2026-08-31T10:44:47.123178,False,True,sympy__sympy-16450,2,evaluate_only,stale_report_different_patch,ICLR_experiments/swebench/main/devstral24b/d05__b21k__su-full/experiment_results.json,ICLR_experiments/swebench/main/devstral24b/d05__b21k__su-full/preds/preds_sympy__sympy-16450__summarization__r2.json,ICLR_experiments/swebench/main/devstral24b/d05__b21k__su-full/eval/logs/run_evaluation/sympy__sympy-16450__summarization__r2/devstral-2/sympy__sympy-16450
d05__b21k__su-full,sympy__sympy-18211__summarization__r3,True,2026-09-09T16:48:05.376204,True,True,False,2026-08-31T10:53:06.801283,False,True,sympy__sympy-18211,3,evaluate_only,stale_report_different_patch,ICLR_experiments/swebench/main/devstral24b/d05__b21k__su-full/experiment_results.json,ICLR_experiments/swebench/main/devstral24b/d05__b21k__su-full/preds/preds_sympy__sympy-18211__summarization__r3.json,ICLR_experiments/swebench/main/devstral24b/d05__b21k__su-full/eval/logs/run_evaluation/sympy__sympy-18211__summarization__r3/devstral-2/sympy__sympy-18211
d05__b21k__su-full,sympy__sympy-22456__summarization__r1,True,2026-09-09T16:51:21.347200,True,True,False,2026-08-31T10:57:26.336525,False,True,sympy__sympy-22456,1,evaluate_only,stale_report_different_patch,ICLR_experiments/swebench/main/devstral24b/d05__b21k__su-full/experiment_results.json,ICLR_experiments/swebench/main/devstral24b/d05__b21k__su-full/preds/preds_sympy__sympy-22456__summarization__r1.json,ICLR_experiments/swebench/main/devstral24b/d05__b21k__su-full/eval/logs/run_evaluation/sympy__sympy-22456__summarization__r1/devstral-2/sympy__sympy-22456
d05__b21k__su-full,sympy__sympy-19954__summarization__r3,True,2026-09-09T16:52:54.140133,True,True,False,2026-08-31T10:56:33.699864,False,True,sympy__sympy-19954,3,evaluate_only,stale_report_different_patch,ICLR_experiments/swebench/main/devstral24b/d05__b21k__su-full/experiment_results.json,ICLR_experiments/swebench/main/devstral24b/d05__b21k__su-full/preds/preds_sympy__sympy-19954__summarization__r3.json,ICLR_experiments/swebench/main/devstral24b/d05__b21k__su-full/eval/logs/run_evaluation/sympy__sympy-19954__summarization__r3/devstral-2/sympy__sympy-19954
d05__b21k__su-full,sympy__sympy-24661__summarization__r3,True,2026-09-09T16:55:14.338442,True,True,False,2026-08-31T11:00:56.639176,False,True,sympy__sympy-24661,3,evaluate_only,stale_report_different_patch,ICLR_experiments/swebench/main/devstral24b/d05__b21k__su-full/experiment_results.json,ICLR_experiments/swebench/main/devstral24b/d05__b21k__su-full/preds/preds_sympy__sympy-24661__summarization__r3.json,ICLR_experiments/swebench/main/devstral24b/d05__b21k__su-full/eval/logs/run_evaluation/sympy__sympy-24661__summarization__r3/devstral-2/sympy__sympy-24661
d05__b21k__su-full,scikit-learn__scikit-learn-12585__summarization__r2,True,2026-09-09T16:56:53.437007,True,True,False,2026-08-31T11:01:23.923521,False,True,scikit-learn__scikit-learn-12585,2,evaluate_only,stale_report_different_patch,ICLR_experiments/swebench/main/devstral24b/d05__b21k__su-full/experiment_results.json,ICLR_experiments/swebench/main/devstral24b/d05__b21k__su-full/preds/preds_scikit-learn__scikit-learn-12585__summarization__r2.json,ICLR_experiments/swebench/main/devstral24b/d05__b21k__su-full/eval/logs/run_evaluation/scikit-learn__scikit-learn-12585__summarization__r2/devstral-2/scikit-learn__scikit-learn-12585
d05__b21k__su-full,scikit-learn__scikit-learn-12973__summarization__r1,False,2026-09-09T16:56:55.071682,True,True,False,2026-08-31T11:02:15.876178,False,False,scikit-learn__scikit-learn-12973,1,evaluate_only,stale_report_different_patch,ICLR_experiments/swebench/main/devstral24b/d05__b21k__su-full/experiment_results.json,ICLR_experiments/swebench/main/devstral24b/d05__b21k__su-full/preds/preds_scikit-learn__scikit-learn-12973__summarization__r1.json,ICLR_experiments/swebench/main/devstral24b/d05__b21k__su-full/eval/logs/run_evaluation/scikit-learn__scikit-learn-12973__summarization__r1/devstral-2/scikit-learn__scikit-learn-12973
d05__b21k__su-full,scikit-learn__scikit-learn-13439__summarization__r1,True,2026-09-09T17:00:17.492552,True,True,False,2026-08-31T11:04:29.553874,False,True,scikit-learn__scikit-learn-13439,1,evaluate_only,stale_report_different_patch,ICLR_experiments/swebench/main/devstral24b/d05__b21k__su-full/experiment_results.json,ICLR_experiments/swebench/main/devstral24b/d05__b21k__su-full/preds/preds_scikit-learn__scikit-learn-13439__summarization__r1.json,ICLR_experiments/swebench/main/devstral24b/d05__b21k__su-full/eval/logs/run_evaluation/scikit-learn__scikit-learn-13439__summarization__r1/devstral-2/scikit-learn__scikit-learn-13439
d05__b21k__su-full,scikit-learn__scikit-learn-13142__summarization__r1,True,2026-09-09T17:00:53.354089,True,True,False,2026-08-31T11:04:03.937548,False,True,scikit-learn__scikit-learn-13142,1,evaluate_only,stale_report_different_patch,ICLR_experiments/swebench/main/devstral24b/d05__b21k__su-full/experiment_results.json,ICLR_experiments/swebench/main/devstral24b/d05__b21k__su-full/preds/preds_scikit-learn__scikit-learn-13142__summarization__r1.json,ICLR_experiments/swebench/main/devstral24b/d05__b21k__su-full/eval/logs/run_evaluation/scikit-learn__scikit-learn-13142__summarization__r1/devstral-2/scikit-learn__scikit-learn-13142
d05__b21k__su-full,scikit-learn__scikit-learn-13142__summarization__r3,True,2026-09-09T17:00:59.359098,True,True,False,2026-08-31T11:05:32.850678,False,True,scikit-learn__scikit-learn-13142,3,evaluate_only,stale_report_different_patch,ICLR_experiments/swebench/main/devstral24b/d05__b21k__su-full/experiment_results.json,ICLR_experiments/swebench/main/devstral24b/d05__b21k__su-full/preds/preds_scikit-learn__scikit-learn-13142__summarization__r3.json,ICLR_experiments/swebench/main/devstral24b/d05__b21k__su-full/eval/logs/run_evaluation/scikit-learn__scikit-learn-13142__summarization__r3/devstral-2/scikit-learn__scikit-learn-13142
d05__b21k__su-full,scikit-learn__scikit-learn-13142__summarization__r2,False,2026-09-09T17:01:21.350363,True,True,False,2026-08-31T11:05:01.194275,False,False,scikit-learn__scikit-learn-13142,2,evaluate_only,stale_report_different_patch,ICLR_experiments/swebench/main/devstral24b/d05__b21k__su-full/experiment_results.json,ICLR_experiments/swebench/main/devstral24b/d05__b21k__su-full/preds/preds_scikit-learn__scikit-learn-13142__summarization__r2.json,ICLR_experiments/swebench/main/devstral24b/d05__b21k__su-full/eval/logs/run_evaluation/scikit-learn__scikit-learn-13142__summarization__r2/devstral-2/scikit-learn__scikit-learn-13142
d05__b21k__su-full,scikit-learn__scikit-learn-12682__summarization__r2,False,2026-09-09T17:01:23.292910,True,True,False,2026-08-31T11:06:03.587068,False,False,scikit-learn__scikit-learn-12682,2,evaluate_only,stale_report_different_patch,ICLR_experiments/swebench/main/devstral24b/d05__b21k__su-full/experiment_results.json,ICLR_experiments/swebench/main/devstral24b/d05__b21k__su-full/preds/preds_scikit-learn__scikit-learn-12682__summarization__r2.json,ICLR_experiments/swebench/main/devstral24b/d05__b21k__su-full/eval/logs/run_evaluation/scikit-learn__scikit-learn-12682__summarization__r2/devstral-2/scikit-learn__scikit-learn-12682
d05__b21k__su-full,scikit-learn__scikit-learn-12973__summarization__r2,False,2026-09-09T17:02:18.767157,True,True,False,2026-08-31T11:01:48.563833,False,False,scikit-learn__scikit-learn-12973,2,evaluate_only,stale_report_different_patch,ICLR_experiments/swebench/main/devstral24b/d05__b21k__su-full/experiment_results.json,ICLR_experiments/swebench/main/devstral24b/d05__b21k__su-full/preds/preds_scikit-learn__scikit-learn-12973__summarization__r2.json,ICLR_experiments/swebench/main/devstral24b/d05__b21k__su-full/eval/logs/run_evaluation/scikit-learn__scikit-learn-12973__summarization__r2/devstral-2/scikit-learn__scikit-learn-12973
d05__b21k__su-full,scikit-learn__scikit-learn-13496__summarization__r2,True,2026-09-09T17:02:47.757544,True,True,False,2026-08-31T11:12:24.687924,False,True,scikit-learn__scikit-learn-13496,2,evaluate_only,stale_report_different_patch,ICLR_experiments/swebench/main/devstral24b/d05__b21k__su-full/experiment_results.json,ICLR_experiments/swebench/main/devstral24b/d05__b21k__su-full/preds/preds_scikit-learn__scikit-learn-13496__summarization__r2.json,ICLR_experiments/swebench/main/devstral24b/d05__b21k__su-full/eval/logs/run_evaluation/scikit-learn__scikit-learn-13496__summarization__r2/devstral-2/scikit-learn__scikit-learn-13496
d05__b21k__su-full,scikit-learn__scikit-learn-13496__summarization__r3,True,2026-09-09T17:03:32.250349,True,True,False,2026-08-31T11:11:09.266962,False,True,scikit-learn__scikit-learn-13496,3,evaluate_only,stale_report_different_patch,ICLR_experiments/swebench/main/devstral24b/d05__b21k__su-full/experiment_results.json,ICLR_experiments/swebench/main/devstral24b/d05__b21k__su-full/preds/preds_scikit-learn__scikit-learn-13496__summarization__r3.json,ICLR_experiments/swebench/main/devstral24b/d05__b21k__su-full/eval/logs/run_evaluation/scikit-learn__scikit-learn-13496__summarization__r3/devstral-2/scikit-learn__scikit-learn-13496
d05__b21k__su-full,scikit-learn__scikit-learn-13496__summarization__r1,True,2026-09-09T17:03:41.958940,True,True,False,2026-08-31T11:06:31.007417,False,True,scikit-learn__scikit-learn-13496,1,evaluate_only,stale_report_different_patch,ICLR_experiments/swebench/main/devstral24b/d05__b21k__su-full/experiment_results.json,ICLR_experiments/swebench/main/devstral24b/d05__b21k__su-full/preds/preds_scikit-learn__scikit-learn-13496__summarization__r1.json,ICLR_experiments/swebench/main/devstral24b/d05__b21k__su-full/eval/logs/run_evaluation/scikit-learn__scikit-learn-13496__summarization__r1/devstral-2/scikit-learn__scikit-learn-13496
d05__b21k__su-full,scikit-learn__scikit-learn-13439__summarization__r2,True,2026-09-09T17:03:53.244093,True,True,False,2026-08-31T11:08:28.460912,False,True,scikit-learn__scikit-learn-13439,2,evaluate_only,stale_report_different_patch,ICLR_experiments/swebench/main/devstral24b/d05__b21k__su-full/experiment_results.json,ICLR_experiments/swebench/main/devstral24b/d05__b21k__su-full/preds/preds_scikit-learn__scikit-learn-13439__summarization__r2.json,ICLR_experiments/swebench/main/devstral24b/d05__b21k__su-full/eval/logs/run_evaluation/scikit-learn__scikit-learn-13439__summarization__r2/devstral-2/scikit-learn__scikit-learn-13439
d05__b21k__su-full,scikit-learn__scikit-learn-14629__summarization__r1,False,2026-09-09T17:05:36.739501,True,True,False,2026-08-31T11:15:01.389924,False,False,scikit-learn__scikit-learn-14629,1,evaluate_only,stale_report_different_patch,ICLR_experiments/swebench/main/devstral24b/d05__b21k__su-full/experiment_results.json,ICLR_experiments/swebench/main/devstral24b/d05__b21k__su-full/preds/preds_scikit-learn__scikit-learn-14629__summarization__r1.json,ICLR_experiments/swebench/main/devstral24b/d05__b21k__su-full/eval/logs/run_evaluation/scikit-learn__scikit-learn-14629__summarization__r1/devstral-2/scikit-learn__scikit-learn-14629
d05__b21k__su-full,scikit-learn__scikit-learn-14053__summarization__r3,True,2026-09-09T17:06:14.396784,True,True,False,2026-08-31T11:09:22.569602,False,True,scikit-learn__scikit-learn-14053,3,evaluate_only,stale_report_different_patch,ICLR_experiments/swebench/main/devstral24b/d05__b21k__su-full/experiment_results.json,ICLR_experiments/swebench/main/devstral24b/d05__b21k__su-full/preds/preds_scikit-learn__scikit-learn-14053__summarization__r3.json,ICLR_experiments/swebench/main/devstral24b/d05__b21k__su-full/eval/logs/run_evaluation/scikit-learn__scikit-learn-14053__summarization__r3/devstral-2/scikit-learn__scikit-learn-14053
d05__b21k__su-full,scikit-learn__scikit-learn-14053__summarization__r2,True,2026-09-09T17:06:33.801356,True,True,False,2026-08-31T11:09:50.177953,False,True,scikit-learn__scikit-learn-14053,2,evaluate_only,stale_report_different_patch,ICLR_experiments/swebench/main/devstral24b/d05__b21k__su-full/experiment_results.json,ICLR_experiments/swebench/main/devstral24b/d05__b21k__su-full/preds/preds_scikit-learn__scikit-learn-14053__summarization__r2.json,ICLR_experiments/swebench/main/devstral24b/d05__b21k__su-full/eval/logs/run_evaluation/scikit-learn__scikit-learn-14053__summarization__r2/devstral-2/scikit-learn__scikit-learn-14053
d05__b21k__su-full,scikit-learn__scikit-learn-14710__summarization__r2,False,2026-09-09T17:06:41.645324,True,False,False,,False,,scikit-learn__scikit-learn-14710,2,evaluate_only,evaluation_container_image_conflict,ICLR_experiments/swebench/main/devstral24b/d05__b21k__su-full/experiment_results.json,ICLR_experiments/swebench/main/devstral24b/d05__b21k__su-full/preds/preds_scikit-learn__scikit-learn-14710__summarization__r2.json,ICLR_experiments/swebench/main/devstral24b/d05__b21k__su-full/eval/logs/run_evaluation/scikit-learn__scikit-learn-14710__summarization__r2/devstral-2/scikit-learn__scikit-learn-14710
d05__b21k__su-full,scikit-learn__scikit-learn-14087__summarization__r3,False,2026-09-09T17:07:17.807155,True,True,False,2026-08-31T11:14:32.541556,False,False,scikit-learn__scikit-learn-14087,3,evaluate_only,stale_report_different_patch,ICLR_experiments/swebench/main/devstral24b/d05__b21k__su-full/experiment_results.json,ICLR_experiments/swebench/main/devstral24b/d05__b21k__su-full/preds/preds_scikit-learn__scikit-learn-14087__summarization__r3.json,ICLR_experiments/swebench/main/devstral24b/d05__b21k__su-full/eval/logs/run_evaluation/scikit-learn__scikit-learn-14087__summarization__r3/devstral-2/scikit-learn__scikit-learn-14087
d05__b21k__su-full,scikit-learn__scikit-learn-13135__summarization__r3,True,2026-09-09T17:07:24.057596,True,True,False,2026-08-31T11:03:33.109157,False,True,scikit-learn__scikit-learn-13135,3,evaluate_only,stale_report_different_patch,ICLR_experiments/swebench/main/devstral24b/d05__b21k__su-full/experiment_results.json,ICLR_experiments/swebench/main/devstral24b/d05__b21k__su-full/preds/preds_scikit-learn__scikit-learn-13135__summarization__r3.json,ICLR_experiments/swebench/main/devstral24b/d05__b21k__su-full/eval/logs/run_evaluation/scikit-learn__scikit-learn-13135__summarization__r3/devstral-2/scikit-learn__scikit-learn-13135
d05__b21k__su-full,scikit-learn__scikit-learn-14894__summarization__r1,True,2026-09-09T17:07:41.555618,True,True,False,2026-08-31T11:12:58.916361,False,True,scikit-learn__scikit-learn-14894,1,evaluate_only,stale_report_different_patch,ICLR_experiments/swebench/main/devstral24b/d05__b21k__su-full/experiment_results.json,ICLR_experiments/swebench/main/devstral24b/d05__b21k__su-full/preds/preds_scikit-learn__scikit-learn-14894__summarization__r1.json,ICLR_experiments/swebench/main/devstral24b/d05__b21k__su-full/eval/logs/run_evaluation/scikit-learn__scikit-learn-14894__summarization__r1/devstral-2/scikit-learn__scikit-learn-14894
d05__b21k__su-full,scikit-learn__scikit-learn-14053__summarization__r1,False,2026-09-09T17:07:51.170261,True,True,False,2026-08-31T11:11:38.207331,False,False,scikit-learn__scikit-learn-14053,1,evaluate_only,stale_report_different_patch,ICLR_experiments/swebench/main/devstral24b/d05__b21k__su-full/experiment_results.json,ICLR_experiments/swebench/main/devstral24b/d05__b21k__su-full/preds/preds_scikit-learn__scikit-learn-14053__summarization__r1.json,ICLR_experiments/swebench/main/devstral24b/d05__b21k__su-full/eval/logs/run_evaluation/scikit-learn__scikit-learn-14053__summarization__r1/devstral-2/scikit-learn__scikit-learn-14053
d05__b21k__su-full,scikit-learn__scikit-learn-14894__summarization__r2,True,2026-09-09T17:09:53.425775,True,True,False,2026-08-31T11:17:15.387636,False,True,scikit-learn__scikit-learn-14894,2,evaluate_only,stale_report_different_patch,ICLR_experiments/swebench/main/devstral24b/d05__b21k__su-full/experiment_results.json,ICLR_experiments/swebench/main/devstral24b/d05__b21k__su-full/preds/preds_scikit-learn__scikit-learn-14894__summarization__r2.json,ICLR_experiments/swebench/main/devstral24b/d05__b21k__su-full/eval/logs/run_evaluation/scikit-learn__scikit-learn-14894__summarization__r2/devstral-2/scikit-learn__scikit-learn-14894
d05__b21k__su-full,scikit-learn__scikit-learn-14983__summarization__r1,False,2026-09-09T17:10:42.151328,True,True,False,2026-08-31T11:13:58.601123,False,False,scikit-learn__scikit-learn-14983,1,evaluate_only,stale_report_different_patch,ICLR_experiments/swebench/main/devstral24b/d05__b21k__su-full/experiment_results.json,ICLR_experiments/swebench/main/devstral24b/d05__b21k__su-full/preds/preds_scikit-learn__scikit-learn-14983__summarization__r1.json,ICLR_experiments/swebench/main/devstral24b/d05__b21k__su-full/eval/logs/run_evaluation/scikit-learn__scikit-learn-14983__summarization__r1/devstral-2/scikit-learn__scikit-learn-14983
d05__b21k__su-full,scikit-learn__scikit-learn-14983__summarization__r2,True,2026-09-09T17:10:43.347637,True,True,False,2026-08-31T11:19:39.677480,False,True,scikit-learn__scikit-learn-14983,2,evaluate_only,stale_report_different_patch,ICLR_experiments/swebench/main/devstral24b/d05__b21k__su-full/experiment_results.json,ICLR_experiments/swebench/main/devstral24b/d05__b21k__su-full/preds/preds_scikit-learn__scikit-learn-14983__summarization__r2.json,ICLR_experiments/swebench/main/devstral24b/d05__b21k__su-full/eval/logs/run_evaluation/scikit-learn__scikit-learn-14983__summarization__r2/devstral-2/scikit-learn__scikit-learn-14983
d05__b21k__su-full,scikit-learn__scikit-learn-25232__summarization__r1,True,2026-09-09T17:12:44.134284,True,True,False,2026-08-31T11:15:33.190331,False,True,scikit-learn__scikit-learn-25232,1,evaluate_only,stale_report_different_patch,ICLR_experiments/swebench/main/devstral24b/d05__b21k__su-full/experiment_results.json,ICLR_experiments/swebench/main/devstral24b/d05__b21k__su-full/preds/preds_scikit-learn__scikit-learn-25232__summarization__r1.json,ICLR_experiments/swebench/main/devstral24b/d05__b21k__su-full/eval/logs/run_evaluation/scikit-learn__scikit-learn-25232__summarization__r1/devstral-2/scikit-learn__scikit-learn-25232
d05__b21k__su-full,scikit-learn__scikit-learn-25232__summarization__r3,True,2026-09-09T17:12:45.804019,True,True,False,2026-08-31T11:17:50.836089,False,True,scikit-learn__scikit-learn-25232,3,evaluate_only,stale_report_different_patch,ICLR_experiments/swebench/main/devstral24b/d05__b21k__su-full/experiment_results.json,ICLR_experiments/swebench/main/devstral24b/d05__b21k__su-full/preds/preds_scikit-learn__scikit-learn-25232__summarization__r3.json,ICLR_experiments/swebench/main/devstral24b/d05__b21k__su-full/eval/logs/run_evaluation/scikit-learn__scikit-learn-25232__summarization__r3/devstral-2/scikit-learn__scikit-learn-25232
d05__b21k__su-full,scikit-learn__scikit-learn-14983__summarization__r3,False,2026-09-09T17:12:46.701615,True,True,False,2026-08-31T11:13:29.720754,False,False,scikit-learn__scikit-learn-14983,3,evaluate_only,stale_report_different_patch,ICLR_experiments/swebench/main/devstral24b/d05__b21k__su-full/experiment_results.json,ICLR_experiments/swebench/main/devstral24b/d05__b21k__su-full/preds/preds_scikit-learn__scikit-learn-14983__summarization__r3.json,ICLR_experiments/swebench/main/devstral24b/d05__b21k__su-full/eval/logs/run_evaluation/scikit-learn__scikit-learn-14983__summarization__r3/devstral-2/scikit-learn__scikit-learn-14983
d05__b21k__su-full,scikit-learn__scikit-learn-25931__summarization__r3,True,2026-09-09T17:13:18.781940,True,True,False,2026-08-31T11:21:11.454606,False,True,scikit-learn__scikit-learn-25931,3,evaluate_only,stale_report_different_patch,ICLR_experiments/swebench/main/devstral24b/d05__b21k__su-full/experiment_results.json,ICLR_experiments/swebench/main/devstral24b/d05__b21k__su-full/preds/preds_scikit-learn__scikit-learn-25931__summarization__r3.json,ICLR_experiments/swebench/main/devstral24b/d05__b21k__su-full/eval/logs/run_evaluation/scikit-learn__scikit-learn-25931__summarization__r3/devstral-2/scikit-learn__scikit-learn-25931
d05__b21k__su-full,scikit-learn__scikit-learn-25973__summarization__r2,True,2026-09-09T17:13:35.782046,True,True,False,2026-08-31T11:20:40.282223,False,True,scikit-learn__scikit-learn-25973,2,evaluate_only,stale_report_different_patch,ICLR_experiments/swebench/main/devstral24b/d05__b21k__su-full/experiment_results.json,ICLR_experiments/swebench/main/devstral24b/d05__b21k__su-full/preds/preds_scikit-learn__scikit-learn-25973__summarization__r2.json,ICLR_experiments/swebench/main/devstral24b/d05__b21k__su-full/eval/logs/run_evaluation/scikit-learn__scikit-learn-25973__summarization__r2/devstral-2/scikit-learn__scikit-learn-25973
d05__b21k__su-full,scikit-learn__scikit-learn-25102__summarization__r2,False,2026-09-09T17:14:04.692311,True,True,False,2026-08-31T11:16:28.751040,False,False,scikit-learn__scikit-learn-25102,2,evaluate_only,stale_report_different_patch,ICLR_experiments/swebench/main/devstral24b/d05__b21k__su-full/experiment_results.json,ICLR_experiments/swebench/main/devstral24b/d05__b21k__su-full/preds/preds_scikit-learn__scikit-learn-25102__summarization__r2.json,ICLR_experiments/swebench/main/devstral24b/d05__b21k__su-full/eval/logs/run_evaluation/scikit-learn__scikit-learn-25102__summarization__r2/devstral-2/scikit-learn__scikit-learn-25102
d05__b21k__su-full,scikit-learn__scikit-learn-25232__summarization__r2,True,2026-09-09T17:14:22.979169,True,True,False,2026-08-31T11:18:54.944909,False,True,scikit-learn__scikit-learn-25232,2,evaluate_only,stale_report_different_patch,ICLR_experiments/swebench/main/devstral24b/d05__b21k__su-full/experiment_results.json,ICLR_experiments/swebench/main/devstral24b/d05__b21k__su-full/preds/preds_scikit-learn__scikit-learn-25232__summarization__r2.json,ICLR_experiments/swebench/main/devstral24b/d05__b21k__su-full/eval/logs/run_evaluation/scikit-learn__scikit-learn-25232__summarization__r2/devstral-2/scikit-learn__scikit-learn-25232
d05__b21k__su-full,scikit-learn__scikit-learn-25102__summarization__r1,False,2026-09-09T17:14:25.716561,True,True,False,2026-08-31T11:18:20.648470,False,False,scikit-learn__scikit-learn-25102,1,evaluate_only,stale_report_different_patch,ICLR_experiments/swebench/main/devstral24b/d05__b21k__su-full/experiment_results.json,ICLR_experiments/swebench/main/devstral24b/d05__b21k__su-full/preds/preds_scikit-learn__scikit-learn-25102__summarization__r1.json,ICLR_experiments/swebench/main/devstral24b/d05__b21k__su-full/eval/logs/run_evaluation/scikit-learn__scikit-learn-25102__summarization__r1/devstral-2/scikit-learn__scikit-learn-25102
d05__b21k__su-full,scikit-learn__scikit-learn-26194__summarization__r2,False,2026-09-09T17:16:35.050149,True,True,False,2026-08-31T11:22:36.919661,False,False,scikit-learn__scikit-learn-26194,2,evaluate_only,stale_report_different_patch,ICLR_experiments/swebench/main/devstral24b/d05__b21k__su-full/experiment_results.json,ICLR_experiments/swebench/main/devstral24b/d05__b21k__su-full/preds/preds_scikit-learn__scikit-learn-26194__summarization__r2.json,ICLR_experiments/swebench/main/devstral24b/d05__b21k__su-full/eval/logs/run_evaluation/scikit-learn__scikit-learn-26194__summarization__r2/devstral-2/scikit-learn__scikit-learn-26194
d05__b21k__su-full,scikit-learn__scikit-learn-26194__summarization__r1,False,2026-09-09T17:17:20.772342,True,True,False,2026-08-31T11:21:38.190936,False,False,scikit-learn__scikit-learn-26194,1,evaluate_only,stale_report_different_patch,ICLR_experiments/swebench/main/devstral24b/d05__b21k__su-full/experiment_results.json,ICLR_experiments/swebench/main/devstral24b/d05__b21k__su-full/preds/preds_scikit-learn__scikit-learn-26194__summarization__r1.json,ICLR_experiments/swebench/main/devstral24b/d05__b21k__su-full/eval/logs/run_evaluation/scikit-learn__scikit-learn-26194__summarization__r1/devstral-2/scikit-learn__scikit-learn-26194
d05__b21k__su-partial,django__django-17087__summarization-partial__r2,True,2026-09-09T18:29:51.049579,True,True,False,2026-08-31T18:07:58.713241,False,True,django__django-17087,2,evaluate_only,stale_report_different_patch,ICLR_experiments/swebench/main/devstral24b/d05__b21k__su-partial/experiment_results.json,ICLR_experiments/swebench/main/devstral24b/d05__b21k__su-partial/preds/preds_django__django-17087__summarization-partial__r2.json,ICLR_experiments/swebench/main/devstral24b/d05__b21k__su-partial/eval/logs/run_evaluation/django__django-17087__summarization-partial__r2/devstral-2/django__django-17087
d05__b21k__su-partial,django__django-14999__summarization-partial__r1,True,2026-09-09T18:29:58.127229,True,True,False,2026-08-31T18:08:32.893691,False,True,django__django-14999,1,evaluate_only,stale_report_different_patch,ICLR_experiments/swebench/main/devstral24b/d05__b21k__su-partial/experiment_results.json,ICLR_experiments/swebench/main/devstral24b/d05__b21k__su-partial/preds/preds_django__django-14999__summarization-partial__r1.json,ICLR_experiments/swebench/main/devstral24b/d05__b21k__su-partial/eval/logs/run_evaluation/django__django-14999__summarization-partial__r1/devstral-2/django__django-14999
d05__b21k__su-partial,scikit-learn__scikit-learn-25747__summarization-partial__r3,False,2026-09-09T18:36:51.333783,True,True,False,2026-08-31T18:11:35.779948,False,False,scikit-learn__scikit-learn-25747,3,evaluate_only,stale_report_different_patch,ICLR_experiments/swebench/main/devstral24b/d05__b21k__su-partial/experiment_results.json,ICLR_experiments/swebench/main/devstral24b/d05__b21k__su-partial/preds/preds_scikit-learn__scikit-learn-25747__summarization-partial__r3.json,ICLR_experiments/swebench/main/devstral24b/d05__b21k__su-partial/eval/logs/run_evaluation/scikit-learn__scikit-learn-25747__summarization-partial__r3/devstral-2/scikit-learn__scikit-learn-25747
d05__b21k__su-partial,sympy__sympy-24066__summarization-partial__r1,True,2026-09-09T18:41:15.954900,True,True,False,2026-08-31T18:16:27.391559,False,True,sympy__sympy-24066,1,evaluate_only,stale_report_different_patch,ICLR_experiments/swebench/main/devstral24b/d05__b21k__su-partial/experiment_results.json,ICLR_experiments/swebench/main/devstral24b/d05__b21k__su-partial/preds/preds_sympy__sympy-24066__summarization-partial__r1.json,ICLR_experiments/swebench/main/devstral24b/d05__b21k__su-partial/eval/logs/run_evaluation/sympy__sympy-24066__summarization-partial__r1/devstral-2/sympy__sympy-24066
d05__b21k__su-partial,sympy__sympy-15345__summarization-partial__r1,True,2026-09-09T18:42:03.332962,True,True,False,2026-08-31T18:15:24.246769,False,True,sympy__sympy-15345,1,evaluate_only,stale_report_different_patch,ICLR_experiments/swebench/main/devstral24b/d05__b21k__su-partial/experiment_results.json,ICLR_experiments/swebench/main/devstral24b/d05__b21k__su-partial/preds/preds_sympy__sympy-15345__summarization-partial__r1.json,ICLR_experiments/swebench/main/devstral24b/d05__b21k__su-partial/eval/logs/run_evaluation/sympy__sympy-15345__summarization-partial__r1/devstral-2/sympy__sympy-15345
d05__b21k__su-partial,sympy__sympy-24443__summarization-partial__r2,True,2026-09-09T18:43:59.201112,True,True,False,2026-08-31T18:18:01.960748,False,True,sympy__sympy-24443,2,evaluate_only,stale_report_different_patch,ICLR_experiments/swebench/main/devstral24b/d05__b21k__su-partial/experiment_results.json,ICLR_experiments/swebench/main/devstral24b/d05__b21k__su-partial/preds/preds_sympy__sympy-24443__summarization-partial__r2.json,ICLR_experiments/swebench/main/devstral24b/d05__b21k__su-partial/eval/logs/run_evaluation/sympy__sympy-24443__summarization-partial__r2/devstral-2/sympy__sympy-24443
d05__b21k__su-partial,django__django-15741__summarization-partial__r1,True,2026-09-09T19:04:08.524135,True,True,False,2026-08-31T18:23:27.120878,False,True,django__django-15741,1,evaluate_only,stale_report_different_patch,ICLR_experiments/swebench/main/devstral24b/d05__b21k__su-partial/experiment_results.json,ICLR_experiments/swebench/main/devstral24b/d05__b21k__su-partial/preds/preds_django__django-15741__summarization-partial__r1.json,ICLR_experiments/swebench/main/devstral24b/d05__b21k__su-partial/eval/logs/run_evaluation/django__django-15741__summarization-partial__r1/devstral-2/django__django-15741
d05__b21k__su-partial,django__django-15957__summarization-partial__r3,False,2026-09-09T19:09:40.964494,True,True,False,2026-08-31T18:25:26.658408,False,False,django__django-15957,3,evaluate_only,stale_report_different_patch,ICLR_experiments/swebench/main/devstral24b/d05__b21k__su-partial/experiment_results.json,ICLR_experiments/swebench/main/devstral24b/d05__b21k__su-partial/preds/preds_django__django-15957__summarization-partial__r3.json,ICLR_experiments/swebench/main/devstral24b/d05__b21k__su-partial/eval/logs/run_evaluation/django__django-15957__summarization-partial__r3/devstral-2/django__django-15957
d05__b21k__su-partial,scikit-learn__scikit-learn-14710__summarization-partial__r2,False,2026-09-09T19:38:41.300790,True,False,False,,False,,scikit-learn__scikit-learn-14710,2,evaluate_only,evaluation_container_image_conflict,ICLR_experiments/swebench/main/devstral24b/d05__b21k__su-partial/experiment_results.json,ICLR_experiments/swebench/main/devstral24b/d05__b21k__su-partial/preds/preds_scikit-learn__scikit-learn-14710__summarization-partial__r2.json,ICLR_experiments/swebench/main/devstral24b/d05__b21k__su-partial/eval/logs/run_evaluation/scikit-learn__scikit-learn-14710__summarization-partial__r2/devstral-2/scikit-learn__scikit-learn-14710
d05__b21k__su-partial,scikit-learn__scikit-learn-14710__summarization-partial__r1,False,2026-09-09T19:38:46.378885,True,False,False,,False,,scikit-learn__scikit-learn-14710,1,evaluate_only,evaluation_container_image_conflict,ICLR_experiments/swebench/main/devstral24b/d05__b21k__su-partial/experiment_results.json,ICLR_experiments/swebench/main/devstral24b/d05__b21k__su-partial/preds/preds_scikit-learn__scikit-learn-14710__summarization-partial__r1.json,ICLR_experiments/swebench/main/devstral24b/d05__b21k__su-partial/eval/logs/run_evaluation/scikit-learn__scikit-learn-14710__summarization-partial__r1/devstral-2/scikit-learn__scikit-learn-14710
d05__b21k__su-partial,scikit-learn__scikit-learn-14053__summarization-partial__r1,False,2026-09-09T19:39:00.125918,True,True,False,2026-08-31T18:46:49.246681,False,False,scikit-learn__scikit-learn-14053,1,evaluate_only,stale_report_different_patch,ICLR_experiments/swebench/main/devstral24b/d05__b21k__su-partial/experiment_results.json,ICLR_experiments/swebench/main/devstral24b/d05__b21k__su-partial/preds/preds_scikit-learn__scikit-learn-14053__summarization-partial__r1.json,ICLR_experiments/swebench/main/devstral24b/d05__b21k__su-partial/eval/logs/run_evaluation/scikit-learn__scikit-learn-14053__summarization-partial__r1/devstral-2/scikit-learn__scikit-learn-14053
d05__b21k__su-partial,scikit-learn__scikit-learn-14983__summarization-partial__r1,False,2026-09-09T19:41:39.304600,True,True,False,2026-08-31T18:49:09.228345,False,False,scikit-learn__scikit-learn-14983,1,evaluate_only,stale_report_different_patch,ICLR_experiments/swebench/main/devstral24b/d05__b21k__su-partial/experiment_results.json,ICLR_experiments/swebench/main/devstral24b/d05__b21k__su-partial/preds/preds_scikit-learn__scikit-learn-14983__summarization-partial__r1.json,ICLR_experiments/swebench/main/devstral24b/d05__b21k__su-partial/eval/logs/run_evaluation/scikit-learn__scikit-learn-14983__summarization-partial__r1/devstral-2/scikit-learn__scikit-learn-14983
d05__b21k__su-partial,scikit-learn__scikit-learn-14710__summarization-partial__r3,False,2026-09-09T19:41:49.965069,True,False,False,,False,,scikit-learn__scikit-learn-14710,3,evaluate_only,evaluation_container_image_conflict,ICLR_experiments/swebench/main/devstral24b/d05__b21k__su-partial/experiment_results.json,ICLR_experiments/swebench/main/devstral24b/d05__b21k__su-partial/preds/preds_scikit-learn__scikit-learn-14710__summarization-partial__r3.json,ICLR_experiments/swebench/main/devstral24b/d05__b21k__su-partial/eval/logs/run_evaluation/scikit-learn__scikit-learn-14710__summarization-partial__r3/devstral-2/scikit-learn__scikit-learn-14710
d05__b21k__ss,scikit-learn__scikit-learn-14710__structured-summarize__r3,False,2026-08-31T21:53:10.038875,True,False,False,,False,,scikit-learn__scikit-learn-14710,3,evaluate_only,evaluation_container_image_conflict,ICLR_experiments/swebench/main/devstral24b/d05__b21k__ss/experiment_results.json,ICLR_experiments/swebench/main/devstral24b/d05__b21k__ss/preds/preds_scikit-learn__scikit-learn-14710__structured-summarize__r3.json,ICLR_experiments/swebench/main/devstral24b/d05__b21k__ss/eval/logs/run_evaluation/scikit-learn__scikit-learn-14710__structured-summarize__r3/devstral-2/scikit-learn__scikit-learn-14710
d05__b21k__ss,django__django-13012__structured-summarize__r2,True,2026-09-09T21:38:51.453627,True,True,False,2026-08-31T22:29:26.188533,False,True,django__django-13012,2,evaluate_only,stale_report_different_patch,ICLR_experiments/swebench/main/devstral24b/d05__b21k__ss/experiment_results.json,ICLR_experiments/swebench/main/devstral24b/d05__b21k__ss/preds/preds_django__django-13012__structured-summarize__r2.json,ICLR_experiments/swebench/main/devstral24b/d05__b21k__ss/eval/logs/run_evaluation/django__django-13012__structured-summarize__r2/devstral-2/django__django-13012
d05__b21k__ss,django__django-14580__structured-summarize__r3,True,2026-09-09T21:39:00.869249,True,True,False,2026-08-31T22:30:11.185126,False,True,django__django-14580,3,evaluate_only,stale_report_different_patch,ICLR_experiments/swebench/main/devstral24b/d05__b21k__ss/experiment_results.json,ICLR_experiments/swebench/main/devstral24b/d05__b21k__ss/preds/preds_django__django-14580__structured-summarize__r3.json,ICLR_experiments/swebench/main/devstral24b/d05__b21k__ss/eval/logs/run_evaluation/django__django-14580__structured-summarize__r3/devstral-2/django__django-14580
d05__b21k__ss,django__django-13012__structured-summarize__r1,True,2026-09-09T21:39:46.111472,True,True,False,2026-08-31T22:23:20.739709,False,True,django__django-13012,1,evaluate_only,stale_report_different_patch,ICLR_experiments/swebench/main/devstral24b/d05__b21k__ss/experiment_results.json,ICLR_experiments/swebench/main/devstral24b/d05__b21k__ss/preds/preds_django__django-13012__structured-summarize__r1.json,ICLR_experiments/swebench/main/devstral24b/d05__b21k__ss/eval/logs/run_evaluation/django__django-13012__structured-summarize__r1/devstral-2/django__django-13012
d05__b21k__ss,django__django-11292__structured-summarize__r1,True,2026-09-09T21:41:43.337349,True,True,False,2026-08-31T22:23:53.248139,False,True,django__django-11292,1,evaluate_only,stale_report_different_patch,ICLR_experiments/swebench/main/devstral24b/d05__b21k__ss/experiment_results.json,ICLR_experiments/swebench/main/devstral24b/d05__b21k__ss/preds/preds_django__django-11292__structured-summarize__r1.json,ICLR_experiments/swebench/main/devstral24b/d05__b21k__ss/eval/logs/run_evaluation/django__django-11292__structured-summarize__r1/devstral-2/django__django-11292
d05__b21k__ss,django__django-13964__structured-summarize__r2,False,2026-09-09T21:42:34.114286,True,True,False,2026-08-31T22:24:55.072956,False,False,django__django-13964,2,evaluate_only,stale_report_different_patch,ICLR_experiments/swebench/main/devstral24b/d05__b21k__ss/experiment_results.json,ICLR_experiments/swebench/main/devstral24b/d05__b21k__ss/preds/preds_django__django-13964__structured-summarize__r2.json,ICLR_experiments/swebench/main/devstral24b/d05__b21k__ss/eval/logs/run_evaluation/django__django-13964__structured-summarize__r2/devstral-2/django__django-13964
d05__b21k__ss,django__django-14999__structured-summarize__r3,True,2026-09-09T21:43:51.902428,True,True,False,2026-08-31T22:33:47.539975,False,True,django__django-14999,3,evaluate_only,stale_report_different_patch,ICLR_experiments/swebench/main/devstral24b/d05__b21k__ss/experiment_results.json,ICLR_experiments/swebench/main/devstral24b/d05__b21k__ss/preds/preds_django__django-14999__structured-summarize__r3.json,ICLR_experiments/swebench/main/devstral24b/d05__b21k__ss/eval/logs/run_evaluation/django__django-14999__structured-summarize__r3/devstral-2/django__django-14999
d05__b21k__ss,scikit-learn__scikit-learn-10297__structured-summarize__r1,True,2026-09-09T21:47:17.410810,True,True,False,2026-08-31T22:31:12.097929,False,True,scikit-learn__scikit-learn-10297,1,evaluate_only,stale_report_different_patch,ICLR_experiments/swebench/main/devstral24b/d05__b21k__ss/experiment_results.json,ICLR_experiments/swebench/main/devstral24b/d05__b21k__ss/preds/preds_scikit-learn__scikit-learn-10297__structured-summarize__r1.json,ICLR_experiments/swebench/main/devstral24b/d05__b21k__ss/eval/logs/run_evaluation/scikit-learn__scikit-learn-10297__structured-summarize__r1/devstral-2/scikit-learn__scikit-learn-10297
d05__b21k__ss,scikit-learn__scikit-learn-11578__structured-summarize__r2,True,2026-09-09T21:48:37.199805,True,True,False,2026-08-31T22:34:37.528633,False,True,scikit-learn__scikit-learn-11578,2,evaluate_only,stale_report_different_patch,ICLR_experiments/swebench/main/devstral24b/d05__b21k__ss/experiment_results.json,ICLR_experiments/swebench/main/devstral24b/d05__b21k__ss/preds/preds_scikit-learn__scikit-learn-11578__structured-summarize__r2.json,ICLR_experiments/swebench/main/devstral24b/d05__b21k__ss/eval/logs/run_evaluation/scikit-learn__scikit-learn-11578__structured-summarize__r2/devstral-2/scikit-learn__scikit-learn-11578
d05__b21k__ss,scikit-learn__scikit-learn-11578__structured-summarize__r3,True,2026-09-09T21:49:33.774283,True,True,False,2026-08-31T22:37:25.274839,False,True,scikit-learn__scikit-learn-11578,3,evaluate_only,stale_report_different_patch,ICLR_experiments/swebench/main/devstral24b/d05__b21k__ss/experiment_results.json,ICLR_experiments/swebench/main/devstral24b/d05__b21k__ss/preds/preds_scikit-learn__scikit-learn-11578__structured-summarize__r3.json,ICLR_experiments/swebench/main/devstral24b/d05__b21k__ss/eval/logs/run_evaluation/scikit-learn__scikit-learn-11578__structured-summarize__r3/devstral-2/scikit-learn__scikit-learn-11578
d05__b21k__ss,scikit-learn__scikit-learn-11310__structured-summarize__r2,False,2026-09-09T21:50:55.172336,True,True,False,2026-08-31T22:31:40.802307,False,False,scikit-learn__scikit-learn-11310,2,evaluate_only,stale_report_different_patch,ICLR_experiments/swebench/main/devstral24b/d05__b21k__ss/experiment_results.json,ICLR_experiments/swebench/main/devstral24b/d05__b21k__ss/preds/preds_scikit-learn__scikit-learn-11310__structured-summarize__r2.json,ICLR_experiments/swebench/main/devstral24b/d05__b21k__ss/eval/logs/run_evaluation/scikit-learn__scikit-learn-11310__structured-summarize__r2/devstral-2/scikit-learn__scikit-learn-11310
d05__b21k__ss,scikit-learn__scikit-learn-13328__structured-summarize__r1,True,2026-09-09T21:53:07.547606,True,True,False,2026-08-31T22:36:36.726201,False,True,scikit-learn__scikit-learn-13328,1,evaluate_only,stale_report_different_patch,ICLR_experiments/swebench/main/devstral24b/d05__b21k__ss/experiment_results.json,ICLR_experiments/swebench/main/devstral24b/d05__b21k__ss/preds/preds_scikit-learn__scikit-learn-13328__structured-summarize__r1.json,ICLR_experiments/swebench/main/devstral24b/d05__b21k__ss/eval/logs/run_evaluation/scikit-learn__scikit-learn-13328__structured-summarize__r1/devstral-2/scikit-learn__scikit-learn-13328
d05__b21k__ss,scikit-learn__scikit-learn-25747__structured-summarize__r3,False,2026-09-09T21:53:39.051232,True,True,False,2026-08-31T22:45:11.792722,False,False,scikit-learn__scikit-learn-25747,3,evaluate_only,stale_report_different_patch,ICLR_experiments/swebench/main/devstral24b/d05__b21k__ss/experiment_results.json,ICLR_experiments/swebench/main/devstral24b/d05__b21k__ss/preds/preds_scikit-learn__scikit-learn-25747__structured-summarize__r3.json,ICLR_experiments/swebench/main/devstral24b/d05__b21k__ss/eval/logs/run_evaluation/scikit-learn__scikit-learn-25747__structured-summarize__r3/devstral-2/scikit-learn__scikit-learn-25747
d05__b21k__ss,sympy__sympy-11618__structured-summarize__r2,True,2026-09-09T21:53:54.442913,True,True,False,2026-08-31T22:45:41.661076,False,True,sympy__sympy-11618,2,evaluate_only,stale_report_different_patch,ICLR_experiments/swebench/main/devstral24b/d05__b21k__ss/experiment_results.json,ICLR_experiments/swebench/main/devstral24b/d05__b21k__ss/preds/preds_sympy__sympy-11618__structured-summarize__r2.json,ICLR_experiments/swebench/main/devstral24b/d05__b21k__ss/eval/logs/run_evaluation/sympy__sympy-11618__structured-summarize__r2/devstral-2/sympy__sympy-11618
d05__b21k__ss,scikit-learn__scikit-learn-25747__structured-summarize__r2,False,2026-09-09T21:55:20.851464,True,True,False,2026-08-31T22:42:51.067075,False,False,scikit-learn__scikit-learn-25747,2,evaluate_only,stale_report_different_patch,ICLR_experiments/swebench/main/devstral24b/d05__b21k__ss/experiment_results.json,ICLR_experiments/swebench/main/devstral24b/d05__b21k__ss/preds/preds_scikit-learn__scikit-learn-25747__structured-summarize__r2.json,ICLR_experiments/swebench/main/devstral24b/d05__b21k__ss/eval/logs/run_evaluation/scikit-learn__scikit-learn-25747__structured-summarize__r2/devstral-2/scikit-learn__scikit-learn-25747
d05__b21k__ss,sympy__sympy-11618__structured-summarize__r3,True,2026-09-09T21:55:26.310866,True,True,False,2026-08-31T22:42:22.926752,False,True,sympy__sympy-11618,3,evaluate_only,stale_report_different_patch,ICLR_experiments/swebench/main/devstral24b/d05__b21k__ss/experiment_results.json,ICLR_experiments/swebench/main/devstral24b/d05__b21k__ss/preds/preds_sympy__sympy-11618__structured-summarize__r3.json,ICLR_experiments/swebench/main/devstral24b/d05__b21k__ss/eval/logs/run_evaluation/sympy__sympy-11618__structured-summarize__r3/devstral-2/sympy__sympy-11618
d05__b21k__ss,scikit-learn__scikit-learn-26323__structured-summarize__r3,True,2026-09-09T21:55:35.494047,True,True,False,2026-08-31T22:40:52.985570,False,True,scikit-learn__scikit-learn-26323,3,evaluate_only,stale_report_different_patch,ICLR_experiments/swebench/main/devstral24b/d05__b21k__ss/experiment_results.json,ICLR_experiments/swebench/main/devstral24b/d05__b21k__ss/preds/preds_scikit-learn__scikit-learn-26323__structured-summarize__r3.json,ICLR_experiments/swebench/main/devstral24b/d05__b21k__ss/eval/logs/run_evaluation/scikit-learn__scikit-learn-26323__structured-summarize__r3/devstral-2/scikit-learn__scikit-learn-26323
d05__b21k__ss,sympy__sympy-13091__structured-summarize__r3,False,2026-09-09T21:55:39.062564,True,True,False,2026-08-31T22:46:35.345718,False,False,sympy__sympy-13091,3,evaluate_only,stale_report_different_patch,ICLR_experiments/swebench/main/devstral24b/d05__b21k__ss/experiment_results.json,ICLR_experiments/swebench/main/devstral24b/d05__b21k__ss/preds/preds_sympy__sympy-13091__structured-summarize__r3.json,ICLR_experiments/swebench/main/devstral24b/d05__b21k__ss/eval/logs/run_evaluation/sympy__sympy-13091__structured-summarize__r3/devstral-2/sympy__sympy-13091
d05__b21k__ss,scikit-learn__scikit-learn-11310__structured-summarize__r1,True,2026-09-09T21:55:39.507619,True,True,False,2026-08-31T22:33:15.347551,False,True,scikit-learn__scikit-learn-11310,1,evaluate_only,stale_report_different_patch,ICLR_experiments/swebench/main/devstral24b/d05__b21k__ss/experiment_results.json,ICLR_experiments/swebench/main/devstral24b/d05__b21k__ss/preds/preds_scikit-learn__scikit-learn-11310__structured-summarize__r1.json,ICLR_experiments/swebench/main/devstral24b/d05__b21k__ss/eval/logs/run_evaluation/scikit-learn__scikit-learn-11310__structured-summarize__r1/devstral-2/scikit-learn__scikit-learn-11310
d05__b21k__ss,scikit-learn__scikit-learn-26323__structured-summarize__r2,True,2026-09-09T21:55:50.402415,True,True,False,2026-08-31T22:41:25.081992,False,True,scikit-learn__scikit-learn-26323,2,evaluate_only,stale_report_different_patch,ICLR_experiments/swebench/main/devstral24b/d05__b21k__ss/experiment_results.json,ICLR_experiments/swebench/main/devstral24b/d05__b21k__ss/preds/preds_scikit-learn__scikit-learn-26323__structured-summarize__r2.json,ICLR_experiments/swebench/main/devstral24b/d05__b21k__ss/eval/logs/run_evaluation/scikit-learn__scikit-learn-26323__structured-summarize__r2/devstral-2/scikit-learn__scikit-learn-26323
d05__b21k__ss,sympy__sympy-24066__structured-summarize__r2,True,2026-09-09T21:59:06.913853,True,True,False,2026-08-31T22:49:48.680067,False,True,sympy__sympy-24066,2,evaluate_only,stale_report_different_patch,ICLR_experiments/swebench/main/devstral24b/d05__b21k__ss/experiment_results.json,ICLR_experiments/swebench/main/devstral24b/d05__b21k__ss/preds/preds_sympy__sympy-24066__structured-summarize__r2.json,ICLR_experiments/swebench/main/devstral24b/d05__b21k__ss/eval/logs/run_evaluation/sympy__sympy-24066__structured-summarize__r2/devstral-2/sympy__sympy-24066
d05__b21k__ss,sympy__sympy-13091__structured-summarize__r1,False,2026-09-09T21:59:50.158341,True,True,False,2026-08-31T22:46:07.849389,False,False,sympy__sympy-13091,1,evaluate_only,stale_report_different_patch,ICLR_experiments/swebench/main/devstral24b/d05__b21k__ss/experiment_results.json,ICLR_experiments/swebench/main/devstral24b/d05__b21k__ss/preds/preds_sympy__sympy-13091__structured-summarize__r1.json,ICLR_experiments/swebench/main/devstral24b/d05__b21k__ss/eval/logs/run_evaluation/sympy__sympy-13091__structured-summarize__r1/devstral-2/sympy__sympy-13091
d05__b21k__ss,django__django-11095__structured-summarize__r3,True,2026-09-09T22:04:39.018491,True,True,False,2026-08-31T22:58:24.874516,False,True,django__django-11095,3,evaluate_only,stale_report_different_patch,ICLR_experiments/swebench/main/devstral24b/d05__b21k__ss/experiment_results.json,ICLR_experiments/swebench/main/devstral24b/d05__b21k__ss/preds/preds_django__django-11095__structured-summarize__r3.json,ICLR_experiments/swebench/main/devstral24b/d05__b21k__ss/eval/logs/run_evaluation/django__django-11095__structured-summarize__r3/devstral-2/django__django-11095
d05__b21k__ss,django__django-11095__structured-summarize__r2,True,2026-09-09T22:05:47.680064,True,True,False,2026-08-31T22:52:24.993999,False,True,django__django-11095,2,evaluate_only,stale_report_different_patch,ICLR_experiments/swebench/main/devstral24b/d05__b21k__ss/experiment_results.json,ICLR_experiments/swebench/main/devstral24b/d05__b21k__ss/preds/preds_django__django-11095__structured-summarize__r2.json,ICLR_experiments/swebench/main/devstral24b/d05__b21k__ss/eval/logs/run_evaluation/django__django-11095__structured-summarize__r2/devstral-2/django__django-11095
d05__b21k__ss,sympy__sympy-24443__structured-summarize__r1,True,2026-09-09T22:07:43.378931,True,True,False,2026-08-31T22:51:17.809165,False,True,sympy__sympy-24443,1,evaluate_only,stale_report_different_patch,ICLR_experiments/swebench/main/devstral24b/d05__b21k__ss/experiment_results.json,ICLR_experiments/swebench/main/devstral24b/d05__b21k__ss/preds/preds_sympy__sympy-24443__structured-summarize__r1.json,ICLR_experiments/swebench/main/devstral24b/d05__b21k__ss/eval/logs/run_evaluation/sympy__sympy-24443__structured-summarize__r1/devstral-2/sympy__sympy-24443
d05__b21k__ss,django__django-12276__structured-summarize__r2,False,2026-09-09T22:08:25.775777,True,True,False,2026-08-31T22:58:58.474941,False,False,django__django-12276,2,evaluate_only,stale_report_different_patch,ICLR_experiments/swebench/main/devstral24b/d05__b21k__ss/experiment_results.json,ICLR_experiments/swebench/main/devstral24b/d05__b21k__ss/preds/preds_django__django-12276__structured-summarize__r2.json,ICLR_experiments/swebench/main/devstral24b/d05__b21k__ss/eval/logs/run_evaluation/django__django-12276__structured-summarize__r2/devstral-2/django__django-12276
d05__b21k__ss,django__django-12143__structured-summarize__r1,True,2026-09-09T22:08:31.616693,True,True,False,2026-08-31T22:56:14.080866,False,True,django__django-12143,1,evaluate_only,stale_report_different_patch,ICLR_experiments/swebench/main/devstral24b/d05__b21k__ss/experiment_results.json,ICLR_experiments/swebench/main/devstral24b/d05__b21k__ss/preds/preds_django__django-12143__structured-summarize__r1.json,ICLR_experiments/swebench/main/devstral24b/d05__b21k__ss/eval/logs/run_evaluation/django__django-12143__structured-summarize__r1/devstral-2/django__django-12143
d05__b21k__ss,django__django-12663__structured-summarize__r2,False,2026-09-09T22:13:24.527881,True,True,False,2026-08-31T23:02:34.201682,False,False,django__django-12663,2,evaluate_only,stale_report_different_patch,ICLR_experiments/swebench/main/devstral24b/d05__b21k__ss/experiment_results.json,ICLR_experiments/swebench/main/devstral24b/d05__b21k__ss/preds/preds_django__django-12663__structured-summarize__r2.json,ICLR_experiments/swebench/main/devstral24b/d05__b21k__ss/eval/logs/run_evaluation/django__django-12663__structured-summarize__r2/devstral-2/django__django-12663
d05__b21k__ss,django__django-11087__structured-summarize__r3,False,2026-09-09T22:14:53.442835,True,True,False,2026-08-31T22:51:51.421582,False,False,django__django-11087,3,evaluate_only,stale_report_different_patch,ICLR_experiments/swebench/main/devstral24b/d05__b21k__ss/experiment_results.json,ICLR_experiments/swebench/main/devstral24b/d05__b21k__ss/preds/preds_django__django-11087__structured-summarize__r3.json,ICLR_experiments/swebench/main/devstral24b/d05__b21k__ss/eval/logs/run_evaluation/django__django-11087__structured-summarize__r3/devstral-2/django__django-11087
d05__b21k__ss,django__django-13810__structured-summarize__r2,True,2026-09-09T22:16:05.282019,True,True,False,2026-08-31T23:02:02.585279,False,True,django__django-13810,2,evaluate_only,stale_report_different_patch,ICLR_experiments/swebench/main/devstral24b/d05__b21k__ss/experiment_results.json,ICLR_experiments/swebench/main/devstral24b/d05__b21k__ss/preds/preds_django__django-13810__structured-summarize__r2.json,ICLR_experiments/swebench/main/devstral24b/d05__b21k__ss/eval/logs/run_evaluation/django__django-13810__structured-summarize__r2/devstral-2/django__django-13810
d05__b21k__ss,django__django-13810__structured-summarize__r3,True,2026-09-09T22:17:11.942607,True,True,False,2026-08-31T23:01:19.576732,False,True,django__django-13810,3,evaluate_only,stale_report_different_patch,ICLR_experiments/swebench/main/devstral24b/d05__b21k__ss/experiment_results.json,ICLR_experiments/swebench/main/devstral24b/d05__b21k__ss/preds/preds_django__django-13810__structured-summarize__r3.json,ICLR_experiments/swebench/main/devstral24b/d05__b21k__ss/eval/logs/run_evaluation/django__django-13810__structured-summarize__r3/devstral-2/django__django-13810
d05__b21k__ss,django__django-13809__structured-summarize__r3,True,2026-09-09T22:19:44.872524,True,True,False,2026-08-31T23:03:44.126573,False,True,django__django-13809,3,evaluate_only,stale_report_different_patch,ICLR_experiments/swebench/main/devstral24b/d05__b21k__ss/experiment_results.json,ICLR_experiments/swebench/main/devstral24b/d05__b21k__ss/preds/preds_django__django-13809__structured-summarize__r3.json,ICLR_experiments/swebench/main/devstral24b/d05__b21k__ss/eval/logs/run_evaluation/django__django-13809__structured-summarize__r3/devstral-2/django__django-13809
d05__b21k__ss,django__django-13810__structured-summarize__r1,True,2026-09-09T22:21:29.120027,True,True,False,2026-08-31T23:00:36.056179,False,True,django__django-13810,1,evaluate_only,stale_report_different_patch,ICLR_experiments/swebench/main/devstral24b/d05__b21k__ss/experiment_results.json,ICLR_experiments/swebench/main/devstral24b/d05__b21k__ss/preds/preds_django__django-13810__structured-summarize__r1.json,ICLR_experiments/swebench/main/devstral24b/d05__b21k__ss/eval/logs/run_evaluation/django__django-13810__structured-summarize__r1/devstral-2/django__django-13810
d05__b21k__ss,django__django-15629__structured-summarize__r3,False,2026-09-09T22:26:14.077844,True,True,False,2026-08-31T23:07:48.205690,False,False,django__django-15629,3,evaluate_only,stale_report_different_patch,ICLR_experiments/swebench/main/devstral24b/d05__b21k__ss/experiment_results.json,ICLR_experiments/swebench/main/devstral24b/d05__b21k__ss/preds/preds_django__django-15629__structured-summarize__r3.json,ICLR_experiments/swebench/main/devstral24b/d05__b21k__ss/eval/logs/run_evaluation/django__django-15629__structured-summarize__r3/devstral-2/django__django-15629
d05__b21k__ss,django__django-15629__structured-summarize__r1,False,2026-09-09T22:27:25.309949,True,True,False,2026-08-31T23:05:43.372094,False,False,django__django-15629,1,evaluate_only,stale_report_different_patch,ICLR_experiments/swebench/main/devstral24b/d05__b21k__ss/experiment_results.json,ICLR_experiments/swebench/main/devstral24b/d05__b21k__ss/preds/preds_django__django-15629__structured-summarize__r1.json,ICLR_experiments/swebench/main/devstral24b/d05__b21k__ss/eval/logs/run_evaluation/django__django-15629__structured-summarize__r1/devstral-2/django__django-15629
d05__b21k__ss,django__django-15741__structured-summarize__r2,True,2026-09-09T22:29:11.842295,True,True,False,2026-08-31T23:10:44.899953,False,True,django__django-15741,2,evaluate_only,stale_report_different_patch,ICLR_experiments/swebench/main/devstral24b/d05__b21k__ss/experiment_results.json,ICLR_experiments/swebench/main/devstral24b/d05__b21k__ss/preds/preds_django__django-15741__structured-summarize__r2.json,ICLR_experiments/swebench/main/devstral24b/d05__b21k__ss/eval/logs/run_evaluation/django__django-15741__structured-summarize__r2/devstral-2/django__django-15741
d05__b21k__ss,sympy__sympy-13798__structured-summarize__r1,False,2026-09-09T22:36:34.155387,True,True,False,2026-08-31T23:15:47.979841,False,False,sympy__sympy-13798,1,evaluate_only,stale_report_different_patch,ICLR_experiments/swebench/main/devstral24b/d05__b21k__ss/experiment_results.json,ICLR_experiments/swebench/main/devstral24b/d05__b21k__ss/preds/preds_sympy__sympy-13798__structured-summarize__r1.json,ICLR_experiments/swebench/main/devstral24b/d05__b21k__ss/eval/logs/run_evaluation/sympy__sympy-13798__structured-summarize__r1/devstral-2/sympy__sympy-13798
d05__b21k__ss,django__django-17084__structured-summarize__r1,False,2026-09-09T22:37:16.251483,True,True,False,2026-08-31T23:12:25.597244,False,False,django__django-17084,1,evaluate_only,stale_report_different_patch,ICLR_experiments/swebench/main/devstral24b/d05__b21k__ss/experiment_results.json,ICLR_experiments/swebench/main/devstral24b/d05__b21k__ss/preds/preds_django__django-17084__structured-summarize__r1.json,ICLR_experiments/swebench/main/devstral24b/d05__b21k__ss/eval/logs/run_evaluation/django__django-17084__structured-summarize__r1/devstral-2/django__django-17084
d05__b21k__ss,sympy__sympy-14711__structured-summarize__r1,True,2026-09-09T22:39:55.452080,True,True,False,2026-08-31T23:16:14.160177,False,True,sympy__sympy-14711,1,evaluate_only,stale_report_different_patch,ICLR_experiments/swebench/main/devstral24b/d05__b21k__ss/experiment_results.json,ICLR_experiments/swebench/main/devstral24b/d05__b21k__ss/preds/preds_sympy__sympy-14711__structured-summarize__r1.json,ICLR_experiments/swebench/main/devstral24b/d05__b21k__ss/eval/logs/run_evaluation/sympy__sympy-14711__structured-summarize__r1/devstral-2/sympy__sympy-14711
d05__b21k__ss,sympy__sympy-16450__structured-summarize__r2,True,2026-09-09T22:41:03.481751,True,True,False,2026-08-31T23:22:16.280511,False,True,sympy__sympy-16450,2,evaluate_only,stale_report_different_patch,ICLR_experiments/swebench/main/devstral24b/d05__b21k__ss/experiment_results.json,ICLR_experiments/swebench/main/devstral24b/d05__b21k__ss/preds/preds_sympy__sympy-16450__structured-summarize__r2.json,ICLR_experiments/swebench/main/devstral24b/d05__b21k__ss/eval/logs/run_evaluation/sympy__sympy-16450__structured-summarize__r2/devstral-2/sympy__sympy-16450
d05__b21k__ss,sympy__sympy-18199__structured-summarize__r3,False,2026-09-09T22:42:42.562686,True,True,False,2026-08-31T23:35:01.114023,False,False,sympy__sympy-18199,3,evaluate_only,stale_report_different_patch,ICLR_experiments/swebench/main/devstral24b/d05__b21k__ss/experiment_results.json,ICLR_experiments/swebench/main/devstral24b/d05__b21k__ss/preds/preds_sympy__sympy-18199__structured-summarize__r3.json,ICLR_experiments/swebench/main/devstral24b/d05__b21k__ss/eval/logs/run_evaluation/sympy__sympy-18199__structured-summarize__r3/devstral-2/sympy__sympy-18199
d05__b21k__ss,sympy__sympy-20438__structured-summarize__r1,False,2026-09-09T22:47:09.821824,True,True,False,2026-08-31T23:39:45.913621,False,False,sympy__sympy-20438,1,evaluate_only,stale_report_different_patch,ICLR_experiments/swebench/main/devstral24b/d05__b21k__ss/experiment_results.json,ICLR_experiments/swebench/main/devstral24b/d05__b21k__ss/preds/preds_sympy__sympy-20438__structured-summarize__r1.json,ICLR_experiments/swebench/main/devstral24b/d05__b21k__ss/eval/logs/run_evaluation/sympy__sympy-20438__structured-summarize__r1/devstral-2/sympy__sympy-20438
d05__b21k__ss,sympy__sympy-18211__structured-summarize__r2,True,2026-09-09T22:47:21.118183,True,True,False,2026-08-31T23:37:25.111840,False,True,sympy__sympy-18211,2,evaluate_only,stale_report_different_patch,ICLR_experiments/swebench/main/devstral24b/d05__b21k__ss/experiment_results.json,ICLR_experiments/swebench/main/devstral24b/d05__b21k__ss/preds/preds_sympy__sympy-18211__structured-summarize__r2.json,ICLR_experiments/swebench/main/devstral24b/d05__b21k__ss/eval/logs/run_evaluation/sympy__sympy-18211__structured-summarize__r2/devstral-2/sympy__sympy-18211
d05__b21k__ss,sympy__sympy-18189__structured-summarize__r3,True,2026-09-09T22:47:50.898069,True,True,False,2026-08-31T23:38:11.584428,False,True,sympy__sympy-18189,3,evaluate_only,stale_report_different_patch,ICLR_experiments/swebench/main/devstral24b/d05__b21k__ss/experiment_results.json,ICLR_experiments/swebench/main/devstral24b/d05__b21k__ss/preds/preds_sympy__sympy-18189__structured-summarize__r3.json,ICLR_experiments/swebench/main/devstral24b/d05__b21k__ss/eval/logs/run_evaluation/sympy__sympy-18189__structured-summarize__r3/devstral-2/sympy__sympy-18189
d05__b21k__ss,sympy__sympy-18211__structured-summarize__r3,False,2026-09-09T22:49:25.149154,True,True,False,2026-08-31T23:36:25.335085,False,False,sympy__sympy-18211,3,evaluate_only,stale_report_different_patch,ICLR_experiments/swebench/main/devstral24b/d05__b21k__ss/experiment_results.json,ICLR_experiments/swebench/main/devstral24b/d05__b21k__ss/preds/preds_sympy__sympy-18211__structured-summarize__r3.json,ICLR_experiments/swebench/main/devstral24b/d05__b21k__ss/eval/logs/run_evaluation/sympy__sympy-18211__structured-summarize__r3/devstral-2/sympy__sympy-18211
d05__b21k__ss,sympy__sympy-24661__structured-summarize__r2,True,2026-09-09T22:50:19.062076,True,True,False,2026-08-31T23:43:10.812217,False,True,sympy__sympy-24661,2,evaluate_only,stale_report_different_patch,ICLR_experiments/swebench/main/devstral24b/d05__b21k__ss/experiment_results.json,ICLR_experiments/swebench/main/devstral24b/d05__b21k__ss/preds/preds_sympy__sympy-24661__structured-summarize__r2.json,ICLR_experiments/swebench/main/devstral24b/d05__b21k__ss/eval/logs/run_evaluation/sympy__sympy-24661__structured-summarize__r2/devstral-2/sympy__sympy-24661
d05__b21k__ss,sympy__sympy-24661__structured-summarize__r3,True,2026-09-09T22:51:17.208223,True,True,False,2026-08-31T23:42:44.015877,False,True,sympy__sympy-24661,3,evaluate_only,stale_report_different_patch,ICLR_experiments/swebench/main/devstral24b/d05__b21k__ss/experiment_results.json,ICLR_experiments/swebench/main/devstral24b/d05__b21k__ss/preds/preds_sympy__sympy-24661__structured-summarize__r3.json,ICLR_experiments/swebench/main/devstral24b/d05__b21k__ss/eval/logs/run_evaluation/sympy__sympy-24661__structured-summarize__r3/devstral-2/sympy__sympy-24661
d05__b21k__ss,sympy__sympy-20916__structured-summarize__r2,False,2026-09-09T22:52:43.748587,True,True,False,2026-08-31T23:41:03.230600,False,False,sympy__sympy-20916,2,evaluate_only,stale_report_different_patch,ICLR_experiments/swebench/main/devstral24b/d05__b21k__ss/experiment_results.json,ICLR_experiments/swebench/main/devstral24b/d05__b21k__ss/preds/preds_sympy__sympy-20916__structured-summarize__r2.json,ICLR_experiments/swebench/main/devstral24b/d05__b21k__ss/eval/logs/run_evaluation/sympy__sympy-20916__structured-summarize__r2/devstral-2/sympy__sympy-20916
d05__b21k__ss,scikit-learn__scikit-learn-13135__structured-summarize__r2,True,2026-09-09T22:59:29.597040,True,True,False,2026-08-31T23:48:33.048306,False,True,scikit-learn__scikit-learn-13135,2,evaluate_only,stale_report_different_patch,ICLR_experiments/swebench/main/devstral24b/d05__b21k__ss/experiment_results.json,ICLR_experiments/swebench/main/devstral24b/d05__b21k__ss/preds/preds_scikit-learn__scikit-learn-13135__structured-summarize__r2.json,ICLR_experiments/swebench/main/devstral24b/d05__b21k__ss/eval/logs/run_evaluation/scikit-learn__scikit-learn-13135__structured-summarize__r2/devstral-2/scikit-learn__scikit-learn-13135
d05__b21k__ss,scikit-learn__scikit-learn-13439__structured-summarize__r1,True,2026-09-09T22:59:54.833227,True,True,False,2026-08-31T23:49:01.132663,False,True,scikit-learn__scikit-learn-13439,1,evaluate_only,stale_report_different_patch,ICLR_experiments/swebench/main/devstral24b/d05__b21k__ss/experiment_results.json,ICLR_experiments/swebench/main/devstral24b/d05__b21k__ss/preds/preds_scikit-learn__scikit-learn-13439__structured-summarize__r1.json,ICLR_experiments/swebench/main/devstral24b/d05__b21k__ss/eval/logs/run_evaluation/scikit-learn__scikit-learn-13439__structured-summarize__r1/devstral-2/scikit-learn__scikit-learn-13439
d05__b21k__ss,scikit-learn__scikit-learn-13135__structured-summarize__r1,True,2026-09-09T22:59:58.908518,True,True,False,2026-08-31T23:46:18.614599,False,True,scikit-learn__scikit-learn-13135,1,evaluate_only,stale_report_different_patch,ICLR_experiments/swebench/main/devstral24b/d05__b21k__ss/experiment_results.json,ICLR_experiments/swebench/main/devstral24b/d05__b21k__ss/preds/preds_scikit-learn__scikit-learn-13135__structured-summarize__r1.json,ICLR_experiments/swebench/main/devstral24b/d05__b21k__ss/eval/logs/run_evaluation/scikit-learn__scikit-learn-13135__structured-summarize__r1/devstral-2/scikit-learn__scikit-learn-13135
d05__b21k__ss,scikit-learn__scikit-learn-13496__structured-summarize__r3,True,2026-09-09T23:00:37.854789,True,True,False,2026-08-31T23:50:49.006027,False,True,scikit-learn__scikit-learn-13496,3,evaluate_only,stale_report_different_patch,ICLR_experiments/swebench/main/devstral24b/d05__b21k__ss/experiment_results.json,ICLR_experiments/swebench/main/devstral24b/d05__b21k__ss/preds/preds_scikit-learn__scikit-learn-13496__structured-summarize__r3.json,ICLR_experiments/swebench/main/devstral24b/d05__b21k__ss/eval/logs/run_evaluation/scikit-learn__scikit-learn-13496__structured-summarize__r3/devstral-2/scikit-learn__scikit-learn-13496
d05__b21k__ss,scikit-learn__scikit-learn-13124__structured-summarize__r1,False,2026-09-09T23:02:00.959500,True,True,False,2026-08-31T23:47:11.135266,False,False,scikit-learn__scikit-learn-13124,1,evaluate_only,stale_report_different_patch,ICLR_experiments/swebench/main/devstral24b/d05__b21k__ss/experiment_results.json,ICLR_experiments/swebench/main/devstral24b/d05__b21k__ss/preds/preds_scikit-learn__scikit-learn-13124__structured-summarize__r1.json,ICLR_experiments/swebench/main/devstral24b/d05__b21k__ss/eval/logs/run_evaluation/scikit-learn__scikit-learn-13124__structured-summarize__r1/devstral-2/scikit-learn__scikit-learn-13124
d05__b21k__ss,scikit-learn__scikit-learn-13142__structured-summarize__r1,False,2026-09-09T23:02:11.541381,True,True,False,2026-08-31T23:52:57.211571,False,False,scikit-learn__scikit-learn-13142,1,evaluate_only,stale_report_different_patch,ICLR_experiments/swebench/main/devstral24b/d05__b21k__ss/experiment_results.json,ICLR_experiments/swebench/main/devstral24b/d05__b21k__ss/preds/preds_scikit-learn__scikit-learn-13142__structured-summarize__r1.json,ICLR_experiments/swebench/main/devstral24b/d05__b21k__ss/eval/logs/run_evaluation/scikit-learn__scikit-learn-13142__structured-summarize__r1/devstral-2/scikit-learn__scikit-learn-13142
d05__b21k__ss,scikit-learn__scikit-learn-13496__structured-summarize__r2,True,2026-09-09T23:02:19.225870,True,True,False,2026-08-31T23:50:01.609432,False,True,scikit-learn__scikit-learn-13496,2,evaluate_only,stale_report_different_patch,ICLR_experiments/swebench/main/devstral24b/d05__b21k__ss/experiment_results.json,ICLR_experiments/swebench/main/devstral24b/d05__b21k__ss/preds/preds_scikit-learn__scikit-learn-13496__structured-summarize__r2.json,ICLR_experiments/swebench/main/devstral24b/d05__b21k__ss/eval/logs/run_evaluation/scikit-learn__scikit-learn-13496__structured-summarize__r2/devstral-2/scikit-learn__scikit-learn-13496
d05__b21k__ss,scikit-learn__scikit-learn-13142__structured-summarize__r2,True,2026-09-09T23:02:25.153317,True,True,False,2026-08-31T23:47:40.199635,False,True,scikit-learn__scikit-learn-13142,2,evaluate_only,stale_report_different_patch,ICLR_experiments/swebench/main/devstral24b/d05__b21k__ss/experiment_results.json,ICLR_experiments/swebench/main/devstral24b/d05__b21k__ss/preds/preds_scikit-learn__scikit-learn-13142__structured-summarize__r2.json,ICLR_experiments/swebench/main/devstral24b/d05__b21k__ss/eval/logs/run_evaluation/scikit-learn__scikit-learn-13142__structured-summarize__r2/devstral-2/scikit-learn__scikit-learn-13142
d05__b21k__ss,scikit-learn__scikit-learn-13439__structured-summarize__r3,True,2026-09-09T23:03:01.725955,True,True,False,2026-08-31T23:48:05.803960,False,True,scikit-learn__scikit-learn-13439,3,evaluate_only,stale_report_different_patch,ICLR_experiments/swebench/main/devstral24b/d05__b21k__ss/experiment_results.json,ICLR_experiments/swebench/main/devstral24b/d05__b21k__ss/preds/preds_scikit-learn__scikit-learn-13439__structured-summarize__r3.json,ICLR_experiments/swebench/main/devstral24b/d05__b21k__ss/eval/logs/run_evaluation/scikit-learn__scikit-learn-13439__structured-summarize__r3/devstral-2/scikit-learn__scikit-learn-13439
d05__b21k__ss,scikit-learn__scikit-learn-13496__structured-summarize__r1,True,2026-09-09T23:03:45.722965,True,True,False,2026-08-31T23:54:38.124799,False,True,scikit-learn__scikit-learn-13496,1,evaluate_only,stale_report_different_patch,ICLR_experiments/swebench/main/devstral24b/d05__b21k__ss/experiment_results.json,ICLR_experiments/swebench/main/devstral24b/d05__b21k__ss/preds/preds_scikit-learn__scikit-learn-13496__structured-summarize__r1.json,ICLR_experiments/swebench/main/devstral24b/d05__b21k__ss/eval/logs/run_evaluation/scikit-learn__scikit-learn-13496__structured-summarize__r1/devstral-2/scikit-learn__scikit-learn-13496
d05__b21k__ss,scikit-learn__scikit-learn-14629__structured-summarize__r2,False,2026-09-09T23:05:09.717342,True,True,False,2026-09-01T00:28:12.050891,False,False,scikit-learn__scikit-learn-14629,2,evaluate_only,stale_report_different_patch,ICLR_experiments/swebench/main/devstral24b/d05__b21k__ss/experiment_results.json,ICLR_experiments/swebench/main/devstral24b/d05__b21k__ss/preds/preds_scikit-learn__scikit-learn-14629__structured-summarize__r2.json,ICLR_experiments/swebench/main/devstral24b/d05__b21k__ss/eval/logs/run_evaluation/scikit-learn__scikit-learn-14629__structured-summarize__r2/devstral-2/scikit-learn__scikit-learn-14629
d05__b21k__ss,scikit-learn__scikit-learn-14629__structured-summarize__r1,False,2026-09-09T23:05:36.867066,True,True,False,2026-08-31T23:55:40.873567,False,False,scikit-learn__scikit-learn-14629,1,evaluate_only,stale_report_different_patch,ICLR_experiments/swebench/main/devstral24b/d05__b21k__ss/experiment_results.json,ICLR_experiments/swebench/main/devstral24b/d05__b21k__ss/preds/preds_scikit-learn__scikit-learn-14629__structured-summarize__r1.json,ICLR_experiments/swebench/main/devstral24b/d05__b21k__ss/eval/logs/run_evaluation/scikit-learn__scikit-learn-14629__structured-summarize__r1/devstral-2/scikit-learn__scikit-learn-14629
d05__b21k__ss,scikit-learn__scikit-learn-14710__structured-summarize__r1,,2026-09-09T23:10:04.395380,True,False,True,,False,,scikit-learn__scikit-learn-14710,1,evaluate_only,evaluation_timeout,ICLR_experiments/swebench/main/devstral24b/d05__b21k__ss/experiment_results.json,ICLR_experiments/swebench/main/devstral24b/d05__b21k__ss/preds/preds_scikit-learn__scikit-learn-14710__structured-summarize__r1.json,ICLR_experiments/swebench/main/devstral24b/d05__b21k__ss/eval/logs/run_evaluation/scikit-learn__scikit-learn-14710__structured-summarize__r1/devstral-2/scikit-learn__scikit-learn-14710
d05__b21k__ss,scikit-learn__scikit-learn-14894__structured-summarize__r2,True,2026-09-09T23:10:37.330745,True,True,False,2026-09-01T00:16:13.108969,False,True,scikit-learn__scikit-learn-14894,2,evaluate_only,stale_report_different_patch,ICLR_experiments/swebench/main/devstral24b/d05__b21k__ss/experiment_results.json,ICLR_experiments/swebench/main/devstral24b/d05__b21k__ss/preds/preds_scikit-learn__scikit-learn-14894__structured-summarize__r2.json,ICLR_experiments/swebench/main/devstral24b/d05__b21k__ss/eval/logs/run_evaluation/scikit-learn__scikit-learn-14894__structured-summarize__r2/devstral-2/scikit-learn__scikit-learn-14894
d05__b21k__ss,scikit-learn__scikit-learn-25102__structured-summarize__r3,False,2026-09-09T23:14:09.212832,True,True,False,2026-09-01T00:26:52.165587,False,False,scikit-learn__scikit-learn-25102,3,evaluate_only,stale_report_different_patch,ICLR_experiments/swebench/main/devstral24b/d05__b21k__ss/experiment_results.json,ICLR_experiments/swebench/main/devstral24b/d05__b21k__ss/preds/preds_scikit-learn__scikit-learn-25102__structured-summarize__r3.json,ICLR_experiments/swebench/main/devstral24b/d05__b21k__ss/eval/logs/run_evaluation/scikit-learn__scikit-learn-25102__structured-summarize__r3/devstral-2/scikit-learn__scikit-learn-25102
d05__b21k__ss,scikit-learn__scikit-learn-25931__structured-summarize__r1,True,2026-09-09T23:14:27.642310,True,True,False,2026-09-01T00:29:42.272321,False,True,scikit-learn__scikit-learn-25931,1,evaluate_only,stale_report_different_patch,ICLR_experiments/swebench/main/devstral24b/d05__b21k__ss/experiment_results.json,ICLR_experiments/swebench/main/devstral24b/d05__b21k__ss/preds/preds_scikit-learn__scikit-learn-25931__structured-summarize__r1.json,ICLR_experiments/swebench/main/devstral24b/d05__b21k__ss/eval/logs/run_evaluation/scikit-learn__scikit-learn-25931__structured-summarize__r1/devstral-2/scikit-learn__scikit-learn-25931
d05__b21k__ss,scikit-learn__scikit-learn-25232__structured-summarize__r2,False,2026-09-09T23:14:44.672394,True,True,False,2026-09-01T00:22:16.389553,False,False,scikit-learn__scikit-learn-25232,2,evaluate_only,stale_report_different_patch,ICLR_experiments/swebench/main/devstral24b/d05__b21k__ss/experiment_results.json,ICLR_experiments/swebench/main/devstral24b/d05__b21k__ss/preds/preds_scikit-learn__scikit-learn-25232__structured-summarize__r2.json,ICLR_experiments/swebench/main/devstral24b/d05__b21k__ss/eval/logs/run_evaluation/scikit-learn__scikit-learn-25232__structured-summarize__r2/devstral-2/scikit-learn__scikit-learn-25232
d05__b21k__ss,scikit-learn__scikit-learn-25232__structured-summarize__r1,True,2026-09-09T23:15:06.759217,True,True,False,2026-09-01T00:21:36.869054,False,True,scikit-learn__scikit-learn-25232,1,evaluate_only,stale_report_different_patch,ICLR_experiments/swebench/main/devstral24b/d05__b21k__ss/experiment_results.json,ICLR_experiments/swebench/main/devstral24b/d05__b21k__ss/preds/preds_scikit-learn__scikit-learn-25232__structured-summarize__r1.json,ICLR_experiments/swebench/main/devstral24b/d05__b21k__ss/eval/logs/run_evaluation/scikit-learn__scikit-learn-25232__structured-summarize__r1/devstral-2/scikit-learn__scikit-learn-25232
d05__b21k__ss,scikit-learn__scikit-learn-26194__structured-summarize__r1,True,2026-09-09T23:16:23.050426,True,True,False,2026-09-01T00:37:44.019433,False,True,scikit-learn__scikit-learn-26194,1,evaluate_only,stale_report_different_patch,ICLR_experiments/swebench/main/devstral24b/d05__b21k__ss/experiment_results.json,ICLR_experiments/swebench/main/devstral24b/d05__b21k__ss/preds/preds_scikit-learn__scikit-learn-26194__structured-summarize__r1.json,ICLR_experiments/swebench/main/devstral24b/d05__b21k__ss/eval/logs/run_evaluation/scikit-learn__scikit-learn-26194__structured-summarize__r1/devstral-2/scikit-learn__scikit-learn-26194
d05__b21k__ss,scikit-learn__scikit-learn-26194__structured-summarize__r2,False,2026-09-09T23:19:26.105472,True,True,False,2026-09-01T00:36:13.030138,False,False,scikit-learn__scikit-learn-26194,2,evaluate_only,stale_report_different_patch,ICLR_experiments/swebench/main/devstral24b/d05__b21k__ss/experiment_results.json,ICLR_experiments/swebench/main/devstral24b/d05__b21k__ss/preds/preds_scikit-learn__scikit-learn-26194__structured-summarize__r2.json,ICLR_experiments/swebench/main/devstral24b/d05__b21k__ss/eval/logs/run_evaluation/scikit-learn__scikit-learn-26194__structured-summarize__r2/devstral-2/scikit-learn__scikit-learn-26194
d05__b21k__ss,scikit-learn__scikit-learn-25973__structured-summarize__r3,True,2026-09-09T23:19:28.482304,True,True,False,2026-09-01T00:34:44.628863,False,True,scikit-learn__scikit-learn-25973,3,evaluate_only,stale_report_different_patch,ICLR_experiments/swebench/main/devstral24b/d05__b21k__ss/experiment_results.json,ICLR_experiments/swebench/main/devstral24b/d05__b21k__ss/preds/preds_scikit-learn__scikit-learn-25973__structured-summarize__r3.json,ICLR_experiments/swebench/main/devstral24b/d05__b21k__ss/eval/logs/run_evaluation/scikit-learn__scikit-learn-25973__structured-summarize__r3/devstral-2/scikit-learn__scikit-learn-25973
d05__b21k__ss,scikit-learn__scikit-learn-25102__structured-summarize__r1,False,2026-09-09T23:20:52.524933,True,True,False,2026-09-01T00:16:45.301375,False,False,scikit-learn__scikit-learn-25102,1,evaluate_only,stale_report_different_patch,ICLR_experiments/swebench/main/devstral24b/d05__b21k__ss/experiment_results.json,ICLR_experiments/swebench/main/devstral24b/d05__b21k__ss/preds/preds_scikit-learn__scikit-learn-25102__structured-summarize__r1.json,ICLR_experiments/swebench/main/devstral24b/d05__b21k__ss/eval/logs/run_evaluation/scikit-learn__scikit-learn-25102__structured-summarize__r1/devstral-2/scikit-learn__scikit-learn-25102
d05__b21k__ss-partial,scikit-learn__scikit-learn-13328__structured-summarize-partial__r1,True,2026-09-10T00:25:18.624134,True,True,False,2026-09-01T06:56:35.870224,False,True,scikit-learn__scikit-learn-13328,1,evaluate_only,stale_report_different_patch,ICLR_experiments/swebench/main/devstral24b/d05__b21k__ss-partial/experiment_results.json,ICLR_experiments/swebench/main/devstral24b/d05__b21k__ss-partial/preds/preds_scikit-learn__scikit-learn-13328__structured-summarize-partial__r1.json,ICLR_experiments/swebench/main/devstral24b/d05__b21k__ss-partial/eval/logs/run_evaluation/scikit-learn__scikit-learn-13328__structured-summarize-partial__r1/devstral-2/scikit-learn__scikit-learn-13328
d05__b21k__ss-partial,scikit-learn__scikit-learn-13328__structured-summarize-partial__r3,True,2026-09-10T00:25:22.913869,True,True,False,2026-09-01T06:56:06.069834,False,True,scikit-learn__scikit-learn-13328,3,evaluate_only,stale_report_different_patch,ICLR_experiments/swebench/main/devstral24b/d05__b21k__ss-partial/experiment_results.json,ICLR_experiments/swebench/main/devstral24b/d05__b21k__ss-partial/preds/preds_scikit-learn__scikit-learn-13328__structured-summarize-partial__r3.json,ICLR_experiments/swebench/main/devstral24b/d05__b21k__ss-partial/eval/logs/run_evaluation/scikit-learn__scikit-learn-13328__structured-summarize-partial__r3/devstral-2/scikit-learn__scikit-learn-13328
d05__b21k__ss-partial,sympy__sympy-13757__structured-summarize-partial__r2,True,2026-09-10T00:29:00.439655,True,True,False,2026-09-01T06:58:54.524037,False,True,sympy__sympy-13757,2,evaluate_only,stale_report_different_patch,ICLR_experiments/swebench/main/devstral24b/d05__b21k__ss-partial/experiment_results.json,ICLR_experiments/swebench/main/devstral24b/d05__b21k__ss-partial/preds/preds_sympy__sympy-13757__structured-summarize-partial__r2.json,ICLR_experiments/swebench/main/devstral24b/d05__b21k__ss-partial/eval/logs/run_evaluation/sympy__sympy-13757__structured-summarize-partial__r2/devstral-2/sympy__sympy-13757
d05__b21k__ss-partial,sympy__sympy-13757__structured-summarize-partial__r1,True,2026-09-10T00:31:42.883299,True,True,False,2026-09-01T07:00:49.961546,False,True,sympy__sympy-13757,1,evaluate_only,stale_report_different_patch,ICLR_experiments/swebench/main/devstral24b/d05__b21k__ss-partial/experiment_results.json,ICLR_experiments/swebench/main/devstral24b/d05__b21k__ss-partial/preds/preds_sympy__sympy-13757__structured-summarize-partial__r1.json,ICLR_experiments/swebench/main/devstral24b/d05__b21k__ss-partial/eval/logs/run_evaluation/sympy__sympy-13757__structured-summarize-partial__r1/devstral-2/sympy__sympy-13757
d05__b21k__ss-partial,sympy__sympy-15345__structured-summarize-partial__r2,True,2026-09-10T00:32:22.732221,True,True,False,2026-09-01T07:00:18.145130,False,True,sympy__sympy-15345,2,evaluate_only,stale_report_different_patch,ICLR_experiments/swebench/main/devstral24b/d05__b21k__ss-partial/experiment_results.json,ICLR_experiments/swebench/main/devstral24b/d05__b21k__ss-partial/preds/preds_sympy__sympy-15345__structured-summarize-partial__r2.json,ICLR_experiments/swebench/main/devstral24b/d05__b21k__ss-partial/eval/logs/run_evaluation/sympy__sympy-15345__structured-summarize-partial__r2/devstral-2/sympy__sympy-15345
d05__b21k__ss-partial,django__django-11087__structured-summarize-partial__r3,False,2026-09-10T00:38:21.235092,True,True,False,2026-09-01T07:03:41.243784,False,False,django__django-11087,3,evaluate_only,stale_report_different_patch,ICLR_experiments/swebench/main/devstral24b/d05__b21k__ss-partial/experiment_results.json,ICLR_experiments/swebench/main/devstral24b/d05__b21k__ss-partial/preds/preds_django__django-11087__structured-summarize-partial__r3.json,ICLR_experiments/swebench/main/devstral24b/d05__b21k__ss-partial/eval/logs/run_evaluation/django__django-11087__structured-summarize-partial__r3/devstral-2/django__django-11087
d05__b21k__ss-partial,django__django-12276__structured-summarize-partial__r3,True,2026-09-10T00:40:56.981313,True,True,False,2026-09-01T07:07:00.322386,False,True,django__django-12276,3,evaluate_only,stale_report_different_patch,ICLR_experiments/swebench/main/devstral24b/d05__b21k__ss-partial/experiment_results.json,ICLR_experiments/swebench/main/devstral24b/d05__b21k__ss-partial/preds/preds_django__django-12276__structured-summarize-partial__r3.json,ICLR_experiments/swebench/main/devstral24b/d05__b21k__ss-partial/eval/logs/run_evaluation/django__django-12276__structured-summarize-partial__r3/devstral-2/django__django-12276
d05__b21k__ss-partial,django__django-13809__structured-summarize-partial__r1,True,2026-09-10T00:47:49.214786,True,True,False,2026-09-01T07:10:23.861045,False,True,django__django-13809,1,evaluate_only,stale_report_different_patch,ICLR_experiments/swebench/main/devstral24b/d05__b21k__ss-partial/experiment_results.json,ICLR_experiments/swebench/main/devstral24b/d05__b21k__ss-partial/preds/preds_django__django-13809__structured-summarize-partial__r1.json,ICLR_experiments/swebench/main/devstral24b/d05__b21k__ss-partial/eval/logs/run_evaluation/django__django-13809__structured-summarize-partial__r1/devstral-2/django__django-13809
d05__b21k__ss-partial,django__django-12663__structured-summarize-partial__r2,False,2026-09-10T00:48:47.761913,True,True,False,2026-09-01T07:09:13.660127,False,False,django__django-12663,2,evaluate_only,stale_report_different_patch,ICLR_experiments/swebench/main/devstral24b/d05__b21k__ss-partial/experiment_results.json,ICLR_experiments/swebench/main/devstral24b/d05__b21k__ss-partial/preds/preds_django__django-12663__structured-summarize-partial__r2.json,ICLR_experiments/swebench/main/devstral24b/d05__b21k__ss-partial/eval/logs/run_evaluation/django__django-12663__structured-summarize-partial__r2/devstral-2/django__django-12663
d05__b21k__ss-partial,django__django-13810__structured-summarize-partial__r2,True,2026-09-10T00:52:22.777734,True,True,False,2026-09-01T07:11:25.569851,False,True,django__django-13810,2,evaluate_only,stale_report_different_patch,ICLR_experiments/swebench/main/devstral24b/d05__b21k__ss-partial/experiment_results.json,ICLR_experiments/swebench/main/devstral24b/d05__b21k__ss-partial/preds/preds_django__django-13810__structured-summarize-partial__r2.json,ICLR_experiments/swebench/main/devstral24b/d05__b21k__ss-partial/eval/logs/run_evaluation/django__django-13810__structured-summarize-partial__r2/devstral-2/django__django-13810
d05__b21k__ss-partial,django__django-15278__structured-summarize-partial__r1,True,2026-09-10T00:53:30.666320,True,True,False,2026-09-01T07:12:30.442698,False,True,django__django-15278,1,evaluate_only,stale_report_different_patch,ICLR_experiments/swebench/main/devstral24b/d05__b21k__ss-partial/experiment_results.json,ICLR_experiments/swebench/main/devstral24b/d05__b21k__ss-partial/preds/preds_django__django-15278__structured-summarize-partial__r1.json,ICLR_experiments/swebench/main/devstral24b/d05__b21k__ss-partial/eval/logs/run_evaluation/django__django-15278__structured-summarize-partial__r1/devstral-2/django__django-15278
d05__b21k__ss-partial,django__django-15629__structured-summarize-partial__r1,False,2026-09-10T00:56:16.682480,True,True,False,2026-09-01T07:14:37.928342,False,False,django__django-15629,1,evaluate_only,stale_report_different_patch,ICLR_experiments/swebench/main/devstral24b/d05__b21k__ss-partial/experiment_results.json,ICLR_experiments/swebench/main/devstral24b/d05__b21k__ss-partial/preds/preds_django__django-15629__structured-summarize-partial__r1.json,ICLR_experiments/swebench/main/devstral24b/d05__b21k__ss-partial/eval/logs/run_evaluation/django__django-15629__structured-summarize-partial__r1/devstral-2/django__django-15629
d05__b21k__ss-partial,django__django-15741__structured-summarize-partial__r1,True,2026-09-10T00:56:57.084809,True,True,False,2026-09-01T07:13:33.995528,False,True,django__django-15741,1,evaluate_only,stale_report_different_patch,ICLR_experiments/swebench/main/devstral24b/d05__b21k__ss-partial/experiment_results.json,ICLR_experiments/swebench/main/devstral24b/d05__b21k__ss-partial/preds/preds_django__django-15741__structured-summarize-partial__r1.json,ICLR_experiments/swebench/main/devstral24b/d05__b21k__ss-partial/eval/logs/run_evaluation/django__django-15741__structured-summarize-partial__r1/devstral-2/django__django-15741
d05__b21k__ss-partial,django__django-15741__structured-summarize-partial__r2,True,2026-09-10T00:58:49.678313,True,True,False,2026-09-01T07:14:07.271963,False,True,django__django-15741,2,evaluate_only,stale_report_different_patch,ICLR_experiments/swebench/main/devstral24b/d05__b21k__ss-partial/experiment_results.json,ICLR_experiments/swebench/main/devstral24b/d05__b21k__ss-partial/preds/preds_django__django-15741__structured-summarize-partial__r2.json,ICLR_experiments/swebench/main/devstral24b/d05__b21k__ss-partial/eval/logs/run_evaluation/django__django-15741__structured-summarize-partial__r2/devstral-2/django__django-15741
d05__b21k__ss-partial,django__django-15930__structured-summarize-partial__r3,True,2026-09-10T01:00:59.054750,True,True,False,2026-09-01T07:15:40.461054,False,True,django__django-15930,3,evaluate_only,stale_report_different_patch,ICLR_experiments/swebench/main/devstral24b/d05__b21k__ss-partial/experiment_results.json,ICLR_experiments/swebench/main/devstral24b/d05__b21k__ss-partial/preds/preds_django__django-15930__structured-summarize-partial__r3.json,ICLR_experiments/swebench/main/devstral24b/d05__b21k__ss-partial/eval/logs/run_evaluation/django__django-15930__structured-summarize-partial__r3/devstral-2/django__django-15930
d05__b21k__ss-partial,django__django-15930__structured-summarize-partial__r1,True,2026-09-10T01:02:55.935177,True,True,False,2026-09-01T07:15:07.668679,False,True,django__django-15930,1,evaluate_only,stale_report_different_patch,ICLR_experiments/swebench/main/devstral24b/d05__b21k__ss-partial/experiment_results.json,ICLR_experiments/swebench/main/devstral24b/d05__b21k__ss-partial/preds/preds_django__django-15930__structured-summarize-partial__r1.json,ICLR_experiments/swebench/main/devstral24b/d05__b21k__ss-partial/eval/logs/run_evaluation/django__django-15930__structured-summarize-partial__r1/devstral-2/django__django-15930
d05__b21k__ss-partial,sympy__sympy-14711__structured-summarize-partial__r3,True,2026-09-10T01:13:27.031118,True,True,False,2026-09-01T07:22:05.881637,False,True,sympy__sympy-14711,3,evaluate_only,stale_report_different_patch,ICLR_experiments/swebench/main/devstral24b/d05__b21k__ss-partial/experiment_results.json,ICLR_experiments/swebench/main/devstral24b/d05__b21k__ss-partial/preds/preds_sympy__sympy-14711__structured-summarize-partial__r3.json,ICLR_experiments/swebench/main/devstral24b/d05__b21k__ss-partial/eval/logs/run_evaluation/sympy__sympy-14711__structured-summarize-partial__r3/devstral-2/sympy__sympy-14711
d05__b21k__ss-partial,sympy__sympy-24661__structured-summarize-partial__r2,True,2026-09-10T01:20:17.375961,True,True,False,2026-09-01T07:39:04.858454,False,True,sympy__sympy-24661,2,evaluate_only,stale_report_different_patch,ICLR_experiments/swebench/main/devstral24b/d05__b21k__ss-partial/experiment_results.json,ICLR_experiments/swebench/main/devstral24b/d05__b21k__ss-partial/preds/preds_sympy__sympy-24661__structured-summarize-partial__r2.json,ICLR_experiments/swebench/main/devstral24b/d05__b21k__ss-partial/eval/logs/run_evaluation/sympy__sympy-24661__structured-summarize-partial__r2/devstral-2/sympy__sympy-24661
d05__b21k__ss-partial,sympy__sympy-20916__structured-summarize-partial__r1,False,2026-09-10T01:21:10.954103,True,True,False,2026-09-01T07:35:08.463441,False,False,sympy__sympy-20916,1,evaluate_only,stale_report_different_patch,ICLR_experiments/swebench/main/devstral24b/d05__b21k__ss-partial/experiment_results.json,ICLR_experiments/swebench/main/devstral24b/d05__b21k__ss-partial/preds/preds_sympy__sympy-20916__structured-summarize-partial__r1.json,ICLR_experiments/swebench/main/devstral24b/d05__b21k__ss-partial/eval/logs/run_evaluation/sympy__sympy-20916__structured-summarize-partial__r1/devstral-2/sympy__sympy-20916
d05__b21k__ss-partial,sympy__sympy-22456__structured-summarize-partial__r1,False,2026-09-10T01:22:51.528359,True,True,False,2026-09-01T07:37:44.925434,False,False,sympy__sympy-22456,1,evaluate_only,stale_report_different_patch,ICLR_experiments/swebench/main/devstral24b/d05__b21k__ss-partial/experiment_results.json,ICLR_experiments/swebench/main/devstral24b/d05__b21k__ss-partial/preds/preds_sympy__sympy-22456__structured-summarize-partial__r1.json,ICLR_experiments/swebench/main/devstral24b/d05__b21k__ss-partial/eval/logs/run_evaluation/sympy__sympy-22456__structured-summarize-partial__r1/devstral-2/sympy__sympy-22456
d05__b21k__ss-partial,scikit-learn__scikit-learn-12973__structured-summarize-partial__r2,False,2026-09-10T01:24:58.248289,True,True,False,2026-09-01T07:39:30.742785,False,False,scikit-learn__scikit-learn-12973,2,evaluate_only,stale_report_different_patch,ICLR_experiments/swebench/main/devstral24b/d05__b21k__ss-partial/experiment_results.json,ICLR_experiments/swebench/main/devstral24b/d05__b21k__ss-partial/preds/preds_scikit-learn__scikit-learn-12973__structured-summarize-partial__r2.json,ICLR_experiments/swebench/main/devstral24b/d05__b21k__ss-partial/eval/logs/run_evaluation/scikit-learn__scikit-learn-12973__structured-summarize-partial__r2/devstral-2/scikit-learn__scikit-learn-12973
d05__b21k__ss-partial,scikit-learn__scikit-learn-13135__structured-summarize-partial__r1,True,2026-09-10T01:28:20.803715,True,True,False,2026-09-01T07:40:25.291482,False,True,scikit-learn__scikit-learn-13135,1,evaluate_only,stale_report_different_patch,ICLR_experiments/swebench/main/devstral24b/d05__b21k__ss-partial/experiment_results.json,ICLR_experiments/swebench/main/devstral24b/d05__b21k__ss-partial/preds/preds_scikit-learn__scikit-learn-13135__structured-summarize-partial__r1.json,ICLR_experiments/swebench/main/devstral24b/d05__b21k__ss-partial/eval/logs/run_evaluation/scikit-learn__scikit-learn-13135__structured-summarize-partial__r1/devstral-2/scikit-learn__scikit-learn-13135
d05__b21k__ss-partial,scikit-learn__scikit-learn-13135__structured-summarize-partial__r2,False,2026-09-10T01:29:30.654193,True,True,False,2026-09-01T07:41:20.060183,False,False,scikit-learn__scikit-learn-13135,2,evaluate_only,stale_report_different_patch,ICLR_experiments/swebench/main/devstral24b/d05__b21k__ss-partial/experiment_results.json,ICLR_experiments/swebench/main/devstral24b/d05__b21k__ss-partial/preds/preds_scikit-learn__scikit-learn-13135__structured-summarize-partial__r2.json,ICLR_experiments/swebench/main/devstral24b/d05__b21k__ss-partial/eval/logs/run_evaluation/scikit-learn__scikit-learn-13135__structured-summarize-partial__r2/devstral-2/scikit-learn__scikit-learn-13135
d05__b21k__ss-partial,scikit-learn__scikit-learn-13496__structured-summarize-partial__r2,True,2026-09-10T01:29:33.883562,True,True,False,2026-09-01T07:42:15.940898,False,True,scikit-learn__scikit-learn-13496,2,evaluate_only,stale_report_different_patch,ICLR_experiments/swebench/main/devstral24b/d05__b21k__ss-partial/experiment_results.json,ICLR_experiments/swebench/main/devstral24b/d05__b21k__ss-partial/preds/preds_scikit-learn__scikit-learn-13496__structured-summarize-partial__r2.json,ICLR_experiments/swebench/main/devstral24b/d05__b21k__ss-partial/eval/logs/run_evaluation/scikit-learn__scikit-learn-13496__structured-summarize-partial__r2/devstral-2/scikit-learn__scikit-learn-13496
d05__b21k__ss-partial,scikit-learn__scikit-learn-13496__structured-summarize-partial__r1,True,2026-09-10T01:30:00.979008,True,True,False,2026-09-01T07:45:06.667085,False,True,scikit-learn__scikit-learn-13496,1,evaluate_only,stale_report_different_patch,ICLR_experiments/swebench/main/devstral24b/d05__b21k__ss-partial/experiment_results.json,ICLR_experiments/swebench/main/devstral24b/d05__b21k__ss-partial/preds/preds_scikit-learn__scikit-learn-13496__structured-summarize-partial__r1.json,ICLR_experiments/swebench/main/devstral24b/d05__b21k__ss-partial/eval/logs/run_evaluation/scikit-learn__scikit-learn-13496__structured-summarize-partial__r1/devstral-2/scikit-learn__scikit-learn-13496
d05__b21k__ss-partial,scikit-learn__scikit-learn-14053__structured-summarize-partial__r1,True,2026-09-10T01:31:14.508769,True,True,False,2026-09-01T07:46:43.440325,False,True,scikit-learn__scikit-learn-14053,1,evaluate_only,stale_report_different_patch,ICLR_experiments/swebench/main/devstral24b/d05__b21k__ss-partial/experiment_results.json,ICLR_experiments/swebench/main/devstral24b/d05__b21k__ss-partial/preds/preds_scikit-learn__scikit-learn-14053__structured-summarize-partial__r1.json,ICLR_experiments/swebench/main/devstral24b/d05__b21k__ss-partial/eval/logs/run_evaluation/scikit-learn__scikit-learn-14053__structured-summarize-partial__r1/devstral-2/scikit-learn__scikit-learn-14053
d05__b21k__ss-partial,scikit-learn__scikit-learn-13496__structured-summarize-partial__r3,True,2026-09-10T01:31:27.382572,True,True,False,2026-09-01T07:43:11.941615,False,True,scikit-learn__scikit-learn-13496,3,evaluate_only,stale_report_different_patch,ICLR_experiments/swebench/main/devstral24b/d05__b21k__ss-partial/experiment_results.json,ICLR_experiments/swebench/main/devstral24b/d05__b21k__ss-partial/preds/preds_scikit-learn__scikit-learn-13496__structured-summarize-partial__r3.json,ICLR_experiments/swebench/main/devstral24b/d05__b21k__ss-partial/eval/logs/run_evaluation/scikit-learn__scikit-learn-13496__structured-summarize-partial__r3/devstral-2/scikit-learn__scikit-learn-13496
d05__b21k__ss-partial,scikit-learn__scikit-learn-14710__structured-summarize-partial__r3,,2026-09-10T01:31:59.597183,True,False,True,,False,,scikit-learn__scikit-learn-14710,3,evaluate_only,evaluation_timeout,ICLR_experiments/swebench/main/devstral24b/d05__b21k__ss-partial/experiment_results.json,ICLR_experiments/swebench/main/devstral24b/d05__b21k__ss-partial/preds/preds_scikit-learn__scikit-learn-14710__structured-summarize-partial__r3.json,ICLR_experiments/swebench/main/devstral24b/d05__b21k__ss-partial/eval/logs/run_evaluation/scikit-learn__scikit-learn-14710__structured-summarize-partial__r3/devstral-2/scikit-learn__scikit-learn-14710
d05__b21k__ss-partial,scikit-learn__scikit-learn-14087__structured-summarize-partial__r1,False,2026-09-10T01:32:03.778866,True,True,False,2026-09-01T07:45:40.743521,False,False,scikit-learn__scikit-learn-14087,1,evaluate_only,stale_report_different_patch,ICLR_experiments/swebench/main/devstral24b/d05__b21k__ss-partial/experiment_results.json,ICLR_experiments/swebench/main/devstral24b/d05__b21k__ss-partial/preds/preds_scikit-learn__scikit-learn-14087__structured-summarize-partial__r1.json,ICLR_experiments/swebench/main/devstral24b/d05__b21k__ss-partial/eval/logs/run_evaluation/scikit-learn__scikit-learn-14087__structured-summarize-partial__r1/devstral-2/scikit-learn__scikit-learn-14087
d05__b21k__ss-partial,scikit-learn__scikit-learn-14710__structured-summarize-partial__r1,False,2026-09-10T01:32:15.118302,True,False,True,,False,,scikit-learn__scikit-learn-14710,1,evaluate_only,evaluation_container_image_conflict,ICLR_experiments/swebench/main/devstral24b/d05__b21k__ss-partial/experiment_results.json,ICLR_experiments/swebench/main/devstral24b/d05__b21k__ss-partial/preds/preds_scikit-learn__scikit-learn-14710__structured-summarize-partial__r1.json,ICLR_experiments/swebench/main/devstral24b/d05__b21k__ss-partial/eval/logs/run_evaluation/scikit-learn__scikit-learn-14710__structured-summarize-partial__r1/devstral-2/scikit-learn__scikit-learn-14710
d05__b21k__ss-partial,scikit-learn__scikit-learn-14629__structured-summarize-partial__r3,False,2026-09-10T01:33:07.761322,True,True,False,2026-09-01T07:57:26.664120,False,False,scikit-learn__scikit-learn-14629,3,evaluate_only,stale_report_different_patch,ICLR_experiments/swebench/main/devstral24b/d05__b21k__ss-partial/experiment_results.json,ICLR_experiments/swebench/main/devstral24b/d05__b21k__ss-partial/preds/preds_scikit-learn__scikit-learn-14629__structured-summarize-partial__r3.json,ICLR_experiments/swebench/main/devstral24b/d05__b21k__ss-partial/eval/logs/run_evaluation/scikit-learn__scikit-learn-14629__structured-summarize-partial__r3/devstral-2/scikit-learn__scikit-learn-14629
d05__b21k__ss-partial,scikit-learn__scikit-learn-14710__structured-summarize-partial__r2,False,2026-09-10T01:33:15.844445,True,False,True,,False,,scikit-learn__scikit-learn-14710,2,evaluate_only,evaluation_container_image_conflict,ICLR_experiments/swebench/main/devstral24b/d05__b21k__ss-partial/experiment_results.json,ICLR_experiments/swebench/main/devstral24b/d05__b21k__ss-partial/preds/preds_scikit-learn__scikit-learn-14710__structured-summarize-partial__r2.json,ICLR_experiments/swebench/main/devstral24b/d05__b21k__ss-partial/eval/logs/run_evaluation/scikit-learn__scikit-learn-14710__structured-summarize-partial__r2/devstral-2/scikit-learn__scikit-learn-14710
d05__b21k__ss-partial,scikit-learn__scikit-learn-14894__structured-summarize-partial__r3,True,2026-09-10T01:34:15.861350,True,True,False,2026-09-01T08:07:59.275984,False,True,scikit-learn__scikit-learn-14894,3,evaluate_only,stale_report_different_patch,ICLR_experiments/swebench/main/devstral24b/d05__b21k__ss-partial/experiment_results.json,ICLR_experiments/swebench/main/devstral24b/d05__b21k__ss-partial/preds/preds_scikit-learn__scikit-learn-14894__structured-summarize-partial__r3.json,ICLR_experiments/swebench/main/devstral24b/d05__b21k__ss-partial/eval/logs/run_evaluation/scikit-learn__scikit-learn-14894__structured-summarize-partial__r3/devstral-2/scikit-learn__scikit-learn-14894
d05__b21k__ss-partial,scikit-learn__scikit-learn-14983__structured-summarize-partial__r3,False,2026-09-10T01:36:02.356421,True,True,False,2026-09-01T08:10:29.277867,False,False,scikit-learn__scikit-learn-14983,3,evaluate_only,stale_report_different_patch,ICLR_experiments/swebench/main/devstral24b/d05__b21k__ss-partial/experiment_results.json,ICLR_experiments/swebench/main/devstral24b/d05__b21k__ss-partial/preds/preds_scikit-learn__scikit-learn-14983__structured-summarize-partial__r3.json,ICLR_experiments/swebench/main/devstral24b/d05__b21k__ss-partial/eval/logs/run_evaluation/scikit-learn__scikit-learn-14983__structured-summarize-partial__r3/devstral-2/scikit-learn__scikit-learn-14983
d05__b21k__ss-partial,scikit-learn__scikit-learn-14983__structured-summarize-partial__r2,False,2026-09-10T01:36:18.076464,True,True,False,2026-09-01T08:08:29.744366,False,False,scikit-learn__scikit-learn-14983,2,evaluate_only,stale_report_different_patch,ICLR_experiments/swebench/main/devstral24b/d05__b21k__ss-partial/experiment_results.json,ICLR_experiments/swebench/main/devstral24b/d05__b21k__ss-partial/preds/preds_scikit-learn__scikit-learn-14983__structured-summarize-partial__r2.json,ICLR_experiments/swebench/main/devstral24b/d05__b21k__ss-partial/eval/logs/run_evaluation/scikit-learn__scikit-learn-14983__structured-summarize-partial__r2/devstral-2/scikit-learn__scikit-learn-14983
d05__b21k__ss-partial,scikit-learn__scikit-learn-14087__structured-summarize-partial__r3,False,2026-09-10T01:37:55.443643,True,True,False,2026-09-01T07:46:18.120001,False,False,scikit-learn__scikit-learn-14087,3,evaluate_only,stale_report_different_patch,ICLR_experiments/swebench/main/devstral24b/d05__b21k__ss-partial/experiment_results.json,ICLR_experiments/swebench/main/devstral24b/d05__b21k__ss-partial/preds/preds_scikit-learn__scikit-learn-14087__structured-summarize-partial__r3.json,ICLR_experiments/swebench/main/devstral24b/d05__b21k__ss-partial/eval/logs/run_evaluation/scikit-learn__scikit-learn-14087__structured-summarize-partial__r3/devstral-2/scikit-learn__scikit-learn-14087
d05__b21k__ss-partial,scikit-learn__scikit-learn-25931__structured-summarize-partial__r3,True,2026-09-10T01:38:49.732493,True,True,False,2026-09-01T08:12:19.555254,False,True,scikit-learn__scikit-learn-25931,3,evaluate_only,stale_report_different_patch,ICLR_experiments/swebench/main/devstral24b/d05__b21k__ss-partial/experiment_results.json,ICLR_experiments/swebench/main/devstral24b/d05__b21k__ss-partial/preds/preds_scikit-learn__scikit-learn-25931__structured-summarize-partial__r3.json,ICLR_experiments/swebench/main/devstral24b/d05__b21k__ss-partial/eval/logs/run_evaluation/scikit-learn__scikit-learn-25931__structured-summarize-partial__r3/devstral-2/scikit-learn__scikit-learn-25931
d05__b21k__ss-partial,scikit-learn__scikit-learn-25102__structured-summarize-partial__r3,False,2026-09-10T01:41:09.852218,True,True,False,2026-09-01T08:12:57.335730,False,False,scikit-learn__scikit-learn-25102,3,evaluate_only,stale_report_different_patch,ICLR_experiments/swebench/main/devstral24b/d05__b21k__ss-partial/experiment_results.json,ICLR_experiments/swebench/main/devstral24b/d05__b21k__ss-partial/preds/preds_scikit-learn__scikit-learn-25102__structured-summarize-partial__r3.json,ICLR_experiments/swebench/main/devstral24b/d05__b21k__ss-partial/eval/logs/run_evaluation/scikit-learn__scikit-learn-25102__structured-summarize-partial__r3/devstral-2/scikit-learn__scikit-learn-25102
d05__b21k__ss-partial,scikit-learn__scikit-learn-9288__structured-summarize-partial__r2,True,2026-09-10T01:42:37.712526,True,True,False,2026-09-01T08:14:23.696818,False,True,scikit-learn__scikit-learn-9288,2,evaluate_only,stale_report_different_patch,ICLR_experiments/swebench/main/devstral24b/d05__b21k__ss-partial/experiment_results.json,ICLR_experiments/swebench/main/devstral24b/d05__b21k__ss-partial/preds/preds_scikit-learn__scikit-learn-9288__structured-summarize-partial__r2.json,ICLR_experiments/swebench/main/devstral24b/d05__b21k__ss-partial/eval/logs/run_evaluation/scikit-learn__scikit-learn-9288__structured-summarize-partial__r2/devstral-2/scikit-learn__scikit-learn-9288
d05__b21k__ss-partial,scikit-learn__scikit-learn-26194__structured-summarize-partial__r2,False,2026-09-10T01:42:50.510257,True,True,False,2026-09-01T08:14:55.145214,False,False,scikit-learn__scikit-learn-26194,2,evaluate_only,stale_report_different_patch,ICLR_experiments/swebench/main/devstral24b/d05__b21k__ss-partial/experiment_results.json,ICLR_experiments/swebench/main/devstral24b/d05__b21k__ss-partial/preds/preds_scikit-learn__scikit-learn-26194__structured-summarize-partial__r2.json,ICLR_experiments/swebench/main/devstral24b/d05__b21k__ss-partial/eval/logs/run_evaluation/scikit-learn__scikit-learn-26194__structured-summarize-partial__r2/devstral-2/scikit-learn__scikit-learn-26194
di__b21k__trc-su,scikit-learn__scikit-learn-14710__trc-su__r3,False,2026-09-01T14:52:37.090821,True,False,False,,False,,scikit-learn__scikit-learn-14710,3,evaluate_only,evaluation_container_image_conflict,ICLR_experiments/swebench/main/devstral24b/di__b21k__trc-su/experiment_results.json,ICLR_experiments/swebench/main/devstral24b/di__b21k__trc-su/preds/preds_scikit-learn__scikit-learn-14710__trc-su__r3.json,ICLR_experiments/swebench/main/devstral24b/di__b21k__trc-su/eval/logs/run_evaluation/scikit-learn__scikit-learn-14710__trc-su__r3/devstral-2/scikit-learn__scikit-learn-14710
di__b21k__trc-su,scikit-learn__scikit-learn-14710__trc-su__r1,False,2026-09-01T14:53:36.936774,True,False,True,,False,,scikit-learn__scikit-learn-14710,1,evaluate_only,evaluation_container_image_conflict,ICLR_experiments/swebench/main/devstral24b/di__b21k__trc-su/experiment_results.json,ICLR_experiments/swebench/main/devstral24b/di__b21k__trc-su/preds/preds_scikit-learn__scikit-learn-14710__trc-su__r1.json,ICLR_experiments/swebench/main/devstral24b/di__b21k__trc-su/eval/logs/run_evaluation/scikit-learn__scikit-learn-14710__trc-su__r1/devstral-2/scikit-learn__scikit-learn-14710
di__b21k__trc-su,scikit-learn__scikit-learn-14710__trc-su__r2,False,2026-09-01T14:53:49.201387,True,False,True,,False,,scikit-learn__scikit-learn-14710,2,evaluate_only,evaluation_container_image_conflict,ICLR_experiments/swebench/main/devstral24b/di__b21k__trc-su/experiment_results.json,ICLR_experiments/swebench/main/devstral24b/di__b21k__trc-su/preds/preds_scikit-learn__scikit-learn-14710__trc-su__r2.json,ICLR_experiments/swebench/main/devstral24b/di__b21k__trc-su/eval/logs/run_evaluation/scikit-learn__scikit-learn-14710__trc-su__r2/devstral-2/scikit-learn__scikit-learn-14710
di__b21k__trc-su,scikit-learn__scikit-learn-10297__trc-su__r3,True,2026-09-10T03:21:07.888989,True,True,False,2026-09-01T15:26:56.910348,False,True,scikit-learn__scikit-learn-10297,3,evaluate_only,stale_report_different_patch,ICLR_experiments/swebench/main/devstral24b/di__b21k__trc-su/experiment_results.json,ICLR_experiments/swebench/main/devstral24b/di__b21k__trc-su/preds/preds_scikit-learn__scikit-learn-10297__trc-su__r3.json,ICLR_experiments/swebench/main/devstral24b/di__b21k__trc-su/eval/logs/run_evaluation/scikit-learn__scikit-learn-10297__trc-su__r3/devstral-2/scikit-learn__scikit-learn-10297
di__b21k__trc-su,sympy__sympy-17630__trc-su__r3,False,2026-09-10T03:23:30.401260,True,True,False,2026-09-01T15:46:38.378056,False,False,sympy__sympy-17630,3,evaluate_only,stale_report_different_patch,ICLR_experiments/swebench/main/devstral24b/di__b21k__trc-su/experiment_results.json,ICLR_experiments/swebench/main/devstral24b/di__b21k__trc-su/preds/preds_sympy__sympy-17630__trc-su__r3.json,ICLR_experiments/swebench/main/devstral24b/di__b21k__trc-su/eval/logs/run_evaluation/sympy__sympy-17630__trc-su__r3/devstral-2/sympy__sympy-17630
di__b21k__trc-su,django__django-12276__trc-su__r3,False,2026-09-10T03:24:22.257218,True,True,False,2026-09-01T15:58:29.494321,False,False,django__django-12276,3,evaluate_only,stale_report_different_patch,ICLR_experiments/swebench/main/devstral24b/di__b21k__trc-su/experiment_results.json,ICLR_experiments/swebench/main/devstral24b/di__b21k__trc-su/preds/preds_django__django-12276__trc-su__r3.json,ICLR_experiments/swebench/main/devstral24b/di__b21k__trc-su/eval/logs/run_evaluation/django__django-12276__trc-su__r3/devstral-2/django__django-12276
di__b21k__trc-su,django__django-12663__trc-su__r1,False,2026-09-10T03:27:54.986678,True,True,False,2026-09-01T16:03:39.910224,False,False,django__django-12663,1,evaluate_only,stale_report_different_patch,ICLR_experiments/swebench/main/devstral24b/di__b21k__trc-su/experiment_results.json,ICLR_experiments/swebench/main/devstral24b/di__b21k__trc-su/preds/preds_django__django-12663__trc-su__r1.json,ICLR_experiments/swebench/main/devstral24b/di__b21k__trc-su/eval/logs/run_evaluation/django__django-12663__trc-su__r1/devstral-2/django__django-12663
di__b21k__trc-su,django__django-12663__trc-su__r2,False,2026-09-10T03:29:48.819670,True,True,False,2026-09-01T16:01:14.328382,False,False,django__django-12663,2,evaluate_only,stale_report_different_patch,ICLR_experiments/swebench/main/devstral24b/di__b21k__trc-su/experiment_results.json,ICLR_experiments/swebench/main/devstral24b/di__b21k__trc-su/preds/preds_django__django-12663__trc-su__r2.json,ICLR_experiments/swebench/main/devstral24b/di__b21k__trc-su/eval/logs/run_evaluation/django__django-12663__trc-su__r2/devstral-2/django__django-12663
di__b21k__trc-su,django__django-11087__trc-su__r1,False,2026-09-10T03:30:55.814669,True,True,False,2026-09-01T15:50:18.012447,False,False,django__django-11087,1,evaluate_only,stale_report_different_patch,ICLR_experiments/swebench/main/devstral24b/di__b21k__trc-su/experiment_results.json,ICLR_experiments/swebench/main/devstral24b/di__b21k__trc-su/preds/preds_django__django-11087__trc-su__r1.json,ICLR_experiments/swebench/main/devstral24b/di__b21k__trc-su/eval/logs/run_evaluation/django__django-11087__trc-su__r1/devstral-2/django__django-11087
di__b21k__trc-su,django__django-15098__trc-su__r1,False,2026-09-10T03:31:46.852418,True,True,False,2026-09-01T16:12:02.884685,False,False,django__django-15098,1,evaluate_only,stale_report_different_patch,ICLR_experiments/swebench/main/devstral24b/di__b21k__trc-su/experiment_results.json,ICLR_experiments/swebench/main/devstral24b/di__b21k__trc-su/preds/preds_django__django-15098__trc-su__r1.json,ICLR_experiments/swebench/main/devstral24b/di__b21k__trc-su/eval/logs/run_evaluation/django__django-15098__trc-su__r1/devstral-2/django__django-15098
di__b21k__trc-su,django__django-15525__trc-su__r2,True,2026-09-10T03:35:01.126706,True,True,False,2026-09-01T16:17:14.088723,False,True,django__django-15525,2,evaluate_only,stale_report_different_patch,ICLR_experiments/swebench/main/devstral24b/di__b21k__trc-su/experiment_results.json,ICLR_experiments/swebench/main/devstral24b/di__b21k__trc-su/preds/preds_django__django-15525__trc-su__r2.json,ICLR_experiments/swebench/main/devstral24b/di__b21k__trc-su/eval/logs/run_evaluation/django__django-15525__trc-su__r2/devstral-2/django__django-15525
di__b21k__trc-su,django__django-13810__trc-su__r2,True,2026-09-10T03:35:58.024936,True,True,False,2026-09-01T16:09:00.690332,False,True,django__django-13810,2,evaluate_only,stale_report_different_patch,ICLR_experiments/swebench/main/devstral24b/di__b21k__trc-su/experiment_results.json,ICLR_experiments/swebench/main/devstral24b/di__b21k__trc-su/preds/preds_django__django-13810__trc-su__r2.json,ICLR_experiments/swebench/main/devstral24b/di__b21k__trc-su/eval/logs/run_evaluation/django__django-13810__trc-su__r2/devstral-2/django__django-13810
di__b21k__trc-su,scikit-learn__scikit-learn-25102__trc-su__r3,False,2026-09-10T03:46:29.636129,True,True,False,2026-09-01T17:51:43.704906,False,False,scikit-learn__scikit-learn-25102,3,evaluate_only,stale_report_different_patch,ICLR_experiments/swebench/main/devstral24b/di__b21k__trc-su/experiment_results.json,ICLR_experiments/swebench/main/devstral24b/di__b21k__trc-su/preds/preds_scikit-learn__scikit-learn-25102__trc-su__r3.json,ICLR_experiments/swebench/main/devstral24b/di__b21k__trc-su/eval/logs/run_evaluation/scikit-learn__scikit-learn-25102__trc-su__r3/devstral-2/scikit-learn__scikit-learn-25102
di__b21k__trc-ss,scikit-learn__scikit-learn-14710__trc-ss__r3,False,2026-09-01T19:35:44.753704,True,False,False,,False,,scikit-learn__scikit-learn-14710,3,evaluate_only,evaluation_container_image_conflict,ICLR_experiments/swebench/main/devstral24b/di__b21k__trc-ss/experiment_results.json,ICLR_experiments/swebench/main/devstral24b/di__b21k__trc-ss/preds/preds_scikit-learn__scikit-learn-14710__trc-ss__r3.json,ICLR_experiments/swebench/main/devstral24b/di__b21k__trc-ss/eval/logs/run_evaluation/scikit-learn__scikit-learn-14710__trc-ss__r3/devstral-2/scikit-learn__scikit-learn-14710
di__b21k__trc-ss,scikit-learn__scikit-learn-14710__trc-ss__r2,False,2026-09-01T19:37:30.847421,True,False,False,,False,,scikit-learn__scikit-learn-14710,2,evaluate_only,evaluation_container_image_conflict,ICLR_experiments/swebench/main/devstral24b/di__b21k__trc-ss/experiment_results.json,ICLR_experiments/swebench/main/devstral24b/di__b21k__trc-ss/preds/preds_scikit-learn__scikit-learn-14710__trc-ss__r2.json,ICLR_experiments/swebench/main/devstral24b/di__b21k__trc-ss/eval/logs/run_evaluation/scikit-learn__scikit-learn-14710__trc-ss__r2/devstral-2/scikit-learn__scikit-learn-14710
di__b21k__trc-ss,django__django-13964__trc-ss__r2,False,2026-09-10T04:06:44.099832,True,True,False,2026-09-01T19:59:54.134362,False,False,django__django-13964,2,evaluate_only,stale_report_different_patch,ICLR_experiments/swebench/main/devstral24b/di__b21k__trc-ss/experiment_results.json,ICLR_experiments/swebench/main/devstral24b/di__b21k__trc-ss/preds/preds_django__django-13964__trc-ss__r2.json,ICLR_experiments/swebench/main/devstral24b/di__b21k__trc-ss/eval/logs/run_evaluation/django__django-13964__trc-ss__r2/devstral-2/django__django-13964
di__b21k__trc-ss,django__django-14999__trc-ss__r3,True,2026-09-10T04:06:56.443349,True,True,False,2026-09-01T20:09:30.694117,False,True,django__django-14999,3,evaluate_only,stale_report_different_patch,ICLR_experiments/swebench/main/devstral24b/di__b21k__trc-ss/experiment_results.json,ICLR_experiments/swebench/main/devstral24b/di__b21k__trc-ss/preds/preds_django__django-14999__trc-ss__r3.json,ICLR_experiments/swebench/main/devstral24b/di__b21k__trc-ss/eval/logs/run_evaluation/django__django-14999__trc-ss__r3/devstral-2/django__django-14999
di__b21k__trc-ss,sympy__sympy-24443__trc-ss__r3,True,2026-09-10T04:06:58.328983,True,True,False,2026-09-01T20:35:51.057680,False,True,sympy__sympy-24443,3,evaluate_only,stale_report_different_patch,ICLR_experiments/swebench/main/devstral24b/di__b21k__trc-ss/experiment_results.json,ICLR_experiments/swebench/main/devstral24b/di__b21k__trc-ss/preds/preds_sympy__sympy-24443__trc-ss__r3.json,ICLR_experiments/swebench/main/devstral24b/di__b21k__trc-ss/eval/logs/run_evaluation/sympy__sympy-24443__trc-ss__r3/devstral-2/sympy__sympy-24443
di__b21k__trc-ss,django__django-11299__trc-ss__r2,True,2026-09-10T04:08:29.092649,True,True,False,2026-09-01T20:12:01.676172,False,True,django__django-11299,2,evaluate_only,stale_report_different_patch,ICLR_experiments/swebench/main/devstral24b/di__b21k__trc-ss/experiment_results.json,ICLR_experiments/swebench/main/devstral24b/di__b21k__trc-ss/preds/preds_django__django-11299__trc-ss__r2.json,ICLR_experiments/swebench/main/devstral24b/di__b21k__trc-ss/eval/logs/run_evaluation/django__django-11299__trc-ss__r2/devstral-2/django__django-11299
di__b21k__trc-ss,django__django-11095__trc-ss__r3,True,2026-09-10T04:09:49.473826,True,True,False,2026-09-01T20:40:15.549076,False,True,django__django-11095,3,evaluate_only,stale_report_different_patch,ICLR_experiments/swebench/main/devstral24b/di__b21k__trc-ss/experiment_results.json,ICLR_experiments/swebench/main/devstral24b/di__b21k__trc-ss/preds/preds_django__django-11095__trc-ss__r3.json,ICLR_experiments/swebench/main/devstral24b/di__b21k__trc-ss/eval/logs/run_evaluation/django__django-11095__trc-ss__r3/devstral-2/django__django-11095
di__b21k__trc-ss,django__django-14725__trc-ss__r3,False,2026-09-10T04:16:52.066045,True,True,False,2026-09-01T20:52:10.826444,False,False,django__django-14725,3,evaluate_only,stale_report_different_patch,ICLR_experiments/swebench/main/devstral24b/di__b21k__trc-ss/experiment_results.json,ICLR_experiments/swebench/main/devstral24b/di__b21k__trc-ss/preds/preds_django__django-14725__trc-ss__r3.json,ICLR_experiments/swebench/main/devstral24b/di__b21k__trc-ss/eval/logs/run_evaluation/django__django-14725__trc-ss__r3/devstral-2/django__django-14725
di__b21k__trc-ss,django__django-15278__trc-ss__r3,True,2026-09-10T04:17:30.434804,True,True,False,2026-09-01T20:55:51.949007,False,True,django__django-15278,3,evaluate_only,stale_report_different_patch,ICLR_experiments/swebench/main/devstral24b/di__b21k__trc-ss/experiment_results.json,ICLR_experiments/swebench/main/devstral24b/di__b21k__trc-ss/preds/preds_django__django-15278__trc-ss__r3.json,ICLR_experiments/swebench/main/devstral24b/di__b21k__trc-ss/eval/logs/run_evaluation/django__django-15278__trc-ss__r3/devstral-2/django__django-15278
di__b21k__trc-ss,django__django-13810__trc-ss__r2,True,2026-09-10T04:21:23.750818,True,True,False,2026-09-01T20:47:33.194788,False,True,django__django-13810,2,evaluate_only,stale_report_different_patch,ICLR_experiments/swebench/main/devstral24b/di__b21k__trc-ss/experiment_results.json,ICLR_experiments/swebench/main/devstral24b/di__b21k__trc-ss/preds/preds_django__django-13810__trc-ss__r2.json,ICLR_experiments/swebench/main/devstral24b/di__b21k__trc-ss/eval/logs/run_evaluation/django__django-13810__trc-ss__r2/devstral-2/django__django-13810
di__b21k__trc-ss,scikit-learn__scikit-learn-13124__trc-ss__r1,False,2026-09-10T04:21:38.827689,True,True,False,2026-09-01T21:54:46.980565,False,False,scikit-learn__scikit-learn-13124,1,evaluate_only,stale_report_different_patch,ICLR_experiments/swebench/main/devstral24b/di__b21k__trc-ss/experiment_results.json,ICLR_experiments/swebench/main/devstral24b/di__b21k__trc-ss/preds/preds_scikit-learn__scikit-learn-13124__trc-ss__r1.json,ICLR_experiments/swebench/main/devstral24b/di__b21k__trc-ss/eval/logs/run_evaluation/scikit-learn__scikit-learn-13124__trc-ss__r1/devstral-2/scikit-learn__scikit-learn-13124
di__b21k__trc-ss,scikit-learn__scikit-learn-14710__trc-ss__r1,,2026-09-10T04:23:12.927382,True,False,True,,False,,scikit-learn__scikit-learn-14710,1,evaluate_only,evaluation_timeout,ICLR_experiments/swebench/main/devstral24b/di__b21k__trc-ss/experiment_results.json,ICLR_experiments/swebench/main/devstral24b/di__b21k__trc-ss/preds/preds_scikit-learn__scikit-learn-14710__trc-ss__r1.json,ICLR_experiments/swebench/main/devstral24b/di__b21k__trc-ss/eval/logs/run_evaluation/scikit-learn__scikit-learn-14710__trc-ss__r1/devstral-2/scikit-learn__scikit-learn-14710
di__b21k__trc-ss,scikit-learn__scikit-learn-25102__trc-ss__r3,False,2026-09-10T04:27:14.134447,True,True,False,2026-09-01T22:07:33.650213,False,False,scikit-learn__scikit-learn-25102,3,evaluate_only,stale_report_different_patch,ICLR_experiments/swebench/main/devstral24b/di__b21k__trc-ss/experiment_results.json,ICLR_experiments/swebench/main/devstral24b/di__b21k__trc-ss/preds/preds_scikit-learn__scikit-learn-25102__trc-ss__r3.json,ICLR_experiments/swebench/main/devstral24b/di__b21k__trc-ss/eval/logs/run_evaluation/scikit-learn__scikit-learn-25102__trc-ss__r3/devstral-2/scikit-learn__scikit-learn-25102
