benchmark,section,cohort_model_path,cell,model,primitive,budget_tokens,depth,task,condition,run,rerun_priority,rerun_reason,summary_marker_errors,summary_failure_lower_bound,trajectory,error_response_details
terminalbench,ablation,qwen35b,d05__b2k__ss,hosted_vllm/Qwen/Qwen3.5-35B-A3B,structured_summarize,2000,0.5,blind-maze-explorer-5x5,structured-summarize,run_1,priority,summary_marker_error,11,,/home/ak58925/agentCtx/ICLR_results/terminalbench/ablation/qwen35b/d05__b2k__ss/blind-maze-explorer-5x5/structured-summarize/run_1/trajectory.json,/home/ak58925/agentCtx-summarization/results/query-error-audit-20260907/details/00001.txt
terminalbench,ablation,qwen35b,d05__b2k__ss,hosted_vllm/Qwen/Qwen3.5-35B-A3B,structured_summarize,2000,0.5,blind-maze-explorer-5x5,structured-summarize,run_2,priority,summary_marker_error,10,,/home/ak58925/agentCtx/ICLR_results/terminalbench/ablation/qwen35b/d05__b2k__ss/blind-maze-explorer-5x5/structured-summarize/run_2/trajectory.json,/home/ak58925/agentCtx-summarization/results/query-error-audit-20260907/details/00002.txt
terminalbench,ablation,qwen35b,d05__b2k__ss,hosted_vllm/Qwen/Qwen3.5-35B-A3B,structured_summarize,2000,0.5,blind-maze-explorer-5x5,structured-summarize,run_3,priority,summary_marker_error,10,,/home/ak58925/agentCtx/ICLR_results/terminalbench/ablation/qwen35b/d05__b2k__ss/blind-maze-explorer-5x5/structured-summarize/run_3/trajectory.json,/home/ak58925/agentCtx-summarization/results/query-error-audit-20260907/details/00003.txt
terminalbench,ablation,qwen35b,d05__b2k__ss,hosted_vllm/Qwen/Qwen3.5-35B-A3B,structured_summarize,2000,0.5,crack-7z-hash.hard,structured-summarize,run_1,priority,summary_marker_error,33,,/home/ak58925/agentCtx/ICLR_results/terminalbench/ablation/qwen35b/d05__b2k__ss/crack-7z-hash.hard/structured-summarize/run_1/trajectory.json,/home/ak58925/agentCtx-summarization/results/query-error-audit-20260907/details/00004.txt
terminalbench,ablation,qwen35b,d05__b2k__ss,hosted_vllm/Qwen/Qwen3.5-35B-A3B,structured_summarize,2000,0.5,csv-to-parquet,structured-summarize,run_1,priority,summary_marker_error,64,,/home/ak58925/agentCtx/ICLR_results/terminalbench/ablation/qwen35b/d05__b2k__ss/csv-to-parquet/structured-summarize/run_1/trajectory.json,/home/ak58925/agentCtx-summarization/results/query-error-audit-20260907/details/00005.txt
terminalbench,ablation,qwen35b,d05__b2k__ss,hosted_vllm/Qwen/Qwen3.5-35B-A3B,structured_summarize,2000,0.5,csv-to-parquet,structured-summarize,run_3,priority,summary_marker_error,62,,/home/ak58925/agentCtx/ICLR_results/terminalbench/ablation/qwen35b/d05__b2k__ss/csv-to-parquet/structured-summarize/run_3/trajectory.json,/home/ak58925/agentCtx-summarization/results/query-error-audit-20260907/details/00006.txt
terminalbench,ablation,qwen35b,d05__b2k__ss,hosted_vllm/Qwen/Qwen3.5-35B-A3B,structured_summarize,2000,0.5,download-youtube,structured-summarize,run_2,priority,summary_marker_error,5,,/home/ak58925/agentCtx/ICLR_results/terminalbench/ablation/qwen35b/d05__b2k__ss/download-youtube/structured-summarize/run_2/trajectory.json,/home/ak58925/agentCtx-summarization/results/query-error-audit-20260907/details/00007.txt
terminalbench,ablation,qwen35b,d05__b2k__ss,hosted_vllm/Qwen/Qwen3.5-35B-A3B,structured_summarize,2000,0.5,download-youtube,structured-summarize,run_3,priority,summary_marker_error,35,,/home/ak58925/agentCtx/ICLR_results/terminalbench/ablation/qwen35b/d05__b2k__ss/download-youtube/structured-summarize/run_3/trajectory.json,/home/ak58925/agentCtx-summarization/results/query-error-audit-20260907/details/00008.txt
terminalbench,ablation,qwen35b,d05__b2k__ss,hosted_vllm/Qwen/Qwen3.5-35B-A3B,structured_summarize,2000,0.5,gpt2-codegolf,structured-summarize,run_3,priority,summary_marker_error,24,,/home/ak58925/agentCtx/ICLR_results/terminalbench/ablation/qwen35b/d05__b2k__ss/gpt2-codegolf/structured-summarize/run_3/trajectory.json,/home/ak58925/agentCtx-summarization/results/query-error-audit-20260907/details/00009.txt
terminalbench,ablation,qwen35b,d05__b2k__ss,hosted_vllm/Qwen/Qwen3.5-35B-A3B,structured_summarize,2000,0.5,heterogeneous-dates,structured-summarize,run_2,priority,summary_marker_error,22,,/home/ak58925/agentCtx/ICLR_results/terminalbench/ablation/qwen35b/d05__b2k__ss/heterogeneous-dates/structured-summarize/run_2/trajectory.json,/home/ak58925/agentCtx-summarization/results/query-error-audit-20260907/details/00010.txt
terminalbench,ablation,qwen35b,d05__b2k__ss,hosted_vllm/Qwen/Qwen3.5-35B-A3B,structured_summarize,2000,0.5,heterogeneous-dates,structured-summarize,run_3,priority,summary_marker_error,5,,/home/ak58925/agentCtx/ICLR_results/terminalbench/ablation/qwen35b/d05__b2k__ss/heterogeneous-dates/structured-summarize/run_3/trajectory.json,/home/ak58925/agentCtx-summarization/results/query-error-audit-20260907/details/00011.txt
terminalbench,ablation,qwen35b,d05__b2k__ss,hosted_vllm/Qwen/Qwen3.5-35B-A3B,structured_summarize,2000,0.5,hf-model-inference,structured-summarize,run_1,priority,summary_marker_error,62,,/home/ak58925/agentCtx/ICLR_results/terminalbench/ablation/qwen35b/d05__b2k__ss/hf-model-inference/structured-summarize/run_1/trajectory.json,/home/ak58925/agentCtx-summarization/results/query-error-audit-20260907/details/00012.txt
terminalbench,ablation,qwen35b,d05__b2k__ss,hosted_vllm/Qwen/Qwen3.5-35B-A3B,structured_summarize,2000,0.5,hf-model-inference,structured-summarize,run_2,priority,summary_marker_error,55,,/home/ak58925/agentCtx/ICLR_results/terminalbench/ablation/qwen35b/d05__b2k__ss/hf-model-inference/structured-summarize/run_2/trajectory.json,/home/ak58925/agentCtx-summarization/results/query-error-audit-20260907/details/00013.txt
terminalbench,ablation,qwen35b,d05__b2k__ss,hosted_vllm/Qwen/Qwen3.5-35B-A3B,structured_summarize,2000,0.5,hf-model-inference,structured-summarize,run_3,priority,summary_marker_error,64,,/home/ak58925/agentCtx/ICLR_results/terminalbench/ablation/qwen35b/d05__b2k__ss/hf-model-inference/structured-summarize/run_3/trajectory.json,/home/ak58925/agentCtx-summarization/results/query-error-audit-20260907/details/00014.txt
terminalbench,ablation,qwen35b,d05__b2k__ss,hosted_vllm/Qwen/Qwen3.5-35B-A3B,structured_summarize,2000,0.5,incompatible-python-fasttext,structured-summarize,run_1,priority,summary_marker_error,3,,/home/ak58925/agentCtx/ICLR_results/terminalbench/ablation/qwen35b/d05__b2k__ss/incompatible-python-fasttext/structured-summarize/run_1/trajectory.json,/home/ak58925/agentCtx-summarization/results/query-error-audit-20260907/details/00015.txt
terminalbench,ablation,qwen35b,d05__b2k__ss,hosted_vllm/Qwen/Qwen3.5-35B-A3B,structured_summarize,2000,0.5,incompatible-python-fasttext,structured-summarize,run_2,priority,summary_marker_error,66,,/home/ak58925/agentCtx/ICLR_results/terminalbench/ablation/qwen35b/d05__b2k__ss/incompatible-python-fasttext/structured-summarize/run_2/trajectory.json,/home/ak58925/agentCtx-summarization/results/query-error-audit-20260907/details/00016.txt
terminalbench,ablation,qwen35b,d05__b2k__ss,hosted_vllm/Qwen/Qwen3.5-35B-A3B,structured_summarize,2000,0.5,incompatible-python-fasttext,structured-summarize,run_3,priority,summary_marker_error,81,,/home/ak58925/agentCtx/ICLR_results/terminalbench/ablation/qwen35b/d05__b2k__ss/incompatible-python-fasttext/structured-summarize/run_3/trajectory.json,/home/ak58925/agentCtx-summarization/results/query-error-audit-20260907/details/00017.txt
terminalbench,ablation,qwen35b,d05__b2k__ss,hosted_vllm/Qwen/Qwen3.5-35B-A3B,structured_summarize,2000,0.5,processing-pipeline,structured-summarize,run_1,priority,summary_marker_error,49,,/home/ak58925/agentCtx/ICLR_results/terminalbench/ablation/qwen35b/d05__b2k__ss/processing-pipeline/structured-summarize/run_1/trajectory.json,/home/ak58925/agentCtx-summarization/results/query-error-audit-20260907/details/00018.txt
terminalbench,ablation,qwen35b,d05__b2k__ss,hosted_vllm/Qwen/Qwen3.5-35B-A3B,structured_summarize,2000,0.5,processing-pipeline,structured-summarize,run_3,priority,summary_marker_error,40,,/home/ak58925/agentCtx/ICLR_results/terminalbench/ablation/qwen35b/d05__b2k__ss/processing-pipeline/structured-summarize/run_3/trajectory.json,/home/ak58925/agentCtx-summarization/results/query-error-audit-20260907/details/00019.txt
terminalbench,ablation,qwen35b,d05__b2k__ss,hosted_vllm/Qwen/Qwen3.5-35B-A3B,structured_summarize,2000,0.5,prove-plus-comm,structured-summarize,run_3,priority,summary_marker_error,1,,/home/ak58925/agentCtx/ICLR_results/terminalbench/ablation/qwen35b/d05__b2k__ss/prove-plus-comm/structured-summarize/run_3/trajectory.json,/home/ak58925/agentCtx-summarization/results/query-error-audit-20260907/details/00020.txt
terminalbench,ablation,qwen35b,d05__b2k__ss,hosted_vllm/Qwen/Qwen3.5-35B-A3B,structured_summarize,2000,0.5,pytorch-model-cli.hard,structured-summarize,run_1,priority,summary_marker_error,1,,/home/ak58925/agentCtx/ICLR_results/terminalbench/ablation/qwen35b/d05__b2k__ss/pytorch-model-cli.hard/structured-summarize/run_1/trajectory.json,/home/ak58925/agentCtx-summarization/results/query-error-audit-20260907/details/00021.txt
terminalbench,ablation,qwen35b,d05__b2k__ss,hosted_vllm/Qwen/Qwen3.5-35B-A3B,structured_summarize,2000,0.5,pytorch-model-cli.hard,structured-summarize,run_2,priority,summary_marker_error,3,,/home/ak58925/agentCtx/ICLR_results/terminalbench/ablation/qwen35b/d05__b2k__ss/pytorch-model-cli.hard/structured-summarize/run_2/trajectory.json,/home/ak58925/agentCtx-summarization/results/query-error-audit-20260907/details/00022.txt
terminalbench,ablation,qwen35b,d05__b2k__ss,hosted_vllm/Qwen/Qwen3.5-35B-A3B,structured_summarize,2000,0.5,pytorch-model-cli.hard,structured-summarize,run_3,priority,summary_marker_error,82,,/home/ak58925/agentCtx/ICLR_results/terminalbench/ablation/qwen35b/d05__b2k__ss/pytorch-model-cli.hard/structured-summarize/run_3/trajectory.json,/home/ak58925/agentCtx-summarization/results/query-error-audit-20260907/details/00023.txt
terminalbench,ablation,qwen35b,d05__b2k__ss,hosted_vllm/Qwen/Qwen3.5-35B-A3B,structured_summarize,2000,0.5,sanitize-git-repo.hard,structured-summarize,run_1,priority,summary_marker_error,27,,/home/ak58925/agentCtx/ICLR_results/terminalbench/ablation/qwen35b/d05__b2k__ss/sanitize-git-repo.hard/structured-summarize/run_1/trajectory.json,/home/ak58925/agentCtx-summarization/results/query-error-audit-20260907/details/00024.txt
terminalbench,ablation,qwen35b,d05__b2k__ss,hosted_vllm/Qwen/Qwen3.5-35B-A3B,structured_summarize,2000,0.5,sanitize-git-repo.hard,structured-summarize,run_2,priority,summary_marker_error,27,,/home/ak58925/agentCtx/ICLR_results/terminalbench/ablation/qwen35b/d05__b2k__ss/sanitize-git-repo.hard/structured-summarize/run_2/trajectory.json,/home/ak58925/agentCtx-summarization/results/query-error-audit-20260907/details/00025.txt
terminalbench,ablation,qwen35b,d05__b2k__ss,hosted_vllm/Qwen/Qwen3.5-35B-A3B,structured_summarize,2000,0.5,sanitize-git-repo.hard,structured-summarize,run_3,priority,summary_marker_error,26,,/home/ak58925/agentCtx/ICLR_results/terminalbench/ablation/qwen35b/d05__b2k__ss/sanitize-git-repo.hard/structured-summarize/run_3/trajectory.json,/home/ak58925/agentCtx-summarization/results/query-error-audit-20260907/details/00026.txt
terminalbench,ablation,qwen35b,d05__b2k__ss,hosted_vllm/Qwen/Qwen3.5-35B-A3B,structured_summarize,2000,0.5,sqlite-with-gcov,structured-summarize,run_1,priority,summary_marker_error,12,,/home/ak58925/agentCtx/ICLR_results/terminalbench/ablation/qwen35b/d05__b2k__ss/sqlite-with-gcov/structured-summarize/run_1/trajectory.json,/home/ak58925/agentCtx-summarization/results/query-error-audit-20260907/details/00027.txt
terminalbench,ablation,qwen35b,d05__b2k__ss,hosted_vllm/Qwen/Qwen3.5-35B-A3B,structured_summarize,2000,0.5,sqlite-with-gcov,structured-summarize,run_2,priority,summary_marker_error,100,,/home/ak58925/agentCtx/ICLR_results/terminalbench/ablation/qwen35b/d05__b2k__ss/sqlite-with-gcov/structured-summarize/run_2/trajectory.json,/home/ak58925/agentCtx-summarization/results/query-error-audit-20260907/details/00028.txt
terminalbench,ablation,qwen35b,d05__b2k__ss,hosted_vllm/Qwen/Qwen3.5-35B-A3B,structured_summarize,2000,0.5,swe-bench-fsspec,structured-summarize,run_1,priority,summary_marker_error,71,,/home/ak58925/agentCtx/ICLR_results/terminalbench/ablation/qwen35b/d05__b2k__ss/swe-bench-fsspec/structured-summarize/run_1/trajectory.json,/home/ak58925/agentCtx-summarization/results/query-error-audit-20260907/details/00029.txt
terminalbench,ablation,qwen35b,d05__b2k__ss,hosted_vllm/Qwen/Qwen3.5-35B-A3B,structured_summarize,2000,0.5,swe-bench-fsspec,structured-summarize,run_2,priority,summary_marker_error,48,,/home/ak58925/agentCtx/ICLR_results/terminalbench/ablation/qwen35b/d05__b2k__ss/swe-bench-fsspec/structured-summarize/run_2/trajectory.json,/home/ak58925/agentCtx-summarization/results/query-error-audit-20260907/details/00030.txt
terminalbench,ablation,qwen35b,d05__b2k__ss,hosted_vllm/Qwen/Qwen3.5-35B-A3B,structured_summarize,2000,0.5,swe-bench-fsspec,structured-summarize,run_3,priority,summary_marker_error,5,,/home/ak58925/agentCtx/ICLR_results/terminalbench/ablation/qwen35b/d05__b2k__ss/swe-bench-fsspec/structured-summarize/run_3/trajectory.json,/home/ak58925/agentCtx-summarization/results/query-error-audit-20260907/details/00031.txt
terminalbench,ablation,qwen35b,d05__b2k__ss,hosted_vllm/Qwen/Qwen3.5-35B-A3B,structured_summarize,2000,0.5,write-compressor,structured-summarize,run_1,priority,summary_marker_error,49,,/home/ak58925/agentCtx/ICLR_results/terminalbench/ablation/qwen35b/d05__b2k__ss/write-compressor/structured-summarize/run_1/trajectory.json,/home/ak58925/agentCtx-summarization/results/query-error-audit-20260907/details/00032.txt
terminalbench,ablation,qwen35b,d05__b2k__ss,hosted_vllm/Qwen/Qwen3.5-35B-A3B,structured_summarize,2000,0.5,write-compressor,structured-summarize,run_3,priority,summary_marker_error,49,,/home/ak58925/agentCtx/ICLR_results/terminalbench/ablation/qwen35b/d05__b2k__ss/write-compressor/structured-summarize/run_3/trajectory.json,/home/ak58925/agentCtx-summarization/results/query-error-audit-20260907/details/00033.txt
terminalbench,ablation,qwen35b,d05__b2k__ss-partial,hosted_vllm/Qwen/Qwen3.5-35B-A3B,structured_summarize_partial,2000,0.5,blind-maze-explorer-5x5,structured-summarize-partial,run_1,priority,summary_marker_error,11,,/home/ak58925/agentCtx/ICLR_results/terminalbench/ablation/qwen35b/d05__b2k__ss-partial/blind-maze-explorer-5x5/structured-summarize-partial/run_1/trajectory.json,/home/ak58925/agentCtx-summarization/results/query-error-audit-20260907/details/00034.txt
terminalbench,ablation,qwen35b,d05__b2k__ss-partial,hosted_vllm/Qwen/Qwen3.5-35B-A3B,structured_summarize_partial,2000,0.5,blind-maze-explorer-5x5,structured-summarize-partial,run_2,priority,summary_marker_error,11,,/home/ak58925/agentCtx/ICLR_results/terminalbench/ablation/qwen35b/d05__b2k__ss-partial/blind-maze-explorer-5x5/structured-summarize-partial/run_2/trajectory.json,/home/ak58925/agentCtx-summarization/results/query-error-audit-20260907/details/00035.txt
terminalbench,ablation,qwen35b,d05__b2k__ss-partial,hosted_vllm/Qwen/Qwen3.5-35B-A3B,structured_summarize_partial,2000,0.5,blind-maze-explorer-5x5,structured-summarize-partial,run_3,priority,summary_marker_error,10,,/home/ak58925/agentCtx/ICLR_results/terminalbench/ablation/qwen35b/d05__b2k__ss-partial/blind-maze-explorer-5x5/structured-summarize-partial/run_3/trajectory.json,/home/ak58925/agentCtx-summarization/results/query-error-audit-20260907/details/00036.txt
terminalbench,ablation,qwen35b,d05__b2k__ss-partial,hosted_vllm/Qwen/Qwen3.5-35B-A3B,structured_summarize_partial,2000,0.5,crack-7z-hash.hard,structured-summarize-partial,run_1,priority,summary_marker_error,62,,/home/ak58925/agentCtx/ICLR_results/terminalbench/ablation/qwen35b/d05__b2k__ss-partial/crack-7z-hash.hard/structured-summarize-partial/run_1/trajectory.json,/home/ak58925/agentCtx-summarization/results/query-error-audit-20260907/details/00037.txt
terminalbench,ablation,qwen35b,d05__b2k__ss-partial,hosted_vllm/Qwen/Qwen3.5-35B-A3B,structured_summarize_partial,2000,0.5,crack-7z-hash.hard,structured-summarize-partial,run_2,priority,summary_marker_error,47,,/home/ak58925/agentCtx/ICLR_results/terminalbench/ablation/qwen35b/d05__b2k__ss-partial/crack-7z-hash.hard/structured-summarize-partial/run_2/trajectory.json,/home/ak58925/agentCtx-summarization/results/query-error-audit-20260907/details/00038.txt
terminalbench,ablation,qwen35b,d05__b2k__ss-partial,hosted_vllm/Qwen/Qwen3.5-35B-A3B,structured_summarize_partial,2000,0.5,crack-7z-hash.hard,structured-summarize-partial,run_3,priority,summary_marker_error,54,,/home/ak58925/agentCtx/ICLR_results/terminalbench/ablation/qwen35b/d05__b2k__ss-partial/crack-7z-hash.hard/structured-summarize-partial/run_3/trajectory.json,/home/ak58925/agentCtx-summarization/results/query-error-audit-20260907/details/00039.txt
terminalbench,ablation,qwen35b,d05__b2k__ss-partial,hosted_vllm/Qwen/Qwen3.5-35B-A3B,structured_summarize_partial,2000,0.5,csv-to-parquet,structured-summarize-partial,run_1,priority,summary_marker_error,69,,/home/ak58925/agentCtx/ICLR_results/terminalbench/ablation/qwen35b/d05__b2k__ss-partial/csv-to-parquet/structured-summarize-partial/run_1/trajectory.json,/home/ak58925/agentCtx-summarization/results/query-error-audit-20260907/details/00040.txt
terminalbench,ablation,qwen35b,d05__b2k__ss-partial,hosted_vllm/Qwen/Qwen3.5-35B-A3B,structured_summarize_partial,2000,0.5,csv-to-parquet,structured-summarize-partial,run_2,priority,summary_marker_error,65,,/home/ak58925/agentCtx/ICLR_results/terminalbench/ablation/qwen35b/d05__b2k__ss-partial/csv-to-parquet/structured-summarize-partial/run_2/trajectory.json,/home/ak58925/agentCtx-summarization/results/query-error-audit-20260907/details/00041.txt
terminalbench,ablation,qwen35b,d05__b2k__ss-partial,hosted_vllm/Qwen/Qwen3.5-35B-A3B,structured_summarize_partial,2000,0.5,csv-to-parquet,structured-summarize-partial,run_3,priority,summary_marker_error,57,,/home/ak58925/agentCtx/ICLR_results/terminalbench/ablation/qwen35b/d05__b2k__ss-partial/csv-to-parquet/structured-summarize-partial/run_3/trajectory.json,/home/ak58925/agentCtx-summarization/results/query-error-audit-20260907/details/00042.txt
terminalbench,ablation,qwen35b,d05__b2k__ss-partial,hosted_vllm/Qwen/Qwen3.5-35B-A3B,structured_summarize_partial,2000,0.5,download-youtube,structured-summarize-partial,run_1,priority,summary_marker_error,5,,/home/ak58925/agentCtx/ICLR_results/terminalbench/ablation/qwen35b/d05__b2k__ss-partial/download-youtube/structured-summarize-partial/run_1/trajectory.json,/home/ak58925/agentCtx-summarization/results/query-error-audit-20260907/details/00043.txt
terminalbench,ablation,qwen35b,d05__b2k__ss-partial,hosted_vllm/Qwen/Qwen3.5-35B-A3B,structured_summarize_partial,2000,0.5,download-youtube,structured-summarize-partial,run_2,priority,summary_marker_error,8,,/home/ak58925/agentCtx/ICLR_results/terminalbench/ablation/qwen35b/d05__b2k__ss-partial/download-youtube/structured-summarize-partial/run_2/trajectory.json,/home/ak58925/agentCtx-summarization/results/query-error-audit-20260907/details/00044.txt
terminalbench,ablation,qwen35b,d05__b2k__ss-partial,hosted_vllm/Qwen/Qwen3.5-35B-A3B,structured_summarize_partial,2000,0.5,download-youtube,structured-summarize-partial,run_3,priority,summary_marker_error,11,,/home/ak58925/agentCtx/ICLR_results/terminalbench/ablation/qwen35b/d05__b2k__ss-partial/download-youtube/structured-summarize-partial/run_3/trajectory.json,/home/ak58925/agentCtx-summarization/results/query-error-audit-20260907/details/00045.txt
terminalbench,ablation,qwen35b,d05__b2k__ss-partial,hosted_vllm/Qwen/Qwen3.5-35B-A3B,structured_summarize_partial,2000,0.5,gpt2-codegolf,structured-summarize-partial,run_1,priority,summary_marker_error,2,,/home/ak58925/agentCtx/ICLR_results/terminalbench/ablation/qwen35b/d05__b2k__ss-partial/gpt2-codegolf/structured-summarize-partial/run_1/trajectory.json,/home/ak58925/agentCtx-summarization/results/query-error-audit-20260907/details/00046.txt
terminalbench,ablation,qwen35b,d05__b2k__ss-partial,hosted_vllm/Qwen/Qwen3.5-35B-A3B,structured_summarize_partial,2000,0.5,gpt2-codegolf,structured-summarize-partial,run_2,priority,summary_marker_error,27,,/home/ak58925/agentCtx/ICLR_results/terminalbench/ablation/qwen35b/d05__b2k__ss-partial/gpt2-codegolf/structured-summarize-partial/run_2/trajectory.json,/home/ak58925/agentCtx-summarization/results/query-error-audit-20260907/details/00047.txt
terminalbench,ablation,qwen35b,d05__b2k__ss-partial,hosted_vllm/Qwen/Qwen3.5-35B-A3B,structured_summarize_partial,2000,0.5,gpt2-codegolf,structured-summarize-partial,run_3,priority,summary_marker_error,43,,/home/ak58925/agentCtx/ICLR_results/terminalbench/ablation/qwen35b/d05__b2k__ss-partial/gpt2-codegolf/structured-summarize-partial/run_3/trajectory.json,/home/ak58925/agentCtx-summarization/results/query-error-audit-20260907/details/00048.txt
terminalbench,ablation,qwen35b,d05__b2k__ss-partial,hosted_vllm/Qwen/Qwen3.5-35B-A3B,structured_summarize_partial,2000,0.5,heterogeneous-dates,structured-summarize-partial,run_1,priority,summary_marker_error,9,,/home/ak58925/agentCtx/ICLR_results/terminalbench/ablation/qwen35b/d05__b2k__ss-partial/heterogeneous-dates/structured-summarize-partial/run_1/trajectory.json,/home/ak58925/agentCtx-summarization/results/query-error-audit-20260907/details/00049.txt
terminalbench,ablation,qwen35b,d05__b2k__ss-partial,hosted_vllm/Qwen/Qwen3.5-35B-A3B,structured_summarize_partial,2000,0.5,heterogeneous-dates,structured-summarize-partial,run_2,priority,summary_marker_error,29,,/home/ak58925/agentCtx/ICLR_results/terminalbench/ablation/qwen35b/d05__b2k__ss-partial/heterogeneous-dates/structured-summarize-partial/run_2/trajectory.json,/home/ak58925/agentCtx-summarization/results/query-error-audit-20260907/details/00050.txt
terminalbench,ablation,qwen35b,d05__b2k__ss-partial,hosted_vllm/Qwen/Qwen3.5-35B-A3B,structured_summarize_partial,2000,0.5,heterogeneous-dates,structured-summarize-partial,run_3,priority,summary_marker_error,20,,/home/ak58925/agentCtx/ICLR_results/terminalbench/ablation/qwen35b/d05__b2k__ss-partial/heterogeneous-dates/structured-summarize-partial/run_3/trajectory.json,/home/ak58925/agentCtx-summarization/results/query-error-audit-20260907/details/00051.txt
terminalbench,ablation,qwen35b,d05__b2k__ss-partial,hosted_vllm/Qwen/Qwen3.5-35B-A3B,structured_summarize_partial,2000,0.5,hf-model-inference,structured-summarize-partial,run_1,priority,summary_marker_error,52,,/home/ak58925/agentCtx/ICLR_results/terminalbench/ablation/qwen35b/d05__b2k__ss-partial/hf-model-inference/structured-summarize-partial/run_1/trajectory.json,/home/ak58925/agentCtx-summarization/results/query-error-audit-20260907/details/00052.txt
terminalbench,ablation,qwen35b,d05__b2k__ss-partial,hosted_vllm/Qwen/Qwen3.5-35B-A3B,structured_summarize_partial,2000,0.5,hf-model-inference,structured-summarize-partial,run_2,priority,summary_marker_error,55,,/home/ak58925/agentCtx/ICLR_results/terminalbench/ablation/qwen35b/d05__b2k__ss-partial/hf-model-inference/structured-summarize-partial/run_2/trajectory.json,/home/ak58925/agentCtx-summarization/results/query-error-audit-20260907/details/00053.txt
terminalbench,ablation,qwen35b,d05__b2k__ss-partial,hosted_vllm/Qwen/Qwen3.5-35B-A3B,structured_summarize_partial,2000,0.5,hf-model-inference,structured-summarize-partial,run_3,priority,summary_marker_error,63,,/home/ak58925/agentCtx/ICLR_results/terminalbench/ablation/qwen35b/d05__b2k__ss-partial/hf-model-inference/structured-summarize-partial/run_3/trajectory.json,/home/ak58925/agentCtx-summarization/results/query-error-audit-20260907/details/00054.txt
terminalbench,ablation,qwen35b,d05__b2k__ss-partial,hosted_vllm/Qwen/Qwen3.5-35B-A3B,structured_summarize_partial,2000,0.5,incompatible-python-fasttext,structured-summarize-partial,run_1,priority,summary_marker_error,76,,/home/ak58925/agentCtx/ICLR_results/terminalbench/ablation/qwen35b/d05__b2k__ss-partial/incompatible-python-fasttext/structured-summarize-partial/run_1/trajectory.json,/home/ak58925/agentCtx-summarization/results/query-error-audit-20260907/details/00055.txt
terminalbench,ablation,qwen35b,d05__b2k__ss-partial,hosted_vllm/Qwen/Qwen3.5-35B-A3B,structured_summarize_partial,2000,0.5,incompatible-python-fasttext,structured-summarize-partial,run_2,priority,summary_marker_error,75,,/home/ak58925/agentCtx/ICLR_results/terminalbench/ablation/qwen35b/d05__b2k__ss-partial/incompatible-python-fasttext/structured-summarize-partial/run_2/trajectory.json,/home/ak58925/agentCtx-summarization/results/query-error-audit-20260907/details/00056.txt
terminalbench,ablation,qwen35b,d05__b2k__ss-partial,hosted_vllm/Qwen/Qwen3.5-35B-A3B,structured_summarize_partial,2000,0.5,incompatible-python-fasttext,structured-summarize-partial,run_3,priority,summary_marker_error,83,,/home/ak58925/agentCtx/ICLR_results/terminalbench/ablation/qwen35b/d05__b2k__ss-partial/incompatible-python-fasttext/structured-summarize-partial/run_3/trajectory.json,/home/ak58925/agentCtx-summarization/results/query-error-audit-20260907/details/00057.txt
terminalbench,ablation,qwen35b,d05__b2k__ss-partial,hosted_vllm/Qwen/Qwen3.5-35B-A3B,structured_summarize_partial,2000,0.5,processing-pipeline,structured-summarize-partial,run_1,priority,summary_marker_error,51,,/home/ak58925/agentCtx/ICLR_results/terminalbench/ablation/qwen35b/d05__b2k__ss-partial/processing-pipeline/structured-summarize-partial/run_1/trajectory.json,/home/ak58925/agentCtx-summarization/results/query-error-audit-20260907/details/00058.txt
terminalbench,ablation,qwen35b,d05__b2k__ss-partial,hosted_vllm/Qwen/Qwen3.5-35B-A3B,structured_summarize_partial,2000,0.5,processing-pipeline,structured-summarize-partial,run_2,priority,summary_marker_error,39,,/home/ak58925/agentCtx/ICLR_results/terminalbench/ablation/qwen35b/d05__b2k__ss-partial/processing-pipeline/structured-summarize-partial/run_2/trajectory.json,/home/ak58925/agentCtx-summarization/results/query-error-audit-20260907/details/00059.txt
terminalbench,ablation,qwen35b,d05__b2k__ss-partial,hosted_vllm/Qwen/Qwen3.5-35B-A3B,structured_summarize_partial,2000,0.5,processing-pipeline,structured-summarize-partial,run_3,priority,summary_marker_error,44,,/home/ak58925/agentCtx/ICLR_results/terminalbench/ablation/qwen35b/d05__b2k__ss-partial/processing-pipeline/structured-summarize-partial/run_3/trajectory.json,/home/ak58925/agentCtx-summarization/results/query-error-audit-20260907/details/00060.txt
terminalbench,ablation,qwen35b,d05__b2k__ss-partial,hosted_vllm/Qwen/Qwen3.5-35B-A3B,structured_summarize_partial,2000,0.5,prove-plus-comm,structured-summarize-partial,run_1,priority,summary_marker_error,13,,/home/ak58925/agentCtx/ICLR_results/terminalbench/ablation/qwen35b/d05__b2k__ss-partial/prove-plus-comm/structured-summarize-partial/run_1/trajectory.json,/home/ak58925/agentCtx-summarization/results/query-error-audit-20260907/details/00061.txt
terminalbench,ablation,qwen35b,d05__b2k__ss-partial,hosted_vllm/Qwen/Qwen3.5-35B-A3B,structured_summarize_partial,2000,0.5,prove-plus-comm,structured-summarize-partial,run_2,priority,summary_marker_error,98,,/home/ak58925/agentCtx/ICLR_results/terminalbench/ablation/qwen35b/d05__b2k__ss-partial/prove-plus-comm/structured-summarize-partial/run_2/trajectory.json,/home/ak58925/agentCtx-summarization/results/query-error-audit-20260907/details/00062.txt
terminalbench,ablation,qwen35b,d05__b2k__ss-partial,hosted_vllm/Qwen/Qwen3.5-35B-A3B,structured_summarize_partial,2000,0.5,prove-plus-comm,structured-summarize-partial,run_3,priority,summary_marker_error,92,,/home/ak58925/agentCtx/ICLR_results/terminalbench/ablation/qwen35b/d05__b2k__ss-partial/prove-plus-comm/structured-summarize-partial/run_3/trajectory.json,/home/ak58925/agentCtx-summarization/results/query-error-audit-20260907/details/00063.txt
terminalbench,ablation,qwen35b,d05__b2k__ss-partial,hosted_vllm/Qwen/Qwen3.5-35B-A3B,structured_summarize_partial,2000,0.5,pytorch-model-cli.hard,structured-summarize-partial,run_1,priority,summary_marker_error,90,,/home/ak58925/agentCtx/ICLR_results/terminalbench/ablation/qwen35b/d05__b2k__ss-partial/pytorch-model-cli.hard/structured-summarize-partial/run_1/trajectory.json,/home/ak58925/agentCtx-summarization/results/query-error-audit-20260907/details/00064.txt
terminalbench,ablation,qwen35b,d05__b2k__ss-partial,hosted_vllm/Qwen/Qwen3.5-35B-A3B,structured_summarize_partial,2000,0.5,pytorch-model-cli.hard,structured-summarize-partial,run_2,priority,summary_marker_error,93,,/home/ak58925/agentCtx/ICLR_results/terminalbench/ablation/qwen35b/d05__b2k__ss-partial/pytorch-model-cli.hard/structured-summarize-partial/run_2/trajectory.json,/home/ak58925/agentCtx-summarization/results/query-error-audit-20260907/details/00065.txt
terminalbench,ablation,qwen35b,d05__b2k__ss-partial,hosted_vllm/Qwen/Qwen3.5-35B-A3B,structured_summarize_partial,2000,0.5,pytorch-model-cli.hard,structured-summarize-partial,run_3,priority,summary_marker_error,14,,/home/ak58925/agentCtx/ICLR_results/terminalbench/ablation/qwen35b/d05__b2k__ss-partial/pytorch-model-cli.hard/structured-summarize-partial/run_3/trajectory.json,/home/ak58925/agentCtx-summarization/results/query-error-audit-20260907/details/00066.txt
terminalbench,ablation,qwen35b,d05__b2k__ss-partial,hosted_vllm/Qwen/Qwen3.5-35B-A3B,structured_summarize_partial,2000,0.5,sanitize-git-repo.hard,structured-summarize-partial,run_1,priority,summary_marker_error,38,,/home/ak58925/agentCtx/ICLR_results/terminalbench/ablation/qwen35b/d05__b2k__ss-partial/sanitize-git-repo.hard/structured-summarize-partial/run_1/trajectory.json,/home/ak58925/agentCtx-summarization/results/query-error-audit-20260907/details/00067.txt
terminalbench,ablation,qwen35b,d05__b2k__ss-partial,hosted_vllm/Qwen/Qwen3.5-35B-A3B,structured_summarize_partial,2000,0.5,sanitize-git-repo.hard,structured-summarize-partial,run_3,priority,summary_marker_error,43,,/home/ak58925/agentCtx/ICLR_results/terminalbench/ablation/qwen35b/d05__b2k__ss-partial/sanitize-git-repo.hard/structured-summarize-partial/run_3/trajectory.json,/home/ak58925/agentCtx-summarization/results/query-error-audit-20260907/details/00068.txt
terminalbench,ablation,qwen35b,d05__b2k__ss-partial,hosted_vllm/Qwen/Qwen3.5-35B-A3B,structured_summarize_partial,2000,0.5,sqlite-with-gcov,structured-summarize-partial,run_1,priority,summary_marker_error,87,,/home/ak58925/agentCtx/ICLR_results/terminalbench/ablation/qwen35b/d05__b2k__ss-partial/sqlite-with-gcov/structured-summarize-partial/run_1/trajectory.json,/home/ak58925/agentCtx-summarization/results/query-error-audit-20260907/details/00069.txt
terminalbench,ablation,qwen35b,d05__b2k__ss-partial,hosted_vllm/Qwen/Qwen3.5-35B-A3B,structured_summarize_partial,2000,0.5,sqlite-with-gcov,structured-summarize-partial,run_2,priority,summary_marker_error,17,,/home/ak58925/agentCtx/ICLR_results/terminalbench/ablation/qwen35b/d05__b2k__ss-partial/sqlite-with-gcov/structured-summarize-partial/run_2/trajectory.json,/home/ak58925/agentCtx-summarization/results/query-error-audit-20260907/details/00070.txt
terminalbench,ablation,qwen35b,d05__b2k__ss-partial,hosted_vllm/Qwen/Qwen3.5-35B-A3B,structured_summarize_partial,2000,0.5,sqlite-with-gcov,structured-summarize-partial,run_3,priority,summary_marker_error,10,,/home/ak58925/agentCtx/ICLR_results/terminalbench/ablation/qwen35b/d05__b2k__ss-partial/sqlite-with-gcov/structured-summarize-partial/run_3/trajectory.json,/home/ak58925/agentCtx-summarization/results/query-error-audit-20260907/details/00071.txt
terminalbench,ablation,qwen35b,d05__b2k__ss-partial,hosted_vllm/Qwen/Qwen3.5-35B-A3B,structured_summarize_partial,2000,0.5,swe-bench-fsspec,structured-summarize-partial,run_1,priority,summary_marker_error,11,,/home/ak58925/agentCtx/ICLR_results/terminalbench/ablation/qwen35b/d05__b2k__ss-partial/swe-bench-fsspec/structured-summarize-partial/run_1/trajectory.json,/home/ak58925/agentCtx-summarization/results/query-error-audit-20260907/details/00072.txt
terminalbench,ablation,qwen35b,d05__b2k__ss-partial,hosted_vllm/Qwen/Qwen3.5-35B-A3B,structured_summarize_partial,2000,0.5,swe-bench-fsspec,structured-summarize-partial,run_2,priority,summary_marker_error,3,,/home/ak58925/agentCtx/ICLR_results/terminalbench/ablation/qwen35b/d05__b2k__ss-partial/swe-bench-fsspec/structured-summarize-partial/run_2/trajectory.json,/home/ak58925/agentCtx-summarization/results/query-error-audit-20260907/details/00073.txt
terminalbench,ablation,qwen35b,d05__b2k__ss-partial,hosted_vllm/Qwen/Qwen3.5-35B-A3B,structured_summarize_partial,2000,0.5,swe-bench-fsspec,structured-summarize-partial,run_3,priority,summary_marker_error,64,,/home/ak58925/agentCtx/ICLR_results/terminalbench/ablation/qwen35b/d05__b2k__ss-partial/swe-bench-fsspec/structured-summarize-partial/run_3/trajectory.json,/home/ak58925/agentCtx-summarization/results/query-error-audit-20260907/details/00074.txt
terminalbench,ablation,qwen35b,d05__b2k__ss-partial,hosted_vllm/Qwen/Qwen3.5-35B-A3B,structured_summarize_partial,2000,0.5,write-compressor,structured-summarize-partial,run_1,priority,summary_marker_error,68,,/home/ak58925/agentCtx/ICLR_results/terminalbench/ablation/qwen35b/d05__b2k__ss-partial/write-compressor/structured-summarize-partial/run_1/trajectory.json,/home/ak58925/agentCtx-summarization/results/query-error-audit-20260907/details/00075.txt
terminalbench,ablation,qwen35b,d05__b2k__ss-partial,hosted_vllm/Qwen/Qwen3.5-35B-A3B,structured_summarize_partial,2000,0.5,write-compressor,structured-summarize-partial,run_2,priority,summary_marker_error,52,,/home/ak58925/agentCtx/ICLR_results/terminalbench/ablation/qwen35b/d05__b2k__ss-partial/write-compressor/structured-summarize-partial/run_2/trajectory.json,/home/ak58925/agentCtx-summarization/results/query-error-audit-20260907/details/00076.txt
terminalbench,ablation,qwen35b,d05__b2k__ss-partial,hosted_vllm/Qwen/Qwen3.5-35B-A3B,structured_summarize_partial,2000,0.5,write-compressor,structured-summarize-partial,run_3,priority,summary_marker_error,37,,/home/ak58925/agentCtx/ICLR_results/terminalbench/ablation/qwen35b/d05__b2k__ss-partial/write-compressor/structured-summarize-partial/run_3/trajectory.json,/home/ak58925/agentCtx-summarization/results/query-error-audit-20260907/details/00077.txt
terminalbench,ablation,qwen35b,d05__b2k__su-full,hosted_vllm/Qwen/Qwen3.5-35B-A3B,summarization,2000,0.5,blind-maze-explorer-5x5,summarization,run_1,priority,summary_failure_accounting,0,12,/home/ak58925/agentCtx/ICLR_results/terminalbench/ablation/qwen35b/d05__b2k__su-full/blind-maze-explorer-5x5/summarization/run_1/trajectory.json,/home/ak58925/agentCtx-summarization/results/query-error-audit-20260907/details/00078.txt
terminalbench,ablation,qwen35b,d05__b2k__su-full,hosted_vllm/Qwen/Qwen3.5-35B-A3B,summarization,2000,0.5,blind-maze-explorer-5x5,summarization,run_2,priority,summary_failure_accounting,0,17,/home/ak58925/agentCtx/ICLR_results/terminalbench/ablation/qwen35b/d05__b2k__su-full/blind-maze-explorer-5x5/summarization/run_2/trajectory.json,/home/ak58925/agentCtx-summarization/results/query-error-audit-20260907/details/00079.txt
terminalbench,ablation,qwen35b,d05__b2k__su-full,hosted_vllm/Qwen/Qwen3.5-35B-A3B,summarization,2000,0.5,blind-maze-explorer-5x5,summarization,run_3,priority,summary_failure_accounting,0,12,/home/ak58925/agentCtx/ICLR_results/terminalbench/ablation/qwen35b/d05__b2k__su-full/blind-maze-explorer-5x5/summarization/run_3/trajectory.json,/home/ak58925/agentCtx-summarization/results/query-error-audit-20260907/details/00080.txt
terminalbench,ablation,qwen35b,d05__b2k__su-full,hosted_vllm/Qwen/Qwen3.5-35B-A3B,summarization,2000,0.5,crack-7z-hash.hard,summarization,run_1,probable,summary_related_response,0,0,/home/ak58925/agentCtx/ICLR_results/terminalbench/ablation/qwen35b/d05__b2k__su-full/crack-7z-hash.hard/summarization/run_1/trajectory.json,/home/ak58925/agentCtx-summarization/results/query-error-audit-20260907/details/00081.txt
terminalbench,ablation,qwen35b,d05__b2k__su-full,hosted_vllm/Qwen/Qwen3.5-35B-A3B,summarization,2000,0.5,crack-7z-hash.hard,summarization,run_2,priority,summary_marker_error,4,,/home/ak58925/agentCtx/ICLR_results/terminalbench/ablation/qwen35b/d05__b2k__su-full/crack-7z-hash.hard/summarization/run_2/trajectory.json,/home/ak58925/agentCtx-summarization/results/query-error-audit-20260907/details/00082.txt
terminalbench,ablation,qwen35b,d05__b2k__su-full,hosted_vllm/Qwen/Qwen3.5-35B-A3B,summarization,2000,0.5,crack-7z-hash.hard,summarization,run_3,priority,summary_marker_error,3,,/home/ak58925/agentCtx/ICLR_results/terminalbench/ablation/qwen35b/d05__b2k__su-full/crack-7z-hash.hard/summarization/run_3/trajectory.json,/home/ak58925/agentCtx-summarization/results/query-error-audit-20260907/details/00083.txt
terminalbench,ablation,qwen35b,d05__b2k__su-full,hosted_vllm/Qwen/Qwen3.5-35B-A3B,summarization,2000,0.5,csv-to-parquet,summarization,run_3,priority,summary_failure_accounting,0,54,/home/ak58925/agentCtx/ICLR_results/terminalbench/ablation/qwen35b/d05__b2k__su-full/csv-to-parquet/summarization/run_3/trajectory.json,/home/ak58925/agentCtx-summarization/results/query-error-audit-20260907/details/00084.txt
terminalbench,ablation,qwen35b,d05__b2k__su-full,hosted_vllm/Qwen/Qwen3.5-35B-A3B,summarization,2000,0.5,download-youtube,summarization,run_1,priority,summary_marker_error,7,,/home/ak58925/agentCtx/ICLR_results/terminalbench/ablation/qwen35b/d05__b2k__su-full/download-youtube/summarization/run_1/trajectory.json,/home/ak58925/agentCtx-summarization/results/query-error-audit-20260907/details/00085.txt
terminalbench,ablation,qwen35b,d05__b2k__su-full,hosted_vllm/Qwen/Qwen3.5-35B-A3B,summarization,2000,0.5,download-youtube,summarization,run_2,priority,summary_marker_error,1,,/home/ak58925/agentCtx/ICLR_results/terminalbench/ablation/qwen35b/d05__b2k__su-full/download-youtube/summarization/run_2/trajectory.json,/home/ak58925/agentCtx-summarization/results/query-error-audit-20260907/details/00086.txt
terminalbench,ablation,qwen35b,d05__b2k__su-full,hosted_vllm/Qwen/Qwen3.5-35B-A3B,summarization,2000,0.5,download-youtube,summarization,run_3,priority,summary_marker_error,1,,/home/ak58925/agentCtx/ICLR_results/terminalbench/ablation/qwen35b/d05__b2k__su-full/download-youtube/summarization/run_3/trajectory.json,/home/ak58925/agentCtx-summarization/results/query-error-audit-20260907/details/00087.txt
terminalbench,ablation,qwen35b,d05__b2k__su-full,hosted_vllm/Qwen/Qwen3.5-35B-A3B,summarization,2000,0.5,gpt2-codegolf,summarization,run_1,probable,summary_related_response,0,0,/home/ak58925/agentCtx/ICLR_results/terminalbench/ablation/qwen35b/d05__b2k__su-full/gpt2-codegolf/summarization/run_1/trajectory.json,/home/ak58925/agentCtx-summarization/results/query-error-audit-20260907/details/00088.txt
terminalbench,ablation,qwen35b,d05__b2k__su-full,hosted_vllm/Qwen/Qwen3.5-35B-A3B,summarization,2000,0.5,gpt2-codegolf,summarization,run_2,priority,summary_marker_error,2,,/home/ak58925/agentCtx/ICLR_results/terminalbench/ablation/qwen35b/d05__b2k__su-full/gpt2-codegolf/summarization/run_2/trajectory.json,/home/ak58925/agentCtx-summarization/results/query-error-audit-20260907/details/00089.txt
terminalbench,ablation,qwen35b,d05__b2k__su-full,hosted_vllm/Qwen/Qwen3.5-35B-A3B,summarization,2000,0.5,gpt2-codegolf,summarization,run_3,probable,summary_related_response,0,0,/home/ak58925/agentCtx/ICLR_results/terminalbench/ablation/qwen35b/d05__b2k__su-full/gpt2-codegolf/summarization/run_3/trajectory.json,/home/ak58925/agentCtx-summarization/results/query-error-audit-20260907/details/00090.txt
terminalbench,ablation,qwen35b,d05__b2k__su-full,hosted_vllm/Qwen/Qwen3.5-35B-A3B,summarization,2000,0.5,heterogeneous-dates,summarization,run_1,priority,summary_failure_accounting,0,30,/home/ak58925/agentCtx/ICLR_results/terminalbench/ablation/qwen35b/d05__b2k__su-full/heterogeneous-dates/summarization/run_1/trajectory.json,/home/ak58925/agentCtx-summarization/results/query-error-audit-20260907/details/00091.txt
terminalbench,ablation,qwen35b,d05__b2k__su-full,hosted_vllm/Qwen/Qwen3.5-35B-A3B,summarization,2000,0.5,heterogeneous-dates,summarization,run_2,priority,summary_failure_accounting,0,24,/home/ak58925/agentCtx/ICLR_results/terminalbench/ablation/qwen35b/d05__b2k__su-full/heterogeneous-dates/summarization/run_2/trajectory.json,/home/ak58925/agentCtx-summarization/results/query-error-audit-20260907/details/00092.txt
terminalbench,ablation,qwen35b,d05__b2k__su-full,hosted_vllm/Qwen/Qwen3.5-35B-A3B,summarization,2000,0.5,heterogeneous-dates,summarization,run_3,probable,summary_related_response,0,0,/home/ak58925/agentCtx/ICLR_results/terminalbench/ablation/qwen35b/d05__b2k__su-full/heterogeneous-dates/summarization/run_3/trajectory.json,/home/ak58925/agentCtx-summarization/results/query-error-audit-20260907/details/00093.txt
terminalbench,ablation,qwen35b,d05__b2k__su-full,hosted_vllm/Qwen/Qwen3.5-35B-A3B,summarization,2000,0.5,hf-model-inference,summarization,run_1,probable,summary_related_response,0,0,/home/ak58925/agentCtx/ICLR_results/terminalbench/ablation/qwen35b/d05__b2k__su-full/hf-model-inference/summarization/run_1/trajectory.json,/home/ak58925/agentCtx-summarization/results/query-error-audit-20260907/details/00094.txt
terminalbench,ablation,qwen35b,d05__b2k__su-full,hosted_vllm/Qwen/Qwen3.5-35B-A3B,summarization,2000,0.5,hf-model-inference,summarization,run_2,priority,summary_failure_accounting,0,51,/home/ak58925/agentCtx/ICLR_results/terminalbench/ablation/qwen35b/d05__b2k__su-full/hf-model-inference/summarization/run_2/trajectory.json,/home/ak58925/agentCtx-summarization/results/query-error-audit-20260907/details/00095.txt
terminalbench,ablation,qwen35b,d05__b2k__su-full,hosted_vllm/Qwen/Qwen3.5-35B-A3B,summarization,2000,0.5,hf-model-inference,summarization,run_3,probable,summary_related_response,0,0,/home/ak58925/agentCtx/ICLR_results/terminalbench/ablation/qwen35b/d05__b2k__su-full/hf-model-inference/summarization/run_3/trajectory.json,/home/ak58925/agentCtx-summarization/results/query-error-audit-20260907/details/00096.txt
terminalbench,ablation,qwen35b,d05__b2k__su-full,hosted_vllm/Qwen/Qwen3.5-35B-A3B,summarization,2000,0.5,incompatible-python-fasttext,summarization,run_1,priority,summary_failure_accounting,0,65,/home/ak58925/agentCtx/ICLR_results/terminalbench/ablation/qwen35b/d05__b2k__su-full/incompatible-python-fasttext/summarization/run_1/trajectory.json,/home/ak58925/agentCtx-summarization/results/query-error-audit-20260907/details/00097.txt
terminalbench,ablation,qwen35b,d05__b2k__su-full,hosted_vllm/Qwen/Qwen3.5-35B-A3B,summarization,2000,0.5,incompatible-python-fasttext,summarization,run_2,priority,summary_marker_error,5,,/home/ak58925/agentCtx/ICLR_results/terminalbench/ablation/qwen35b/d05__b2k__su-full/incompatible-python-fasttext/summarization/run_2/trajectory.json,/home/ak58925/agentCtx-summarization/results/query-error-audit-20260907/details/00098.txt
terminalbench,ablation,qwen35b,d05__b2k__su-full,hosted_vllm/Qwen/Qwen3.5-35B-A3B,summarization,2000,0.5,incompatible-python-fasttext,summarization,run_3,priority,summary_failure_accounting,0,66,/home/ak58925/agentCtx/ICLR_results/terminalbench/ablation/qwen35b/d05__b2k__su-full/incompatible-python-fasttext/summarization/run_3/trajectory.json,/home/ak58925/agentCtx-summarization/results/query-error-audit-20260907/details/00099.txt
terminalbench,ablation,qwen35b,d05__b2k__su-full,hosted_vllm/Qwen/Qwen3.5-35B-A3B,summarization,2000,0.5,processing-pipeline,summarization,run_2,priority,summary_failure_accounting,0,45,/home/ak58925/agentCtx/ICLR_results/terminalbench/ablation/qwen35b/d05__b2k__su-full/processing-pipeline/summarization/run_2/trajectory.json,/home/ak58925/agentCtx-summarization/results/query-error-audit-20260907/details/00100.txt
terminalbench,ablation,qwen35b,d05__b2k__su-full,hosted_vllm/Qwen/Qwen3.5-35B-A3B,summarization,2000,0.5,processing-pipeline,summarization,run_3,priority,summary_failure_accounting,0,44,/home/ak58925/agentCtx/ICLR_results/terminalbench/ablation/qwen35b/d05__b2k__su-full/processing-pipeline/summarization/run_3/trajectory.json,/home/ak58925/agentCtx-summarization/results/query-error-audit-20260907/details/00101.txt
terminalbench,ablation,qwen35b,d05__b2k__su-full,hosted_vllm/Qwen/Qwen3.5-35B-A3B,summarization,2000,0.5,prove-plus-comm,summarization,run_1,priority,summary_marker_error,2,,/home/ak58925/agentCtx/ICLR_results/terminalbench/ablation/qwen35b/d05__b2k__su-full/prove-plus-comm/summarization/run_1/trajectory.json,/home/ak58925/agentCtx-summarization/results/query-error-audit-20260907/details/00102.txt
terminalbench,ablation,qwen35b,d05__b2k__su-full,hosted_vllm/Qwen/Qwen3.5-35B-A3B,summarization,2000,0.5,prove-plus-comm,summarization,run_2,priority,summary_marker_error,2,,/home/ak58925/agentCtx/ICLR_results/terminalbench/ablation/qwen35b/d05__b2k__su-full/prove-plus-comm/summarization/run_2/trajectory.json,/home/ak58925/agentCtx-summarization/results/query-error-audit-20260907/details/00103.txt
terminalbench,ablation,qwen35b,d05__b2k__su-full,hosted_vllm/Qwen/Qwen3.5-35B-A3B,summarization,2000,0.5,pytorch-model-cli.hard,summarization,run_1,priority,summary_failure_accounting,0,65,/home/ak58925/agentCtx/ICLR_results/terminalbench/ablation/qwen35b/d05__b2k__su-full/pytorch-model-cli.hard/summarization/run_1/trajectory.json,/home/ak58925/agentCtx-summarization/results/query-error-audit-20260907/details/00104.txt
terminalbench,ablation,qwen35b,d05__b2k__su-full,hosted_vllm/Qwen/Qwen3.5-35B-A3B,summarization,2000,0.5,sanitize-git-repo.hard,summarization,run_1,priority,summary_marker_error,4,,/home/ak58925/agentCtx/ICLR_results/terminalbench/ablation/qwen35b/d05__b2k__su-full/sanitize-git-repo.hard/summarization/run_1/trajectory.json,/home/ak58925/agentCtx-summarization/results/query-error-audit-20260907/details/00105.txt
terminalbench,ablation,qwen35b,d05__b2k__su-full,hosted_vllm/Qwen/Qwen3.5-35B-A3B,summarization,2000,0.5,sanitize-git-repo.hard,summarization,run_3,priority,summary_marker_error,3,,/home/ak58925/agentCtx/ICLR_results/terminalbench/ablation/qwen35b/d05__b2k__su-full/sanitize-git-repo.hard/summarization/run_3/trajectory.json,/home/ak58925/agentCtx-summarization/results/query-error-audit-20260907/details/00106.txt
terminalbench,ablation,qwen35b,d05__b2k__su-full,hosted_vllm/Qwen/Qwen3.5-35B-A3B,summarization,2000,0.5,sqlite-with-gcov,summarization,run_1,priority,summary_marker_error,3,,/home/ak58925/agentCtx/ICLR_results/terminalbench/ablation/qwen35b/d05__b2k__su-full/sqlite-with-gcov/summarization/run_1/trajectory.json,/home/ak58925/agentCtx-summarization/results/query-error-audit-20260907/details/00107.txt
terminalbench,ablation,qwen35b,d05__b2k__su-full,hosted_vllm/Qwen/Qwen3.5-35B-A3B,summarization,2000,0.5,sqlite-with-gcov,summarization,run_2,priority,summary_marker_error,3,,/home/ak58925/agentCtx/ICLR_results/terminalbench/ablation/qwen35b/d05__b2k__su-full/sqlite-with-gcov/summarization/run_2/trajectory.json,/home/ak58925/agentCtx-summarization/results/query-error-audit-20260907/details/00108.txt
terminalbench,ablation,qwen35b,d05__b2k__su-full,hosted_vllm/Qwen/Qwen3.5-35B-A3B,summarization,2000,0.5,sqlite-with-gcov,summarization,run_3,probable,summary_related_response,0,0,/home/ak58925/agentCtx/ICLR_results/terminalbench/ablation/qwen35b/d05__b2k__su-full/sqlite-with-gcov/summarization/run_3/trajectory.json,/home/ak58925/agentCtx-summarization/results/query-error-audit-20260907/details/00109.txt
terminalbench,ablation,qwen35b,d05__b2k__su-full,hosted_vllm/Qwen/Qwen3.5-35B-A3B,summarization,2000,0.5,swe-bench-fsspec,summarization,run_1,priority,summary_marker_error,1,,/home/ak58925/agentCtx/ICLR_results/terminalbench/ablation/qwen35b/d05__b2k__su-full/swe-bench-fsspec/summarization/run_1/trajectory.json,/home/ak58925/agentCtx-summarization/results/query-error-audit-20260907/details/00110.txt
terminalbench,ablation,qwen35b,d05__b2k__su-full,hosted_vllm/Qwen/Qwen3.5-35B-A3B,summarization,2000,0.5,swe-bench-fsspec,summarization,run_3,priority,summary_failure_accounting,0,50,/home/ak58925/agentCtx/ICLR_results/terminalbench/ablation/qwen35b/d05__b2k__su-full/swe-bench-fsspec/summarization/run_3/trajectory.json,/home/ak58925/agentCtx-summarization/results/query-error-audit-20260907/details/00111.txt
terminalbench,ablation,qwen35b,d05__b2k__su-full,hosted_vllm/Qwen/Qwen3.5-35B-A3B,summarization,2000,0.5,write-compressor,summarization,run_1,priority,summary_marker_error,2,,/home/ak58925/agentCtx/ICLR_results/terminalbench/ablation/qwen35b/d05__b2k__su-full/write-compressor/summarization/run_1/trajectory.json,/home/ak58925/agentCtx-summarization/results/query-error-audit-20260907/details/00112.txt
terminalbench,ablation,qwen35b,d05__b2k__su-full,hosted_vllm/Qwen/Qwen3.5-35B-A3B,summarization,2000,0.5,write-compressor,summarization,run_2,priority,summary_marker_error,3,,/home/ak58925/agentCtx/ICLR_results/terminalbench/ablation/qwen35b/d05__b2k__su-full/write-compressor/summarization/run_2/trajectory.json,/home/ak58925/agentCtx-summarization/results/query-error-audit-20260907/details/00113.txt
terminalbench,ablation,qwen35b,d05__b2k__su-full,hosted_vllm/Qwen/Qwen3.5-35B-A3B,summarization,2000,0.5,write-compressor,summarization,run_3,priority,summary_marker_error,4,,/home/ak58925/agentCtx/ICLR_results/terminalbench/ablation/qwen35b/d05__b2k__su-full/write-compressor/summarization/run_3/trajectory.json,/home/ak58925/agentCtx-summarization/results/query-error-audit-20260907/details/00114.txt
terminalbench,ablation,qwen35b,d05__b2k__su-partial,hosted_vllm/Qwen/Qwen3.5-35B-A3B,summarization_partial,2000,0.5,blind-maze-explorer-5x5,summarization-partial,run_1,priority,summary_failure_accounting,0,12,/home/ak58925/agentCtx/ICLR_results/terminalbench/ablation/qwen35b/d05__b2k__su-partial/blind-maze-explorer-5x5/summarization-partial/run_1/trajectory.json,/home/ak58925/agentCtx-summarization/results/query-error-audit-20260907/details/00115.txt
terminalbench,ablation,qwen35b,d05__b2k__su-partial,hosted_vllm/Qwen/Qwen3.5-35B-A3B,summarization_partial,2000,0.5,blind-maze-explorer-5x5,summarization-partial,run_2,priority,summary_failure_accounting,0,12,/home/ak58925/agentCtx/ICLR_results/terminalbench/ablation/qwen35b/d05__b2k__su-partial/blind-maze-explorer-5x5/summarization-partial/run_2/trajectory.json,/home/ak58925/agentCtx-summarization/results/query-error-audit-20260907/details/00116.txt
terminalbench,ablation,qwen35b,d05__b2k__su-partial,hosted_vllm/Qwen/Qwen3.5-35B-A3B,summarization_partial,2000,0.5,blind-maze-explorer-5x5,summarization-partial,run_3,priority,summary_failure_accounting,0,11,/home/ak58925/agentCtx/ICLR_results/terminalbench/ablation/qwen35b/d05__b2k__su-partial/blind-maze-explorer-5x5/summarization-partial/run_3/trajectory.json,/home/ak58925/agentCtx-summarization/results/query-error-audit-20260907/details/00117.txt
terminalbench,ablation,qwen35b,d05__b2k__su-partial,hosted_vllm/Qwen/Qwen3.5-35B-A3B,summarization_partial,2000,0.5,crack-7z-hash.hard,summarization-partial,run_1,probable,summary_related_response,0,0,/home/ak58925/agentCtx/ICLR_results/terminalbench/ablation/qwen35b/d05__b2k__su-partial/crack-7z-hash.hard/summarization-partial/run_1/trajectory.json,/home/ak58925/agentCtx-summarization/results/query-error-audit-20260907/details/00118.txt
terminalbench,ablation,qwen35b,d05__b2k__su-partial,hosted_vllm/Qwen/Qwen3.5-35B-A3B,summarization_partial,2000,0.5,crack-7z-hash.hard,summarization-partial,run_2,priority,summary_failure_accounting,0,9,/home/ak58925/agentCtx/ICLR_results/terminalbench/ablation/qwen35b/d05__b2k__su-partial/crack-7z-hash.hard/summarization-partial/run_2/trajectory.json,/home/ak58925/agentCtx-summarization/results/query-error-audit-20260907/details/00119.txt
terminalbench,ablation,qwen35b,d05__b2k__su-partial,hosted_vllm/Qwen/Qwen3.5-35B-A3B,summarization_partial,2000,0.5,crack-7z-hash.hard,summarization-partial,run_3,priority,summary_failure_accounting,0,16,/home/ak58925/agentCtx/ICLR_results/terminalbench/ablation/qwen35b/d05__b2k__su-partial/crack-7z-hash.hard/summarization-partial/run_3/trajectory.json,/home/ak58925/agentCtx-summarization/results/query-error-audit-20260907/details/00120.txt
terminalbench,ablation,qwen35b,d05__b2k__su-partial,hosted_vllm/Qwen/Qwen3.5-35B-A3B,summarization_partial,2000,0.5,csv-to-parquet,summarization-partial,run_1,priority,summary_failure_accounting,0,50,/home/ak58925/agentCtx/ICLR_results/terminalbench/ablation/qwen35b/d05__b2k__su-partial/csv-to-parquet/summarization-partial/run_1/trajectory.json,/home/ak58925/agentCtx-summarization/results/query-error-audit-20260907/details/00121.txt
terminalbench,ablation,qwen35b,d05__b2k__su-partial,hosted_vllm/Qwen/Qwen3.5-35B-A3B,summarization_partial,2000,0.5,csv-to-parquet,summarization-partial,run_2,priority,summary_failure_accounting,0,59,/home/ak58925/agentCtx/ICLR_results/terminalbench/ablation/qwen35b/d05__b2k__su-partial/csv-to-parquet/summarization-partial/run_2/trajectory.json,/home/ak58925/agentCtx-summarization/results/query-error-audit-20260907/details/00122.txt
terminalbench,ablation,qwen35b,d05__b2k__su-partial,hosted_vllm/Qwen/Qwen3.5-35B-A3B,summarization_partial,2000,0.5,csv-to-parquet,summarization-partial,run_3,priority,summary_failure_accounting,0,54,/home/ak58925/agentCtx/ICLR_results/terminalbench/ablation/qwen35b/d05__b2k__su-partial/csv-to-parquet/summarization-partial/run_3/trajectory.json,/home/ak58925/agentCtx-summarization/results/query-error-audit-20260907/details/00123.txt
terminalbench,ablation,qwen35b,d05__b2k__su-partial,hosted_vllm/Qwen/Qwen3.5-35B-A3B,summarization_partial,2000,0.5,download-youtube,summarization-partial,run_1,priority,summary_failure_accounting,0,42,/home/ak58925/agentCtx/ICLR_results/terminalbench/ablation/qwen35b/d05__b2k__su-partial/download-youtube/summarization-partial/run_1/trajectory.json,/home/ak58925/agentCtx-summarization/results/query-error-audit-20260907/details/00124.txt
terminalbench,ablation,qwen35b,d05__b2k__su-partial,hosted_vllm/Qwen/Qwen3.5-35B-A3B,summarization_partial,2000,0.5,download-youtube,summarization-partial,run_2,priority,summary_marker_error,4,,/home/ak58925/agentCtx/ICLR_results/terminalbench/ablation/qwen35b/d05__b2k__su-partial/download-youtube/summarization-partial/run_2/trajectory.json,/home/ak58925/agentCtx-summarization/results/query-error-audit-20260907/details/00125.txt
terminalbench,ablation,qwen35b,d05__b2k__su-partial,hosted_vllm/Qwen/Qwen3.5-35B-A3B,summarization_partial,2000,0.5,download-youtube,summarization-partial,run_3,priority,summary_marker_error,3,,/home/ak58925/agentCtx/ICLR_results/terminalbench/ablation/qwen35b/d05__b2k__su-partial/download-youtube/summarization-partial/run_3/trajectory.json,/home/ak58925/agentCtx-summarization/results/query-error-audit-20260907/details/00126.txt
terminalbench,ablation,qwen35b,d05__b2k__su-partial,hosted_vllm/Qwen/Qwen3.5-35B-A3B,summarization_partial,2000,0.5,gpt2-codegolf,summarization-partial,run_1,priority,summary_failure_accounting,0,19,/home/ak58925/agentCtx/ICLR_results/terminalbench/ablation/qwen35b/d05__b2k__su-partial/gpt2-codegolf/summarization-partial/run_1/trajectory.json,/home/ak58925/agentCtx-summarization/results/query-error-audit-20260907/details/00127.txt
terminalbench,ablation,qwen35b,d05__b2k__su-partial,hosted_vllm/Qwen/Qwen3.5-35B-A3B,summarization_partial,2000,0.5,gpt2-codegolf,summarization-partial,run_2,priority,summary_marker_error,3,,/home/ak58925/agentCtx/ICLR_results/terminalbench/ablation/qwen35b/d05__b2k__su-partial/gpt2-codegolf/summarization-partial/run_2/trajectory.json,/home/ak58925/agentCtx-summarization/results/query-error-audit-20260907/details/00128.txt
terminalbench,ablation,qwen35b,d05__b2k__su-partial,hosted_vllm/Qwen/Qwen3.5-35B-A3B,summarization_partial,2000,0.5,gpt2-codegolf,summarization-partial,run_3,priority,summary_failure_accounting,0,10,/home/ak58925/agentCtx/ICLR_results/terminalbench/ablation/qwen35b/d05__b2k__su-partial/gpt2-codegolf/summarization-partial/run_3/trajectory.json,/home/ak58925/agentCtx-summarization/results/query-error-audit-20260907/details/00129.txt
terminalbench,ablation,qwen35b,d05__b2k__su-partial,hosted_vllm/Qwen/Qwen3.5-35B-A3B,summarization_partial,2000,0.5,heterogeneous-dates,summarization-partial,run_1,priority,summary_failure_accounting,0,4,/home/ak58925/agentCtx/ICLR_results/terminalbench/ablation/qwen35b/d05__b2k__su-partial/heterogeneous-dates/summarization-partial/run_1/trajectory.json,/home/ak58925/agentCtx-summarization/results/query-error-audit-20260907/details/00130.txt
terminalbench,ablation,qwen35b,d05__b2k__su-partial,hosted_vllm/Qwen/Qwen3.5-35B-A3B,summarization_partial,2000,0.5,heterogeneous-dates,summarization-partial,run_2,priority,summary_failure_accounting,0,30,/home/ak58925/agentCtx/ICLR_results/terminalbench/ablation/qwen35b/d05__b2k__su-partial/heterogeneous-dates/summarization-partial/run_2/trajectory.json,/home/ak58925/agentCtx-summarization/results/query-error-audit-20260907/details/00131.txt
terminalbench,ablation,qwen35b,d05__b2k__su-partial,hosted_vllm/Qwen/Qwen3.5-35B-A3B,summarization_partial,2000,0.5,heterogeneous-dates,summarization-partial,run_3,priority,summary_failure_accounting,0,33,/home/ak58925/agentCtx/ICLR_results/terminalbench/ablation/qwen35b/d05__b2k__su-partial/heterogeneous-dates/summarization-partial/run_3/trajectory.json,/home/ak58925/agentCtx-summarization/results/query-error-audit-20260907/details/00132.txt
terminalbench,ablation,qwen35b,d05__b2k__su-partial,hosted_vllm/Qwen/Qwen3.5-35B-A3B,summarization_partial,2000,0.5,hf-model-inference,summarization-partial,run_1,priority,summary_failure_accounting,0,52,/home/ak58925/agentCtx/ICLR_results/terminalbench/ablation/qwen35b/d05__b2k__su-partial/hf-model-inference/summarization-partial/run_1/trajectory.json,/home/ak58925/agentCtx-summarization/results/query-error-audit-20260907/details/00133.txt
terminalbench,ablation,qwen35b,d05__b2k__su-partial,hosted_vllm/Qwen/Qwen3.5-35B-A3B,summarization_partial,2000,0.5,hf-model-inference,summarization-partial,run_2,priority,summary_failure_accounting,0,55,/home/ak58925/agentCtx/ICLR_results/terminalbench/ablation/qwen35b/d05__b2k__su-partial/hf-model-inference/summarization-partial/run_2/trajectory.json,/home/ak58925/agentCtx-summarization/results/query-error-audit-20260907/details/00134.txt
terminalbench,ablation,qwen35b,d05__b2k__su-partial,hosted_vllm/Qwen/Qwen3.5-35B-A3B,summarization_partial,2000,0.5,hf-model-inference,summarization-partial,run_3,priority,summary_failure_accounting,0,50,/home/ak58925/agentCtx/ICLR_results/terminalbench/ablation/qwen35b/d05__b2k__su-partial/hf-model-inference/summarization-partial/run_3/trajectory.json,/home/ak58925/agentCtx-summarization/results/query-error-audit-20260907/details/00135.txt
terminalbench,ablation,qwen35b,d05__b2k__su-partial,hosted_vllm/Qwen/Qwen3.5-35B-A3B,summarization_partial,2000,0.5,incompatible-python-fasttext,summarization-partial,run_1,priority,summary_failure_accounting,0,68,/home/ak58925/agentCtx/ICLR_results/terminalbench/ablation/qwen35b/d05__b2k__su-partial/incompatible-python-fasttext/summarization-partial/run_1/trajectory.json,/home/ak58925/agentCtx-summarization/results/query-error-audit-20260907/details/00136.txt
terminalbench,ablation,qwen35b,d05__b2k__su-partial,hosted_vllm/Qwen/Qwen3.5-35B-A3B,summarization_partial,2000,0.5,incompatible-python-fasttext,summarization-partial,run_2,priority,summary_failure_accounting,0,71,/home/ak58925/agentCtx/ICLR_results/terminalbench/ablation/qwen35b/d05__b2k__su-partial/incompatible-python-fasttext/summarization-partial/run_2/trajectory.json,/home/ak58925/agentCtx-summarization/results/query-error-audit-20260907/details/00137.txt
terminalbench,ablation,qwen35b,d05__b2k__su-partial,hosted_vllm/Qwen/Qwen3.5-35B-A3B,summarization_partial,2000,0.5,incompatible-python-fasttext,summarization-partial,run_3,priority,summary_failure_accounting,0,71,/home/ak58925/agentCtx/ICLR_results/terminalbench/ablation/qwen35b/d05__b2k__su-partial/incompatible-python-fasttext/summarization-partial/run_3/trajectory.json,/home/ak58925/agentCtx-summarization/results/query-error-audit-20260907/details/00138.txt
terminalbench,ablation,qwen35b,d05__b2k__su-partial,hosted_vllm/Qwen/Qwen3.5-35B-A3B,summarization_partial,2000,0.5,processing-pipeline,summarization-partial,run_1,priority,summary_failure_accounting,0,15,/home/ak58925/agentCtx/ICLR_results/terminalbench/ablation/qwen35b/d05__b2k__su-partial/processing-pipeline/summarization-partial/run_1/trajectory.json,/home/ak58925/agentCtx-summarization/results/query-error-audit-20260907/details/00139.txt
terminalbench,ablation,qwen35b,d05__b2k__su-partial,hosted_vllm/Qwen/Qwen3.5-35B-A3B,summarization_partial,2000,0.5,processing-pipeline,summarization-partial,run_2,priority,summary_failure_accounting,0,6,/home/ak58925/agentCtx/ICLR_results/terminalbench/ablation/qwen35b/d05__b2k__su-partial/processing-pipeline/summarization-partial/run_2/trajectory.json,/home/ak58925/agentCtx-summarization/results/query-error-audit-20260907/details/00140.txt
terminalbench,ablation,qwen35b,d05__b2k__su-partial,hosted_vllm/Qwen/Qwen3.5-35B-A3B,summarization_partial,2000,0.5,processing-pipeline,summarization-partial,run_3,priority,summary_failure_accounting,0,52,/home/ak58925/agentCtx/ICLR_results/terminalbench/ablation/qwen35b/d05__b2k__su-partial/processing-pipeline/summarization-partial/run_3/trajectory.json,/home/ak58925/agentCtx-summarization/results/query-error-audit-20260907/details/00141.txt
terminalbench,ablation,qwen35b,d05__b2k__su-partial,hosted_vllm/Qwen/Qwen3.5-35B-A3B,summarization_partial,2000,0.5,prove-plus-comm,summarization-partial,run_1,priority,summary_marker_error,2,,/home/ak58925/agentCtx/ICLR_results/terminalbench/ablation/qwen35b/d05__b2k__su-partial/prove-plus-comm/summarization-partial/run_1/trajectory.json,/home/ak58925/agentCtx-summarization/results/query-error-audit-20260907/details/00142.txt
terminalbench,ablation,qwen35b,d05__b2k__su-partial,hosted_vllm/Qwen/Qwen3.5-35B-A3B,summarization_partial,2000,0.5,prove-plus-comm,summarization-partial,run_3,priority,summary_marker_error,1,,/home/ak58925/agentCtx/ICLR_results/terminalbench/ablation/qwen35b/d05__b2k__su-partial/prove-plus-comm/summarization-partial/run_3/trajectory.json,/home/ak58925/agentCtx-summarization/results/query-error-audit-20260907/details/00143.txt
terminalbench,ablation,qwen35b,d05__b2k__su-partial,hosted_vllm/Qwen/Qwen3.5-35B-A3B,summarization_partial,2000,0.5,pytorch-model-cli.hard,summarization-partial,run_1,priority,summary_failure_accounting,0,82,/home/ak58925/agentCtx/ICLR_results/terminalbench/ablation/qwen35b/d05__b2k__su-partial/pytorch-model-cli.hard/summarization-partial/run_1/trajectory.json,/home/ak58925/agentCtx-summarization/results/query-error-audit-20260907/details/00144.txt
terminalbench,ablation,qwen35b,d05__b2k__su-partial,hosted_vllm/Qwen/Qwen3.5-35B-A3B,summarization_partial,2000,0.5,pytorch-model-cli.hard,summarization-partial,run_2,priority,summary_failure_accounting,0,77,/home/ak58925/agentCtx/ICLR_results/terminalbench/ablation/qwen35b/d05__b2k__su-partial/pytorch-model-cli.hard/summarization-partial/run_2/trajectory.json,/home/ak58925/agentCtx-summarization/results/query-error-audit-20260907/details/00145.txt
terminalbench,ablation,qwen35b,d05__b2k__su-partial,hosted_vllm/Qwen/Qwen3.5-35B-A3B,summarization_partial,2000,0.5,pytorch-model-cli.hard,summarization-partial,run_3,priority,summary_failure_accounting,0,5,/home/ak58925/agentCtx/ICLR_results/terminalbench/ablation/qwen35b/d05__b2k__su-partial/pytorch-model-cli.hard/summarization-partial/run_3/trajectory.json,/home/ak58925/agentCtx-summarization/results/query-error-audit-20260907/details/00146.txt
terminalbench,ablation,qwen35b,d05__b2k__su-partial,hosted_vllm/Qwen/Qwen3.5-35B-A3B,summarization_partial,2000,0.5,sanitize-git-repo.hard,summarization-partial,run_1,priority,summary_failure_accounting,0,3,/home/ak58925/agentCtx/ICLR_results/terminalbench/ablation/qwen35b/d05__b2k__su-partial/sanitize-git-repo.hard/summarization-partial/run_1/trajectory.json,/home/ak58925/agentCtx-summarization/results/query-error-audit-20260907/details/00147.txt
terminalbench,ablation,qwen35b,d05__b2k__su-partial,hosted_vllm/Qwen/Qwen3.5-35B-A3B,summarization_partial,2000,0.5,sanitize-git-repo.hard,summarization-partial,run_2,priority,summary_failure_accounting,0,16,/home/ak58925/agentCtx/ICLR_results/terminalbench/ablation/qwen35b/d05__b2k__su-partial/sanitize-git-repo.hard/summarization-partial/run_2/trajectory.json,/home/ak58925/agentCtx-summarization/results/query-error-audit-20260907/details/00148.txt
terminalbench,ablation,qwen35b,d05__b2k__su-partial,hosted_vllm/Qwen/Qwen3.5-35B-A3B,summarization_partial,2000,0.5,sanitize-git-repo.hard,summarization-partial,run_3,priority,summary_failure_accounting,0,12,/home/ak58925/agentCtx/ICLR_results/terminalbench/ablation/qwen35b/d05__b2k__su-partial/sanitize-git-repo.hard/summarization-partial/run_3/trajectory.json,/home/ak58925/agentCtx-summarization/results/query-error-audit-20260907/details/00149.txt
terminalbench,ablation,qwen35b,d05__b2k__su-partial,hosted_vllm/Qwen/Qwen3.5-35B-A3B,summarization_partial,2000,0.5,sqlite-with-gcov,summarization-partial,run_1,priority,summary_marker_error,3,,/home/ak58925/agentCtx/ICLR_results/terminalbench/ablation/qwen35b/d05__b2k__su-partial/sqlite-with-gcov/summarization-partial/run_1/trajectory.json,/home/ak58925/agentCtx-summarization/results/query-error-audit-20260907/details/00150.txt
terminalbench,ablation,qwen35b,d05__b2k__su-partial,hosted_vllm/Qwen/Qwen3.5-35B-A3B,summarization_partial,2000,0.5,sqlite-with-gcov,summarization-partial,run_2,probable,summary_related_response,0,0,/home/ak58925/agentCtx/ICLR_results/terminalbench/ablation/qwen35b/d05__b2k__su-partial/sqlite-with-gcov/summarization-partial/run_2/trajectory.json,/home/ak58925/agentCtx-summarization/results/query-error-audit-20260907/details/00151.txt
terminalbench,ablation,qwen35b,d05__b2k__su-partial,hosted_vllm/Qwen/Qwen3.5-35B-A3B,summarization_partial,2000,0.5,sqlite-with-gcov,summarization-partial,run_3,priority,summary_failure_accounting,0,71,/home/ak58925/agentCtx/ICLR_results/terminalbench/ablation/qwen35b/d05__b2k__su-partial/sqlite-with-gcov/summarization-partial/run_3/trajectory.json,/home/ak58925/agentCtx-summarization/results/query-error-audit-20260907/details/00152.txt
terminalbench,ablation,qwen35b,d05__b2k__su-partial,hosted_vllm/Qwen/Qwen3.5-35B-A3B,summarization_partial,2000,0.5,swe-bench-fsspec,summarization-partial,run_1,priority,summary_failure_accounting,0,54,/home/ak58925/agentCtx/ICLR_results/terminalbench/ablation/qwen35b/d05__b2k__su-partial/swe-bench-fsspec/summarization-partial/run_1/trajectory.json,/home/ak58925/agentCtx-summarization/results/query-error-audit-20260907/details/00153.txt
terminalbench,ablation,qwen35b,d05__b2k__su-partial,hosted_vllm/Qwen/Qwen3.5-35B-A3B,summarization_partial,2000,0.5,swe-bench-fsspec,summarization-partial,run_2,priority,summary_marker_error,1,,/home/ak58925/agentCtx/ICLR_results/terminalbench/ablation/qwen35b/d05__b2k__su-partial/swe-bench-fsspec/summarization-partial/run_2/trajectory.json,/home/ak58925/agentCtx-summarization/results/query-error-audit-20260907/details/00154.txt
terminalbench,ablation,qwen35b,d05__b2k__su-partial,hosted_vllm/Qwen/Qwen3.5-35B-A3B,summarization_partial,2000,0.5,swe-bench-fsspec,summarization-partial,run_3,priority,summary_failure_accounting,0,55,/home/ak58925/agentCtx/ICLR_results/terminalbench/ablation/qwen35b/d05__b2k__su-partial/swe-bench-fsspec/summarization-partial/run_3/trajectory.json,/home/ak58925/agentCtx-summarization/results/query-error-audit-20260907/details/00155.txt
terminalbench,ablation,qwen35b,d05__b2k__su-partial,hosted_vllm/Qwen/Qwen3.5-35B-A3B,summarization_partial,2000,0.5,write-compressor,summarization-partial,run_1,priority,summary_failure_accounting,0,1,/home/ak58925/agentCtx/ICLR_results/terminalbench/ablation/qwen35b/d05__b2k__su-partial/write-compressor/summarization-partial/run_1/trajectory.json,/home/ak58925/agentCtx-summarization/results/query-error-audit-20260907/details/00156.txt
terminalbench,ablation,qwen35b,d05__b2k__su-partial,hosted_vllm/Qwen/Qwen3.5-35B-A3B,summarization_partial,2000,0.5,write-compressor,summarization-partial,run_2,probable,summary_related_response,0,0,/home/ak58925/agentCtx/ICLR_results/terminalbench/ablation/qwen35b/d05__b2k__su-partial/write-compressor/summarization-partial/run_2/trajectory.json,/home/ak58925/agentCtx-summarization/results/query-error-audit-20260907/details/00157.txt
terminalbench,ablation,qwen35b,d05__b2k__su-partial,hosted_vllm/Qwen/Qwen3.5-35B-A3B,summarization_partial,2000,0.5,write-compressor,summarization-partial,run_3,priority,summary_failure_accounting,0,4,/home/ak58925/agentCtx/ICLR_results/terminalbench/ablation/qwen35b/d05__b2k__su-partial/write-compressor/summarization-partial/run_3/trajectory.json,/home/ak58925/agentCtx-summarization/results/query-error-audit-20260907/details/00158.txt
terminalbench,ablation,qwen35b,d05__b4k__ss,hosted_vllm/Qwen/Qwen3.5-35B-A3B,structured_summarize,4000,0.5,blind-maze-explorer-5x5,structured-summarize,run_2,priority,summary_marker_error,23,,/home/ak58925/agentCtx/ICLR_results/terminalbench/ablation/qwen35b/d05__b4k__ss/blind-maze-explorer-5x5/structured-summarize/run_2/trajectory.json,/home/ak58925/agentCtx-summarization/results/query-error-audit-20260907/details/00160.txt
terminalbench,ablation,qwen35b,d05__b4k__ss,hosted_vllm/Qwen/Qwen3.5-35B-A3B,structured_summarize,4000,0.5,blind-maze-explorer-5x5,structured-summarize,run_3,priority,summary_marker_error,47,,/home/ak58925/agentCtx/ICLR_results/terminalbench/ablation/qwen35b/d05__b4k__ss/blind-maze-explorer-5x5/structured-summarize/run_3/trajectory.json,/home/ak58925/agentCtx-summarization/results/query-error-audit-20260907/details/00161.txt
terminalbench,ablation,qwen35b,d05__b4k__ss,hosted_vllm/Qwen/Qwen3.5-35B-A3B,structured_summarize,4000,0.5,crack-7z-hash.hard,structured-summarize,run_2,priority,summary_marker_error,25,,/home/ak58925/agentCtx/ICLR_results/terminalbench/ablation/qwen35b/d05__b4k__ss/crack-7z-hash.hard/structured-summarize/run_2/trajectory.json,/home/ak58925/agentCtx-summarization/results/query-error-audit-20260907/details/00162.txt
terminalbench,ablation,qwen35b,d05__b4k__ss,hosted_vllm/Qwen/Qwen3.5-35B-A3B,structured_summarize,4000,0.5,csv-to-parquet,structured-summarize,run_1,priority,summary_marker_error,31,,/home/ak58925/agentCtx/ICLR_results/terminalbench/ablation/qwen35b/d05__b4k__ss/csv-to-parquet/structured-summarize/run_1/trajectory.json,/home/ak58925/agentCtx-summarization/results/query-error-audit-20260907/details/00163.txt
terminalbench,ablation,qwen35b,d05__b4k__ss,hosted_vllm/Qwen/Qwen3.5-35B-A3B,structured_summarize,4000,0.5,csv-to-parquet,structured-summarize,run_2,priority,summary_marker_error,44,,/home/ak58925/agentCtx/ICLR_results/terminalbench/ablation/qwen35b/d05__b4k__ss/csv-to-parquet/structured-summarize/run_2/trajectory.json,/home/ak58925/agentCtx-summarization/results/query-error-audit-20260907/details/00164.txt
terminalbench,ablation,qwen35b,d05__b4k__ss,hosted_vllm/Qwen/Qwen3.5-35B-A3B,structured_summarize,4000,0.5,download-youtube,structured-summarize,run_1,priority,summary_marker_error,29,,/home/ak58925/agentCtx/ICLR_results/terminalbench/ablation/qwen35b/d05__b4k__ss/download-youtube/structured-summarize/run_1/trajectory.json,/home/ak58925/agentCtx-summarization/results/query-error-audit-20260907/details/00165.txt
terminalbench,ablation,qwen35b,d05__b4k__ss,hosted_vllm/Qwen/Qwen3.5-35B-A3B,structured_summarize,4000,0.5,download-youtube,structured-summarize,run_2,priority,summary_marker_error,29,,/home/ak58925/agentCtx/ICLR_results/terminalbench/ablation/qwen35b/d05__b4k__ss/download-youtube/structured-summarize/run_2/trajectory.json,/home/ak58925/agentCtx-summarization/results/query-error-audit-20260907/details/00166.txt
terminalbench,ablation,qwen35b,d05__b4k__ss,hosted_vllm/Qwen/Qwen3.5-35B-A3B,structured_summarize,4000,0.5,download-youtube,structured-summarize,run_3,priority,summary_marker_error,1,,/home/ak58925/agentCtx/ICLR_results/terminalbench/ablation/qwen35b/d05__b4k__ss/download-youtube/structured-summarize/run_3/trajectory.json,/home/ak58925/agentCtx-summarization/results/query-error-audit-20260907/details/00167.txt
terminalbench,ablation,qwen35b,d05__b4k__ss,hosted_vllm/Qwen/Qwen3.5-35B-A3B,structured_summarize,4000,0.5,gpt2-codegolf,structured-summarize,run_1,priority,summary_marker_error,16,,/home/ak58925/agentCtx/ICLR_results/terminalbench/ablation/qwen35b/d05__b4k__ss/gpt2-codegolf/structured-summarize/run_1/trajectory.json,/home/ak58925/agentCtx-summarization/results/query-error-audit-20260907/details/00168.txt
terminalbench,ablation,qwen35b,d05__b4k__ss,hosted_vllm/Qwen/Qwen3.5-35B-A3B,structured_summarize,4000,0.5,gpt2-codegolf,structured-summarize,run_2,priority,summary_marker_error,32,,/home/ak58925/agentCtx/ICLR_results/terminalbench/ablation/qwen35b/d05__b4k__ss/gpt2-codegolf/structured-summarize/run_2/trajectory.json,/home/ak58925/agentCtx-summarization/results/query-error-audit-20260907/details/00169.txt
terminalbench,ablation,qwen35b,d05__b4k__ss,hosted_vllm/Qwen/Qwen3.5-35B-A3B,structured_summarize,4000,0.5,gpt2-codegolf,structured-summarize,run_3,priority,summary_marker_error,33,,/home/ak58925/agentCtx/ICLR_results/terminalbench/ablation/qwen35b/d05__b4k__ss/gpt2-codegolf/structured-summarize/run_3/trajectory.json,/home/ak58925/agentCtx-summarization/results/query-error-audit-20260907/details/00170.txt
terminalbench,ablation,qwen35b,d05__b4k__ss,hosted_vllm/Qwen/Qwen3.5-35B-A3B,structured_summarize,4000,0.5,hf-model-inference,structured-summarize,run_1,priority,summary_marker_error,23,,/home/ak58925/agentCtx/ICLR_results/terminalbench/ablation/qwen35b/d05__b4k__ss/hf-model-inference/structured-summarize/run_1/trajectory.json,/home/ak58925/agentCtx-summarization/results/query-error-audit-20260907/details/00172.txt
terminalbench,ablation,qwen35b,d05__b4k__ss,hosted_vllm/Qwen/Qwen3.5-35B-A3B,structured_summarize,4000,0.5,hf-model-inference,structured-summarize,run_2,priority,summary_marker_error,63,,/home/ak58925/agentCtx/ICLR_results/terminalbench/ablation/qwen35b/d05__b4k__ss/hf-model-inference/structured-summarize/run_2/trajectory.json,/home/ak58925/agentCtx-summarization/results/query-error-audit-20260907/details/00173.txt
terminalbench,ablation,qwen35b,d05__b4k__ss,hosted_vllm/Qwen/Qwen3.5-35B-A3B,structured_summarize,4000,0.5,incompatible-python-fasttext,structured-summarize,run_1,priority,summary_marker_error,41,,/home/ak58925/agentCtx/ICLR_results/terminalbench/ablation/qwen35b/d05__b4k__ss/incompatible-python-fasttext/structured-summarize/run_1/trajectory.json,/home/ak58925/agentCtx-summarization/results/query-error-audit-20260907/details/00174.txt
terminalbench,ablation,qwen35b,d05__b4k__ss,hosted_vllm/Qwen/Qwen3.5-35B-A3B,structured_summarize,4000,0.5,processing-pipeline,structured-summarize,run_2,priority,summary_marker_error,40,,/home/ak58925/agentCtx/ICLR_results/terminalbench/ablation/qwen35b/d05__b4k__ss/processing-pipeline/structured-summarize/run_2/trajectory.json,/home/ak58925/agentCtx-summarization/results/query-error-audit-20260907/details/00176.txt
terminalbench,ablation,qwen35b,d05__b4k__ss,hosted_vllm/Qwen/Qwen3.5-35B-A3B,structured_summarize,4000,0.5,pytorch-model-cli.hard,structured-summarize,run_1,priority,summary_marker_error,50,,/home/ak58925/agentCtx/ICLR_results/terminalbench/ablation/qwen35b/d05__b4k__ss/pytorch-model-cli.hard/structured-summarize/run_1/trajectory.json,/home/ak58925/agentCtx-summarization/results/query-error-audit-20260907/details/00177.txt
terminalbench,ablation,qwen35b,d05__b4k__ss,hosted_vllm/Qwen/Qwen3.5-35B-A3B,structured_summarize,4000,0.5,sanitize-git-repo.hard,structured-summarize,run_1,priority,summary_marker_error,16,,/home/ak58925/agentCtx/ICLR_results/terminalbench/ablation/qwen35b/d05__b4k__ss/sanitize-git-repo.hard/structured-summarize/run_1/trajectory.json,/home/ak58925/agentCtx-summarization/results/query-error-audit-20260907/details/00178.txt
terminalbench,ablation,qwen35b,d05__b4k__ss,hosted_vllm/Qwen/Qwen3.5-35B-A3B,structured_summarize,4000,0.5,sqlite-with-gcov,structured-summarize,run_1,priority,summary_marker_error,89,,/home/ak58925/agentCtx/ICLR_results/terminalbench/ablation/qwen35b/d05__b4k__ss/sqlite-with-gcov/structured-summarize/run_1/trajectory.json,/home/ak58925/agentCtx-summarization/results/query-error-audit-20260907/details/00179.txt
terminalbench,ablation,qwen35b,d05__b4k__ss,hosted_vllm/Qwen/Qwen3.5-35B-A3B,structured_summarize,4000,0.5,swe-bench-fsspec,structured-summarize,run_1,priority,summary_marker_error,22,,/home/ak58925/agentCtx/ICLR_results/terminalbench/ablation/qwen35b/d05__b4k__ss/swe-bench-fsspec/structured-summarize/run_1/trajectory.json,/home/ak58925/agentCtx-summarization/results/query-error-audit-20260907/details/00180.txt
terminalbench,ablation,qwen35b,d05__b4k__ss,hosted_vllm/Qwen/Qwen3.5-35B-A3B,structured_summarize,4000,0.5,swe-bench-fsspec,structured-summarize,run_2,priority,summary_marker_error,61,,/home/ak58925/agentCtx/ICLR_results/terminalbench/ablation/qwen35b/d05__b4k__ss/swe-bench-fsspec/structured-summarize/run_2/trajectory.json,/home/ak58925/agentCtx-summarization/results/query-error-audit-20260907/details/00181.txt
terminalbench,ablation,qwen35b,d05__b4k__ss,hosted_vllm/Qwen/Qwen3.5-35B-A3B,structured_summarize,4000,0.5,swe-bench-fsspec,structured-summarize,run_3,priority,summary_marker_error,72,,/home/ak58925/agentCtx/ICLR_results/terminalbench/ablation/qwen35b/d05__b4k__ss/swe-bench-fsspec/structured-summarize/run_3/trajectory.json,/home/ak58925/agentCtx-summarization/results/query-error-audit-20260907/details/00182.txt
terminalbench,ablation,qwen35b,d05__b4k__ss,hosted_vllm/Qwen/Qwen3.5-35B-A3B,structured_summarize,4000,0.5,write-compressor,structured-summarize,run_1,priority,summary_marker_error,12,,/home/ak58925/agentCtx/ICLR_results/terminalbench/ablation/qwen35b/d05__b4k__ss/write-compressor/structured-summarize/run_1/trajectory.json,/home/ak58925/agentCtx-summarization/results/query-error-audit-20260907/details/00183.txt
terminalbench,ablation,qwen35b,d05__b4k__ss,hosted_vllm/Qwen/Qwen3.5-35B-A3B,structured_summarize,4000,0.5,write-compressor,structured-summarize,run_3,priority,summary_marker_error,74,,/home/ak58925/agentCtx/ICLR_results/terminalbench/ablation/qwen35b/d05__b4k__ss/write-compressor/structured-summarize/run_3/trajectory.json,/home/ak58925/agentCtx-summarization/results/query-error-audit-20260907/details/00184.txt
terminalbench,ablation,qwen35b,d05__b4k__ss-partial,hosted_vllm/Qwen/Qwen3.5-35B-A3B,structured_summarize_partial,4000,0.5,blind-maze-explorer-5x5,structured-summarize-partial,run_1,priority,summary_marker_error,12,,/home/ak58925/agentCtx/ICLR_results/terminalbench/ablation/qwen35b/d05__b4k__ss-partial/blind-maze-explorer-5x5/structured-summarize-partial/run_1/trajectory.json,/home/ak58925/agentCtx-summarization/results/query-error-audit-20260907/details/00185.txt
terminalbench,ablation,qwen35b,d05__b4k__ss-partial,hosted_vllm/Qwen/Qwen3.5-35B-A3B,structured_summarize_partial,4000,0.5,blind-maze-explorer-5x5,structured-summarize-partial,run_2,priority,summary_marker_error,37,,/home/ak58925/agentCtx/ICLR_results/terminalbench/ablation/qwen35b/d05__b4k__ss-partial/blind-maze-explorer-5x5/structured-summarize-partial/run_2/trajectory.json,/home/ak58925/agentCtx-summarization/results/query-error-audit-20260907/details/00186.txt
terminalbench,ablation,qwen35b,d05__b4k__ss-partial,hosted_vllm/Qwen/Qwen3.5-35B-A3B,structured_summarize_partial,4000,0.5,crack-7z-hash.hard,structured-summarize-partial,run_1,priority,summary_marker_error,8,,/home/ak58925/agentCtx/ICLR_results/terminalbench/ablation/qwen35b/d05__b4k__ss-partial/crack-7z-hash.hard/structured-summarize-partial/run_1/trajectory.json,/home/ak58925/agentCtx-summarization/results/query-error-audit-20260907/details/00187.txt
terminalbench,ablation,qwen35b,d05__b4k__ss-partial,hosted_vllm/Qwen/Qwen3.5-35B-A3B,structured_summarize_partial,4000,0.5,crack-7z-hash.hard,structured-summarize-partial,run_2,priority,summary_marker_error,51,,/home/ak58925/agentCtx/ICLR_results/terminalbench/ablation/qwen35b/d05__b4k__ss-partial/crack-7z-hash.hard/structured-summarize-partial/run_2/trajectory.json,/home/ak58925/agentCtx-summarization/results/query-error-audit-20260907/details/00188.txt
terminalbench,ablation,qwen35b,d05__b4k__ss-partial,hosted_vllm/Qwen/Qwen3.5-35B-A3B,structured_summarize_partial,4000,0.5,csv-to-parquet,structured-summarize-partial,run_1,priority,summary_marker_error,59,,/home/ak58925/agentCtx/ICLR_results/terminalbench/ablation/qwen35b/d05__b4k__ss-partial/csv-to-parquet/structured-summarize-partial/run_1/trajectory.json,/home/ak58925/agentCtx-summarization/results/query-error-audit-20260907/details/00189.txt
terminalbench,ablation,qwen35b,d05__b4k__ss-partial,hosted_vllm/Qwen/Qwen3.5-35B-A3B,structured_summarize_partial,4000,0.5,csv-to-parquet,structured-summarize-partial,run_2,priority,summary_marker_error,55,,/home/ak58925/agentCtx/ICLR_results/terminalbench/ablation/qwen35b/d05__b4k__ss-partial/csv-to-parquet/structured-summarize-partial/run_2/trajectory.json,/home/ak58925/agentCtx-summarization/results/query-error-audit-20260907/details/00190.txt
terminalbench,ablation,qwen35b,d05__b4k__ss-partial,hosted_vllm/Qwen/Qwen3.5-35B-A3B,structured_summarize_partial,4000,0.5,download-youtube,structured-summarize-partial,run_1,priority,summary_marker_error,39,,/home/ak58925/agentCtx/ICLR_results/terminalbench/ablation/qwen35b/d05__b4k__ss-partial/download-youtube/structured-summarize-partial/run_1/trajectory.json,/home/ak58925/agentCtx-summarization/results/query-error-audit-20260907/details/00191.txt
terminalbench,ablation,qwen35b,d05__b4k__ss-partial,hosted_vllm/Qwen/Qwen3.5-35B-A3B,structured_summarize_partial,4000,0.5,download-youtube,structured-summarize-partial,run_2,priority,summary_marker_error,34,,/home/ak58925/agentCtx/ICLR_results/terminalbench/ablation/qwen35b/d05__b4k__ss-partial/download-youtube/structured-summarize-partial/run_2/trajectory.json,/home/ak58925/agentCtx-summarization/results/query-error-audit-20260907/details/00192.txt
terminalbench,ablation,qwen35b,d05__b4k__ss-partial,hosted_vllm/Qwen/Qwen3.5-35B-A3B,structured_summarize_partial,4000,0.5,gpt2-codegolf,structured-summarize-partial,run_1,priority,summary_marker_error,33,,/home/ak58925/agentCtx/ICLR_results/terminalbench/ablation/qwen35b/d05__b4k__ss-partial/gpt2-codegolf/structured-summarize-partial/run_1/trajectory.json,/home/ak58925/agentCtx-summarization/results/query-error-audit-20260907/details/00193.txt
terminalbench,ablation,qwen35b,d05__b4k__ss-partial,hosted_vllm/Qwen/Qwen3.5-35B-A3B,structured_summarize_partial,4000,0.5,gpt2-codegolf,structured-summarize-partial,run_2,priority,summary_marker_error,3,,/home/ak58925/agentCtx/ICLR_results/terminalbench/ablation/qwen35b/d05__b4k__ss-partial/gpt2-codegolf/structured-summarize-partial/run_2/trajectory.json,/home/ak58925/agentCtx-summarization/results/query-error-audit-20260907/details/00194.txt
terminalbench,ablation,qwen35b,d05__b4k__ss-partial,hosted_vllm/Qwen/Qwen3.5-35B-A3B,structured_summarize_partial,4000,0.5,hf-model-inference,structured-summarize-partial,run_2,priority,summary_marker_error,34,,/home/ak58925/agentCtx/ICLR_results/terminalbench/ablation/qwen35b/d05__b4k__ss-partial/hf-model-inference/structured-summarize-partial/run_2/trajectory.json,/home/ak58925/agentCtx-summarization/results/query-error-audit-20260907/details/00195.txt
terminalbench,ablation,qwen35b,d05__b4k__ss-partial,hosted_vllm/Qwen/Qwen3.5-35B-A3B,structured_summarize_partial,4000,0.5,incompatible-python-fasttext,structured-summarize-partial,run_1,priority,summary_marker_error,6,,/home/ak58925/agentCtx/ICLR_results/terminalbench/ablation/qwen35b/d05__b4k__ss-partial/incompatible-python-fasttext/structured-summarize-partial/run_1/trajectory.json,/home/ak58925/agentCtx-summarization/results/query-error-audit-20260907/details/00196.txt
terminalbench,ablation,qwen35b,d05__b4k__ss-partial,hosted_vllm/Qwen/Qwen3.5-35B-A3B,structured_summarize_partial,4000,0.5,incompatible-python-fasttext,structured-summarize-partial,run_2,priority,summary_marker_error,6,,/home/ak58925/agentCtx/ICLR_results/terminalbench/ablation/qwen35b/d05__b4k__ss-partial/incompatible-python-fasttext/structured-summarize-partial/run_2/trajectory.json,/home/ak58925/agentCtx-summarization/results/query-error-audit-20260907/details/00197.txt
terminalbench,ablation,qwen35b,d05__b4k__ss-partial,hosted_vllm/Qwen/Qwen3.5-35B-A3B,structured_summarize_partial,4000,0.5,processing-pipeline,structured-summarize-partial,run_1,priority,summary_marker_error,6,,/home/ak58925/agentCtx/ICLR_results/terminalbench/ablation/qwen35b/d05__b4k__ss-partial/processing-pipeline/structured-summarize-partial/run_1/trajectory.json,/home/ak58925/agentCtx-summarization/results/query-error-audit-20260907/details/00198.txt
terminalbench,ablation,qwen35b,d05__b4k__ss-partial,hosted_vllm/Qwen/Qwen3.5-35B-A3B,structured_summarize_partial,4000,0.5,processing-pipeline,structured-summarize-partial,run_2,priority,summary_marker_error,5,,/home/ak58925/agentCtx/ICLR_results/terminalbench/ablation/qwen35b/d05__b4k__ss-partial/processing-pipeline/structured-summarize-partial/run_2/trajectory.json,/home/ak58925/agentCtx-summarization/results/query-error-audit-20260907/details/00199.txt
terminalbench,ablation,qwen35b,d05__b4k__ss-partial,hosted_vllm/Qwen/Qwen3.5-35B-A3B,structured_summarize_partial,4000,0.5,pytorch-model-cli.hard,structured-summarize-partial,run_1,priority,summary_marker_error,16,,/home/ak58925/agentCtx/ICLR_results/terminalbench/ablation/qwen35b/d05__b4k__ss-partial/pytorch-model-cli.hard/structured-summarize-partial/run_1/trajectory.json,/home/ak58925/agentCtx-summarization/results/query-error-audit-20260907/details/00200.txt
terminalbench,ablation,qwen35b,d05__b4k__ss-partial,hosted_vllm/Qwen/Qwen3.5-35B-A3B,structured_summarize_partial,4000,0.5,pytorch-model-cli.hard,structured-summarize-partial,run_2,priority,summary_marker_error,29,,/home/ak58925/agentCtx/ICLR_results/terminalbench/ablation/qwen35b/d05__b4k__ss-partial/pytorch-model-cli.hard/structured-summarize-partial/run_2/trajectory.json,/home/ak58925/agentCtx-summarization/results/query-error-audit-20260907/details/00201.txt
terminalbench,ablation,qwen35b,d05__b4k__ss-partial,hosted_vllm/Qwen/Qwen3.5-35B-A3B,structured_summarize_partial,4000,0.5,sanitize-git-repo.hard,structured-summarize-partial,run_1,priority,summary_marker_error,41,,/home/ak58925/agentCtx/ICLR_results/terminalbench/ablation/qwen35b/d05__b4k__ss-partial/sanitize-git-repo.hard/structured-summarize-partial/run_1/trajectory.json,/home/ak58925/agentCtx-summarization/results/query-error-audit-20260907/details/00202.txt
terminalbench,ablation,qwen35b,d05__b4k__ss-partial,hosted_vllm/Qwen/Qwen3.5-35B-A3B,structured_summarize_partial,4000,0.5,sanitize-git-repo.hard,structured-summarize-partial,run_2,priority,summary_marker_error,41,,/home/ak58925/agentCtx/ICLR_results/terminalbench/ablation/qwen35b/d05__b4k__ss-partial/sanitize-git-repo.hard/structured-summarize-partial/run_2/trajectory.json,/home/ak58925/agentCtx-summarization/results/query-error-audit-20260907/details/00203.txt
terminalbench,ablation,qwen35b,d05__b4k__ss-partial,hosted_vllm/Qwen/Qwen3.5-35B-A3B,structured_summarize_partial,4000,0.5,sqlite-with-gcov,structured-summarize-partial,run_1,priority,summary_marker_error,57,,/home/ak58925/agentCtx/ICLR_results/terminalbench/ablation/qwen35b/d05__b4k__ss-partial/sqlite-with-gcov/structured-summarize-partial/run_1/trajectory.json,/home/ak58925/agentCtx-summarization/results/query-error-audit-20260907/details/00204.txt
terminalbench,ablation,qwen35b,d05__b4k__ss-partial,hosted_vllm/Qwen/Qwen3.5-35B-A3B,structured_summarize_partial,4000,0.5,sqlite-with-gcov,structured-summarize-partial,run_2,priority,summary_marker_error,74,,/home/ak58925/agentCtx/ICLR_results/terminalbench/ablation/qwen35b/d05__b4k__ss-partial/sqlite-with-gcov/structured-summarize-partial/run_2/trajectory.json,/home/ak58925/agentCtx-summarization/results/query-error-audit-20260907/details/00205.txt
terminalbench,ablation,qwen35b,d05__b4k__ss-partial,hosted_vllm/Qwen/Qwen3.5-35B-A3B,structured_summarize_partial,4000,0.5,swe-bench-fsspec,structured-summarize-partial,run_1,priority,summary_marker_error,32,,/home/ak58925/agentCtx/ICLR_results/terminalbench/ablation/qwen35b/d05__b4k__ss-partial/swe-bench-fsspec/structured-summarize-partial/run_1/trajectory.json,/home/ak58925/agentCtx-summarization/results/query-error-audit-20260907/details/00206.txt
terminalbench,ablation,qwen35b,d05__b4k__ss-partial,hosted_vllm/Qwen/Qwen3.5-35B-A3B,structured_summarize_partial,4000,0.5,swe-bench-fsspec,structured-summarize-partial,run_2,priority,summary_marker_error,80,,/home/ak58925/agentCtx/ICLR_results/terminalbench/ablation/qwen35b/d05__b4k__ss-partial/swe-bench-fsspec/structured-summarize-partial/run_2/trajectory.json,/home/ak58925/agentCtx-summarization/results/query-error-audit-20260907/details/00207.txt
terminalbench,ablation,qwen35b,d05__b4k__ss-partial,hosted_vllm/Qwen/Qwen3.5-35B-A3B,structured_summarize_partial,4000,0.5,write-compressor,structured-summarize-partial,run_1,priority,summary_marker_error,63,,/home/ak58925/agentCtx/ICLR_results/terminalbench/ablation/qwen35b/d05__b4k__ss-partial/write-compressor/structured-summarize-partial/run_1/trajectory.json,/home/ak58925/agentCtx-summarization/results/query-error-audit-20260907/details/00208.txt
terminalbench,ablation,qwen35b,d05__b4k__ss-partial,hosted_vllm/Qwen/Qwen3.5-35B-A3B,structured_summarize_partial,4000,0.5,write-compressor,structured-summarize-partial,run_2,priority,summary_marker_error,9,,/home/ak58925/agentCtx/ICLR_results/terminalbench/ablation/qwen35b/d05__b4k__ss-partial/write-compressor/structured-summarize-partial/run_2/trajectory.json,/home/ak58925/agentCtx-summarization/results/query-error-audit-20260907/details/00209.txt
terminalbench,ablation,qwen35b,d05__b4k__su-full,hosted_vllm/Qwen/Qwen3.5-35B-A3B,summarization,4000,0.5,crack-7z-hash.hard,summarization,run_2,priority,summary_failure_accounting,0,33,/home/ak58925/agentCtx/ICLR_results/terminalbench/ablation/qwen35b/d05__b4k__su-full/crack-7z-hash.hard/summarization/run_2/trajectory.json,/home/ak58925/agentCtx-summarization/results/query-error-audit-20260907/details/00210.txt
terminalbench,ablation,qwen35b,d05__b4k__su-full,hosted_vllm/Qwen/Qwen3.5-35B-A3B,summarization,4000,0.5,crack-7z-hash.hard,summarization,run_3,priority,summary_failure_accounting,0,12,/home/ak58925/agentCtx/ICLR_results/terminalbench/ablation/qwen35b/d05__b4k__su-full/crack-7z-hash.hard/summarization/run_3/trajectory.json,/home/ak58925/agentCtx-summarization/results/query-error-audit-20260907/details/00211.txt
terminalbench,ablation,qwen35b,d05__b4k__su-full,hosted_vllm/Qwen/Qwen3.5-35B-A3B,summarization,4000,0.5,csv-to-parquet,summarization,run_1,priority,summary_failure_accounting,0,37,/home/ak58925/agentCtx/ICLR_results/terminalbench/ablation/qwen35b/d05__b4k__su-full/csv-to-parquet/summarization/run_1/trajectory.json,/home/ak58925/agentCtx-summarization/results/query-error-audit-20260907/details/00212.txt
terminalbench,ablation,qwen35b,d05__b4k__su-full,hosted_vllm/Qwen/Qwen3.5-35B-A3B,summarization,4000,0.5,csv-to-parquet,summarization,run_2,probable,summary_related_response,0,0,/home/ak58925/agentCtx/ICLR_results/terminalbench/ablation/qwen35b/d05__b4k__su-full/csv-to-parquet/summarization/run_2/trajectory.json,/home/ak58925/agentCtx-summarization/results/query-error-audit-20260907/details/00213.txt
terminalbench,ablation,qwen35b,d05__b4k__su-full,hosted_vllm/Qwen/Qwen3.5-35B-A3B,summarization,4000,0.5,csv-to-parquet,summarization,run_3,priority,summary_failure_accounting,0,33,/home/ak58925/agentCtx/ICLR_results/terminalbench/ablation/qwen35b/d05__b4k__su-full/csv-to-parquet/summarization/run_3/trajectory.json,/home/ak58925/agentCtx-summarization/results/query-error-audit-20260907/details/00214.txt
terminalbench,ablation,qwen35b,d05__b4k__su-full,hosted_vllm/Qwen/Qwen3.5-35B-A3B,summarization,4000,0.5,download-youtube,summarization,run_1,probable,summary_related_response,0,0,/home/ak58925/agentCtx/ICLR_results/terminalbench/ablation/qwen35b/d05__b4k__su-full/download-youtube/summarization/run_1/trajectory.json,/home/ak58925/agentCtx-summarization/results/query-error-audit-20260907/details/00215.txt
terminalbench,ablation,qwen35b,d05__b4k__su-full,hosted_vllm/Qwen/Qwen3.5-35B-A3B,summarization,4000,0.5,gpt2-codegolf,summarization,run_1,probable,summary_related_response,0,0,/home/ak58925/agentCtx/ICLR_results/terminalbench/ablation/qwen35b/d05__b4k__su-full/gpt2-codegolf/summarization/run_1/trajectory.json,/home/ak58925/agentCtx-summarization/results/query-error-audit-20260907/details/00216.txt
terminalbench,ablation,qwen35b,d05__b4k__su-full,hosted_vllm/Qwen/Qwen3.5-35B-A3B,summarization,4000,0.5,hf-model-inference,summarization,run_1,priority,summary_failure_accounting,0,34,/home/ak58925/agentCtx/ICLR_results/terminalbench/ablation/qwen35b/d05__b4k__su-full/hf-model-inference/summarization/run_1/trajectory.json,/home/ak58925/agentCtx-summarization/results/query-error-audit-20260907/details/00218.txt
terminalbench,ablation,qwen35b,d05__b4k__su-full,hosted_vllm/Qwen/Qwen3.5-35B-A3B,summarization,4000,0.5,incompatible-python-fasttext,summarization,run_1,priority,summary_failure_accounting,0,56,/home/ak58925/agentCtx/ICLR_results/terminalbench/ablation/qwen35b/d05__b4k__su-full/incompatible-python-fasttext/summarization/run_1/trajectory.json,/home/ak58925/agentCtx-summarization/results/query-error-audit-20260907/details/00219.txt
terminalbench,ablation,qwen35b,d05__b4k__su-full,hosted_vllm/Qwen/Qwen3.5-35B-A3B,summarization,4000,0.5,processing-pipeline,summarization,run_1,priority,summary_marker_error,15,,/home/ak58925/agentCtx/ICLR_results/terminalbench/ablation/qwen35b/d05__b4k__su-full/processing-pipeline/summarization/run_1/trajectory.json,/home/ak58925/agentCtx-summarization/results/query-error-audit-20260907/details/00220.txt
terminalbench,ablation,qwen35b,d05__b4k__su-full,hosted_vllm/Qwen/Qwen3.5-35B-A3B,summarization,4000,0.5,pytorch-model-cli.hard,summarization,run_1,probable,summary_related_response,0,0,/home/ak58925/agentCtx/ICLR_results/terminalbench/ablation/qwen35b/d05__b4k__su-full/pytorch-model-cli.hard/summarization/run_1/trajectory.json,/home/ak58925/agentCtx-summarization/results/query-error-audit-20260907/details/00223.txt
terminalbench,ablation,qwen35b,d05__b4k__su-full,hosted_vllm/Qwen/Qwen3.5-35B-A3B,summarization,4000,0.5,pytorch-model-cli.hard,summarization,run_2,priority,summary_failure_accounting,0,48,/home/ak58925/agentCtx/ICLR_results/terminalbench/ablation/qwen35b/d05__b4k__su-full/pytorch-model-cli.hard/summarization/run_2/trajectory.json,/home/ak58925/agentCtx-summarization/results/query-error-audit-20260907/details/00224.txt
terminalbench,ablation,qwen35b,d05__b4k__su-full,hosted_vllm/Qwen/Qwen3.5-35B-A3B,summarization,4000,0.5,sanitize-git-repo.hard,summarization,run_3,priority,summary_failure_accounting,0,20,/home/ak58925/agentCtx/ICLR_results/terminalbench/ablation/qwen35b/d05__b4k__su-full/sanitize-git-repo.hard/summarization/run_3/trajectory.json,/home/ak58925/agentCtx-summarization/results/query-error-audit-20260907/details/00225.txt
terminalbench,ablation,qwen35b,d05__b4k__su-full,hosted_vllm/Qwen/Qwen3.5-35B-A3B,summarization,4000,0.5,sqlite-with-gcov,summarization,run_1,priority,summary_failure_accounting,0,3,/home/ak58925/agentCtx/ICLR_results/terminalbench/ablation/qwen35b/d05__b4k__su-full/sqlite-with-gcov/summarization/run_1/trajectory.json,/home/ak58925/agentCtx-summarization/results/query-error-audit-20260907/details/00226.txt
terminalbench,ablation,qwen35b,d05__b4k__su-full,hosted_vllm/Qwen/Qwen3.5-35B-A3B,summarization,4000,0.5,sqlite-with-gcov,summarization,run_3,priority,summary_failure_accounting,0,42,/home/ak58925/agentCtx/ICLR_results/terminalbench/ablation/qwen35b/d05__b4k__su-full/sqlite-with-gcov/summarization/run_3/trajectory.json,/home/ak58925/agentCtx-summarization/results/query-error-audit-20260907/details/00227.txt
terminalbench,ablation,qwen35b,d05__b4k__su-full,hosted_vllm/Qwen/Qwen3.5-35B-A3B,summarization,4000,0.5,swe-bench-fsspec,summarization,run_2,priority,summary_failure_accounting,0,47,/home/ak58925/agentCtx/ICLR_results/terminalbench/ablation/qwen35b/d05__b4k__su-full/swe-bench-fsspec/summarization/run_2/trajectory.json,/home/ak58925/agentCtx-summarization/results/query-error-audit-20260907/details/00228.txt
terminalbench,ablation,qwen35b,d05__b4k__su-full,hosted_vllm/Qwen/Qwen3.5-35B-A3B,summarization,4000,0.5,swe-bench-fsspec,summarization,run_3,priority,summary_failure_accounting,0,33,/home/ak58925/agentCtx/ICLR_results/terminalbench/ablation/qwen35b/d05__b4k__su-full/swe-bench-fsspec/summarization/run_3/trajectory.json,/home/ak58925/agentCtx-summarization/results/query-error-audit-20260907/details/00229.txt
terminalbench,ablation,qwen35b,d05__b4k__su-full,hosted_vllm/Qwen/Qwen3.5-35B-A3B,summarization,4000,0.5,write-compressor,summarization,run_1,priority,summary_failure_accounting,0,31,/home/ak58925/agentCtx/ICLR_results/terminalbench/ablation/qwen35b/d05__b4k__su-full/write-compressor/summarization/run_1/trajectory.json,/home/ak58925/agentCtx-summarization/results/query-error-audit-20260907/details/00230.txt
terminalbench,ablation,qwen35b,d05__b4k__su-full,hosted_vllm/Qwen/Qwen3.5-35B-A3B,summarization,4000,0.5,write-compressor,summarization,run_3,priority,summary_failure_accounting,0,32,/home/ak58925/agentCtx/ICLR_results/terminalbench/ablation/qwen35b/d05__b4k__su-full/write-compressor/summarization/run_3/trajectory.json,/home/ak58925/agentCtx-summarization/results/query-error-audit-20260907/details/00231.txt
terminalbench,ablation,qwen35b,d05__b4k__su-partial,hosted_vllm/Qwen/Qwen3.5-35B-A3B,summarization_partial,4000,0.5,blind-maze-explorer-5x5,summarization-partial,run_1,probable,summary_related_response,0,0,/home/ak58925/agentCtx/ICLR_results/terminalbench/ablation/qwen35b/d05__b4k__su-partial/blind-maze-explorer-5x5/summarization-partial/run_1/trajectory.json,/home/ak58925/agentCtx-summarization/results/query-error-audit-20260907/details/00232.txt
terminalbench,ablation,qwen35b,d05__b4k__su-partial,hosted_vllm/Qwen/Qwen3.5-35B-A3B,summarization_partial,4000,0.5,blind-maze-explorer-5x5,summarization-partial,run_2,priority,summary_failure_accounting,0,44,/home/ak58925/agentCtx/ICLR_results/terminalbench/ablation/qwen35b/d05__b4k__su-partial/blind-maze-explorer-5x5/summarization-partial/run_2/trajectory.json,/home/ak58925/agentCtx-summarization/results/query-error-audit-20260907/details/00233.txt
terminalbench,ablation,qwen35b,d05__b4k__su-partial,hosted_vllm/Qwen/Qwen3.5-35B-A3B,summarization_partial,4000,0.5,blind-maze-explorer-5x5,summarization-partial,run_3,priority,summary_failure_accounting,0,2,/home/ak58925/agentCtx/ICLR_results/terminalbench/ablation/qwen35b/d05__b4k__su-partial/blind-maze-explorer-5x5/summarization-partial/run_3/trajectory.json,/home/ak58925/agentCtx-summarization/results/query-error-audit-20260907/details/00234.txt
terminalbench,ablation,qwen35b,d05__b4k__su-partial,hosted_vllm/Qwen/Qwen3.5-35B-A3B,summarization_partial,4000,0.5,crack-7z-hash.hard,summarization-partial,run_1,priority,summary_failure_accounting,0,9,/home/ak58925/agentCtx/ICLR_results/terminalbench/ablation/qwen35b/d05__b4k__su-partial/crack-7z-hash.hard/summarization-partial/run_1/trajectory.json,/home/ak58925/agentCtx-summarization/results/query-error-audit-20260907/details/00235.txt
terminalbench,ablation,qwen35b,d05__b4k__su-partial,hosted_vllm/Qwen/Qwen3.5-35B-A3B,summarization_partial,4000,0.5,crack-7z-hash.hard,summarization-partial,run_2,probable,summary_related_response,0,0,/home/ak58925/agentCtx/ICLR_results/terminalbench/ablation/qwen35b/d05__b4k__su-partial/crack-7z-hash.hard/summarization-partial/run_2/trajectory.json,/home/ak58925/agentCtx-summarization/results/query-error-audit-20260907/details/00236.txt
terminalbench,ablation,qwen35b,d05__b4k__su-partial,hosted_vllm/Qwen/Qwen3.5-35B-A3B,summarization_partial,4000,0.5,crack-7z-hash.hard,summarization-partial,run_3,priority,summary_failure_accounting,0,39,/home/ak58925/agentCtx/ICLR_results/terminalbench/ablation/qwen35b/d05__b4k__su-partial/crack-7z-hash.hard/summarization-partial/run_3/trajectory.json,/home/ak58925/agentCtx-summarization/results/query-error-audit-20260907/details/00237.txt
terminalbench,ablation,qwen35b,d05__b4k__su-partial,hosted_vllm/Qwen/Qwen3.5-35B-A3B,summarization_partial,4000,0.5,csv-to-parquet,summarization-partial,run_1,priority,summary_marker_error,1,,/home/ak58925/agentCtx/ICLR_results/terminalbench/ablation/qwen35b/d05__b4k__su-partial/csv-to-parquet/summarization-partial/run_1/trajectory.json,/home/ak58925/agentCtx-summarization/results/query-error-audit-20260907/details/00238.txt
terminalbench,ablation,qwen35b,d05__b4k__su-partial,hosted_vllm/Qwen/Qwen3.5-35B-A3B,summarization_partial,4000,0.5,csv-to-parquet,summarization-partial,run_2,priority,summary_marker_error,1,,/home/ak58925/agentCtx/ICLR_results/terminalbench/ablation/qwen35b/d05__b4k__su-partial/csv-to-parquet/summarization-partial/run_2/trajectory.json,/home/ak58925/agentCtx-summarization/results/query-error-audit-20260907/details/00239.txt
terminalbench,ablation,qwen35b,d05__b4k__su-partial,hosted_vllm/Qwen/Qwen3.5-35B-A3B,summarization_partial,4000,0.5,csv-to-parquet,summarization-partial,run_3,priority,summary_failure_accounting,0,9,/home/ak58925/agentCtx/ICLR_results/terminalbench/ablation/qwen35b/d05__b4k__su-partial/csv-to-parquet/summarization-partial/run_3/trajectory.json,/home/ak58925/agentCtx-summarization/results/query-error-audit-20260907/details/00240.txt
terminalbench,ablation,qwen35b,d05__b4k__su-partial,hosted_vllm/Qwen/Qwen3.5-35B-A3B,summarization_partial,4000,0.5,download-youtube,summarization-partial,run_1,priority,summary_marker_error,1,,/home/ak58925/agentCtx/ICLR_results/terminalbench/ablation/qwen35b/d05__b4k__su-partial/download-youtube/summarization-partial/run_1/trajectory.json,/home/ak58925/agentCtx-summarization/results/query-error-audit-20260907/details/00241.txt
terminalbench,ablation,qwen35b,d05__b4k__su-partial,hosted_vllm/Qwen/Qwen3.5-35B-A3B,summarization_partial,4000,0.5,download-youtube,summarization-partial,run_2,priority,summary_failure_accounting,0,17,/home/ak58925/agentCtx/ICLR_results/terminalbench/ablation/qwen35b/d05__b4k__su-partial/download-youtube/summarization-partial/run_2/trajectory.json,/home/ak58925/agentCtx-summarization/results/query-error-audit-20260907/details/00242.txt
terminalbench,ablation,qwen35b,d05__b4k__su-partial,hosted_vllm/Qwen/Qwen3.5-35B-A3B,summarization_partial,4000,0.5,download-youtube,summarization-partial,run_3,priority,summary_marker_error,4,,/home/ak58925/agentCtx/ICLR_results/terminalbench/ablation/qwen35b/d05__b4k__su-partial/download-youtube/summarization-partial/run_3/trajectory.json,/home/ak58925/agentCtx-summarization/results/query-error-audit-20260907/details/00243.txt
terminalbench,ablation,qwen35b,d05__b4k__su-partial,hosted_vllm/Qwen/Qwen3.5-35B-A3B,summarization_partial,4000,0.5,gpt2-codegolf,summarization-partial,run_1,priority,summary_failure_accounting,0,18,/home/ak58925/agentCtx/ICLR_results/terminalbench/ablation/qwen35b/d05__b4k__su-partial/gpt2-codegolf/summarization-partial/run_1/trajectory.json,/home/ak58925/agentCtx-summarization/results/query-error-audit-20260907/details/00244.txt
terminalbench,ablation,qwen35b,d05__b4k__su-partial,hosted_vllm/Qwen/Qwen3.5-35B-A3B,summarization_partial,4000,0.5,gpt2-codegolf,summarization-partial,run_3,priority,summary_failure_accounting,0,52,/home/ak58925/agentCtx/ICLR_results/terminalbench/ablation/qwen35b/d05__b4k__su-partial/gpt2-codegolf/summarization-partial/run_3/trajectory.json,/home/ak58925/agentCtx-summarization/results/query-error-audit-20260907/details/00245.txt
terminalbench,ablation,qwen35b,d05__b4k__su-partial,hosted_vllm/Qwen/Qwen3.5-35B-A3B,summarization_partial,4000,0.5,heterogeneous-dates,summarization-partial,run_1,priority,summary_failure_accounting,0,6,/home/ak58925/agentCtx/ICLR_results/terminalbench/ablation/qwen35b/d05__b4k__su-partial/heterogeneous-dates/summarization-partial/run_1/trajectory.json,/home/ak58925/agentCtx-summarization/results/query-error-audit-20260907/details/00246.txt
terminalbench,ablation,qwen35b,d05__b4k__su-partial,hosted_vllm/Qwen/Qwen3.5-35B-A3B,summarization_partial,4000,0.5,hf-model-inference,summarization-partial,run_1,priority,summary_failure_accounting,0,5,/home/ak58925/agentCtx/ICLR_results/terminalbench/ablation/qwen35b/d05__b4k__su-partial/hf-model-inference/summarization-partial/run_1/trajectory.json,/home/ak58925/agentCtx-summarization/results/query-error-audit-20260907/details/00247.txt
terminalbench,ablation,qwen35b,d05__b4k__su-partial,hosted_vllm/Qwen/Qwen3.5-35B-A3B,summarization_partial,4000,0.5,hf-model-inference,summarization-partial,run_3,priority,summary_failure_accounting,0,5,/home/ak58925/agentCtx/ICLR_results/terminalbench/ablation/qwen35b/d05__b4k__su-partial/hf-model-inference/summarization-partial/run_3/trajectory.json,/home/ak58925/agentCtx-summarization/results/query-error-audit-20260907/details/00248.txt
terminalbench,ablation,qwen35b,d05__b4k__su-partial,hosted_vllm/Qwen/Qwen3.5-35B-A3B,summarization_partial,4000,0.5,incompatible-python-fasttext,summarization-partial,run_1,priority,summary_failure_accounting,0,69,/home/ak58925/agentCtx/ICLR_results/terminalbench/ablation/qwen35b/d05__b4k__su-partial/incompatible-python-fasttext/summarization-partial/run_1/trajectory.json,/home/ak58925/agentCtx-summarization/results/query-error-audit-20260907/details/00249.txt
terminalbench,ablation,qwen35b,d05__b4k__su-partial,hosted_vllm/Qwen/Qwen3.5-35B-A3B,summarization_partial,4000,0.5,processing-pipeline,summarization-partial,run_2,priority,summary_failure_accounting,0,6,/home/ak58925/agentCtx/ICLR_results/terminalbench/ablation/qwen35b/d05__b4k__su-partial/processing-pipeline/summarization-partial/run_2/trajectory.json,/home/ak58925/agentCtx-summarization/results/query-error-audit-20260907/details/00251.txt
terminalbench,ablation,qwen35b,d05__b4k__su-partial,hosted_vllm/Qwen/Qwen3.5-35B-A3B,summarization_partial,4000,0.5,pytorch-model-cli.hard,summarization-partial,run_1,priority,summary_failure_accounting,0,48,/home/ak58925/agentCtx/ICLR_results/terminalbench/ablation/qwen35b/d05__b4k__su-partial/pytorch-model-cli.hard/summarization-partial/run_1/trajectory.json,/home/ak58925/agentCtx-summarization/results/query-error-audit-20260907/details/00252.txt
terminalbench,ablation,qwen35b,d05__b4k__su-partial,hosted_vllm/Qwen/Qwen3.5-35B-A3B,summarization_partial,4000,0.5,pytorch-model-cli.hard,summarization-partial,run_2,priority,summary_marker_error,1,,/home/ak58925/agentCtx/ICLR_results/terminalbench/ablation/qwen35b/d05__b4k__su-partial/pytorch-model-cli.hard/summarization-partial/run_2/trajectory.json,/home/ak58925/agentCtx-summarization/results/query-error-audit-20260907/details/00253.txt
terminalbench,ablation,qwen35b,d05__b4k__su-partial,hosted_vllm/Qwen/Qwen3.5-35B-A3B,summarization_partial,4000,0.5,pytorch-model-cli.hard,summarization-partial,run_3,priority,summary_failure_accounting,0,56,/home/ak58925/agentCtx/ICLR_results/terminalbench/ablation/qwen35b/d05__b4k__su-partial/pytorch-model-cli.hard/summarization-partial/run_3/trajectory.json,/home/ak58925/agentCtx-summarization/results/query-error-audit-20260907/details/00254.txt
terminalbench,ablation,qwen35b,d05__b4k__su-partial,hosted_vllm/Qwen/Qwen3.5-35B-A3B,summarization_partial,4000,0.5,sanitize-git-repo.hard,summarization-partial,run_1,priority,summary_failure_accounting,0,31,/home/ak58925/agentCtx/ICLR_results/terminalbench/ablation/qwen35b/d05__b4k__su-partial/sanitize-git-repo.hard/summarization-partial/run_1/trajectory.json,/home/ak58925/agentCtx-summarization/results/query-error-audit-20260907/details/00255.txt
terminalbench,ablation,qwen35b,d05__b4k__su-partial,hosted_vllm/Qwen/Qwen3.5-35B-A3B,summarization_partial,4000,0.5,sanitize-git-repo.hard,summarization-partial,run_2,priority,summary_marker_error,1,,/home/ak58925/agentCtx/ICLR_results/terminalbench/ablation/qwen35b/d05__b4k__su-partial/sanitize-git-repo.hard/summarization-partial/run_2/trajectory.json,/home/ak58925/agentCtx-summarization/results/query-error-audit-20260907/details/00256.txt
terminalbench,ablation,qwen35b,d05__b4k__su-partial,hosted_vllm/Qwen/Qwen3.5-35B-A3B,summarization_partial,4000,0.5,sanitize-git-repo.hard,summarization-partial,run_3,priority,summary_failure_accounting,0,14,/home/ak58925/agentCtx/ICLR_results/terminalbench/ablation/qwen35b/d05__b4k__su-partial/sanitize-git-repo.hard/summarization-partial/run_3/trajectory.json,/home/ak58925/agentCtx-summarization/results/query-error-audit-20260907/details/00257.txt
terminalbench,ablation,qwen35b,d05__b4k__su-partial,hosted_vllm/Qwen/Qwen3.5-35B-A3B,summarization_partial,4000,0.5,sqlite-with-gcov,summarization-partial,run_1,priority,summary_failure_accounting,0,54,/home/ak58925/agentCtx/ICLR_results/terminalbench/ablation/qwen35b/d05__b4k__su-partial/sqlite-with-gcov/summarization-partial/run_1/trajectory.json,/home/ak58925/agentCtx-summarization/results/query-error-audit-20260907/details/00258.txt
terminalbench,ablation,qwen35b,d05__b4k__su-partial,hosted_vllm/Qwen/Qwen3.5-35B-A3B,summarization_partial,4000,0.5,sqlite-with-gcov,summarization-partial,run_2,priority,summary_failure_accounting,0,79,/home/ak58925/agentCtx/ICLR_results/terminalbench/ablation/qwen35b/d05__b4k__su-partial/sqlite-with-gcov/summarization-partial/run_2/trajectory.json,/home/ak58925/agentCtx-summarization/results/query-error-audit-20260907/details/00259.txt
terminalbench,ablation,qwen35b,d05__b4k__su-partial,hosted_vllm/Qwen/Qwen3.5-35B-A3B,summarization_partial,4000,0.5,sqlite-with-gcov,summarization-partial,run_3,priority,summary_marker_error,1,,/home/ak58925/agentCtx/ICLR_results/terminalbench/ablation/qwen35b/d05__b4k__su-partial/sqlite-with-gcov/summarization-partial/run_3/trajectory.json,/home/ak58925/agentCtx-summarization/results/query-error-audit-20260907/details/00260.txt
terminalbench,ablation,qwen35b,d05__b4k__su-partial,hosted_vllm/Qwen/Qwen3.5-35B-A3B,summarization_partial,4000,0.5,swe-bench-fsspec,summarization-partial,run_1,priority,summary_failure_accounting,0,57,/home/ak58925/agentCtx/ICLR_results/terminalbench/ablation/qwen35b/d05__b4k__su-partial/swe-bench-fsspec/summarization-partial/run_1/trajectory.json,/home/ak58925/agentCtx-summarization/results/query-error-audit-20260907/details/00261.txt
terminalbench,ablation,qwen35b,d05__b4k__su-partial,hosted_vllm/Qwen/Qwen3.5-35B-A3B,summarization_partial,4000,0.5,swe-bench-fsspec,summarization-partial,run_2,priority,summary_failure_accounting,0,56,/home/ak58925/agentCtx/ICLR_results/terminalbench/ablation/qwen35b/d05__b4k__su-partial/swe-bench-fsspec/summarization-partial/run_2/trajectory.json,/home/ak58925/agentCtx-summarization/results/query-error-audit-20260907/details/00262.txt
terminalbench,ablation,qwen35b,d05__b4k__su-partial,hosted_vllm/Qwen/Qwen3.5-35B-A3B,summarization_partial,4000,0.5,swe-bench-fsspec,summarization-partial,run_3,priority,summary_failure_accounting,0,48,/home/ak58925/agentCtx/ICLR_results/terminalbench/ablation/qwen35b/d05__b4k__su-partial/swe-bench-fsspec/summarization-partial/run_3/trajectory.json,/home/ak58925/agentCtx-summarization/results/query-error-audit-20260907/details/00263.txt
terminalbench,ablation,qwen35b,d05__b4k__su-partial,hosted_vllm/Qwen/Qwen3.5-35B-A3B,summarization_partial,4000,0.5,write-compressor,summarization-partial,run_1,priority,summary_failure_accounting,0,22,/home/ak58925/agentCtx/ICLR_results/terminalbench/ablation/qwen35b/d05__b4k__su-partial/write-compressor/summarization-partial/run_1/trajectory.json,/home/ak58925/agentCtx-summarization/results/query-error-audit-20260907/details/00264.txt
terminalbench,ablation,qwen35b,d05__b4k__su-partial,hosted_vllm/Qwen/Qwen3.5-35B-A3B,summarization_partial,4000,0.5,write-compressor,summarization-partial,run_2,priority,summary_failure_accounting,0,32,/home/ak58925/agentCtx/ICLR_results/terminalbench/ablation/qwen35b/d05__b4k__su-partial/write-compressor/summarization-partial/run_2/trajectory.json,/home/ak58925/agentCtx-summarization/results/query-error-audit-20260907/details/00265.txt
terminalbench,ablation,qwen35b,d05__b4k__su-partial,hosted_vllm/Qwen/Qwen3.5-35B-A3B,summarization_partial,4000,0.5,write-compressor,summarization-partial,run_3,priority,summary_failure_accounting,0,36,/home/ak58925/agentCtx/ICLR_results/terminalbench/ablation/qwen35b/d05__b4k__su-partial/write-compressor/summarization-partial/run_3/trajectory.json,/home/ak58925/agentCtx-summarization/results/query-error-audit-20260907/details/00266.txt
terminalbench,main,devstral24b,d05__b4k__ss,hosted_vllm/mistralai/Devstral-Small-2-24B-Instruct-2512,structured_summarize,4000,0.5,blind-maze-explorer-5x5,structured-summarize,run_2,priority,summary_marker_error,13,,/home/ak58925/agentCtx/ICLR_results/terminalbench/main/devstral24b/d05__b4k__ss/blind-maze-explorer-5x5/structured-summarize/run_2/trajectory.json,/home/ak58925/agentCtx-summarization/results/query-error-audit-20260907/details/00274.txt
terminalbench,main,devstral24b,d05__b4k__ss,hosted_vllm/mistralai/Devstral-Small-2-24B-Instruct-2512,structured_summarize,4000,0.5,blind-maze-explorer-5x5,structured-summarize,run_3,priority,summary_marker_error,14,,/home/ak58925/agentCtx/ICLR_results/terminalbench/main/devstral24b/d05__b4k__ss/blind-maze-explorer-5x5/structured-summarize/run_3/trajectory.json,/home/ak58925/agentCtx-summarization/results/query-error-audit-20260907/details/00275.txt
terminalbench,main,devstral24b,d05__b4k__ss,hosted_vllm/mistralai/Devstral-Small-2-24B-Instruct-2512,structured_summarize,4000,0.5,blind-maze-explorer-algorithm,structured-summarize,run_1,priority,summary_marker_error,72,,/home/ak58925/agentCtx/ICLR_results/terminalbench/main/devstral24b/d05__b4k__ss/blind-maze-explorer-algorithm/structured-summarize/run_1/trajectory.json,/home/ak58925/agentCtx-summarization/results/query-error-audit-20260907/details/00276.txt
terminalbench,main,devstral24b,d05__b4k__ss,hosted_vllm/mistralai/Devstral-Small-2-24B-Instruct-2512,structured_summarize,4000,0.5,blind-maze-explorer-algorithm,structured-summarize,run_2,priority,summary_marker_error,38,,/home/ak58925/agentCtx/ICLR_results/terminalbench/main/devstral24b/d05__b4k__ss/blind-maze-explorer-algorithm/structured-summarize/run_2/trajectory.json,/home/ak58925/agentCtx-summarization/results/query-error-audit-20260907/details/00277.txt
terminalbench,main,devstral24b,d05__b4k__ss,hosted_vllm/mistralai/Devstral-Small-2-24B-Instruct-2512,structured_summarize,4000,0.5,blind-maze-explorer-algorithm,structured-summarize,run_3,priority,summary_marker_error,38,,/home/ak58925/agentCtx/ICLR_results/terminalbench/main/devstral24b/d05__b4k__ss/blind-maze-explorer-algorithm/structured-summarize/run_3/trajectory.json,/home/ak58925/agentCtx-summarization/results/query-error-audit-20260907/details/00278.txt
terminalbench,main,devstral24b,d05__b4k__ss,hosted_vllm/mistralai/Devstral-Small-2-24B-Instruct-2512,structured_summarize,4000,0.5,cartpole-rl-training,structured-summarize,run_1,priority,summary_marker_error,30,,/home/ak58925/agentCtx/ICLR_results/terminalbench/main/devstral24b/d05__b4k__ss/cartpole-rl-training/structured-summarize/run_1/trajectory.json,/home/ak58925/agentCtx-summarization/results/query-error-audit-20260907/details/00279.txt
terminalbench,main,devstral24b,d05__b4k__ss,hosted_vllm/mistralai/Devstral-Small-2-24B-Instruct-2512,structured_summarize,4000,0.5,cartpole-rl-training,structured-summarize,run_2,priority,summary_marker_error,7,,/home/ak58925/agentCtx/ICLR_results/terminalbench/main/devstral24b/d05__b4k__ss/cartpole-rl-training/structured-summarize/run_2/trajectory.json,/home/ak58925/agentCtx-summarization/results/query-error-audit-20260907/details/00280.txt
terminalbench,main,devstral24b,d05__b4k__ss,hosted_vllm/mistralai/Devstral-Small-2-24B-Instruct-2512,structured_summarize,4000,0.5,cartpole-rl-training,structured-summarize,run_3,priority,summary_marker_error,8,,/home/ak58925/agentCtx/ICLR_results/terminalbench/main/devstral24b/d05__b4k__ss/cartpole-rl-training/structured-summarize/run_3/trajectory.json,/home/ak58925/agentCtx-summarization/results/query-error-audit-20260907/details/00281.txt
terminalbench,main,devstral24b,d05__b4k__ss,hosted_vllm/mistralai/Devstral-Small-2-24B-Instruct-2512,structured_summarize,4000,0.5,count-dataset-tokens,structured-summarize,run_1,priority,summary_marker_error,171,,/home/ak58925/agentCtx/ICLR_results/terminalbench/main/devstral24b/d05__b4k__ss/count-dataset-tokens/structured-summarize/run_1/trajectory.json,/home/ak58925/agentCtx-summarization/results/query-error-audit-20260907/details/00282.txt
terminalbench,main,devstral24b,d05__b4k__ss,hosted_vllm/mistralai/Devstral-Small-2-24B-Instruct-2512,structured_summarize,4000,0.5,count-dataset-tokens,structured-summarize,run_2,priority,summary_marker_error,109,,/home/ak58925/agentCtx/ICLR_results/terminalbench/main/devstral24b/d05__b4k__ss/count-dataset-tokens/structured-summarize/run_2/trajectory.json,/home/ak58925/agentCtx-summarization/results/query-error-audit-20260907/details/00283.txt
terminalbench,main,devstral24b,d05__b4k__ss,hosted_vllm/mistralai/Devstral-Small-2-24B-Instruct-2512,structured_summarize,4000,0.5,count-dataset-tokens,structured-summarize,run_3,priority,summary_marker_error,112,,/home/ak58925/agentCtx/ICLR_results/terminalbench/main/devstral24b/d05__b4k__ss/count-dataset-tokens/structured-summarize/run_3/trajectory.json,/home/ak58925/agentCtx-summarization/results/query-error-audit-20260907/details/00284.txt
terminalbench,main,devstral24b,d05__b4k__ss,hosted_vllm/mistralai/Devstral-Small-2-24B-Instruct-2512,structured_summarize,4000,0.5,crack-7z-hash.hard,structured-summarize,run_1,priority,summary_marker_error,9,,/home/ak58925/agentCtx/ICLR_results/terminalbench/main/devstral24b/d05__b4k__ss/crack-7z-hash.hard/structured-summarize/run_1/trajectory.json,/home/ak58925/agentCtx-summarization/results/query-error-audit-20260907/details/00285.txt
terminalbench,main,devstral24b,d05__b4k__ss,hosted_vllm/mistralai/Devstral-Small-2-24B-Instruct-2512,structured_summarize,4000,0.5,crack-7z-hash.hard,structured-summarize,run_2,priority,summary_marker_error,16,,/home/ak58925/agentCtx/ICLR_results/terminalbench/main/devstral24b/d05__b4k__ss/crack-7z-hash.hard/structured-summarize/run_2/trajectory.json,/home/ak58925/agentCtx-summarization/results/query-error-audit-20260907/details/00286.txt
terminalbench,main,devstral24b,d05__b4k__ss,hosted_vllm/mistralai/Devstral-Small-2-24B-Instruct-2512,structured_summarize,4000,0.5,crack-7z-hash.hard,structured-summarize,run_3,priority,summary_marker_error,23,,/home/ak58925/agentCtx/ICLR_results/terminalbench/main/devstral24b/d05__b4k__ss/crack-7z-hash.hard/structured-summarize/run_3/trajectory.json,/home/ak58925/agentCtx-summarization/results/query-error-audit-20260907/details/00287.txt
terminalbench,main,devstral24b,d05__b4k__ss,hosted_vllm/mistralai/Devstral-Small-2-24B-Instruct-2512,structured_summarize,4000,0.5,csv-to-parquet,structured-summarize,run_1,priority,summary_marker_error,44,,/home/ak58925/agentCtx/ICLR_results/terminalbench/main/devstral24b/d05__b4k__ss/csv-to-parquet/structured-summarize/run_1/trajectory.json,/home/ak58925/agentCtx-summarization/results/query-error-audit-20260907/details/00288.txt
terminalbench,main,devstral24b,d05__b4k__ss,hosted_vllm/mistralai/Devstral-Small-2-24B-Instruct-2512,structured_summarize,4000,0.5,csv-to-parquet,structured-summarize,run_2,priority,summary_marker_error,10,,/home/ak58925/agentCtx/ICLR_results/terminalbench/main/devstral24b/d05__b4k__ss/csv-to-parquet/structured-summarize/run_2/trajectory.json,/home/ak58925/agentCtx-summarization/results/query-error-audit-20260907/details/00289.txt
terminalbench,main,devstral24b,d05__b4k__ss,hosted_vllm/mistralai/Devstral-Small-2-24B-Instruct-2512,structured_summarize,4000,0.5,csv-to-parquet,structured-summarize,run_3,priority,summary_marker_error,39,,/home/ak58925/agentCtx/ICLR_results/terminalbench/main/devstral24b/d05__b4k__ss/csv-to-parquet/structured-summarize/run_3/trajectory.json,/home/ak58925/agentCtx-summarization/results/query-error-audit-20260907/details/00290.txt
terminalbench,main,devstral24b,d05__b4k__ss,hosted_vllm/mistralai/Devstral-Small-2-24B-Instruct-2512,structured_summarize,4000,0.5,download-youtube,structured-summarize,run_1,priority,summary_marker_error,13,,/home/ak58925/agentCtx/ICLR_results/terminalbench/main/devstral24b/d05__b4k__ss/download-youtube/structured-summarize/run_1/trajectory.json,/home/ak58925/agentCtx-summarization/results/query-error-audit-20260907/details/00291.txt
terminalbench,main,devstral24b,d05__b4k__ss,hosted_vllm/mistralai/Devstral-Small-2-24B-Instruct-2512,structured_summarize,4000,0.5,download-youtube,structured-summarize,run_2,priority,summary_marker_error,31,,/home/ak58925/agentCtx/ICLR_results/terminalbench/main/devstral24b/d05__b4k__ss/download-youtube/structured-summarize/run_2/trajectory.json,/home/ak58925/agentCtx-summarization/results/query-error-audit-20260907/details/00292.txt
terminalbench,main,devstral24b,d05__b4k__ss,hosted_vllm/mistralai/Devstral-Small-2-24B-Instruct-2512,structured_summarize,4000,0.5,download-youtube,structured-summarize,run_3,priority,summary_marker_error,1,,/home/ak58925/agentCtx/ICLR_results/terminalbench/main/devstral24b/d05__b4k__ss/download-youtube/structured-summarize/run_3/trajectory.json,/home/ak58925/agentCtx-summarization/results/query-error-audit-20260907/details/00293.txt
terminalbench,main,devstral24b,d05__b4k__ss,hosted_vllm/mistralai/Devstral-Small-2-24B-Instruct-2512,structured_summarize,4000,0.5,eval-mteb,structured-summarize,run_1,priority,summary_marker_error,113,,/home/ak58925/agentCtx/ICLR_results/terminalbench/main/devstral24b/d05__b4k__ss/eval-mteb/structured-summarize/run_1/trajectory.json,/home/ak58925/agentCtx-summarization/results/query-error-audit-20260907/details/00294.txt
terminalbench,main,devstral24b,d05__b4k__ss,hosted_vllm/mistralai/Devstral-Small-2-24B-Instruct-2512,structured_summarize,4000,0.5,eval-mteb,structured-summarize,run_2,priority,summary_marker_error,23,,/home/ak58925/agentCtx/ICLR_results/terminalbench/main/devstral24b/d05__b4k__ss/eval-mteb/structured-summarize/run_2/trajectory.json,/home/ak58925/agentCtx-summarization/results/query-error-audit-20260907/details/00295.txt
terminalbench,main,devstral24b,d05__b4k__ss,hosted_vllm/mistralai/Devstral-Small-2-24B-Instruct-2512,structured_summarize,4000,0.5,eval-mteb,structured-summarize,run_3,priority,summary_marker_error,40,,/home/ak58925/agentCtx/ICLR_results/terminalbench/main/devstral24b/d05__b4k__ss/eval-mteb/structured-summarize/run_3/trajectory.json,/home/ak58925/agentCtx-summarization/results/query-error-audit-20260907/details/00296.txt
terminalbench,main,devstral24b,d05__b4k__ss,hosted_vllm/mistralai/Devstral-Small-2-24B-Instruct-2512,structured_summarize,4000,0.5,eval-mteb.hard,structured-summarize,run_1,priority,summary_marker_error,37,,/home/ak58925/agentCtx/ICLR_results/terminalbench/main/devstral24b/d05__b4k__ss/eval-mteb.hard/structured-summarize/run_1/trajectory.json,/home/ak58925/agentCtx-summarization/results/query-error-audit-20260907/details/00297.txt
terminalbench,main,devstral24b,d05__b4k__ss,hosted_vllm/mistralai/Devstral-Small-2-24B-Instruct-2512,structured_summarize,4000,0.5,eval-mteb.hard,structured-summarize,run_3,priority,summary_marker_error,4,,/home/ak58925/agentCtx/ICLR_results/terminalbench/main/devstral24b/d05__b4k__ss/eval-mteb.hard/structured-summarize/run_3/trajectory.json,/home/ak58925/agentCtx-summarization/results/query-error-audit-20260907/details/00298.txt
terminalbench,main,devstral24b,d05__b4k__ss,hosted_vllm/mistralai/Devstral-Small-2-24B-Instruct-2512,structured_summarize,4000,0.5,extract-moves-from-video,structured-summarize,run_1,priority,summary_marker_error,120,,/home/ak58925/agentCtx/ICLR_results/terminalbench/main/devstral24b/d05__b4k__ss/extract-moves-from-video/structured-summarize/run_1/trajectory.json,/home/ak58925/agentCtx-summarization/results/query-error-audit-20260907/details/00299.txt
terminalbench,main,devstral24b,d05__b4k__ss,hosted_vllm/mistralai/Devstral-Small-2-24B-Instruct-2512,structured_summarize,4000,0.5,extract-moves-from-video,structured-summarize,run_2,priority,summary_marker_error,31,,/home/ak58925/agentCtx/ICLR_results/terminalbench/main/devstral24b/d05__b4k__ss/extract-moves-from-video/structured-summarize/run_2/trajectory.json,/home/ak58925/agentCtx-summarization/results/query-error-audit-20260907/details/00300.txt
terminalbench,main,devstral24b,d05__b4k__ss,hosted_vllm/mistralai/Devstral-Small-2-24B-Instruct-2512,structured_summarize,4000,0.5,extract-moves-from-video,structured-summarize,run_3,priority,summary_marker_error,85,,/home/ak58925/agentCtx/ICLR_results/terminalbench/main/devstral24b/d05__b4k__ss/extract-moves-from-video/structured-summarize/run_3/trajectory.json,/home/ak58925/agentCtx-summarization/results/query-error-audit-20260907/details/00301.txt
terminalbench,main,devstral24b,d05__b4k__ss,hosted_vllm/mistralai/Devstral-Small-2-24B-Instruct-2512,structured_summarize,4000,0.5,fibonacci-server,structured-summarize,run_1,priority,summary_marker_error,7,,/home/ak58925/agentCtx/ICLR_results/terminalbench/main/devstral24b/d05__b4k__ss/fibonacci-server/structured-summarize/run_1/trajectory.json,/home/ak58925/agentCtx-summarization/results/query-error-audit-20260907/details/00302.txt
terminalbench,main,devstral24b,d05__b4k__ss,hosted_vllm/mistralai/Devstral-Small-2-24B-Instruct-2512,structured_summarize,4000,0.5,fibonacci-server,structured-summarize,run_2,priority,summary_marker_error,22,,/home/ak58925/agentCtx/ICLR_results/terminalbench/main/devstral24b/d05__b4k__ss/fibonacci-server/structured-summarize/run_2/trajectory.json,/home/ak58925/agentCtx-summarization/results/query-error-audit-20260907/details/00303.txt
terminalbench,main,devstral24b,d05__b4k__ss,hosted_vllm/mistralai/Devstral-Small-2-24B-Instruct-2512,structured_summarize,4000,0.5,fibonacci-server,structured-summarize,run_3,priority,summary_marker_error,33,,/home/ak58925/agentCtx/ICLR_results/terminalbench/main/devstral24b/d05__b4k__ss/fibonacci-server/structured-summarize/run_3/trajectory.json,/home/ak58925/agentCtx-summarization/results/query-error-audit-20260907/details/00304.txt
terminalbench,main,devstral24b,d05__b4k__ss,hosted_vllm/mistralai/Devstral-Small-2-24B-Instruct-2512,structured_summarize,4000,0.5,fix-git,structured-summarize,run_1,priority,summary_marker_error,6,,/home/ak58925/agentCtx/ICLR_results/terminalbench/main/devstral24b/d05__b4k__ss/fix-git/structured-summarize/run_1/trajectory.json,/home/ak58925/agentCtx-summarization/results/query-error-audit-20260907/details/00305.txt
terminalbench,main,devstral24b,d05__b4k__ss,hosted_vllm/mistralai/Devstral-Small-2-24B-Instruct-2512,structured_summarize,4000,0.5,fix-git,structured-summarize,run_2,priority,summary_marker_error,12,,/home/ak58925/agentCtx/ICLR_results/terminalbench/main/devstral24b/d05__b4k__ss/fix-git/structured-summarize/run_2/trajectory.json,/home/ak58925/agentCtx-summarization/results/query-error-audit-20260907/details/00306.txt
terminalbench,main,devstral24b,d05__b4k__ss,hosted_vllm/mistralai/Devstral-Small-2-24B-Instruct-2512,structured_summarize,4000,0.5,fix-git,structured-summarize,run_3,priority,summary_marker_error,5,,/home/ak58925/agentCtx/ICLR_results/terminalbench/main/devstral24b/d05__b4k__ss/fix-git/structured-summarize/run_3/trajectory.json,/home/ak58925/agentCtx-summarization/results/query-error-audit-20260907/details/00307.txt
terminalbench,main,devstral24b,d05__b4k__ss,hosted_vllm/mistralai/Devstral-Small-2-24B-Instruct-2512,structured_summarize,4000,0.5,git-workflow-hack,structured-summarize,run_1,priority,summary_marker_error,33,,/home/ak58925/agentCtx/ICLR_results/terminalbench/main/devstral24b/d05__b4k__ss/git-workflow-hack/structured-summarize/run_1/trajectory.json,/home/ak58925/agentCtx-summarization/results/query-error-audit-20260907/details/00308.txt
terminalbench,main,devstral24b,d05__b4k__ss,hosted_vllm/mistralai/Devstral-Small-2-24B-Instruct-2512,structured_summarize,4000,0.5,git-workflow-hack,structured-summarize,run_2,priority,summary_marker_error,38,,/home/ak58925/agentCtx/ICLR_results/terminalbench/main/devstral24b/d05__b4k__ss/git-workflow-hack/structured-summarize/run_2/trajectory.json,/home/ak58925/agentCtx-summarization/results/query-error-audit-20260907/details/00309.txt
terminalbench,main,devstral24b,d05__b4k__ss,hosted_vllm/mistralai/Devstral-Small-2-24B-Instruct-2512,structured_summarize,4000,0.5,git-workflow-hack,structured-summarize,run_3,priority,summary_marker_error,14,,/home/ak58925/agentCtx/ICLR_results/terminalbench/main/devstral24b/d05__b4k__ss/git-workflow-hack/structured-summarize/run_3/trajectory.json,/home/ak58925/agentCtx-summarization/results/query-error-audit-20260907/details/00310.txt
terminalbench,main,devstral24b,d05__b4k__ss,hosted_vllm/mistralai/Devstral-Small-2-24B-Instruct-2512,structured_summarize,4000,0.5,gpt2-codegolf,structured-summarize,run_1,priority,summary_marker_error,71,,/home/ak58925/agentCtx/ICLR_results/terminalbench/main/devstral24b/d05__b4k__ss/gpt2-codegolf/structured-summarize/run_1/trajectory.json,/home/ak58925/agentCtx-summarization/results/query-error-audit-20260907/details/00311.txt
terminalbench,main,devstral24b,d05__b4k__ss,hosted_vllm/mistralai/Devstral-Small-2-24B-Instruct-2512,structured_summarize,4000,0.5,gpt2-codegolf,structured-summarize,run_3,priority,summary_marker_error,10,,/home/ak58925/agentCtx/ICLR_results/terminalbench/main/devstral24b/d05__b4k__ss/gpt2-codegolf/structured-summarize/run_3/trajectory.json,/home/ak58925/agentCtx-summarization/results/query-error-audit-20260907/details/00312.txt
terminalbench,main,devstral24b,d05__b4k__ss,hosted_vllm/mistralai/Devstral-Small-2-24B-Instruct-2512,structured_summarize,4000,0.5,heterogeneous-dates,structured-summarize,run_2,priority,summary_marker_error,6,,/home/ak58925/agentCtx/ICLR_results/terminalbench/main/devstral24b/d05__b4k__ss/heterogeneous-dates/structured-summarize/run_2/trajectory.json,/home/ak58925/agentCtx-summarization/results/query-error-audit-20260907/details/00313.txt
terminalbench,main,devstral24b,d05__b4k__ss,hosted_vllm/mistralai/Devstral-Small-2-24B-Instruct-2512,structured_summarize,4000,0.5,hf-model-inference,structured-summarize,run_1,priority,summary_marker_error,45,,/home/ak58925/agentCtx/ICLR_results/terminalbench/main/devstral24b/d05__b4k__ss/hf-model-inference/structured-summarize/run_1/trajectory.json,/home/ak58925/agentCtx-summarization/results/query-error-audit-20260907/details/00314.txt
terminalbench,main,devstral24b,d05__b4k__ss,hosted_vllm/mistralai/Devstral-Small-2-24B-Instruct-2512,structured_summarize,4000,0.5,hf-model-inference,structured-summarize,run_2,priority,summary_marker_error,38,,/home/ak58925/agentCtx/ICLR_results/terminalbench/main/devstral24b/d05__b4k__ss/hf-model-inference/structured-summarize/run_2/trajectory.json,/home/ak58925/agentCtx-summarization/results/query-error-audit-20260907/details/00315.txt
terminalbench,main,devstral24b,d05__b4k__ss,hosted_vllm/mistralai/Devstral-Small-2-24B-Instruct-2512,structured_summarize,4000,0.5,hf-model-inference,structured-summarize,run_3,priority,summary_marker_error,16,,/home/ak58925/agentCtx/ICLR_results/terminalbench/main/devstral24b/d05__b4k__ss/hf-model-inference/structured-summarize/run_3/trajectory.json,/home/ak58925/agentCtx-summarization/results/query-error-audit-20260907/details/00316.txt
terminalbench,main,devstral24b,d05__b4k__ss,hosted_vllm/mistralai/Devstral-Small-2-24B-Instruct-2512,structured_summarize,4000,0.5,incompatible-python-fasttext,structured-summarize,run_2,priority,summary_marker_error,76,,/home/ak58925/agentCtx/ICLR_results/terminalbench/main/devstral24b/d05__b4k__ss/incompatible-python-fasttext/structured-summarize/run_2/trajectory.json,/home/ak58925/agentCtx-summarization/results/query-error-audit-20260907/details/00317.txt
terminalbench,main,devstral24b,d05__b4k__ss,hosted_vllm/mistralai/Devstral-Small-2-24B-Instruct-2512,structured_summarize,4000,0.5,intrusion-detection,structured-summarize,run_1,priority,summary_marker_error,99,,/home/ak58925/agentCtx/ICLR_results/terminalbench/main/devstral24b/d05__b4k__ss/intrusion-detection/structured-summarize/run_1/trajectory.json,/home/ak58925/agentCtx-summarization/results/query-error-audit-20260907/details/00318.txt
terminalbench,main,devstral24b,d05__b4k__ss,hosted_vllm/mistralai/Devstral-Small-2-24B-Instruct-2512,structured_summarize,4000,0.5,intrusion-detection,structured-summarize,run_2,priority,summary_marker_error,57,,/home/ak58925/agentCtx/ICLR_results/terminalbench/main/devstral24b/d05__b4k__ss/intrusion-detection/structured-summarize/run_2/trajectory.json,/home/ak58925/agentCtx-summarization/results/query-error-audit-20260907/details/00319.txt
terminalbench,main,devstral24b,d05__b4k__ss,hosted_vllm/mistralai/Devstral-Small-2-24B-Instruct-2512,structured_summarize,4000,0.5,intrusion-detection,structured-summarize,run_3,priority,summary_marker_error,54,,/home/ak58925/agentCtx/ICLR_results/terminalbench/main/devstral24b/d05__b4k__ss/intrusion-detection/structured-summarize/run_3/trajectory.json,/home/ak58925/agentCtx-summarization/results/query-error-audit-20260907/details/00320.txt
terminalbench,main,devstral24b,d05__b4k__ss,hosted_vllm/mistralai/Devstral-Small-2-24B-Instruct-2512,structured_summarize,4000,0.5,password-recovery,structured-summarize,run_1,priority,summary_marker_error,31,,/home/ak58925/agentCtx/ICLR_results/terminalbench/main/devstral24b/d05__b4k__ss/password-recovery/structured-summarize/run_1/trajectory.json,/home/ak58925/agentCtx-summarization/results/query-error-audit-20260907/details/00322.txt
terminalbench,main,devstral24b,d05__b4k__ss,hosted_vllm/mistralai/Devstral-Small-2-24B-Instruct-2512,structured_summarize,4000,0.5,password-recovery,structured-summarize,run_3,priority,summary_marker_error,10,,/home/ak58925/agentCtx/ICLR_results/terminalbench/main/devstral24b/d05__b4k__ss/password-recovery/structured-summarize/run_3/trajectory.json,/home/ak58925/agentCtx-summarization/results/query-error-audit-20260907/details/00323.txt
terminalbench,main,devstral24b,d05__b4k__ss,hosted_vllm/mistralai/Devstral-Small-2-24B-Instruct-2512,structured_summarize,4000,0.5,path-tracing-reverse,structured-summarize,run_1,priority,summary_marker_error,74,,/home/ak58925/agentCtx/ICLR_results/terminalbench/main/devstral24b/d05__b4k__ss/path-tracing-reverse/structured-summarize/run_1/trajectory.json,/home/ak58925/agentCtx-summarization/results/query-error-audit-20260907/details/00324.txt
terminalbench,main,devstral24b,d05__b4k__ss,hosted_vllm/mistralai/Devstral-Small-2-24B-Instruct-2512,structured_summarize,4000,0.5,path-tracing-reverse,structured-summarize,run_2,priority,summary_marker_error,67,,/home/ak58925/agentCtx/ICLR_results/terminalbench/main/devstral24b/d05__b4k__ss/path-tracing-reverse/structured-summarize/run_2/trajectory.json,/home/ak58925/agentCtx-summarization/results/query-error-audit-20260907/details/00325.txt
terminalbench,main,devstral24b,d05__b4k__ss,hosted_vllm/mistralai/Devstral-Small-2-24B-Instruct-2512,structured_summarize,4000,0.5,path-tracing-reverse,structured-summarize,run_3,priority,summary_marker_error,31,,/home/ak58925/agentCtx/ICLR_results/terminalbench/main/devstral24b/d05__b4k__ss/path-tracing-reverse/structured-summarize/run_3/trajectory.json,/home/ak58925/agentCtx-summarization/results/query-error-audit-20260907/details/00326.txt
terminalbench,main,devstral24b,d05__b4k__ss,hosted_vllm/mistralai/Devstral-Small-2-24B-Instruct-2512,structured_summarize,4000,0.5,processing-pipeline,structured-summarize,run_1,priority,summary_marker_error,78,,/home/ak58925/agentCtx/ICLR_results/terminalbench/main/devstral24b/d05__b4k__ss/processing-pipeline/structured-summarize/run_1/trajectory.json,/home/ak58925/agentCtx-summarization/results/query-error-audit-20260907/details/00327.txt
terminalbench,main,devstral24b,d05__b4k__ss,hosted_vllm/mistralai/Devstral-Small-2-24B-Instruct-2512,structured_summarize,4000,0.5,processing-pipeline,structured-summarize,run_2,priority,summary_marker_error,41,,/home/ak58925/agentCtx/ICLR_results/terminalbench/main/devstral24b/d05__b4k__ss/processing-pipeline/structured-summarize/run_2/trajectory.json,/home/ak58925/agentCtx-summarization/results/query-error-audit-20260907/details/00328.txt
terminalbench,main,devstral24b,d05__b4k__ss,hosted_vllm/mistralai/Devstral-Small-2-24B-Instruct-2512,structured_summarize,4000,0.5,pytorch-model-cli.hard,structured-summarize,run_1,priority,summary_marker_error,92,,/home/ak58925/agentCtx/ICLR_results/terminalbench/main/devstral24b/d05__b4k__ss/pytorch-model-cli.hard/structured-summarize/run_1/trajectory.json,/home/ak58925/agentCtx-summarization/results/query-error-audit-20260907/details/00330.txt
terminalbench,main,devstral24b,d05__b4k__ss,hosted_vllm/mistralai/Devstral-Small-2-24B-Instruct-2512,structured_summarize,4000,0.5,pytorch-model-cli.hard,structured-summarize,run_2,priority,summary_marker_error,143,,/home/ak58925/agentCtx/ICLR_results/terminalbench/main/devstral24b/d05__b4k__ss/pytorch-model-cli.hard/structured-summarize/run_2/trajectory.json,/home/ak58925/agentCtx-summarization/results/query-error-audit-20260907/details/00331.txt
terminalbench,main,devstral24b,d05__b4k__ss,hosted_vllm/mistralai/Devstral-Small-2-24B-Instruct-2512,structured_summarize,4000,0.5,qemu-alpine-ssh,structured-summarize,run_1,priority,summary_marker_error,42,,/home/ak58925/agentCtx/ICLR_results/terminalbench/main/devstral24b/d05__b4k__ss/qemu-alpine-ssh/structured-summarize/run_1/trajectory.json,/home/ak58925/agentCtx-summarization/results/query-error-audit-20260907/details/00332.txt
terminalbench,main,devstral24b,d05__b4k__ss,hosted_vllm/mistralai/Devstral-Small-2-24B-Instruct-2512,structured_summarize,4000,0.5,qemu-alpine-ssh,structured-summarize,run_2,priority,summary_marker_error,25,,/home/ak58925/agentCtx/ICLR_results/terminalbench/main/devstral24b/d05__b4k__ss/qemu-alpine-ssh/structured-summarize/run_2/trajectory.json,/home/ak58925/agentCtx-summarization/results/query-error-audit-20260907/details/00333.txt
terminalbench,main,devstral24b,d05__b4k__ss,hosted_vllm/mistralai/Devstral-Small-2-24B-Instruct-2512,structured_summarize,4000,0.5,qemu-alpine-ssh,structured-summarize,run_3,priority,summary_marker_error,19,,/home/ak58925/agentCtx/ICLR_results/terminalbench/main/devstral24b/d05__b4k__ss/qemu-alpine-ssh/structured-summarize/run_3/trajectory.json,/home/ak58925/agentCtx-summarization/results/query-error-audit-20260907/details/00334.txt
terminalbench,main,devstral24b,d05__b4k__ss,hosted_vllm/mistralai/Devstral-Small-2-24B-Instruct-2512,structured_summarize,4000,0.5,qemu-startup,structured-summarize,run_1,priority,summary_marker_error,33,,/home/ak58925/agentCtx/ICLR_results/terminalbench/main/devstral24b/d05__b4k__ss/qemu-startup/structured-summarize/run_1/trajectory.json,/home/ak58925/agentCtx-summarization/results/query-error-audit-20260907/details/00335.txt
terminalbench,main,devstral24b,d05__b4k__ss,hosted_vllm/mistralai/Devstral-Small-2-24B-Instruct-2512,structured_summarize,4000,0.5,qemu-startup,structured-summarize,run_2,priority,summary_marker_error,15,,/home/ak58925/agentCtx/ICLR_results/terminalbench/main/devstral24b/d05__b4k__ss/qemu-startup/structured-summarize/run_2/trajectory.json,/home/ak58925/agentCtx-summarization/results/query-error-audit-20260907/details/00336.txt
terminalbench,main,devstral24b,d05__b4k__ss,hosted_vllm/mistralai/Devstral-Small-2-24B-Instruct-2512,structured_summarize,4000,0.5,qemu-startup,structured-summarize,run_3,priority,summary_marker_error,13,,/home/ak58925/agentCtx/ICLR_results/terminalbench/main/devstral24b/d05__b4k__ss/qemu-startup/structured-summarize/run_3/trajectory.json,/home/ak58925/agentCtx-summarization/results/query-error-audit-20260907/details/00337.txt
terminalbench,main,devstral24b,d05__b4k__ss,hosted_vllm/mistralai/Devstral-Small-2-24B-Instruct-2512,structured_summarize,4000,0.5,raman-fitting.easy,structured-summarize,run_1,priority,summary_marker_error,154,,/home/ak58925/agentCtx/ICLR_results/terminalbench/main/devstral24b/d05__b4k__ss/raman-fitting.easy/structured-summarize/run_1/trajectory.json,/home/ak58925/agentCtx-summarization/results/query-error-audit-20260907/details/00338.txt
terminalbench,main,devstral24b,d05__b4k__ss,hosted_vllm/mistralai/Devstral-Small-2-24B-Instruct-2512,structured_summarize,4000,0.5,raman-fitting.easy,structured-summarize,run_3,priority,summary_marker_error,86,,/home/ak58925/agentCtx/ICLR_results/terminalbench/main/devstral24b/d05__b4k__ss/raman-fitting.easy/structured-summarize/run_3/trajectory.json,/home/ak58925/agentCtx-summarization/results/query-error-audit-20260907/details/00339.txt
terminalbench,main,devstral24b,d05__b4k__ss,hosted_vllm/mistralai/Devstral-Small-2-24B-Instruct-2512,structured_summarize,4000,0.5,sanitize-git-repo,structured-summarize,run_1,priority,summary_marker_error,107,,/home/ak58925/agentCtx/ICLR_results/terminalbench/main/devstral24b/d05__b4k__ss/sanitize-git-repo/structured-summarize/run_1/trajectory.json,/home/ak58925/agentCtx-summarization/results/query-error-audit-20260907/details/00340.txt
terminalbench,main,devstral24b,d05__b4k__ss,hosted_vllm/mistralai/Devstral-Small-2-24B-Instruct-2512,structured_summarize,4000,0.5,sanitize-git-repo,structured-summarize,run_2,priority,summary_marker_error,62,,/home/ak58925/agentCtx/ICLR_results/terminalbench/main/devstral24b/d05__b4k__ss/sanitize-git-repo/structured-summarize/run_2/trajectory.json,/home/ak58925/agentCtx-summarization/results/query-error-audit-20260907/details/00341.txt
terminalbench,main,devstral24b,d05__b4k__ss,hosted_vllm/mistralai/Devstral-Small-2-24B-Instruct-2512,structured_summarize,4000,0.5,sanitize-git-repo,structured-summarize,run_3,priority,summary_marker_error,15,,/home/ak58925/agentCtx/ICLR_results/terminalbench/main/devstral24b/d05__b4k__ss/sanitize-git-repo/structured-summarize/run_3/trajectory.json,/home/ak58925/agentCtx-summarization/results/query-error-audit-20260907/details/00342.txt
terminalbench,main,devstral24b,d05__b4k__ss,hosted_vllm/mistralai/Devstral-Small-2-24B-Instruct-2512,structured_summarize,4000,0.5,sanitize-git-repo.hard,structured-summarize,run_1,priority,summary_marker_error,31,,/home/ak58925/agentCtx/ICLR_results/terminalbench/main/devstral24b/d05__b4k__ss/sanitize-git-repo.hard/structured-summarize/run_1/trajectory.json,/home/ak58925/agentCtx-summarization/results/query-error-audit-20260907/details/00343.txt
terminalbench,main,devstral24b,d05__b4k__ss,hosted_vllm/mistralai/Devstral-Small-2-24B-Instruct-2512,structured_summarize,4000,0.5,sanitize-git-repo.hard,structured-summarize,run_2,priority,summary_marker_error,15,,/home/ak58925/agentCtx/ICLR_results/terminalbench/main/devstral24b/d05__b4k__ss/sanitize-git-repo.hard/structured-summarize/run_2/trajectory.json,/home/ak58925/agentCtx-summarization/results/query-error-audit-20260907/details/00344.txt
terminalbench,main,devstral24b,d05__b4k__ss,hosted_vllm/mistralai/Devstral-Small-2-24B-Instruct-2512,structured_summarize,4000,0.5,sanitize-git-repo.hard,structured-summarize,run_3,priority,summary_marker_error,1,,/home/ak58925/agentCtx/ICLR_results/terminalbench/main/devstral24b/d05__b4k__ss/sanitize-git-repo.hard/structured-summarize/run_3/trajectory.json,/home/ak58925/agentCtx-summarization/results/query-error-audit-20260907/details/00345.txt
terminalbench,main,devstral24b,d05__b4k__ss,hosted_vllm/mistralai/Devstral-Small-2-24B-Instruct-2512,structured_summarize,4000,0.5,solana-data,structured-summarize,run_1,priority,summary_marker_error,193,,/home/ak58925/agentCtx/ICLR_results/terminalbench/main/devstral24b/d05__b4k__ss/solana-data/structured-summarize/run_1/trajectory.json,/home/ak58925/agentCtx-summarization/results/query-error-audit-20260907/details/00346.txt
terminalbench,main,devstral24b,d05__b4k__ss,hosted_vllm/mistralai/Devstral-Small-2-24B-Instruct-2512,structured_summarize,4000,0.5,solana-data,structured-summarize,run_2,priority,summary_marker_error,103,,/home/ak58925/agentCtx/ICLR_results/terminalbench/main/devstral24b/d05__b4k__ss/solana-data/structured-summarize/run_2/trajectory.json,/home/ak58925/agentCtx-summarization/results/query-error-audit-20260907/details/00347.txt
terminalbench,main,devstral24b,d05__b4k__ss,hosted_vllm/mistralai/Devstral-Small-2-24B-Instruct-2512,structured_summarize,4000,0.5,solana-data,structured-summarize,run_3,priority,summary_marker_error,183,,/home/ak58925/agentCtx/ICLR_results/terminalbench/main/devstral24b/d05__b4k__ss/solana-data/structured-summarize/run_3/trajectory.json,/home/ak58925/agentCtx-summarization/results/query-error-audit-20260907/details/00348.txt
terminalbench,main,devstral24b,d05__b4k__ss,hosted_vllm/mistralai/Devstral-Small-2-24B-Instruct-2512,structured_summarize,4000,0.5,sqlite-with-gcov,structured-summarize,run_1,priority,summary_marker_error,96,,/home/ak58925/agentCtx/ICLR_results/terminalbench/main/devstral24b/d05__b4k__ss/sqlite-with-gcov/structured-summarize/run_1/trajectory.json,/home/ak58925/agentCtx-summarization/results/query-error-audit-20260907/details/00349.txt
terminalbench,main,devstral24b,d05__b4k__ss,hosted_vllm/mistralai/Devstral-Small-2-24B-Instruct-2512,structured_summarize,4000,0.5,sqlite-with-gcov,structured-summarize,run_2,priority,summary_marker_error,115,,/home/ak58925/agentCtx/ICLR_results/terminalbench/main/devstral24b/d05__b4k__ss/sqlite-with-gcov/structured-summarize/run_2/trajectory.json,/home/ak58925/agentCtx-summarization/results/query-error-audit-20260907/details/00350.txt
terminalbench,main,devstral24b,d05__b4k__ss,hosted_vllm/mistralai/Devstral-Small-2-24B-Instruct-2512,structured_summarize,4000,0.5,sqlite-with-gcov,structured-summarize,run_3,priority,summary_marker_error,39,,/home/ak58925/agentCtx/ICLR_results/terminalbench/main/devstral24b/d05__b4k__ss/sqlite-with-gcov/structured-summarize/run_3/trajectory.json,/home/ak58925/agentCtx-summarization/results/query-error-audit-20260907/details/00351.txt
terminalbench,main,devstral24b,d05__b4k__ss,hosted_vllm/mistralai/Devstral-Small-2-24B-Instruct-2512,structured_summarize,4000,0.5,super-benchmark-upet,structured-summarize,run_1,priority,summary_marker_error,70,,/home/ak58925/agentCtx/ICLR_results/terminalbench/main/devstral24b/d05__b4k__ss/super-benchmark-upet/structured-summarize/run_1/trajectory.json,/home/ak58925/agentCtx-summarization/results/query-error-audit-20260907/details/00352.txt
terminalbench,main,devstral24b,d05__b4k__ss,hosted_vllm/mistralai/Devstral-Small-2-24B-Instruct-2512,structured_summarize,4000,0.5,super-benchmark-upet,structured-summarize,run_2,priority,summary_marker_error,53,,/home/ak58925/agentCtx/ICLR_results/terminalbench/main/devstral24b/d05__b4k__ss/super-benchmark-upet/structured-summarize/run_2/trajectory.json,/home/ak58925/agentCtx-summarization/results/query-error-audit-20260907/details/00353.txt
terminalbench,main,devstral24b,d05__b4k__ss,hosted_vllm/mistralai/Devstral-Small-2-24B-Instruct-2512,structured_summarize,4000,0.5,super-benchmark-upet,structured-summarize,run_3,priority,summary_marker_error,62,,/home/ak58925/agentCtx/ICLR_results/terminalbench/main/devstral24b/d05__b4k__ss/super-benchmark-upet/structured-summarize/run_3/trajectory.json,/home/ak58925/agentCtx-summarization/results/query-error-audit-20260907/details/00354.txt
terminalbench,main,devstral24b,d05__b4k__ss,hosted_vllm/mistralai/Devstral-Small-2-24B-Instruct-2512,structured_summarize,4000,0.5,swe-bench-astropy-2,structured-summarize,run_2,priority,summary_marker_error,5,,/home/ak58925/agentCtx/ICLR_results/terminalbench/main/devstral24b/d05__b4k__ss/swe-bench-astropy-2/structured-summarize/run_2/trajectory.json,/home/ak58925/agentCtx-summarization/results/query-error-audit-20260907/details/00355.txt
terminalbench,main,devstral24b,d05__b4k__ss,hosted_vllm/mistralai/Devstral-Small-2-24B-Instruct-2512,structured_summarize,4000,0.5,swe-bench-fsspec,structured-summarize,run_1,priority,summary_marker_error,147,,/home/ak58925/agentCtx/ICLR_results/terminalbench/main/devstral24b/d05__b4k__ss/swe-bench-fsspec/structured-summarize/run_1/trajectory.json,/home/ak58925/agentCtx-summarization/results/query-error-audit-20260907/details/00356.txt
terminalbench,main,devstral24b,d05__b4k__ss,hosted_vllm/mistralai/Devstral-Small-2-24B-Instruct-2512,structured_summarize,4000,0.5,swe-bench-fsspec,structured-summarize,run_2,priority,summary_marker_error,79,,/home/ak58925/agentCtx/ICLR_results/terminalbench/main/devstral24b/d05__b4k__ss/swe-bench-fsspec/structured-summarize/run_2/trajectory.json,/home/ak58925/agentCtx-summarization/results/query-error-audit-20260907/details/00357.txt
terminalbench,main,devstral24b,d05__b4k__ss,hosted_vllm/mistralai/Devstral-Small-2-24B-Instruct-2512,structured_summarize,4000,0.5,swe-bench-fsspec,structured-summarize,run_3,priority,summary_marker_error,84,,/home/ak58925/agentCtx/ICLR_results/terminalbench/main/devstral24b/d05__b4k__ss/swe-bench-fsspec/structured-summarize/run_3/trajectory.json,/home/ak58925/agentCtx-summarization/results/query-error-audit-20260907/details/00358.txt
terminalbench,main,devstral24b,d05__b4k__ss,hosted_vllm/mistralai/Devstral-Small-2-24B-Instruct-2512,structured_summarize,4000,0.5,tmux-advanced-workflow,structured-summarize,run_1,priority,summary_marker_error,122,,/home/ak58925/agentCtx/ICLR_results/terminalbench/main/devstral24b/d05__b4k__ss/tmux-advanced-workflow/structured-summarize/run_1/trajectory.json,/home/ak58925/agentCtx-summarization/results/query-error-audit-20260907/details/00359.txt
terminalbench,main,devstral24b,d05__b4k__ss,hosted_vllm/mistralai/Devstral-Small-2-24B-Instruct-2512,structured_summarize,4000,0.5,tmux-advanced-workflow,structured-summarize,run_2,priority,summary_marker_error,70,,/home/ak58925/agentCtx/ICLR_results/terminalbench/main/devstral24b/d05__b4k__ss/tmux-advanced-workflow/structured-summarize/run_2/trajectory.json,/home/ak58925/agentCtx-summarization/results/query-error-audit-20260907/details/00360.txt
terminalbench,main,devstral24b,d05__b4k__ss,hosted_vllm/mistralai/Devstral-Small-2-24B-Instruct-2512,structured_summarize,4000,0.5,tmux-advanced-workflow,structured-summarize,run_3,priority,summary_marker_error,94,,/home/ak58925/agentCtx/ICLR_results/terminalbench/main/devstral24b/d05__b4k__ss/tmux-advanced-workflow/structured-summarize/run_3/trajectory.json,/home/ak58925/agentCtx-summarization/results/query-error-audit-20260907/details/00361.txt
terminalbench,main,devstral24b,d05__b4k__ss,hosted_vllm/mistralai/Devstral-Small-2-24B-Instruct-2512,structured_summarize,4000,0.5,write-compressor,structured-summarize,run_1,priority,summary_marker_error,112,,/home/ak58925/agentCtx/ICLR_results/terminalbench/main/devstral24b/d05__b4k__ss/write-compressor/structured-summarize/run_1/trajectory.json,/home/ak58925/agentCtx-summarization/results/query-error-audit-20260907/details/00362.txt
terminalbench,main,devstral24b,d05__b4k__ss,hosted_vllm/mistralai/Devstral-Small-2-24B-Instruct-2512,structured_summarize,4000,0.5,write-compressor,structured-summarize,run_2,priority,summary_marker_error,22,,/home/ak58925/agentCtx/ICLR_results/terminalbench/main/devstral24b/d05__b4k__ss/write-compressor/structured-summarize/run_2/trajectory.json,/home/ak58925/agentCtx-summarization/results/query-error-audit-20260907/details/00363.txt
terminalbench,main,devstral24b,d05__b4k__ss,hosted_vllm/mistralai/Devstral-Small-2-24B-Instruct-2512,structured_summarize,4000,0.5,write-compressor,structured-summarize,run_3,priority,summary_marker_error,39,,/home/ak58925/agentCtx/ICLR_results/terminalbench/main/devstral24b/d05__b4k__ss/write-compressor/structured-summarize/run_3/trajectory.json,/home/ak58925/agentCtx-summarization/results/query-error-audit-20260907/details/00364.txt
terminalbench,main,devstral24b,d05__b4k__ss-partial,hosted_vllm/mistralai/Devstral-Small-2-24B-Instruct-2512,structured_summarize_partial,4000,0.5,blind-maze-explorer-5x5,structured-summarize-partial,run_1,priority,summary_marker_error,5,,/home/ak58925/agentCtx/ICLR_results/terminalbench/main/devstral24b/d05__b4k__ss-partial/blind-maze-explorer-5x5/structured-summarize-partial/run_1/trajectory.json,/home/ak58925/agentCtx-summarization/results/query-error-audit-20260907/details/00365.txt
terminalbench,main,devstral24b,d05__b4k__ss-partial,hosted_vllm/mistralai/Devstral-Small-2-24B-Instruct-2512,structured_summarize_partial,4000,0.5,blind-maze-explorer-5x5,structured-summarize-partial,run_2,priority,summary_marker_error,12,,/home/ak58925/agentCtx/ICLR_results/terminalbench/main/devstral24b/d05__b4k__ss-partial/blind-maze-explorer-5x5/structured-summarize-partial/run_2/trajectory.json,/home/ak58925/agentCtx-summarization/results/query-error-audit-20260907/details/00366.txt
terminalbench,main,devstral24b,d05__b4k__ss-partial,hosted_vllm/mistralai/Devstral-Small-2-24B-Instruct-2512,structured_summarize_partial,4000,0.5,blind-maze-explorer-5x5,structured-summarize-partial,run_3,priority,summary_marker_error,25,,/home/ak58925/agentCtx/ICLR_results/terminalbench/main/devstral24b/d05__b4k__ss-partial/blind-maze-explorer-5x5/structured-summarize-partial/run_3/trajectory.json,/home/ak58925/agentCtx-summarization/results/query-error-audit-20260907/details/00367.txt
terminalbench,main,devstral24b,d05__b4k__ss-partial,hosted_vllm/mistralai/Devstral-Small-2-24B-Instruct-2512,structured_summarize_partial,4000,0.5,blind-maze-explorer-algorithm,structured-summarize-partial,run_1,priority,summary_marker_error,18,,/home/ak58925/agentCtx/ICLR_results/terminalbench/main/devstral24b/d05__b4k__ss-partial/blind-maze-explorer-algorithm/structured-summarize-partial/run_1/trajectory.json,/home/ak58925/agentCtx-summarization/results/query-error-audit-20260907/details/00368.txt
terminalbench,main,devstral24b,d05__b4k__ss-partial,hosted_vllm/mistralai/Devstral-Small-2-24B-Instruct-2512,structured_summarize_partial,4000,0.5,blind-maze-explorer-algorithm,structured-summarize-partial,run_2,priority,summary_marker_error,94,,/home/ak58925/agentCtx/ICLR_results/terminalbench/main/devstral24b/d05__b4k__ss-partial/blind-maze-explorer-algorithm/structured-summarize-partial/run_2/trajectory.json,/home/ak58925/agentCtx-summarization/results/query-error-audit-20260907/details/00369.txt
terminalbench,main,devstral24b,d05__b4k__ss-partial,hosted_vllm/mistralai/Devstral-Small-2-24B-Instruct-2512,structured_summarize_partial,4000,0.5,blind-maze-explorer-algorithm,structured-summarize-partial,run_3,priority,summary_marker_error,38,,/home/ak58925/agentCtx/ICLR_results/terminalbench/main/devstral24b/d05__b4k__ss-partial/blind-maze-explorer-algorithm/structured-summarize-partial/run_3/trajectory.json,/home/ak58925/agentCtx-summarization/results/query-error-audit-20260907/details/00370.txt
terminalbench,main,devstral24b,d05__b4k__ss-partial,hosted_vllm/mistralai/Devstral-Small-2-24B-Instruct-2512,structured_summarize_partial,4000,0.5,cartpole-rl-training,structured-summarize-partial,run_1,priority,summary_marker_error,10,,/home/ak58925/agentCtx/ICLR_results/terminalbench/main/devstral24b/d05__b4k__ss-partial/cartpole-rl-training/structured-summarize-partial/run_1/trajectory.json,/home/ak58925/agentCtx-summarization/results/query-error-audit-20260907/details/00371.txt
terminalbench,main,devstral24b,d05__b4k__ss-partial,hosted_vllm/mistralai/Devstral-Small-2-24B-Instruct-2512,structured_summarize_partial,4000,0.5,cartpole-rl-training,structured-summarize-partial,run_3,priority,summary_marker_error,8,,/home/ak58925/agentCtx/ICLR_results/terminalbench/main/devstral24b/d05__b4k__ss-partial/cartpole-rl-training/structured-summarize-partial/run_3/trajectory.json,/home/ak58925/agentCtx-summarization/results/query-error-audit-20260907/details/00372.txt
terminalbench,main,devstral24b,d05__b4k__ss-partial,hosted_vllm/mistralai/Devstral-Small-2-24B-Instruct-2512,structured_summarize_partial,4000,0.5,count-dataset-tokens,structured-summarize-partial,run_1,priority,summary_marker_error,136,,/home/ak58925/agentCtx/ICLR_results/terminalbench/main/devstral24b/d05__b4k__ss-partial/count-dataset-tokens/structured-summarize-partial/run_1/trajectory.json,/home/ak58925/agentCtx-summarization/results/query-error-audit-20260907/details/00373.txt
terminalbench,main,devstral24b,d05__b4k__ss-partial,hosted_vllm/mistralai/Devstral-Small-2-24B-Instruct-2512,structured_summarize_partial,4000,0.5,count-dataset-tokens,structured-summarize-partial,run_2,priority,summary_marker_error,109,,/home/ak58925/agentCtx/ICLR_results/terminalbench/main/devstral24b/d05__b4k__ss-partial/count-dataset-tokens/structured-summarize-partial/run_2/trajectory.json,/home/ak58925/agentCtx-summarization/results/query-error-audit-20260907/details/00374.txt
terminalbench,main,devstral24b,d05__b4k__ss-partial,hosted_vllm/mistralai/Devstral-Small-2-24B-Instruct-2512,structured_summarize_partial,4000,0.5,count-dataset-tokens,structured-summarize-partial,run_3,priority,summary_marker_error,98,,/home/ak58925/agentCtx/ICLR_results/terminalbench/main/devstral24b/d05__b4k__ss-partial/count-dataset-tokens/structured-summarize-partial/run_3/trajectory.json,/home/ak58925/agentCtx-summarization/results/query-error-audit-20260907/details/00375.txt
terminalbench,main,devstral24b,d05__b4k__ss-partial,hosted_vllm/mistralai/Devstral-Small-2-24B-Instruct-2512,structured_summarize_partial,4000,0.5,crack-7z-hash.hard,structured-summarize-partial,run_1,priority,summary_marker_error,17,,/home/ak58925/agentCtx/ICLR_results/terminalbench/main/devstral24b/d05__b4k__ss-partial/crack-7z-hash.hard/structured-summarize-partial/run_1/trajectory.json,/home/ak58925/agentCtx-summarization/results/query-error-audit-20260907/details/00376.txt
terminalbench,main,devstral24b,d05__b4k__ss-partial,hosted_vllm/mistralai/Devstral-Small-2-24B-Instruct-2512,structured_summarize_partial,4000,0.5,crack-7z-hash.hard,structured-summarize-partial,run_2,priority,summary_marker_error,40,,/home/ak58925/agentCtx/ICLR_results/terminalbench/main/devstral24b/d05__b4k__ss-partial/crack-7z-hash.hard/structured-summarize-partial/run_2/trajectory.json,/home/ak58925/agentCtx-summarization/results/query-error-audit-20260907/details/00377.txt
terminalbench,main,devstral24b,d05__b4k__ss-partial,hosted_vllm/mistralai/Devstral-Small-2-24B-Instruct-2512,structured_summarize_partial,4000,0.5,crack-7z-hash.hard,structured-summarize-partial,run_3,priority,summary_marker_error,15,,/home/ak58925/agentCtx/ICLR_results/terminalbench/main/devstral24b/d05__b4k__ss-partial/crack-7z-hash.hard/structured-summarize-partial/run_3/trajectory.json,/home/ak58925/agentCtx-summarization/results/query-error-audit-20260907/details/00378.txt
terminalbench,main,devstral24b,d05__b4k__ss-partial,hosted_vllm/mistralai/Devstral-Small-2-24B-Instruct-2512,structured_summarize_partial,4000,0.5,csv-to-parquet,structured-summarize-partial,run_1,priority,summary_marker_error,42,,/home/ak58925/agentCtx/ICLR_results/terminalbench/main/devstral24b/d05__b4k__ss-partial/csv-to-parquet/structured-summarize-partial/run_1/trajectory.json,/home/ak58925/agentCtx-summarization/results/query-error-audit-20260907/details/00379.txt
terminalbench,main,devstral24b,d05__b4k__ss-partial,hosted_vllm/mistralai/Devstral-Small-2-24B-Instruct-2512,structured_summarize_partial,4000,0.5,csv-to-parquet,structured-summarize-partial,run_2,priority,summary_marker_error,50,,/home/ak58925/agentCtx/ICLR_results/terminalbench/main/devstral24b/d05__b4k__ss-partial/csv-to-parquet/structured-summarize-partial/run_2/trajectory.json,/home/ak58925/agentCtx-summarization/results/query-error-audit-20260907/details/00380.txt
terminalbench,main,devstral24b,d05__b4k__ss-partial,hosted_vllm/mistralai/Devstral-Small-2-24B-Instruct-2512,structured_summarize_partial,4000,0.5,csv-to-parquet,structured-summarize-partial,run_3,priority,summary_marker_error,47,,/home/ak58925/agentCtx/ICLR_results/terminalbench/main/devstral24b/d05__b4k__ss-partial/csv-to-parquet/structured-summarize-partial/run_3/trajectory.json,/home/ak58925/agentCtx-summarization/results/query-error-audit-20260907/details/00381.txt
terminalbench,main,devstral24b,d05__b4k__ss-partial,hosted_vllm/mistralai/Devstral-Small-2-24B-Instruct-2512,structured_summarize_partial,4000,0.5,download-youtube,structured-summarize-partial,run_1,priority,summary_marker_error,28,,/home/ak58925/agentCtx/ICLR_results/terminalbench/main/devstral24b/d05__b4k__ss-partial/download-youtube/structured-summarize-partial/run_1/trajectory.json,/home/ak58925/agentCtx-summarization/results/query-error-audit-20260907/details/00382.txt
terminalbench,main,devstral24b,d05__b4k__ss-partial,hosted_vllm/mistralai/Devstral-Small-2-24B-Instruct-2512,structured_summarize_partial,4000,0.5,download-youtube,structured-summarize-partial,run_2,priority,summary_marker_error,2,,/home/ak58925/agentCtx/ICLR_results/terminalbench/main/devstral24b/d05__b4k__ss-partial/download-youtube/structured-summarize-partial/run_2/trajectory.json,/home/ak58925/agentCtx-summarization/results/query-error-audit-20260907/details/00383.txt
terminalbench,main,devstral24b,d05__b4k__ss-partial,hosted_vllm/mistralai/Devstral-Small-2-24B-Instruct-2512,structured_summarize_partial,4000,0.5,download-youtube,structured-summarize-partial,run_3,priority,summary_marker_error,36,,/home/ak58925/agentCtx/ICLR_results/terminalbench/main/devstral24b/d05__b4k__ss-partial/download-youtube/structured-summarize-partial/run_3/trajectory.json,/home/ak58925/agentCtx-summarization/results/query-error-audit-20260907/details/00384.txt
terminalbench,main,devstral24b,d05__b4k__ss-partial,hosted_vllm/mistralai/Devstral-Small-2-24B-Instruct-2512,structured_summarize_partial,4000,0.5,eval-mteb,structured-summarize-partial,run_1,priority,summary_marker_error,55,,/home/ak58925/agentCtx/ICLR_results/terminalbench/main/devstral24b/d05__b4k__ss-partial/eval-mteb/structured-summarize-partial/run_1/trajectory.json,/home/ak58925/agentCtx-summarization/results/query-error-audit-20260907/details/00385.txt
terminalbench,main,devstral24b,d05__b4k__ss-partial,hosted_vllm/mistralai/Devstral-Small-2-24B-Instruct-2512,structured_summarize_partial,4000,0.5,eval-mteb,structured-summarize-partial,run_2,priority,summary_marker_error,57,,/home/ak58925/agentCtx/ICLR_results/terminalbench/main/devstral24b/d05__b4k__ss-partial/eval-mteb/structured-summarize-partial/run_2/trajectory.json,/home/ak58925/agentCtx-summarization/results/query-error-audit-20260907/details/00386.txt
terminalbench,main,devstral24b,d05__b4k__ss-partial,hosted_vllm/mistralai/Devstral-Small-2-24B-Instruct-2512,structured_summarize_partial,4000,0.5,eval-mteb,structured-summarize-partial,run_3,priority,summary_marker_error,103,,/home/ak58925/agentCtx/ICLR_results/terminalbench/main/devstral24b/d05__b4k__ss-partial/eval-mteb/structured-summarize-partial/run_3/trajectory.json,/home/ak58925/agentCtx-summarization/results/query-error-audit-20260907/details/00387.txt
terminalbench,main,devstral24b,d05__b4k__ss-partial,hosted_vllm/mistralai/Devstral-Small-2-24B-Instruct-2512,structured_summarize_partial,4000,0.5,eval-mteb.hard,structured-summarize-partial,run_1,priority,summary_marker_error,8,,/home/ak58925/agentCtx/ICLR_results/terminalbench/main/devstral24b/d05__b4k__ss-partial/eval-mteb.hard/structured-summarize-partial/run_1/trajectory.json,/home/ak58925/agentCtx-summarization/results/query-error-audit-20260907/details/00388.txt
terminalbench,main,devstral24b,d05__b4k__ss-partial,hosted_vllm/mistralai/Devstral-Small-2-24B-Instruct-2512,structured_summarize_partial,4000,0.5,eval-mteb.hard,structured-summarize-partial,run_2,priority,summary_marker_error,21,,/home/ak58925/agentCtx/ICLR_results/terminalbench/main/devstral24b/d05__b4k__ss-partial/eval-mteb.hard/structured-summarize-partial/run_2/trajectory.json,/home/ak58925/agentCtx-summarization/results/query-error-audit-20260907/details/00389.txt
terminalbench,main,devstral24b,d05__b4k__ss-partial,hosted_vllm/mistralai/Devstral-Small-2-24B-Instruct-2512,structured_summarize_partial,4000,0.5,eval-mteb.hard,structured-summarize-partial,run_3,priority,summary_marker_error,18,,/home/ak58925/agentCtx/ICLR_results/terminalbench/main/devstral24b/d05__b4k__ss-partial/eval-mteb.hard/structured-summarize-partial/run_3/trajectory.json,/home/ak58925/agentCtx-summarization/results/query-error-audit-20260907/details/00390.txt
terminalbench,main,devstral24b,d05__b4k__ss-partial,hosted_vllm/mistralai/Devstral-Small-2-24B-Instruct-2512,structured_summarize_partial,4000,0.5,extract-moves-from-video,structured-summarize-partial,run_1,priority,summary_marker_error,50,,/home/ak58925/agentCtx/ICLR_results/terminalbench/main/devstral24b/d05__b4k__ss-partial/extract-moves-from-video/structured-summarize-partial/run_1/trajectory.json,/home/ak58925/agentCtx-summarization/results/query-error-audit-20260907/details/00391.txt
terminalbench,main,devstral24b,d05__b4k__ss-partial,hosted_vllm/mistralai/Devstral-Small-2-24B-Instruct-2512,structured_summarize_partial,4000,0.5,extract-moves-from-video,structured-summarize-partial,run_2,priority,summary_marker_error,54,,/home/ak58925/agentCtx/ICLR_results/terminalbench/main/devstral24b/d05__b4k__ss-partial/extract-moves-from-video/structured-summarize-partial/run_2/trajectory.json,/home/ak58925/agentCtx-summarization/results/query-error-audit-20260907/details/00392.txt
terminalbench,main,devstral24b,d05__b4k__ss-partial,hosted_vllm/mistralai/Devstral-Small-2-24B-Instruct-2512,structured_summarize_partial,4000,0.5,extract-moves-from-video,structured-summarize-partial,run_3,priority,summary_marker_error,34,,/home/ak58925/agentCtx/ICLR_results/terminalbench/main/devstral24b/d05__b4k__ss-partial/extract-moves-from-video/structured-summarize-partial/run_3/trajectory.json,/home/ak58925/agentCtx-summarization/results/query-error-audit-20260907/details/00393.txt
terminalbench,main,devstral24b,d05__b4k__ss-partial,hosted_vllm/mistralai/Devstral-Small-2-24B-Instruct-2512,structured_summarize_partial,4000,0.5,fibonacci-server,structured-summarize-partial,run_1,priority,summary_marker_error,150,,/home/ak58925/agentCtx/ICLR_results/terminalbench/main/devstral24b/d05__b4k__ss-partial/fibonacci-server/structured-summarize-partial/run_1/trajectory.json,/home/ak58925/agentCtx-summarization/results/query-error-audit-20260907/details/00394.txt
terminalbench,main,devstral24b,d05__b4k__ss-partial,hosted_vllm/mistralai/Devstral-Small-2-24B-Instruct-2512,structured_summarize_partial,4000,0.5,fibonacci-server,structured-summarize-partial,run_2,priority,summary_marker_error,91,,/home/ak58925/agentCtx/ICLR_results/terminalbench/main/devstral24b/d05__b4k__ss-partial/fibonacci-server/structured-summarize-partial/run_2/trajectory.json,/home/ak58925/agentCtx-summarization/results/query-error-audit-20260907/details/00395.txt
terminalbench,main,devstral24b,d05__b4k__ss-partial,hosted_vllm/mistralai/Devstral-Small-2-24B-Instruct-2512,structured_summarize_partial,4000,0.5,fibonacci-server,structured-summarize-partial,run_3,priority,summary_marker_error,49,,/home/ak58925/agentCtx/ICLR_results/terminalbench/main/devstral24b/d05__b4k__ss-partial/fibonacci-server/structured-summarize-partial/run_3/trajectory.json,/home/ak58925/agentCtx-summarization/results/query-error-audit-20260907/details/00396.txt
terminalbench,main,devstral24b,d05__b4k__ss-partial,hosted_vllm/mistralai/Devstral-Small-2-24B-Instruct-2512,structured_summarize_partial,4000,0.5,fix-git,structured-summarize-partial,run_1,priority,summary_marker_error,39,,/home/ak58925/agentCtx/ICLR_results/terminalbench/main/devstral24b/d05__b4k__ss-partial/fix-git/structured-summarize-partial/run_1/trajectory.json,/home/ak58925/agentCtx-summarization/results/query-error-audit-20260907/details/00397.txt
terminalbench,main,devstral24b,d05__b4k__ss-partial,hosted_vllm/mistralai/Devstral-Small-2-24B-Instruct-2512,structured_summarize_partial,4000,0.5,fix-git,structured-summarize-partial,run_2,priority,summary_marker_error,14,,/home/ak58925/agentCtx/ICLR_results/terminalbench/main/devstral24b/d05__b4k__ss-partial/fix-git/structured-summarize-partial/run_2/trajectory.json,/home/ak58925/agentCtx-summarization/results/query-error-audit-20260907/details/00398.txt
terminalbench,main,devstral24b,d05__b4k__ss-partial,hosted_vllm/mistralai/Devstral-Small-2-24B-Instruct-2512,structured_summarize_partial,4000,0.5,fix-git,structured-summarize-partial,run_3,priority,summary_marker_error,36,,/home/ak58925/agentCtx/ICLR_results/terminalbench/main/devstral24b/d05__b4k__ss-partial/fix-git/structured-summarize-partial/run_3/trajectory.json,/home/ak58925/agentCtx-summarization/results/query-error-audit-20260907/details/00399.txt
terminalbench,main,devstral24b,d05__b4k__ss-partial,hosted_vllm/mistralai/Devstral-Small-2-24B-Instruct-2512,structured_summarize_partial,4000,0.5,git-workflow-hack,structured-summarize-partial,run_1,priority,summary_marker_error,52,,/home/ak58925/agentCtx/ICLR_results/terminalbench/main/devstral24b/d05__b4k__ss-partial/git-workflow-hack/structured-summarize-partial/run_1/trajectory.json,/home/ak58925/agentCtx-summarization/results/query-error-audit-20260907/details/00400.txt
terminalbench,main,devstral24b,d05__b4k__ss-partial,hosted_vllm/mistralai/Devstral-Small-2-24B-Instruct-2512,structured_summarize_partial,4000,0.5,git-workflow-hack,structured-summarize-partial,run_2,priority,summary_marker_error,50,,/home/ak58925/agentCtx/ICLR_results/terminalbench/main/devstral24b/d05__b4k__ss-partial/git-workflow-hack/structured-summarize-partial/run_2/trajectory.json,/home/ak58925/agentCtx-summarization/results/query-error-audit-20260907/details/00401.txt
terminalbench,main,devstral24b,d05__b4k__ss-partial,hosted_vllm/mistralai/Devstral-Small-2-24B-Instruct-2512,structured_summarize_partial,4000,0.5,hf-model-inference,structured-summarize-partial,run_1,priority,summary_marker_error,46,,/home/ak58925/agentCtx/ICLR_results/terminalbench/main/devstral24b/d05__b4k__ss-partial/hf-model-inference/structured-summarize-partial/run_1/trajectory.json,/home/ak58925/agentCtx-summarization/results/query-error-audit-20260907/details/00403.txt
terminalbench,main,devstral24b,d05__b4k__ss-partial,hosted_vllm/mistralai/Devstral-Small-2-24B-Instruct-2512,structured_summarize_partial,4000,0.5,hf-model-inference,structured-summarize-partial,run_3,priority,summary_marker_error,44,,/home/ak58925/agentCtx/ICLR_results/terminalbench/main/devstral24b/d05__b4k__ss-partial/hf-model-inference/structured-summarize-partial/run_3/trajectory.json,/home/ak58925/agentCtx-summarization/results/query-error-audit-20260907/details/00404.txt
terminalbench,main,devstral24b,d05__b4k__ss-partial,hosted_vllm/mistralai/Devstral-Small-2-24B-Instruct-2512,structured_summarize_partial,4000,0.5,intrusion-detection,structured-summarize-partial,run_1,priority,summary_marker_error,76,,/home/ak58925/agentCtx/ICLR_results/terminalbench/main/devstral24b/d05__b4k__ss-partial/intrusion-detection/structured-summarize-partial/run_1/trajectory.json,/home/ak58925/agentCtx-summarization/results/query-error-audit-20260907/details/00406.txt
terminalbench,main,devstral24b,d05__b4k__ss-partial,hosted_vllm/mistralai/Devstral-Small-2-24B-Instruct-2512,structured_summarize_partial,4000,0.5,intrusion-detection,structured-summarize-partial,run_3,priority,summary_marker_error,13,,/home/ak58925/agentCtx/ICLR_results/terminalbench/main/devstral24b/d05__b4k__ss-partial/intrusion-detection/structured-summarize-partial/run_3/trajectory.json,/home/ak58925/agentCtx-summarization/results/query-error-audit-20260907/details/00407.txt
terminalbench,main,devstral24b,d05__b4k__ss-partial,hosted_vllm/mistralai/Devstral-Small-2-24B-Instruct-2512,structured_summarize_partial,4000,0.5,password-recovery,structured-summarize-partial,run_1,priority,summary_marker_error,39,,/home/ak58925/agentCtx/ICLR_results/terminalbench/main/devstral24b/d05__b4k__ss-partial/password-recovery/structured-summarize-partial/run_1/trajectory.json,/home/ak58925/agentCtx-summarization/results/query-error-audit-20260907/details/00410.txt
terminalbench,main,devstral24b,d05__b4k__ss-partial,hosted_vllm/mistralai/Devstral-Small-2-24B-Instruct-2512,structured_summarize_partial,4000,0.5,password-recovery,structured-summarize-partial,run_2,priority,summary_marker_error,19,,/home/ak58925/agentCtx/ICLR_results/terminalbench/main/devstral24b/d05__b4k__ss-partial/password-recovery/structured-summarize-partial/run_2/trajectory.json,/home/ak58925/agentCtx-summarization/results/query-error-audit-20260907/details/00411.txt
terminalbench,main,devstral24b,d05__b4k__ss-partial,hosted_vllm/mistralai/Devstral-Small-2-24B-Instruct-2512,structured_summarize_partial,4000,0.5,password-recovery,structured-summarize-partial,run_3,priority,summary_marker_error,7,,/home/ak58925/agentCtx/ICLR_results/terminalbench/main/devstral24b/d05__b4k__ss-partial/password-recovery/structured-summarize-partial/run_3/trajectory.json,/home/ak58925/agentCtx-summarization/results/query-error-audit-20260907/details/00412.txt
terminalbench,main,devstral24b,d05__b4k__ss-partial,hosted_vllm/mistralai/Devstral-Small-2-24B-Instruct-2512,structured_summarize_partial,4000,0.5,path-tracing-reverse,structured-summarize-partial,run_1,priority,summary_marker_error,28,,/home/ak58925/agentCtx/ICLR_results/terminalbench/main/devstral24b/d05__b4k__ss-partial/path-tracing-reverse/structured-summarize-partial/run_1/trajectory.json,/home/ak58925/agentCtx-summarization/results/query-error-audit-20260907/details/00413.txt
terminalbench,main,devstral24b,d05__b4k__ss-partial,hosted_vllm/mistralai/Devstral-Small-2-24B-Instruct-2512,structured_summarize_partial,4000,0.5,path-tracing-reverse,structured-summarize-partial,run_2,priority,summary_marker_error,38,,/home/ak58925/agentCtx/ICLR_results/terminalbench/main/devstral24b/d05__b4k__ss-partial/path-tracing-reverse/structured-summarize-partial/run_2/trajectory.json,/home/ak58925/agentCtx-summarization/results/query-error-audit-20260907/details/00414.txt
terminalbench,main,devstral24b,d05__b4k__ss-partial,hosted_vllm/mistralai/Devstral-Small-2-24B-Instruct-2512,structured_summarize_partial,4000,0.5,path-tracing-reverse,structured-summarize-partial,run_3,priority,summary_marker_error,31,,/home/ak58925/agentCtx/ICLR_results/terminalbench/main/devstral24b/d05__b4k__ss-partial/path-tracing-reverse/structured-summarize-partial/run_3/trajectory.json,/home/ak58925/agentCtx-summarization/results/query-error-audit-20260907/details/00415.txt
terminalbench,main,devstral24b,d05__b4k__ss-partial,hosted_vllm/mistralai/Devstral-Small-2-24B-Instruct-2512,structured_summarize_partial,4000,0.5,prove-plus-comm,structured-summarize-partial,run_3,priority,summary_marker_error,139,,/home/ak58925/agentCtx/ICLR_results/terminalbench/main/devstral24b/d05__b4k__ss-partial/prove-plus-comm/structured-summarize-partial/run_3/trajectory.json,/home/ak58925/agentCtx-summarization/results/query-error-audit-20260907/details/00416.txt
terminalbench,main,devstral24b,d05__b4k__ss-partial,hosted_vllm/mistralai/Devstral-Small-2-24B-Instruct-2512,structured_summarize_partial,4000,0.5,pytorch-model-cli.hard,structured-summarize-partial,run_2,priority,summary_marker_error,64,,/home/ak58925/agentCtx/ICLR_results/terminalbench/main/devstral24b/d05__b4k__ss-partial/pytorch-model-cli.hard/structured-summarize-partial/run_2/trajectory.json,/home/ak58925/agentCtx-summarization/results/query-error-audit-20260907/details/00417.txt
terminalbench,main,devstral24b,d05__b4k__ss-partial,hosted_vllm/mistralai/Devstral-Small-2-24B-Instruct-2512,structured_summarize_partial,4000,0.5,pytorch-model-cli.hard,structured-summarize-partial,run_3,priority,summary_marker_error,93,,/home/ak58925/agentCtx/ICLR_results/terminalbench/main/devstral24b/d05__b4k__ss-partial/pytorch-model-cli.hard/structured-summarize-partial/run_3/trajectory.json,/home/ak58925/agentCtx-summarization/results/query-error-audit-20260907/details/00418.txt
terminalbench,main,devstral24b,d05__b4k__ss-partial,hosted_vllm/mistralai/Devstral-Small-2-24B-Instruct-2512,structured_summarize_partial,4000,0.5,qemu-alpine-ssh,structured-summarize-partial,run_1,priority,summary_marker_error,39,,/home/ak58925/agentCtx/ICLR_results/terminalbench/main/devstral24b/d05__b4k__ss-partial/qemu-alpine-ssh/structured-summarize-partial/run_1/trajectory.json,/home/ak58925/agentCtx-summarization/results/query-error-audit-20260907/details/00419.txt
terminalbench,main,devstral24b,d05__b4k__ss-partial,hosted_vllm/mistralai/Devstral-Small-2-24B-Instruct-2512,structured_summarize_partial,4000,0.5,qemu-alpine-ssh,structured-summarize-partial,run_2,priority,summary_marker_error,52,,/home/ak58925/agentCtx/ICLR_results/terminalbench/main/devstral24b/d05__b4k__ss-partial/qemu-alpine-ssh/structured-summarize-partial/run_2/trajectory.json,/home/ak58925/agentCtx-summarization/results/query-error-audit-20260907/details/00420.txt
terminalbench,main,devstral24b,d05__b4k__ss-partial,hosted_vllm/mistralai/Devstral-Small-2-24B-Instruct-2512,structured_summarize_partial,4000,0.5,qemu-alpine-ssh,structured-summarize-partial,run_3,priority,summary_marker_error,34,,/home/ak58925/agentCtx/ICLR_results/terminalbench/main/devstral24b/d05__b4k__ss-partial/qemu-alpine-ssh/structured-summarize-partial/run_3/trajectory.json,/home/ak58925/agentCtx-summarization/results/query-error-audit-20260907/details/00421.txt
terminalbench,main,devstral24b,d05__b4k__ss-partial,hosted_vllm/mistralai/Devstral-Small-2-24B-Instruct-2512,structured_summarize_partial,4000,0.5,qemu-startup,structured-summarize-partial,run_1,priority,summary_marker_error,7,,/home/ak58925/agentCtx/ICLR_results/terminalbench/main/devstral24b/d05__b4k__ss-partial/qemu-startup/structured-summarize-partial/run_1/trajectory.json,/home/ak58925/agentCtx-summarization/results/query-error-audit-20260907/details/00422.txt
terminalbench,main,devstral24b,d05__b4k__ss-partial,hosted_vllm/mistralai/Devstral-Small-2-24B-Instruct-2512,structured_summarize_partial,4000,0.5,qemu-startup,structured-summarize-partial,run_2,priority,summary_marker_error,24,,/home/ak58925/agentCtx/ICLR_results/terminalbench/main/devstral24b/d05__b4k__ss-partial/qemu-startup/structured-summarize-partial/run_2/trajectory.json,/home/ak58925/agentCtx-summarization/results/query-error-audit-20260907/details/00423.txt
terminalbench,main,devstral24b,d05__b4k__ss-partial,hosted_vllm/mistralai/Devstral-Small-2-24B-Instruct-2512,structured_summarize_partial,4000,0.5,qemu-startup,structured-summarize-partial,run_3,priority,summary_marker_error,13,,/home/ak58925/agentCtx/ICLR_results/terminalbench/main/devstral24b/d05__b4k__ss-partial/qemu-startup/structured-summarize-partial/run_3/trajectory.json,/home/ak58925/agentCtx-summarization/results/query-error-audit-20260907/details/00424.txt
terminalbench,main,devstral24b,d05__b4k__ss-partial,hosted_vllm/mistralai/Devstral-Small-2-24B-Instruct-2512,structured_summarize_partial,4000,0.5,raman-fitting.easy,structured-summarize-partial,run_1,priority,summary_marker_error,94,,/home/ak58925/agentCtx/ICLR_results/terminalbench/main/devstral24b/d05__b4k__ss-partial/raman-fitting.easy/structured-summarize-partial/run_1/trajectory.json,/home/ak58925/agentCtx-summarization/results/query-error-audit-20260907/details/00425.txt
terminalbench,main,devstral24b,d05__b4k__ss-partial,hosted_vllm/mistralai/Devstral-Small-2-24B-Instruct-2512,structured_summarize_partial,4000,0.5,raman-fitting.easy,structured-summarize-partial,run_2,priority,summary_marker_error,233,,/home/ak58925/agentCtx/ICLR_results/terminalbench/main/devstral24b/d05__b4k__ss-partial/raman-fitting.easy/structured-summarize-partial/run_2/trajectory.json,/home/ak58925/agentCtx-summarization/results/query-error-audit-20260907/details/00426.txt
terminalbench,main,devstral24b,d05__b4k__ss-partial,hosted_vllm/mistralai/Devstral-Small-2-24B-Instruct-2512,structured_summarize_partial,4000,0.5,raman-fitting.easy,structured-summarize-partial,run_3,priority,summary_marker_error,1,,/home/ak58925/agentCtx/ICLR_results/terminalbench/main/devstral24b/d05__b4k__ss-partial/raman-fitting.easy/structured-summarize-partial/run_3/trajectory.json,/home/ak58925/agentCtx-summarization/results/query-error-audit-20260907/details/00427.txt
terminalbench,main,devstral24b,d05__b4k__ss-partial,hosted_vllm/mistralai/Devstral-Small-2-24B-Instruct-2512,structured_summarize_partial,4000,0.5,sanitize-git-repo,structured-summarize-partial,run_1,priority,summary_marker_error,67,,/home/ak58925/agentCtx/ICLR_results/terminalbench/main/devstral24b/d05__b4k__ss-partial/sanitize-git-repo/structured-summarize-partial/run_1/trajectory.json,/home/ak58925/agentCtx-summarization/results/query-error-audit-20260907/details/00428.txt
terminalbench,main,devstral24b,d05__b4k__ss-partial,hosted_vllm/mistralai/Devstral-Small-2-24B-Instruct-2512,structured_summarize_partial,4000,0.5,sanitize-git-repo,structured-summarize-partial,run_2,priority,summary_marker_error,20,,/home/ak58925/agentCtx/ICLR_results/terminalbench/main/devstral24b/d05__b4k__ss-partial/sanitize-git-repo/structured-summarize-partial/run_2/trajectory.json,/home/ak58925/agentCtx-summarization/results/query-error-audit-20260907/details/00429.txt
terminalbench,main,devstral24b,d05__b4k__ss-partial,hosted_vllm/mistralai/Devstral-Small-2-24B-Instruct-2512,structured_summarize_partial,4000,0.5,sanitize-git-repo,structured-summarize-partial,run_3,priority,summary_marker_error,21,,/home/ak58925/agentCtx/ICLR_results/terminalbench/main/devstral24b/d05__b4k__ss-partial/sanitize-git-repo/structured-summarize-partial/run_3/trajectory.json,/home/ak58925/agentCtx-summarization/results/query-error-audit-20260907/details/00430.txt
terminalbench,main,devstral24b,d05__b4k__ss-partial,hosted_vllm/mistralai/Devstral-Small-2-24B-Instruct-2512,structured_summarize_partial,4000,0.5,sanitize-git-repo.hard,structured-summarize-partial,run_1,priority,summary_marker_error,17,,/home/ak58925/agentCtx/ICLR_results/terminalbench/main/devstral24b/d05__b4k__ss-partial/sanitize-git-repo.hard/structured-summarize-partial/run_1/trajectory.json,/home/ak58925/agentCtx-summarization/results/query-error-audit-20260907/details/00431.txt
terminalbench,main,devstral24b,d05__b4k__ss-partial,hosted_vllm/mistralai/Devstral-Small-2-24B-Instruct-2512,structured_summarize_partial,4000,0.5,sanitize-git-repo.hard,structured-summarize-partial,run_2,priority,summary_marker_error,7,,/home/ak58925/agentCtx/ICLR_results/terminalbench/main/devstral24b/d05__b4k__ss-partial/sanitize-git-repo.hard/structured-summarize-partial/run_2/trajectory.json,/home/ak58925/agentCtx-summarization/results/query-error-audit-20260907/details/00432.txt
terminalbench,main,devstral24b,d05__b4k__ss-partial,hosted_vllm/mistralai/Devstral-Small-2-24B-Instruct-2512,structured_summarize_partial,4000,0.5,sanitize-git-repo.hard,structured-summarize-partial,run_3,priority,summary_marker_error,37,,/home/ak58925/agentCtx/ICLR_results/terminalbench/main/devstral24b/d05__b4k__ss-partial/sanitize-git-repo.hard/structured-summarize-partial/run_3/trajectory.json,/home/ak58925/agentCtx-summarization/results/query-error-audit-20260907/details/00433.txt
terminalbench,main,devstral24b,d05__b4k__ss-partial,hosted_vllm/mistralai/Devstral-Small-2-24B-Instruct-2512,structured_summarize_partial,4000,0.5,solana-data,structured-summarize-partial,run_1,priority,summary_marker_error,38,,/home/ak58925/agentCtx/ICLR_results/terminalbench/main/devstral24b/d05__b4k__ss-partial/solana-data/structured-summarize-partial/run_1/trajectory.json,/home/ak58925/agentCtx-summarization/results/query-error-audit-20260907/details/00434.txt
terminalbench,main,devstral24b,d05__b4k__ss-partial,hosted_vllm/mistralai/Devstral-Small-2-24B-Instruct-2512,structured_summarize_partial,4000,0.5,solana-data,structured-summarize-partial,run_2,priority,summary_marker_error,15,,/home/ak58925/agentCtx/ICLR_results/terminalbench/main/devstral24b/d05__b4k__ss-partial/solana-data/structured-summarize-partial/run_2/trajectory.json,/home/ak58925/agentCtx-summarization/results/query-error-audit-20260907/details/00435.txt
terminalbench,main,devstral24b,d05__b4k__ss-partial,hosted_vllm/mistralai/Devstral-Small-2-24B-Instruct-2512,structured_summarize_partial,4000,0.5,solana-data,structured-summarize-partial,run_3,priority,summary_marker_error,51,,/home/ak58925/agentCtx/ICLR_results/terminalbench/main/devstral24b/d05__b4k__ss-partial/solana-data/structured-summarize-partial/run_3/trajectory.json,/home/ak58925/agentCtx-summarization/results/query-error-audit-20260907/details/00436.txt
terminalbench,main,devstral24b,d05__b4k__ss-partial,hosted_vllm/mistralai/Devstral-Small-2-24B-Instruct-2512,structured_summarize_partial,4000,0.5,sqlite-with-gcov,structured-summarize-partial,run_1,priority,summary_marker_error,124,,/home/ak58925/agentCtx/ICLR_results/terminalbench/main/devstral24b/d05__b4k__ss-partial/sqlite-with-gcov/structured-summarize-partial/run_1/trajectory.json,/home/ak58925/agentCtx-summarization/results/query-error-audit-20260907/details/00437.txt
terminalbench,main,devstral24b,d05__b4k__ss-partial,hosted_vllm/mistralai/Devstral-Small-2-24B-Instruct-2512,structured_summarize_partial,4000,0.5,sqlite-with-gcov,structured-summarize-partial,run_2,priority,summary_marker_error,63,,/home/ak58925/agentCtx/ICLR_results/terminalbench/main/devstral24b/d05__b4k__ss-partial/sqlite-with-gcov/structured-summarize-partial/run_2/trajectory.json,/home/ak58925/agentCtx-summarization/results/query-error-audit-20260907/details/00438.txt
terminalbench,main,devstral24b,d05__b4k__ss-partial,hosted_vllm/mistralai/Devstral-Small-2-24B-Instruct-2512,structured_summarize_partial,4000,0.5,sqlite-with-gcov,structured-summarize-partial,run_3,priority,summary_marker_error,85,,/home/ak58925/agentCtx/ICLR_results/terminalbench/main/devstral24b/d05__b4k__ss-partial/sqlite-with-gcov/structured-summarize-partial/run_3/trajectory.json,/home/ak58925/agentCtx-summarization/results/query-error-audit-20260907/details/00439.txt
terminalbench,main,devstral24b,d05__b4k__ss-partial,hosted_vllm/mistralai/Devstral-Small-2-24B-Instruct-2512,structured_summarize_partial,4000,0.5,super-benchmark-upet,structured-summarize-partial,run_1,priority,summary_marker_error,86,,/home/ak58925/agentCtx/ICLR_results/terminalbench/main/devstral24b/d05__b4k__ss-partial/super-benchmark-upet/structured-summarize-partial/run_1/trajectory.json,/home/ak58925/agentCtx-summarization/results/query-error-audit-20260907/details/00440.txt
terminalbench,main,devstral24b,d05__b4k__ss-partial,hosted_vllm/mistralai/Devstral-Small-2-24B-Instruct-2512,structured_summarize_partial,4000,0.5,super-benchmark-upet,structured-summarize-partial,run_2,priority,summary_marker_error,70,,/home/ak58925/agentCtx/ICLR_results/terminalbench/main/devstral24b/d05__b4k__ss-partial/super-benchmark-upet/structured-summarize-partial/run_2/trajectory.json,/home/ak58925/agentCtx-summarization/results/query-error-audit-20260907/details/00441.txt
terminalbench,main,devstral24b,d05__b4k__ss-partial,hosted_vllm/mistralai/Devstral-Small-2-24B-Instruct-2512,structured_summarize_partial,4000,0.5,super-benchmark-upet,structured-summarize-partial,run_3,priority,summary_marker_error,89,,/home/ak58925/agentCtx/ICLR_results/terminalbench/main/devstral24b/d05__b4k__ss-partial/super-benchmark-upet/structured-summarize-partial/run_3/trajectory.json,/home/ak58925/agentCtx-summarization/results/query-error-audit-20260907/details/00442.txt
terminalbench,main,devstral24b,d05__b4k__ss-partial,hosted_vllm/mistralai/Devstral-Small-2-24B-Instruct-2512,structured_summarize_partial,4000,0.5,swe-bench-astropy-2,structured-summarize-partial,run_1,priority,summary_marker_error,10,,/home/ak58925/agentCtx/ICLR_results/terminalbench/main/devstral24b/d05__b4k__ss-partial/swe-bench-astropy-2/structured-summarize-partial/run_1/trajectory.json,/home/ak58925/agentCtx-summarization/results/query-error-audit-20260907/details/00443.txt
terminalbench,main,devstral24b,d05__b4k__ss-partial,hosted_vllm/mistralai/Devstral-Small-2-24B-Instruct-2512,structured_summarize_partial,4000,0.5,swe-bench-astropy-2,structured-summarize-partial,run_2,priority,summary_marker_error,31,,/home/ak58925/agentCtx/ICLR_results/terminalbench/main/devstral24b/d05__b4k__ss-partial/swe-bench-astropy-2/structured-summarize-partial/run_2/trajectory.json,/home/ak58925/agentCtx-summarization/results/query-error-audit-20260907/details/00444.txt
terminalbench,main,devstral24b,d05__b4k__ss-partial,hosted_vllm/mistralai/Devstral-Small-2-24B-Instruct-2512,structured_summarize_partial,4000,0.5,swe-bench-fsspec,structured-summarize-partial,run_1,priority,summary_marker_error,113,,/home/ak58925/agentCtx/ICLR_results/terminalbench/main/devstral24b/d05__b4k__ss-partial/swe-bench-fsspec/structured-summarize-partial/run_1/trajectory.json,/home/ak58925/agentCtx-summarization/results/query-error-audit-20260907/details/00445.txt
terminalbench,main,devstral24b,d05__b4k__ss-partial,hosted_vllm/mistralai/Devstral-Small-2-24B-Instruct-2512,structured_summarize_partial,4000,0.5,swe-bench-fsspec,structured-summarize-partial,run_2,priority,summary_marker_error,128,,/home/ak58925/agentCtx/ICLR_results/terminalbench/main/devstral24b/d05__b4k__ss-partial/swe-bench-fsspec/structured-summarize-partial/run_2/trajectory.json,/home/ak58925/agentCtx-summarization/results/query-error-audit-20260907/details/00446.txt
terminalbench,main,devstral24b,d05__b4k__ss-partial,hosted_vllm/mistralai/Devstral-Small-2-24B-Instruct-2512,structured_summarize_partial,4000,0.5,swe-bench-fsspec,structured-summarize-partial,run_3,priority,summary_marker_error,108,,/home/ak58925/agentCtx/ICLR_results/terminalbench/main/devstral24b/d05__b4k__ss-partial/swe-bench-fsspec/structured-summarize-partial/run_3/trajectory.json,/home/ak58925/agentCtx-summarization/results/query-error-audit-20260907/details/00447.txt
terminalbench,main,devstral24b,d05__b4k__ss-partial,hosted_vllm/mistralai/Devstral-Small-2-24B-Instruct-2512,structured_summarize_partial,4000,0.5,tmux-advanced-workflow,structured-summarize-partial,run_3,priority,summary_marker_error,104,,/home/ak58925/agentCtx/ICLR_results/terminalbench/main/devstral24b/d05__b4k__ss-partial/tmux-advanced-workflow/structured-summarize-partial/run_3/trajectory.json,/home/ak58925/agentCtx-summarization/results/query-error-audit-20260907/details/00449.txt
terminalbench,main,devstral24b,d05__b4k__ss-partial,hosted_vllm/mistralai/Devstral-Small-2-24B-Instruct-2512,structured_summarize_partial,4000,0.5,write-compressor,structured-summarize-partial,run_1,priority,summary_marker_error,25,,/home/ak58925/agentCtx/ICLR_results/terminalbench/main/devstral24b/d05__b4k__ss-partial/write-compressor/structured-summarize-partial/run_1/trajectory.json,/home/ak58925/agentCtx-summarization/results/query-error-audit-20260907/details/00450.txt
terminalbench,main,devstral24b,d05__b4k__ss-partial,hosted_vllm/mistralai/Devstral-Small-2-24B-Instruct-2512,structured_summarize_partial,4000,0.5,write-compressor,structured-summarize-partial,run_2,priority,summary_marker_error,27,,/home/ak58925/agentCtx/ICLR_results/terminalbench/main/devstral24b/d05__b4k__ss-partial/write-compressor/structured-summarize-partial/run_2/trajectory.json,/home/ak58925/agentCtx-summarization/results/query-error-audit-20260907/details/00451.txt
terminalbench,main,devstral24b,d05__b4k__ss-partial,hosted_vllm/mistralai/Devstral-Small-2-24B-Instruct-2512,structured_summarize_partial,4000,0.5,write-compressor,structured-summarize-partial,run_3,priority,summary_marker_error,63,,/home/ak58925/agentCtx/ICLR_results/terminalbench/main/devstral24b/d05__b4k__ss-partial/write-compressor/structured-summarize-partial/run_3/trajectory.json,/home/ak58925/agentCtx-summarization/results/query-error-audit-20260907/details/00452.txt
terminalbench,main,devstral24b,d05__b4k__su-full,hosted_vllm/mistralai/Devstral-Small-2-24B-Instruct-2512,summarization,4000,0.5,blind-maze-explorer-5x5,summarization,run_2,priority,summary_failure_accounting,0,44,/home/ak58925/agentCtx/ICLR_results/terminalbench/main/devstral24b/d05__b4k__su-full/blind-maze-explorer-5x5/summarization/run_2/trajectory.json,/home/ak58925/agentCtx-summarization/results/query-error-audit-20260907/details/00453.txt
terminalbench,main,devstral24b,d05__b4k__su-full,hosted_vllm/mistralai/Devstral-Small-2-24B-Instruct-2512,summarization,4000,0.5,blind-maze-explorer-algorithm,summarization,run_2,priority,summary_failure_accounting,0,149,/home/ak58925/agentCtx/ICLR_results/terminalbench/main/devstral24b/d05__b4k__su-full/blind-maze-explorer-algorithm/summarization/run_2/trajectory.json,/home/ak58925/agentCtx-summarization/results/query-error-audit-20260907/details/00454.txt
terminalbench,main,devstral24b,d05__b4k__su-full,hosted_vllm/mistralai/Devstral-Small-2-24B-Instruct-2512,summarization,4000,0.5,qemu-alpine-ssh,summarization,run_2,priority,summary_failure_accounting,0,153,/home/ak58925/agentCtx/ICLR_results/terminalbench/main/devstral24b/d05__b4k__su-full/qemu-alpine-ssh/summarization/run_2/trajectory.json,/home/ak58925/agentCtx-summarization/results/query-error-audit-20260907/details/00459.txt
terminalbench,main,devstral24b,d05__b4k__su-partial,hosted_vllm/mistralai/Devstral-Small-2-24B-Instruct-2512,summarization_partial,4000,0.5,blind-maze-explorer-5x5,summarization-partial,run_1,probable,summary_related_response,0,0,/home/ak58925/agentCtx/ICLR_results/terminalbench/main/devstral24b/d05__b4k__su-partial/blind-maze-explorer-5x5/summarization-partial/run_1/trajectory.json,/home/ak58925/agentCtx-summarization/results/query-error-audit-20260907/details/00461.txt
terminalbench,main,devstral24b,d05__b4k__su-partial,hosted_vllm/mistralai/Devstral-Small-2-24B-Instruct-2512,summarization_partial,4000,0.5,blind-maze-explorer-5x5,summarization-partial,run_2,probable,summary_related_response,0,0,/home/ak58925/agentCtx/ICLR_results/terminalbench/main/devstral24b/d05__b4k__su-partial/blind-maze-explorer-5x5/summarization-partial/run_2/trajectory.json,/home/ak58925/agentCtx-summarization/results/query-error-audit-20260907/details/00462.txt
terminalbench,main,devstral24b,d05__b4k__su-partial,hosted_vllm/mistralai/Devstral-Small-2-24B-Instruct-2512,summarization_partial,4000,0.5,blind-maze-explorer-5x5,summarization-partial,run_3,priority,summary_failure_accounting,0,47,/home/ak58925/agentCtx/ICLR_results/terminalbench/main/devstral24b/d05__b4k__su-partial/blind-maze-explorer-5x5/summarization-partial/run_3/trajectory.json,/home/ak58925/agentCtx-summarization/results/query-error-audit-20260907/details/00463.txt
terminalbench,main,devstral24b,d05__b4k__su-partial,hosted_vllm/mistralai/Devstral-Small-2-24B-Instruct-2512,summarization_partial,4000,0.5,blind-maze-explorer-algorithm,summarization-partial,run_1,probable,summary_related_response,0,0,/home/ak58925/agentCtx/ICLR_results/terminalbench/main/devstral24b/d05__b4k__su-partial/blind-maze-explorer-algorithm/summarization-partial/run_1/trajectory.json,/home/ak58925/agentCtx-summarization/results/query-error-audit-20260907/details/00464.txt
terminalbench,main,devstral24b,d05__b4k__su-partial,hosted_vllm/mistralai/Devstral-Small-2-24B-Instruct-2512,summarization_partial,4000,0.5,blind-maze-explorer-algorithm,summarization-partial,run_2,probable,summary_related_response,0,0,/home/ak58925/agentCtx/ICLR_results/terminalbench/main/devstral24b/d05__b4k__su-partial/blind-maze-explorer-algorithm/summarization-partial/run_2/trajectory.json,/home/ak58925/agentCtx-summarization/results/query-error-audit-20260907/details/00465.txt
terminalbench,main,devstral24b,d05__b4k__su-partial,hosted_vllm/mistralai/Devstral-Small-2-24B-Instruct-2512,summarization_partial,4000,0.5,blind-maze-explorer-algorithm,summarization-partial,run_3,priority,summary_failure_accounting,0,136,/home/ak58925/agentCtx/ICLR_results/terminalbench/main/devstral24b/d05__b4k__su-partial/blind-maze-explorer-algorithm/summarization-partial/run_3/trajectory.json,/home/ak58925/agentCtx-summarization/results/query-error-audit-20260907/details/00466.txt
terminalbench,main,devstral24b,d05__b4k__su-partial,hosted_vllm/mistralai/Devstral-Small-2-24B-Instruct-2512,summarization_partial,4000,0.5,cartpole-rl-training,summarization-partial,run_1,probable,summary_related_response,0,0,/home/ak58925/agentCtx/ICLR_results/terminalbench/main/devstral24b/d05__b4k__su-partial/cartpole-rl-training/summarization-partial/run_1/trajectory.json,/home/ak58925/agentCtx-summarization/results/query-error-audit-20260907/details/00467.txt
terminalbench,main,devstral24b,d05__b4k__su-partial,hosted_vllm/mistralai/Devstral-Small-2-24B-Instruct-2512,summarization_partial,4000,0.5,cartpole-rl-training,summarization-partial,run_3,probable,summary_related_response,0,0,/home/ak58925/agentCtx/ICLR_results/terminalbench/main/devstral24b/d05__b4k__su-partial/cartpole-rl-training/summarization-partial/run_3/trajectory.json,/home/ak58925/agentCtx-summarization/results/query-error-audit-20260907/details/00468.txt
terminalbench,main,devstral24b,d05__b4k__su-partial,hosted_vllm/mistralai/Devstral-Small-2-24B-Instruct-2512,summarization_partial,4000,0.5,count-dataset-tokens,summarization-partial,run_1,probable,summary_related_response,0,0,/home/ak58925/agentCtx/ICLR_results/terminalbench/main/devstral24b/d05__b4k__su-partial/count-dataset-tokens/summarization-partial/run_1/trajectory.json,/home/ak58925/agentCtx-summarization/results/query-error-audit-20260907/details/00469.txt
terminalbench,main,devstral24b,d05__b4k__su-partial,hosted_vllm/mistralai/Devstral-Small-2-24B-Instruct-2512,summarization_partial,4000,0.5,count-dataset-tokens,summarization-partial,run_2,probable,summary_related_response,0,0,/home/ak58925/agentCtx/ICLR_results/terminalbench/main/devstral24b/d05__b4k__su-partial/count-dataset-tokens/summarization-partial/run_2/trajectory.json,/home/ak58925/agentCtx-summarization/results/query-error-audit-20260907/details/00470.txt
terminalbench,main,devstral24b,d05__b4k__su-partial,hosted_vllm/mistralai/Devstral-Small-2-24B-Instruct-2512,summarization_partial,4000,0.5,count-dataset-tokens,summarization-partial,run_3,probable,summary_related_response,0,0,/home/ak58925/agentCtx/ICLR_results/terminalbench/main/devstral24b/d05__b4k__su-partial/count-dataset-tokens/summarization-partial/run_3/trajectory.json,/home/ak58925/agentCtx-summarization/results/query-error-audit-20260907/details/00471.txt
terminalbench,main,devstral24b,d05__b4k__su-partial,hosted_vllm/mistralai/Devstral-Small-2-24B-Instruct-2512,summarization_partial,4000,0.5,crack-7z-hash.hard,summarization-partial,run_1,probable,summary_related_response,0,0,/home/ak58925/agentCtx/ICLR_results/terminalbench/main/devstral24b/d05__b4k__su-partial/crack-7z-hash.hard/summarization-partial/run_1/trajectory.json,/home/ak58925/agentCtx-summarization/results/query-error-audit-20260907/details/00472.txt
terminalbench,main,devstral24b,d05__b4k__su-partial,hosted_vllm/mistralai/Devstral-Small-2-24B-Instruct-2512,summarization_partial,4000,0.5,crack-7z-hash.hard,summarization-partial,run_2,probable,summary_related_response,0,0,/home/ak58925/agentCtx/ICLR_results/terminalbench/main/devstral24b/d05__b4k__su-partial/crack-7z-hash.hard/summarization-partial/run_2/trajectory.json,/home/ak58925/agentCtx-summarization/results/query-error-audit-20260907/details/00473.txt
terminalbench,main,devstral24b,d05__b4k__su-partial,hosted_vllm/mistralai/Devstral-Small-2-24B-Instruct-2512,summarization_partial,4000,0.5,crack-7z-hash.hard,summarization-partial,run_3,probable,summary_related_response,0,0,/home/ak58925/agentCtx/ICLR_results/terminalbench/main/devstral24b/d05__b4k__su-partial/crack-7z-hash.hard/summarization-partial/run_3/trajectory.json,/home/ak58925/agentCtx-summarization/results/query-error-audit-20260907/details/00474.txt
terminalbench,main,devstral24b,d05__b4k__su-partial,hosted_vllm/mistralai/Devstral-Small-2-24B-Instruct-2512,summarization_partial,4000,0.5,csv-to-parquet,summarization-partial,run_2,probable,summary_related_response,0,0,/home/ak58925/agentCtx/ICLR_results/terminalbench/main/devstral24b/d05__b4k__su-partial/csv-to-parquet/summarization-partial/run_2/trajectory.json,/home/ak58925/agentCtx-summarization/results/query-error-audit-20260907/details/00475.txt
terminalbench,main,devstral24b,d05__b4k__su-partial,hosted_vllm/mistralai/Devstral-Small-2-24B-Instruct-2512,summarization_partial,4000,0.5,download-youtube,summarization-partial,run_2,probable,summary_related_response,0,0,/home/ak58925/agentCtx/ICLR_results/terminalbench/main/devstral24b/d05__b4k__su-partial/download-youtube/summarization-partial/run_2/trajectory.json,/home/ak58925/agentCtx-summarization/results/query-error-audit-20260907/details/00476.txt
terminalbench,main,devstral24b,d05__b4k__su-partial,hosted_vllm/mistralai/Devstral-Small-2-24B-Instruct-2512,summarization_partial,4000,0.5,eval-mteb,summarization-partial,run_1,priority,summary_failure_accounting,0,12,/home/ak58925/agentCtx/ICLR_results/terminalbench/main/devstral24b/d05__b4k__su-partial/eval-mteb/summarization-partial/run_1/trajectory.json,/home/ak58925/agentCtx-summarization/results/query-error-audit-20260907/details/00477.txt
terminalbench,main,devstral24b,d05__b4k__su-partial,hosted_vllm/mistralai/Devstral-Small-2-24B-Instruct-2512,summarization_partial,4000,0.5,eval-mteb.hard,summarization-partial,run_1,priority,summary_failure_accounting,0,1,/home/ak58925/agentCtx/ICLR_results/terminalbench/main/devstral24b/d05__b4k__su-partial/eval-mteb.hard/summarization-partial/run_1/trajectory.json,/home/ak58925/agentCtx-summarization/results/query-error-audit-20260907/details/00478.txt
terminalbench,main,devstral24b,d05__b4k__su-partial,hosted_vllm/mistralai/Devstral-Small-2-24B-Instruct-2512,summarization_partial,4000,0.5,eval-mteb.hard,summarization-partial,run_3,probable,summary_related_response,0,0,/home/ak58925/agentCtx/ICLR_results/terminalbench/main/devstral24b/d05__b4k__su-partial/eval-mteb.hard/summarization-partial/run_3/trajectory.json,/home/ak58925/agentCtx-summarization/results/query-error-audit-20260907/details/00479.txt
terminalbench,main,devstral24b,d05__b4k__su-partial,hosted_vllm/mistralai/Devstral-Small-2-24B-Instruct-2512,summarization_partial,4000,0.5,extract-moves-from-video,summarization-partial,run_2,probable,summary_related_response,0,0,/home/ak58925/agentCtx/ICLR_results/terminalbench/main/devstral24b/d05__b4k__su-partial/extract-moves-from-video/summarization-partial/run_2/trajectory.json,/home/ak58925/agentCtx-summarization/results/query-error-audit-20260907/details/00480.txt
terminalbench,main,devstral24b,d05__b4k__su-partial,hosted_vllm/mistralai/Devstral-Small-2-24B-Instruct-2512,summarization_partial,4000,0.5,extract-moves-from-video,summarization-partial,run_3,probable,summary_related_response,0,0,/home/ak58925/agentCtx/ICLR_results/terminalbench/main/devstral24b/d05__b4k__su-partial/extract-moves-from-video/summarization-partial/run_3/trajectory.json,/home/ak58925/agentCtx-summarization/results/query-error-audit-20260907/details/00481.txt
terminalbench,main,devstral24b,d05__b4k__su-partial,hosted_vllm/mistralai/Devstral-Small-2-24B-Instruct-2512,summarization_partial,4000,0.5,fibonacci-server,summarization-partial,run_2,priority,summary_failure_accounting,0,6,/home/ak58925/agentCtx/ICLR_results/terminalbench/main/devstral24b/d05__b4k__su-partial/fibonacci-server/summarization-partial/run_2/trajectory.json,/home/ak58925/agentCtx-summarization/results/query-error-audit-20260907/details/00483.txt
terminalbench,main,devstral24b,d05__b4k__su-partial,hosted_vllm/mistralai/Devstral-Small-2-24B-Instruct-2512,summarization_partial,4000,0.5,fix-git,summarization-partial,run_2,priority,summary_failure_accounting,0,6,/home/ak58925/agentCtx/ICLR_results/terminalbench/main/devstral24b/d05__b4k__su-partial/fix-git/summarization-partial/run_2/trajectory.json,/home/ak58925/agentCtx-summarization/results/query-error-audit-20260907/details/00484.txt
terminalbench,main,devstral24b,d05__b4k__su-partial,hosted_vllm/mistralai/Devstral-Small-2-24B-Instruct-2512,summarization_partial,4000,0.5,fix-git,summarization-partial,run_3,probable,summary_related_response,0,0,/home/ak58925/agentCtx/ICLR_results/terminalbench/main/devstral24b/d05__b4k__su-partial/fix-git/summarization-partial/run_3/trajectory.json,/home/ak58925/agentCtx-summarization/results/query-error-audit-20260907/details/00485.txt
terminalbench,main,devstral24b,d05__b4k__su-partial,hosted_vllm/mistralai/Devstral-Small-2-24B-Instruct-2512,summarization_partial,4000,0.5,git-workflow-hack,summarization-partial,run_1,probable,summary_related_response,0,0,/home/ak58925/agentCtx/ICLR_results/terminalbench/main/devstral24b/d05__b4k__su-partial/git-workflow-hack/summarization-partial/run_1/trajectory.json,/home/ak58925/agentCtx-summarization/results/query-error-audit-20260907/details/00486.txt
terminalbench,main,devstral24b,d05__b4k__su-partial,hosted_vllm/mistralai/Devstral-Small-2-24B-Instruct-2512,summarization_partial,4000,0.5,git-workflow-hack,summarization-partial,run_2,priority,summary_failure_accounting,0,54,/home/ak58925/agentCtx/ICLR_results/terminalbench/main/devstral24b/d05__b4k__su-partial/git-workflow-hack/summarization-partial/run_2/trajectory.json,/home/ak58925/agentCtx-summarization/results/query-error-audit-20260907/details/00487.txt
terminalbench,main,devstral24b,d05__b4k__su-partial,hosted_vllm/mistralai/Devstral-Small-2-24B-Instruct-2512,summarization_partial,4000,0.5,gpt2-codegolf,summarization-partial,run_1,priority,summary_failure_accounting,0,194,/home/ak58925/agentCtx/ICLR_results/terminalbench/main/devstral24b/d05__b4k__su-partial/gpt2-codegolf/summarization-partial/run_1/trajectory.json,/home/ak58925/agentCtx-summarization/results/query-error-audit-20260907/details/00488.txt
terminalbench,main,devstral24b,d05__b4k__su-partial,hosted_vllm/mistralai/Devstral-Small-2-24B-Instruct-2512,summarization_partial,4000,0.5,gpt2-codegolf,summarization-partial,run_3,priority,summary_failure_accounting,0,7,/home/ak58925/agentCtx/ICLR_results/terminalbench/main/devstral24b/d05__b4k__su-partial/gpt2-codegolf/summarization-partial/run_3/trajectory.json,/home/ak58925/agentCtx-summarization/results/query-error-audit-20260907/details/00489.txt
terminalbench,main,devstral24b,d05__b4k__su-partial,hosted_vllm/mistralai/Devstral-Small-2-24B-Instruct-2512,summarization_partial,4000,0.5,heterogeneous-dates,summarization-partial,run_1,probable,summary_related_response,0,0,/home/ak58925/agentCtx/ICLR_results/terminalbench/main/devstral24b/d05__b4k__su-partial/heterogeneous-dates/summarization-partial/run_1/trajectory.json,/home/ak58925/agentCtx-summarization/results/query-error-audit-20260907/details/00490.txt
terminalbench,main,devstral24b,d05__b4k__su-partial,hosted_vllm/mistralai/Devstral-Small-2-24B-Instruct-2512,summarization_partial,4000,0.5,heterogeneous-dates,summarization-partial,run_3,probable,summary_related_response,0,0,/home/ak58925/agentCtx/ICLR_results/terminalbench/main/devstral24b/d05__b4k__su-partial/heterogeneous-dates/summarization-partial/run_3/trajectory.json,/home/ak58925/agentCtx-summarization/results/query-error-audit-20260907/details/00491.txt
terminalbench,main,devstral24b,d05__b4k__su-partial,hosted_vllm/mistralai/Devstral-Small-2-24B-Instruct-2512,summarization_partial,4000,0.5,hf-model-inference,summarization-partial,run_1,priority,summary_failure_accounting,0,4,/home/ak58925/agentCtx/ICLR_results/terminalbench/main/devstral24b/d05__b4k__su-partial/hf-model-inference/summarization-partial/run_1/trajectory.json,/home/ak58925/agentCtx-summarization/results/query-error-audit-20260907/details/00492.txt
terminalbench,main,devstral24b,d05__b4k__su-partial,hosted_vllm/mistralai/Devstral-Small-2-24B-Instruct-2512,summarization_partial,4000,0.5,incompatible-python-fasttext,summarization-partial,run_3,priority,summary_failure_accounting,0,6,/home/ak58925/agentCtx/ICLR_results/terminalbench/main/devstral24b/d05__b4k__su-partial/incompatible-python-fasttext/summarization-partial/run_3/trajectory.json,/home/ak58925/agentCtx-summarization/results/query-error-audit-20260907/details/00493.txt
terminalbench,main,devstral24b,d05__b4k__su-partial,hosted_vllm/mistralai/Devstral-Small-2-24B-Instruct-2512,summarization_partial,4000,0.5,intrusion-detection,summarization-partial,run_1,priority,summary_failure_accounting,0,109,/home/ak58925/agentCtx/ICLR_results/terminalbench/main/devstral24b/d05__b4k__su-partial/intrusion-detection/summarization-partial/run_1/trajectory.json,/home/ak58925/agentCtx-summarization/results/query-error-audit-20260907/details/00494.txt
terminalbench,main,devstral24b,d05__b4k__su-partial,hosted_vllm/mistralai/Devstral-Small-2-24B-Instruct-2512,summarization_partial,4000,0.5,intrusion-detection,summarization-partial,run_2,probable,summary_related_response,0,0,/home/ak58925/agentCtx/ICLR_results/terminalbench/main/devstral24b/d05__b4k__su-partial/intrusion-detection/summarization-partial/run_2/trajectory.json,/home/ak58925/agentCtx-summarization/results/query-error-audit-20260907/details/00495.txt
terminalbench,main,devstral24b,d05__b4k__su-partial,hosted_vllm/mistralai/Devstral-Small-2-24B-Instruct-2512,summarization_partial,4000,0.5,password-recovery,summarization-partial,run_1,priority,summary_failure_accounting,0,10,/home/ak58925/agentCtx/ICLR_results/terminalbench/main/devstral24b/d05__b4k__su-partial/password-recovery/summarization-partial/run_1/trajectory.json,/home/ak58925/agentCtx-summarization/results/query-error-audit-20260907/details/00496.txt
terminalbench,main,devstral24b,d05__b4k__su-partial,hosted_vllm/mistralai/Devstral-Small-2-24B-Instruct-2512,summarization_partial,4000,0.5,path-tracing-reverse,summarization-partial,run_3,probable,summary_related_response,0,0,/home/ak58925/agentCtx/ICLR_results/terminalbench/main/devstral24b/d05__b4k__su-partial/path-tracing-reverse/summarization-partial/run_3/trajectory.json,/home/ak58925/agentCtx-summarization/results/query-error-audit-20260907/details/00497.txt
terminalbench,main,devstral24b,d05__b4k__su-partial,hosted_vllm/mistralai/Devstral-Small-2-24B-Instruct-2512,summarization_partial,4000,0.5,prove-plus-comm,summarization-partial,run_1,probable,summary_related_response,0,0,/home/ak58925/agentCtx/ICLR_results/terminalbench/main/devstral24b/d05__b4k__su-partial/prove-plus-comm/summarization-partial/run_1/trajectory.json,/home/ak58925/agentCtx-summarization/results/query-error-audit-20260907/details/00498.txt
terminalbench,main,devstral24b,d05__b4k__su-partial,hosted_vllm/mistralai/Devstral-Small-2-24B-Instruct-2512,summarization_partial,4000,0.5,prove-plus-comm,summarization-partial,run_3,probable,summary_related_response,0,0,/home/ak58925/agentCtx/ICLR_results/terminalbench/main/devstral24b/d05__b4k__su-partial/prove-plus-comm/summarization-partial/run_3/trajectory.json,/home/ak58925/agentCtx-summarization/results/query-error-audit-20260907/details/00499.txt
terminalbench,main,devstral24b,d05__b4k__su-partial,hosted_vllm/mistralai/Devstral-Small-2-24B-Instruct-2512,summarization_partial,4000,0.5,pytorch-model-cli.hard,summarization-partial,run_1,priority,summary_failure_accounting,0,5,/home/ak58925/agentCtx/ICLR_results/terminalbench/main/devstral24b/d05__b4k__su-partial/pytorch-model-cli.hard/summarization-partial/run_1/trajectory.json,/home/ak58925/agentCtx-summarization/results/query-error-audit-20260907/details/00500.txt
terminalbench,main,devstral24b,d05__b4k__su-partial,hosted_vllm/mistralai/Devstral-Small-2-24B-Instruct-2512,summarization_partial,4000,0.5,pytorch-model-cli.hard,summarization-partial,run_2,priority,summary_failure_accounting,0,174,/home/ak58925/agentCtx/ICLR_results/terminalbench/main/devstral24b/d05__b4k__su-partial/pytorch-model-cli.hard/summarization-partial/run_2/trajectory.json,/home/ak58925/agentCtx-summarization/results/query-error-audit-20260907/details/00501.txt
terminalbench,main,devstral24b,d05__b4k__su-partial,hosted_vllm/mistralai/Devstral-Small-2-24B-Instruct-2512,summarization_partial,4000,0.5,pytorch-model-cli.hard,summarization-partial,run_3,priority,summary_failure_accounting,0,5,/home/ak58925/agentCtx/ICLR_results/terminalbench/main/devstral24b/d05__b4k__su-partial/pytorch-model-cli.hard/summarization-partial/run_3/trajectory.json,/home/ak58925/agentCtx-summarization/results/query-error-audit-20260907/details/00502.txt
terminalbench,main,devstral24b,d05__b4k__su-partial,hosted_vllm/mistralai/Devstral-Small-2-24B-Instruct-2512,summarization_partial,4000,0.5,qemu-alpine-ssh,summarization-partial,run_1,probable,summary_related_response,0,0,/home/ak58925/agentCtx/ICLR_results/terminalbench/main/devstral24b/d05__b4k__su-partial/qemu-alpine-ssh/summarization-partial/run_1/trajectory.json,/home/ak58925/agentCtx-summarization/results/query-error-audit-20260907/details/00503.txt
terminalbench,main,devstral24b,d05__b4k__su-partial,hosted_vllm/mistralai/Devstral-Small-2-24B-Instruct-2512,summarization_partial,4000,0.5,qemu-alpine-ssh,summarization-partial,run_2,probable,summary_related_response,0,0,/home/ak58925/agentCtx/ICLR_results/terminalbench/main/devstral24b/d05__b4k__su-partial/qemu-alpine-ssh/summarization-partial/run_2/trajectory.json,/home/ak58925/agentCtx-summarization/results/query-error-audit-20260907/details/00504.txt
terminalbench,main,devstral24b,d05__b4k__su-partial,hosted_vllm/mistralai/Devstral-Small-2-24B-Instruct-2512,summarization_partial,4000,0.5,qemu-alpine-ssh,summarization-partial,run_3,probable,summary_related_response,0,0,/home/ak58925/agentCtx/ICLR_results/terminalbench/main/devstral24b/d05__b4k__su-partial/qemu-alpine-ssh/summarization-partial/run_3/trajectory.json,/home/ak58925/agentCtx-summarization/results/query-error-audit-20260907/details/00505.txt
terminalbench,main,devstral24b,d05__b4k__su-partial,hosted_vllm/mistralai/Devstral-Small-2-24B-Instruct-2512,summarization_partial,4000,0.5,qemu-startup,summarization-partial,run_2,probable,summary_related_response,0,0,/home/ak58925/agentCtx/ICLR_results/terminalbench/main/devstral24b/d05__b4k__su-partial/qemu-startup/summarization-partial/run_2/trajectory.json,/home/ak58925/agentCtx-summarization/results/query-error-audit-20260907/details/00506.txt
terminalbench,main,devstral24b,d05__b4k__su-partial,hosted_vllm/mistralai/Devstral-Small-2-24B-Instruct-2512,summarization_partial,4000,0.5,qemu-startup,summarization-partial,run_3,probable,summary_related_response,0,0,/home/ak58925/agentCtx/ICLR_results/terminalbench/main/devstral24b/d05__b4k__su-partial/qemu-startup/summarization-partial/run_3/trajectory.json,/home/ak58925/agentCtx-summarization/results/query-error-audit-20260907/details/00507.txt
terminalbench,main,devstral24b,d05__b4k__su-partial,hosted_vllm/mistralai/Devstral-Small-2-24B-Instruct-2512,summarization_partial,4000,0.5,raman-fitting.easy,summarization-partial,run_1,priority,summary_failure_accounting,0,2,/home/ak58925/agentCtx/ICLR_results/terminalbench/main/devstral24b/d05__b4k__su-partial/raman-fitting.easy/summarization-partial/run_1/trajectory.json,/home/ak58925/agentCtx-summarization/results/query-error-audit-20260907/details/00508.txt
terminalbench,main,devstral24b,d05__b4k__su-partial,hosted_vllm/mistralai/Devstral-Small-2-24B-Instruct-2512,summarization_partial,4000,0.5,sanitize-git-repo,summarization-partial,run_3,probable,summary_related_response,0,0,/home/ak58925/agentCtx/ICLR_results/terminalbench/main/devstral24b/d05__b4k__su-partial/sanitize-git-repo/summarization-partial/run_3/trajectory.json,/home/ak58925/agentCtx-summarization/results/query-error-audit-20260907/details/00509.txt
terminalbench,main,devstral24b,d05__b4k__su-partial,hosted_vllm/mistralai/Devstral-Small-2-24B-Instruct-2512,summarization_partial,4000,0.5,sanitize-git-repo.hard,summarization-partial,run_1,probable,summary_related_response,0,0,/home/ak58925/agentCtx/ICLR_results/terminalbench/main/devstral24b/d05__b4k__su-partial/sanitize-git-repo.hard/summarization-partial/run_1/trajectory.json,/home/ak58925/agentCtx-summarization/results/query-error-audit-20260907/details/00510.txt
terminalbench,main,devstral24b,d05__b4k__su-partial,hosted_vllm/mistralai/Devstral-Small-2-24B-Instruct-2512,summarization_partial,4000,0.5,solana-data,summarization-partial,run_2,priority,summary_failure_accounting,0,117,/home/ak58925/agentCtx/ICLR_results/terminalbench/main/devstral24b/d05__b4k__su-partial/solana-data/summarization-partial/run_2/trajectory.json,/home/ak58925/agentCtx-summarization/results/query-error-audit-20260907/details/00511.txt
terminalbench,main,devstral24b,d05__b4k__su-partial,hosted_vllm/mistralai/Devstral-Small-2-24B-Instruct-2512,summarization_partial,4000,0.5,solana-data,summarization-partial,run_3,priority,summary_failure_accounting,0,205,/home/ak58925/agentCtx/ICLR_results/terminalbench/main/devstral24b/d05__b4k__su-partial/solana-data/summarization-partial/run_3/trajectory.json,/home/ak58925/agentCtx-summarization/results/query-error-audit-20260907/details/00512.txt
terminalbench,main,devstral24b,d05__b4k__su-partial,hosted_vllm/mistralai/Devstral-Small-2-24B-Instruct-2512,summarization_partial,4000,0.5,sqlite-with-gcov,summarization-partial,run_3,priority,summary_failure_accounting,0,1,/home/ak58925/agentCtx/ICLR_results/terminalbench/main/devstral24b/d05__b4k__su-partial/sqlite-with-gcov/summarization-partial/run_3/trajectory.json,/home/ak58925/agentCtx-summarization/results/query-error-audit-20260907/details/00513.txt
terminalbench,main,devstral24b,d05__b4k__su-partial,hosted_vllm/mistralai/Devstral-Small-2-24B-Instruct-2512,summarization_partial,4000,0.5,super-benchmark-upet,summarization-partial,run_1,probable,summary_related_response,0,0,/home/ak58925/agentCtx/ICLR_results/terminalbench/main/devstral24b/d05__b4k__su-partial/super-benchmark-upet/summarization-partial/run_1/trajectory.json,/home/ak58925/agentCtx-summarization/results/query-error-audit-20260907/details/00514.txt
terminalbench,main,devstral24b,d05__b4k__su-partial,hosted_vllm/mistralai/Devstral-Small-2-24B-Instruct-2512,summarization_partial,4000,0.5,super-benchmark-upet,summarization-partial,run_2,probable,summary_related_response,0,0,/home/ak58925/agentCtx/ICLR_results/terminalbench/main/devstral24b/d05__b4k__su-partial/super-benchmark-upet/summarization-partial/run_2/trajectory.json,/home/ak58925/agentCtx-summarization/results/query-error-audit-20260907/details/00515.txt
terminalbench,main,devstral24b,d05__b4k__su-partial,hosted_vllm/mistralai/Devstral-Small-2-24B-Instruct-2512,summarization_partial,4000,0.5,super-benchmark-upet,summarization-partial,run_3,probable,summary_related_response,0,0,/home/ak58925/agentCtx/ICLR_results/terminalbench/main/devstral24b/d05__b4k__su-partial/super-benchmark-upet/summarization-partial/run_3/trajectory.json,/home/ak58925/agentCtx-summarization/results/query-error-audit-20260907/details/00516.txt
terminalbench,main,devstral24b,d05__b4k__su-partial,hosted_vllm/mistralai/Devstral-Small-2-24B-Instruct-2512,summarization_partial,4000,0.5,swe-bench-astropy-2,summarization-partial,run_1,probable,summary_related_response,0,0,/home/ak58925/agentCtx/ICLR_results/terminalbench/main/devstral24b/d05__b4k__su-partial/swe-bench-astropy-2/summarization-partial/run_1/trajectory.json,/home/ak58925/agentCtx-summarization/results/query-error-audit-20260907/details/00517.txt
terminalbench,main,devstral24b,d05__b4k__su-partial,hosted_vllm/mistralai/Devstral-Small-2-24B-Instruct-2512,summarization_partial,4000,0.5,swe-bench-astropy-2,summarization-partial,run_2,probable,summary_related_response,0,0,/home/ak58925/agentCtx/ICLR_results/terminalbench/main/devstral24b/d05__b4k__su-partial/swe-bench-astropy-2/summarization-partial/run_2/trajectory.json,/home/ak58925/agentCtx-summarization/results/query-error-audit-20260907/details/00518.txt
terminalbench,main,devstral24b,d05__b4k__su-partial,hosted_vllm/mistralai/Devstral-Small-2-24B-Instruct-2512,summarization_partial,4000,0.5,swe-bench-astropy-2,summarization-partial,run_3,priority,summary_failure_accounting,0,100,/home/ak58925/agentCtx/ICLR_results/terminalbench/main/devstral24b/d05__b4k__su-partial/swe-bench-astropy-2/summarization-partial/run_3/trajectory.json,/home/ak58925/agentCtx-summarization/results/query-error-audit-20260907/details/00519.txt
terminalbench,main,devstral24b,d05__b4k__su-partial,hosted_vllm/mistralai/Devstral-Small-2-24B-Instruct-2512,summarization_partial,4000,0.5,swe-bench-fsspec,summarization-partial,run_2,priority,summary_failure_accounting,0,110,/home/ak58925/agentCtx/ICLR_results/terminalbench/main/devstral24b/d05__b4k__su-partial/swe-bench-fsspec/summarization-partial/run_2/trajectory.json,/home/ak58925/agentCtx-summarization/results/query-error-audit-20260907/details/00520.txt
terminalbench,main,devstral24b,d05__b4k__su-partial,hosted_vllm/mistralai/Devstral-Small-2-24B-Instruct-2512,summarization_partial,4000,0.5,swe-bench-fsspec,summarization-partial,run_3,priority,summary_failure_accounting,0,2,/home/ak58925/agentCtx/ICLR_results/terminalbench/main/devstral24b/d05__b4k__su-partial/swe-bench-fsspec/summarization-partial/run_3/trajectory.json,/home/ak58925/agentCtx-summarization/results/query-error-audit-20260907/details/00521.txt
terminalbench,main,devstral24b,d05__b4k__su-partial,hosted_vllm/mistralai/Devstral-Small-2-24B-Instruct-2512,summarization_partial,4000,0.5,tmux-advanced-workflow,summarization-partial,run_2,priority,summary_failure_accounting,0,4,/home/ak58925/agentCtx/ICLR_results/terminalbench/main/devstral24b/d05__b4k__su-partial/tmux-advanced-workflow/summarization-partial/run_2/trajectory.json,/home/ak58925/agentCtx-summarization/results/query-error-audit-20260907/details/00523.txt
terminalbench,main,devstral24b,d05__b4k__su-partial,hosted_vllm/mistralai/Devstral-Small-2-24B-Instruct-2512,summarization_partial,4000,0.5,tmux-advanced-workflow,summarization-partial,run_3,priority,summary_failure_accounting,0,5,/home/ak58925/agentCtx/ICLR_results/terminalbench/main/devstral24b/d05__b4k__su-partial/tmux-advanced-workflow/summarization-partial/run_3/trajectory.json,/home/ak58925/agentCtx-summarization/results/query-error-audit-20260907/details/00524.txt
terminalbench,main,devstral24b,d05__b4k__su-partial,hosted_vllm/mistralai/Devstral-Small-2-24B-Instruct-2512,summarization_partial,4000,0.5,write-compressor,summarization-partial,run_2,probable,summary_related_response,0,0,/home/ak58925/agentCtx/ICLR_results/terminalbench/main/devstral24b/d05__b4k__su-partial/write-compressor/summarization-partial/run_2/trajectory.json,/home/ak58925/agentCtx-summarization/results/query-error-audit-20260907/details/00525.txt
terminalbench,main,devstral24b,di__b4k__otrc-ss-partial,hosted_vllm/mistralai/Devstral-Small-2-24B-Instruct-2512,online_trc_structured_summarize_partial,4000,0.5,blind-maze-explorer-5x5,otrc-ss-partial,run_1,priority,summary_marker_error,138,,/home/ak58925/agentCtx/ICLR_results/terminalbench/main/devstral24b/di__b4k__otrc-ss-partial/blind-maze-explorer-5x5/otrc-ss-partial/run_1/trajectory.json,/home/ak58925/agentCtx-summarization/results/query-error-audit-20260907/details/00533.txt
terminalbench,main,devstral24b,di__b4k__otrc-ss-partial,hosted_vllm/mistralai/Devstral-Small-2-24B-Instruct-2512,online_trc_structured_summarize_partial,4000,0.5,blind-maze-explorer-5x5,otrc-ss-partial,run_2,priority,summary_marker_error,60,,/home/ak58925/agentCtx/ICLR_results/terminalbench/main/devstral24b/di__b4k__otrc-ss-partial/blind-maze-explorer-5x5/otrc-ss-partial/run_2/trajectory.json,/home/ak58925/agentCtx-summarization/results/query-error-audit-20260907/details/00534.txt
terminalbench,main,devstral24b,di__b4k__otrc-ss-partial,hosted_vllm/mistralai/Devstral-Small-2-24B-Instruct-2512,online_trc_structured_summarize_partial,4000,0.5,blind-maze-explorer-5x5,otrc-ss-partial,run_3,priority,summary_marker_error,116,,/home/ak58925/agentCtx/ICLR_results/terminalbench/main/devstral24b/di__b4k__otrc-ss-partial/blind-maze-explorer-5x5/otrc-ss-partial/run_3/trajectory.json,/home/ak58925/agentCtx-summarization/results/query-error-audit-20260907/details/00535.txt
terminalbench,main,devstral24b,di__b4k__otrc-ss-partial,hosted_vllm/mistralai/Devstral-Small-2-24B-Instruct-2512,online_trc_structured_summarize_partial,4000,0.5,blind-maze-explorer-algorithm,otrc-ss-partial,run_1,priority,summary_marker_error,7,,/home/ak58925/agentCtx/ICLR_results/terminalbench/main/devstral24b/di__b4k__otrc-ss-partial/blind-maze-explorer-algorithm/otrc-ss-partial/run_1/trajectory.json,/home/ak58925/agentCtx-summarization/results/query-error-audit-20260907/details/00536.txt
terminalbench,main,devstral24b,di__b4k__otrc-ss-partial,hosted_vllm/mistralai/Devstral-Small-2-24B-Instruct-2512,online_trc_structured_summarize_partial,4000,0.5,blind-maze-explorer-algorithm,otrc-ss-partial,run_2,priority,summary_marker_error,32,,/home/ak58925/agentCtx/ICLR_results/terminalbench/main/devstral24b/di__b4k__otrc-ss-partial/blind-maze-explorer-algorithm/otrc-ss-partial/run_2/trajectory.json,/home/ak58925/agentCtx-summarization/results/query-error-audit-20260907/details/00537.txt
terminalbench,main,devstral24b,di__b4k__otrc-ss-partial,hosted_vllm/mistralai/Devstral-Small-2-24B-Instruct-2512,online_trc_structured_summarize_partial,4000,0.5,blind-maze-explorer-algorithm,otrc-ss-partial,run_3,priority,summary_marker_error,27,,/home/ak58925/agentCtx/ICLR_results/terminalbench/main/devstral24b/di__b4k__otrc-ss-partial/blind-maze-explorer-algorithm/otrc-ss-partial/run_3/trajectory.json,/home/ak58925/agentCtx-summarization/results/query-error-audit-20260907/details/00538.txt
terminalbench,main,devstral24b,di__b4k__otrc-ss-partial,hosted_vllm/mistralai/Devstral-Small-2-24B-Instruct-2512,online_trc_structured_summarize_partial,4000,0.5,cartpole-rl-training,otrc-ss-partial,run_1,priority,summary_marker_error,12,,/home/ak58925/agentCtx/ICLR_results/terminalbench/main/devstral24b/di__b4k__otrc-ss-partial/cartpole-rl-training/otrc-ss-partial/run_1/trajectory.json,/home/ak58925/agentCtx-summarization/results/query-error-audit-20260907/details/00539.txt
terminalbench,main,devstral24b,di__b4k__otrc-ss-partial,hosted_vllm/mistralai/Devstral-Small-2-24B-Instruct-2512,online_trc_structured_summarize_partial,4000,0.5,cartpole-rl-training,otrc-ss-partial,run_3,priority,summary_marker_error,5,,/home/ak58925/agentCtx/ICLR_results/terminalbench/main/devstral24b/di__b4k__otrc-ss-partial/cartpole-rl-training/otrc-ss-partial/run_3/trajectory.json,/home/ak58925/agentCtx-summarization/results/query-error-audit-20260907/details/00540.txt
terminalbench,main,devstral24b,di__b4k__otrc-ss-partial,hosted_vllm/mistralai/Devstral-Small-2-24B-Instruct-2512,online_trc_structured_summarize_partial,4000,0.5,count-dataset-tokens,otrc-ss-partial,run_1,priority,summary_marker_error,4,,/home/ak58925/agentCtx/ICLR_results/terminalbench/main/devstral24b/di__b4k__otrc-ss-partial/count-dataset-tokens/otrc-ss-partial/run_1/trajectory.json,/home/ak58925/agentCtx-summarization/results/query-error-audit-20260907/details/00541.txt
terminalbench,main,devstral24b,di__b4k__otrc-ss-partial,hosted_vllm/mistralai/Devstral-Small-2-24B-Instruct-2512,online_trc_structured_summarize_partial,4000,0.5,count-dataset-tokens,otrc-ss-partial,run_2,priority,summary_marker_error,61,,/home/ak58925/agentCtx/ICLR_results/terminalbench/main/devstral24b/di__b4k__otrc-ss-partial/count-dataset-tokens/otrc-ss-partial/run_2/trajectory.json,/home/ak58925/agentCtx-summarization/results/query-error-audit-20260907/details/00542.txt
terminalbench,main,devstral24b,di__b4k__otrc-ss-partial,hosted_vllm/mistralai/Devstral-Small-2-24B-Instruct-2512,online_trc_structured_summarize_partial,4000,0.5,count-dataset-tokens,otrc-ss-partial,run_3,priority,summary_marker_error,28,,/home/ak58925/agentCtx/ICLR_results/terminalbench/main/devstral24b/di__b4k__otrc-ss-partial/count-dataset-tokens/otrc-ss-partial/run_3/trajectory.json,/home/ak58925/agentCtx-summarization/results/query-error-audit-20260907/details/00543.txt
terminalbench,main,devstral24b,di__b4k__otrc-ss-partial,hosted_vllm/mistralai/Devstral-Small-2-24B-Instruct-2512,online_trc_structured_summarize_partial,4000,0.5,crack-7z-hash.hard,otrc-ss-partial,run_1,priority,summary_marker_error,21,,/home/ak58925/agentCtx/ICLR_results/terminalbench/main/devstral24b/di__b4k__otrc-ss-partial/crack-7z-hash.hard/otrc-ss-partial/run_1/trajectory.json,/home/ak58925/agentCtx-summarization/results/query-error-audit-20260907/details/00544.txt
terminalbench,main,devstral24b,di__b4k__otrc-ss-partial,hosted_vllm/mistralai/Devstral-Small-2-24B-Instruct-2512,online_trc_structured_summarize_partial,4000,0.5,crack-7z-hash.hard,otrc-ss-partial,run_2,priority,summary_marker_error,30,,/home/ak58925/agentCtx/ICLR_results/terminalbench/main/devstral24b/di__b4k__otrc-ss-partial/crack-7z-hash.hard/otrc-ss-partial/run_2/trajectory.json,/home/ak58925/agentCtx-summarization/results/query-error-audit-20260907/details/00545.txt
terminalbench,main,devstral24b,di__b4k__otrc-ss-partial,hosted_vllm/mistralai/Devstral-Small-2-24B-Instruct-2512,online_trc_structured_summarize_partial,4000,0.5,crack-7z-hash.hard,otrc-ss-partial,run_3,priority,summary_marker_error,22,,/home/ak58925/agentCtx/ICLR_results/terminalbench/main/devstral24b/di__b4k__otrc-ss-partial/crack-7z-hash.hard/otrc-ss-partial/run_3/trajectory.json,/home/ak58925/agentCtx-summarization/results/query-error-audit-20260907/details/00546.txt
terminalbench,main,devstral24b,di__b4k__otrc-ss-partial,hosted_vllm/mistralai/Devstral-Small-2-24B-Instruct-2512,online_trc_structured_summarize_partial,4000,0.5,csv-to-parquet,otrc-ss-partial,run_1,priority,summary_marker_error,8,,/home/ak58925/agentCtx/ICLR_results/terminalbench/main/devstral24b/di__b4k__otrc-ss-partial/csv-to-parquet/otrc-ss-partial/run_1/trajectory.json,/home/ak58925/agentCtx-summarization/results/query-error-audit-20260907/details/00547.txt
terminalbench,main,devstral24b,di__b4k__otrc-ss-partial,hosted_vllm/mistralai/Devstral-Small-2-24B-Instruct-2512,online_trc_structured_summarize_partial,4000,0.5,csv-to-parquet,otrc-ss-partial,run_2,priority,summary_marker_error,15,,/home/ak58925/agentCtx/ICLR_results/terminalbench/main/devstral24b/di__b4k__otrc-ss-partial/csv-to-parquet/otrc-ss-partial/run_2/trajectory.json,/home/ak58925/agentCtx-summarization/results/query-error-audit-20260907/details/00548.txt
terminalbench,main,devstral24b,di__b4k__otrc-ss-partial,hosted_vllm/mistralai/Devstral-Small-2-24B-Instruct-2512,online_trc_structured_summarize_partial,4000,0.5,csv-to-parquet,otrc-ss-partial,run_3,priority,summary_marker_error,16,,/home/ak58925/agentCtx/ICLR_results/terminalbench/main/devstral24b/di__b4k__otrc-ss-partial/csv-to-parquet/otrc-ss-partial/run_3/trajectory.json,/home/ak58925/agentCtx-summarization/results/query-error-audit-20260907/details/00549.txt
terminalbench,main,devstral24b,di__b4k__otrc-ss-partial,hosted_vllm/mistralai/Devstral-Small-2-24B-Instruct-2512,online_trc_structured_summarize_partial,4000,0.5,download-youtube,otrc-ss-partial,run_1,priority,summary_marker_error,4,,/home/ak58925/agentCtx/ICLR_results/terminalbench/main/devstral24b/di__b4k__otrc-ss-partial/download-youtube/otrc-ss-partial/run_1/trajectory.json,/home/ak58925/agentCtx-summarization/results/query-error-audit-20260907/details/00550.txt
terminalbench,main,devstral24b,di__b4k__otrc-ss-partial,hosted_vllm/mistralai/Devstral-Small-2-24B-Instruct-2512,online_trc_structured_summarize_partial,4000,0.5,download-youtube,otrc-ss-partial,run_2,priority,summary_marker_error,5,,/home/ak58925/agentCtx/ICLR_results/terminalbench/main/devstral24b/di__b4k__otrc-ss-partial/download-youtube/otrc-ss-partial/run_2/trajectory.json,/home/ak58925/agentCtx-summarization/results/query-error-audit-20260907/details/00551.txt
terminalbench,main,devstral24b,di__b4k__otrc-ss-partial,hosted_vllm/mistralai/Devstral-Small-2-24B-Instruct-2512,online_trc_structured_summarize_partial,4000,0.5,download-youtube,otrc-ss-partial,run_3,priority,summary_marker_error,10,,/home/ak58925/agentCtx/ICLR_results/terminalbench/main/devstral24b/di__b4k__otrc-ss-partial/download-youtube/otrc-ss-partial/run_3/trajectory.json,/home/ak58925/agentCtx-summarization/results/query-error-audit-20260907/details/00552.txt
terminalbench,main,devstral24b,di__b4k__otrc-ss-partial,hosted_vllm/mistralai/Devstral-Small-2-24B-Instruct-2512,online_trc_structured_summarize_partial,4000,0.5,eval-mteb,otrc-ss-partial,run_1,priority,summary_marker_error,76,,/home/ak58925/agentCtx/ICLR_results/terminalbench/main/devstral24b/di__b4k__otrc-ss-partial/eval-mteb/otrc-ss-partial/run_1/trajectory.json,/home/ak58925/agentCtx-summarization/results/query-error-audit-20260907/details/00553.txt
terminalbench,main,devstral24b,di__b4k__otrc-ss-partial,hosted_vllm/mistralai/Devstral-Small-2-24B-Instruct-2512,online_trc_structured_summarize_partial,4000,0.5,eval-mteb,otrc-ss-partial,run_2,priority,summary_marker_error,91,,/home/ak58925/agentCtx/ICLR_results/terminalbench/main/devstral24b/di__b4k__otrc-ss-partial/eval-mteb/otrc-ss-partial/run_2/trajectory.json,/home/ak58925/agentCtx-summarization/results/query-error-audit-20260907/details/00554.txt
terminalbench,main,devstral24b,di__b4k__otrc-ss-partial,hosted_vllm/mistralai/Devstral-Small-2-24B-Instruct-2512,online_trc_structured_summarize_partial,4000,0.5,eval-mteb,otrc-ss-partial,run_3,priority,summary_marker_error,126,,/home/ak58925/agentCtx/ICLR_results/terminalbench/main/devstral24b/di__b4k__otrc-ss-partial/eval-mteb/otrc-ss-partial/run_3/trajectory.json,/home/ak58925/agentCtx-summarization/results/query-error-audit-20260907/details/00555.txt
terminalbench,main,devstral24b,di__b4k__otrc-ss-partial,hosted_vllm/mistralai/Devstral-Small-2-24B-Instruct-2512,online_trc_structured_summarize_partial,4000,0.5,eval-mteb.hard,otrc-ss-partial,run_1,priority,summary_marker_error,85,,/home/ak58925/agentCtx/ICLR_results/terminalbench/main/devstral24b/di__b4k__otrc-ss-partial/eval-mteb.hard/otrc-ss-partial/run_1/trajectory.json,/home/ak58925/agentCtx-summarization/results/query-error-audit-20260907/details/00556.txt
terminalbench,main,devstral24b,di__b4k__otrc-ss-partial,hosted_vllm/mistralai/Devstral-Small-2-24B-Instruct-2512,online_trc_structured_summarize_partial,4000,0.5,eval-mteb.hard,otrc-ss-partial,run_2,priority,summary_marker_error,186,,/home/ak58925/agentCtx/ICLR_results/terminalbench/main/devstral24b/di__b4k__otrc-ss-partial/eval-mteb.hard/otrc-ss-partial/run_2/trajectory.json,/home/ak58925/agentCtx-summarization/results/query-error-audit-20260907/details/00557.txt
terminalbench,main,devstral24b,di__b4k__otrc-ss-partial,hosted_vllm/mistralai/Devstral-Small-2-24B-Instruct-2512,online_trc_structured_summarize_partial,4000,0.5,eval-mteb.hard,otrc-ss-partial,run_3,priority,summary_marker_error,153,,/home/ak58925/agentCtx/ICLR_results/terminalbench/main/devstral24b/di__b4k__otrc-ss-partial/eval-mteb.hard/otrc-ss-partial/run_3/trajectory.json,/home/ak58925/agentCtx-summarization/results/query-error-audit-20260907/details/00558.txt
terminalbench,main,devstral24b,di__b4k__otrc-ss-partial,hosted_vllm/mistralai/Devstral-Small-2-24B-Instruct-2512,online_trc_structured_summarize_partial,4000,0.5,extract-moves-from-video,otrc-ss-partial,run_1,priority,summary_marker_error,12,,/home/ak58925/agentCtx/ICLR_results/terminalbench/main/devstral24b/di__b4k__otrc-ss-partial/extract-moves-from-video/otrc-ss-partial/run_1/trajectory.json,/home/ak58925/agentCtx-summarization/results/query-error-audit-20260907/details/00559.txt
terminalbench,main,devstral24b,di__b4k__otrc-ss-partial,hosted_vllm/mistralai/Devstral-Small-2-24B-Instruct-2512,online_trc_structured_summarize_partial,4000,0.5,extract-moves-from-video,otrc-ss-partial,run_2,priority,summary_marker_error,8,,/home/ak58925/agentCtx/ICLR_results/terminalbench/main/devstral24b/di__b4k__otrc-ss-partial/extract-moves-from-video/otrc-ss-partial/run_2/trajectory.json,/home/ak58925/agentCtx-summarization/results/query-error-audit-20260907/details/00560.txt
terminalbench,main,devstral24b,di__b4k__otrc-ss-partial,hosted_vllm/mistralai/Devstral-Small-2-24B-Instruct-2512,online_trc_structured_summarize_partial,4000,0.5,extract-moves-from-video,otrc-ss-partial,run_3,priority,summary_marker_error,3,,/home/ak58925/agentCtx/ICLR_results/terminalbench/main/devstral24b/di__b4k__otrc-ss-partial/extract-moves-from-video/otrc-ss-partial/run_3/trajectory.json,/home/ak58925/agentCtx-summarization/results/query-error-audit-20260907/details/00561.txt
terminalbench,main,devstral24b,di__b4k__otrc-ss-partial,hosted_vllm/mistralai/Devstral-Small-2-24B-Instruct-2512,online_trc_structured_summarize_partial,4000,0.5,fibonacci-server,otrc-ss-partial,run_3,priority,summary_marker_error,3,,/home/ak58925/agentCtx/ICLR_results/terminalbench/main/devstral24b/di__b4k__otrc-ss-partial/fibonacci-server/otrc-ss-partial/run_3/trajectory.json,/home/ak58925/agentCtx-summarization/results/query-error-audit-20260907/details/00562.txt
terminalbench,main,devstral24b,di__b4k__otrc-ss-partial,hosted_vllm/mistralai/Devstral-Small-2-24B-Instruct-2512,online_trc_structured_summarize_partial,4000,0.5,fix-git,otrc-ss-partial,run_1,priority,summary_marker_error,8,,/home/ak58925/agentCtx/ICLR_results/terminalbench/main/devstral24b/di__b4k__otrc-ss-partial/fix-git/otrc-ss-partial/run_1/trajectory.json,/home/ak58925/agentCtx-summarization/results/query-error-audit-20260907/details/00563.txt
terminalbench,main,devstral24b,di__b4k__otrc-ss-partial,hosted_vllm/mistralai/Devstral-Small-2-24B-Instruct-2512,online_trc_structured_summarize_partial,4000,0.5,git-workflow-hack,otrc-ss-partial,run_1,priority,summary_marker_error,3,,/home/ak58925/agentCtx/ICLR_results/terminalbench/main/devstral24b/di__b4k__otrc-ss-partial/git-workflow-hack/otrc-ss-partial/run_1/trajectory.json,/home/ak58925/agentCtx-summarization/results/query-error-audit-20260907/details/00564.txt
terminalbench,main,devstral24b,di__b4k__otrc-ss-partial,hosted_vllm/mistralai/Devstral-Small-2-24B-Instruct-2512,online_trc_structured_summarize_partial,4000,0.5,git-workflow-hack,otrc-ss-partial,run_2,priority,summary_marker_error,4,,/home/ak58925/agentCtx/ICLR_results/terminalbench/main/devstral24b/di__b4k__otrc-ss-partial/git-workflow-hack/otrc-ss-partial/run_2/trajectory.json,/home/ak58925/agentCtx-summarization/results/query-error-audit-20260907/details/00565.txt
terminalbench,main,devstral24b,di__b4k__otrc-ss-partial,hosted_vllm/mistralai/Devstral-Small-2-24B-Instruct-2512,online_trc_structured_summarize_partial,4000,0.5,git-workflow-hack,otrc-ss-partial,run_3,priority,summary_marker_error,3,,/home/ak58925/agentCtx/ICLR_results/terminalbench/main/devstral24b/di__b4k__otrc-ss-partial/git-workflow-hack/otrc-ss-partial/run_3/trajectory.json,/home/ak58925/agentCtx-summarization/results/query-error-audit-20260907/details/00566.txt
terminalbench,main,devstral24b,di__b4k__otrc-ss-partial,hosted_vllm/mistralai/Devstral-Small-2-24B-Instruct-2512,online_trc_structured_summarize_partial,4000,0.5,gpt2-codegolf,otrc-ss-partial,run_1,priority,summary_marker_error,21,,/home/ak58925/agentCtx/ICLR_results/terminalbench/main/devstral24b/di__b4k__otrc-ss-partial/gpt2-codegolf/otrc-ss-partial/run_1/trajectory.json,/home/ak58925/agentCtx-summarization/results/query-error-audit-20260907/details/00567.txt
terminalbench,main,devstral24b,di__b4k__otrc-ss-partial,hosted_vllm/mistralai/Devstral-Small-2-24B-Instruct-2512,online_trc_structured_summarize_partial,4000,0.5,gpt2-codegolf,otrc-ss-partial,run_2,priority,summary_marker_error,18,,/home/ak58925/agentCtx/ICLR_results/terminalbench/main/devstral24b/di__b4k__otrc-ss-partial/gpt2-codegolf/otrc-ss-partial/run_2/trajectory.json,/home/ak58925/agentCtx-summarization/results/query-error-audit-20260907/details/00568.txt
terminalbench,main,devstral24b,di__b4k__otrc-ss-partial,hosted_vllm/mistralai/Devstral-Small-2-24B-Instruct-2512,online_trc_structured_summarize_partial,4000,0.5,heterogeneous-dates,otrc-ss-partial,run_1,priority,summary_marker_error,2,,/home/ak58925/agentCtx/ICLR_results/terminalbench/main/devstral24b/di__b4k__otrc-ss-partial/heterogeneous-dates/otrc-ss-partial/run_1/trajectory.json,/home/ak58925/agentCtx-summarization/results/query-error-audit-20260907/details/00569.txt
terminalbench,main,devstral24b,di__b4k__otrc-ss-partial,hosted_vllm/mistralai/Devstral-Small-2-24B-Instruct-2512,online_trc_structured_summarize_partial,4000,0.5,hf-model-inference,otrc-ss-partial,run_1,priority,summary_marker_error,3,,/home/ak58925/agentCtx/ICLR_results/terminalbench/main/devstral24b/di__b4k__otrc-ss-partial/hf-model-inference/otrc-ss-partial/run_1/trajectory.json,/home/ak58925/agentCtx-summarization/results/query-error-audit-20260907/details/00570.txt
terminalbench,main,devstral24b,di__b4k__otrc-ss-partial,hosted_vllm/mistralai/Devstral-Small-2-24B-Instruct-2512,online_trc_structured_summarize_partial,4000,0.5,incompatible-python-fasttext,otrc-ss-partial,run_2,priority,summary_marker_error,2,,/home/ak58925/agentCtx/ICLR_results/terminalbench/main/devstral24b/di__b4k__otrc-ss-partial/incompatible-python-fasttext/otrc-ss-partial/run_2/trajectory.json,/home/ak58925/agentCtx-summarization/results/query-error-audit-20260907/details/00572.txt
terminalbench,main,devstral24b,di__b4k__otrc-ss-partial,hosted_vllm/mistralai/Devstral-Small-2-24B-Instruct-2512,online_trc_structured_summarize_partial,4000,0.5,intrusion-detection,otrc-ss-partial,run_1,priority,summary_marker_error,12,,/home/ak58925/agentCtx/ICLR_results/terminalbench/main/devstral24b/di__b4k__otrc-ss-partial/intrusion-detection/otrc-ss-partial/run_1/trajectory.json,/home/ak58925/agentCtx-summarization/results/query-error-audit-20260907/details/00573.txt
terminalbench,main,devstral24b,di__b4k__otrc-ss-partial,hosted_vllm/mistralai/Devstral-Small-2-24B-Instruct-2512,online_trc_structured_summarize_partial,4000,0.5,intrusion-detection,otrc-ss-partial,run_2,priority,summary_marker_error,48,,/home/ak58925/agentCtx/ICLR_results/terminalbench/main/devstral24b/di__b4k__otrc-ss-partial/intrusion-detection/otrc-ss-partial/run_2/trajectory.json,/home/ak58925/agentCtx-summarization/results/query-error-audit-20260907/details/00574.txt
terminalbench,main,devstral24b,di__b4k__otrc-ss-partial,hosted_vllm/mistralai/Devstral-Small-2-24B-Instruct-2512,online_trc_structured_summarize_partial,4000,0.5,password-recovery,otrc-ss-partial,run_1,priority,summary_marker_error,7,,/home/ak58925/agentCtx/ICLR_results/terminalbench/main/devstral24b/di__b4k__otrc-ss-partial/password-recovery/otrc-ss-partial/run_1/trajectory.json,/home/ak58925/agentCtx-summarization/results/query-error-audit-20260907/details/00575.txt
terminalbench,main,devstral24b,di__b4k__otrc-ss-partial,hosted_vllm/mistralai/Devstral-Small-2-24B-Instruct-2512,online_trc_structured_summarize_partial,4000,0.5,password-recovery,otrc-ss-partial,run_2,priority,summary_marker_error,11,,/home/ak58925/agentCtx/ICLR_results/terminalbench/main/devstral24b/di__b4k__otrc-ss-partial/password-recovery/otrc-ss-partial/run_2/trajectory.json,/home/ak58925/agentCtx-summarization/results/query-error-audit-20260907/details/00576.txt
terminalbench,main,devstral24b,di__b4k__otrc-ss-partial,hosted_vllm/mistralai/Devstral-Small-2-24B-Instruct-2512,online_trc_structured_summarize_partial,4000,0.5,password-recovery,otrc-ss-partial,run_3,priority,summary_marker_error,11,,/home/ak58925/agentCtx/ICLR_results/terminalbench/main/devstral24b/di__b4k__otrc-ss-partial/password-recovery/otrc-ss-partial/run_3/trajectory.json,/home/ak58925/agentCtx-summarization/results/query-error-audit-20260907/details/00577.txt
terminalbench,main,devstral24b,di__b4k__otrc-ss-partial,hosted_vllm/mistralai/Devstral-Small-2-24B-Instruct-2512,online_trc_structured_summarize_partial,4000,0.5,path-tracing-reverse,otrc-ss-partial,run_1,priority,summary_marker_error,24,,/home/ak58925/agentCtx/ICLR_results/terminalbench/main/devstral24b/di__b4k__otrc-ss-partial/path-tracing-reverse/otrc-ss-partial/run_1/trajectory.json,/home/ak58925/agentCtx-summarization/results/query-error-audit-20260907/details/00578.txt
terminalbench,main,devstral24b,di__b4k__otrc-ss-partial,hosted_vllm/mistralai/Devstral-Small-2-24B-Instruct-2512,online_trc_structured_summarize_partial,4000,0.5,path-tracing-reverse,otrc-ss-partial,run_2,priority,summary_marker_error,21,,/home/ak58925/agentCtx/ICLR_results/terminalbench/main/devstral24b/di__b4k__otrc-ss-partial/path-tracing-reverse/otrc-ss-partial/run_2/trajectory.json,/home/ak58925/agentCtx-summarization/results/query-error-audit-20260907/details/00579.txt
terminalbench,main,devstral24b,di__b4k__otrc-ss-partial,hosted_vllm/mistralai/Devstral-Small-2-24B-Instruct-2512,online_trc_structured_summarize_partial,4000,0.5,path-tracing-reverse,otrc-ss-partial,run_3,priority,summary_marker_error,24,,/home/ak58925/agentCtx/ICLR_results/terminalbench/main/devstral24b/di__b4k__otrc-ss-partial/path-tracing-reverse/otrc-ss-partial/run_3/trajectory.json,/home/ak58925/agentCtx-summarization/results/query-error-audit-20260907/details/00580.txt
terminalbench,main,devstral24b,di__b4k__otrc-ss-partial,hosted_vllm/mistralai/Devstral-Small-2-24B-Instruct-2512,online_trc_structured_summarize_partial,4000,0.5,pytorch-model-cli.hard,otrc-ss-partial,run_2,priority,summary_marker_error,2,,/home/ak58925/agentCtx/ICLR_results/terminalbench/main/devstral24b/di__b4k__otrc-ss-partial/pytorch-model-cli.hard/otrc-ss-partial/run_2/trajectory.json,/home/ak58925/agentCtx-summarization/results/query-error-audit-20260907/details/00582.txt
terminalbench,main,devstral24b,di__b4k__otrc-ss-partial,hosted_vllm/mistralai/Devstral-Small-2-24B-Instruct-2512,online_trc_structured_summarize_partial,4000,0.5,pytorch-model-cli.hard,otrc-ss-partial,run_3,priority,summary_marker_error,21,,/home/ak58925/agentCtx/ICLR_results/terminalbench/main/devstral24b/di__b4k__otrc-ss-partial/pytorch-model-cli.hard/otrc-ss-partial/run_3/trajectory.json,/home/ak58925/agentCtx-summarization/results/query-error-audit-20260907/details/00583.txt
terminalbench,main,devstral24b,di__b4k__otrc-ss-partial,hosted_vllm/mistralai/Devstral-Small-2-24B-Instruct-2512,online_trc_structured_summarize_partial,4000,0.5,qemu-alpine-ssh,otrc-ss-partial,run_1,priority,summary_marker_error,28,,/home/ak58925/agentCtx/ICLR_results/terminalbench/main/devstral24b/di__b4k__otrc-ss-partial/qemu-alpine-ssh/otrc-ss-partial/run_1/trajectory.json,/home/ak58925/agentCtx-summarization/results/query-error-audit-20260907/details/00584.txt
terminalbench,main,devstral24b,di__b4k__otrc-ss-partial,hosted_vllm/mistralai/Devstral-Small-2-24B-Instruct-2512,online_trc_structured_summarize_partial,4000,0.5,qemu-alpine-ssh,otrc-ss-partial,run_2,priority,summary_marker_error,21,,/home/ak58925/agentCtx/ICLR_results/terminalbench/main/devstral24b/di__b4k__otrc-ss-partial/qemu-alpine-ssh/otrc-ss-partial/run_2/trajectory.json,/home/ak58925/agentCtx-summarization/results/query-error-audit-20260907/details/00585.txt
terminalbench,main,devstral24b,di__b4k__otrc-ss-partial,hosted_vllm/mistralai/Devstral-Small-2-24B-Instruct-2512,online_trc_structured_summarize_partial,4000,0.5,qemu-alpine-ssh,otrc-ss-partial,run_3,priority,summary_marker_error,19,,/home/ak58925/agentCtx/ICLR_results/terminalbench/main/devstral24b/di__b4k__otrc-ss-partial/qemu-alpine-ssh/otrc-ss-partial/run_3/trajectory.json,/home/ak58925/agentCtx-summarization/results/query-error-audit-20260907/details/00586.txt
terminalbench,main,devstral24b,di__b4k__otrc-ss-partial,hosted_vllm/mistralai/Devstral-Small-2-24B-Instruct-2512,online_trc_structured_summarize_partial,4000,0.5,qemu-startup,otrc-ss-partial,run_2,priority,summary_marker_error,33,,/home/ak58925/agentCtx/ICLR_results/terminalbench/main/devstral24b/di__b4k__otrc-ss-partial/qemu-startup/otrc-ss-partial/run_2/trajectory.json,/home/ak58925/agentCtx-summarization/results/query-error-audit-20260907/details/00588.txt
terminalbench,main,devstral24b,di__b4k__otrc-ss-partial,hosted_vllm/mistralai/Devstral-Small-2-24B-Instruct-2512,online_trc_structured_summarize_partial,4000,0.5,qemu-startup,otrc-ss-partial,run_3,priority,summary_marker_error,1,,/home/ak58925/agentCtx/ICLR_results/terminalbench/main/devstral24b/di__b4k__otrc-ss-partial/qemu-startup/otrc-ss-partial/run_3/trajectory.json,/home/ak58925/agentCtx-summarization/results/query-error-audit-20260907/details/00589.txt
terminalbench,main,devstral24b,di__b4k__otrc-ss-partial,hosted_vllm/mistralai/Devstral-Small-2-24B-Instruct-2512,online_trc_structured_summarize_partial,4000,0.5,raman-fitting.easy,otrc-ss-partial,run_1,priority,summary_marker_error,4,,/home/ak58925/agentCtx/ICLR_results/terminalbench/main/devstral24b/di__b4k__otrc-ss-partial/raman-fitting.easy/otrc-ss-partial/run_1/trajectory.json,/home/ak58925/agentCtx-summarization/results/query-error-audit-20260907/details/00590.txt
terminalbench,main,devstral24b,di__b4k__otrc-ss-partial,hosted_vllm/mistralai/Devstral-Small-2-24B-Instruct-2512,online_trc_structured_summarize_partial,4000,0.5,raman-fitting.easy,otrc-ss-partial,run_2,priority,summary_marker_error,26,,/home/ak58925/agentCtx/ICLR_results/terminalbench/main/devstral24b/di__b4k__otrc-ss-partial/raman-fitting.easy/otrc-ss-partial/run_2/trajectory.json,/home/ak58925/agentCtx-summarization/results/query-error-audit-20260907/details/00591.txt
terminalbench,main,devstral24b,di__b4k__otrc-ss-partial,hosted_vllm/mistralai/Devstral-Small-2-24B-Instruct-2512,online_trc_structured_summarize_partial,4000,0.5,raman-fitting.easy,otrc-ss-partial,run_3,priority,summary_marker_error,4,,/home/ak58925/agentCtx/ICLR_results/terminalbench/main/devstral24b/di__b4k__otrc-ss-partial/raman-fitting.easy/otrc-ss-partial/run_3/trajectory.json,/home/ak58925/agentCtx-summarization/results/query-error-audit-20260907/details/00592.txt
terminalbench,main,devstral24b,di__b4k__otrc-ss-partial,hosted_vllm/mistralai/Devstral-Small-2-24B-Instruct-2512,online_trc_structured_summarize_partial,4000,0.5,sanitize-git-repo,otrc-ss-partial,run_1,priority,summary_marker_error,29,,/home/ak58925/agentCtx/ICLR_results/terminalbench/main/devstral24b/di__b4k__otrc-ss-partial/sanitize-git-repo/otrc-ss-partial/run_1/trajectory.json,/home/ak58925/agentCtx-summarization/results/query-error-audit-20260907/details/00593.txt
terminalbench,main,devstral24b,di__b4k__otrc-ss-partial,hosted_vllm/mistralai/Devstral-Small-2-24B-Instruct-2512,online_trc_structured_summarize_partial,4000,0.5,sanitize-git-repo,otrc-ss-partial,run_2,priority,summary_marker_error,15,,/home/ak58925/agentCtx/ICLR_results/terminalbench/main/devstral24b/di__b4k__otrc-ss-partial/sanitize-git-repo/otrc-ss-partial/run_2/trajectory.json,/home/ak58925/agentCtx-summarization/results/query-error-audit-20260907/details/00594.txt
terminalbench,main,devstral24b,di__b4k__otrc-ss-partial,hosted_vllm/mistralai/Devstral-Small-2-24B-Instruct-2512,online_trc_structured_summarize_partial,4000,0.5,sanitize-git-repo,otrc-ss-partial,run_3,priority,summary_marker_error,21,,/home/ak58925/agentCtx/ICLR_results/terminalbench/main/devstral24b/di__b4k__otrc-ss-partial/sanitize-git-repo/otrc-ss-partial/run_3/trajectory.json,/home/ak58925/agentCtx-summarization/results/query-error-audit-20260907/details/00595.txt
terminalbench,main,devstral24b,di__b4k__otrc-ss-partial,hosted_vllm/mistralai/Devstral-Small-2-24B-Instruct-2512,online_trc_structured_summarize_partial,4000,0.5,sanitize-git-repo.hard,otrc-ss-partial,run_1,priority,summary_marker_error,3,,/home/ak58925/agentCtx/ICLR_results/terminalbench/main/devstral24b/di__b4k__otrc-ss-partial/sanitize-git-repo.hard/otrc-ss-partial/run_1/trajectory.json,/home/ak58925/agentCtx-summarization/results/query-error-audit-20260907/details/00596.txt
terminalbench,main,devstral24b,di__b4k__otrc-ss-partial,hosted_vllm/mistralai/Devstral-Small-2-24B-Instruct-2512,online_trc_structured_summarize_partial,4000,0.5,sanitize-git-repo.hard,otrc-ss-partial,run_3,priority,summary_marker_error,52,,/home/ak58925/agentCtx/ICLR_results/terminalbench/main/devstral24b/di__b4k__otrc-ss-partial/sanitize-git-repo.hard/otrc-ss-partial/run_3/trajectory.json,/home/ak58925/agentCtx-summarization/results/query-error-audit-20260907/details/00597.txt
terminalbench,main,devstral24b,di__b4k__otrc-ss-partial,hosted_vllm/mistralai/Devstral-Small-2-24B-Instruct-2512,online_trc_structured_summarize_partial,4000,0.5,solana-data,otrc-ss-partial,run_1,priority,summary_marker_error,40,,/home/ak58925/agentCtx/ICLR_results/terminalbench/main/devstral24b/di__b4k__otrc-ss-partial/solana-data/otrc-ss-partial/run_1/trajectory.json,/home/ak58925/agentCtx-summarization/results/query-error-audit-20260907/details/00598.txt
terminalbench,main,devstral24b,di__b4k__otrc-ss-partial,hosted_vllm/mistralai/Devstral-Small-2-24B-Instruct-2512,online_trc_structured_summarize_partial,4000,0.5,solana-data,otrc-ss-partial,run_2,priority,summary_marker_error,1,,/home/ak58925/agentCtx/ICLR_results/terminalbench/main/devstral24b/di__b4k__otrc-ss-partial/solana-data/otrc-ss-partial/run_2/trajectory.json,/home/ak58925/agentCtx-summarization/results/query-error-audit-20260907/details/00599.txt
terminalbench,main,devstral24b,di__b4k__otrc-ss-partial,hosted_vllm/mistralai/Devstral-Small-2-24B-Instruct-2512,online_trc_structured_summarize_partial,4000,0.5,sqlite-with-gcov,otrc-ss-partial,run_1,priority,summary_marker_error,21,,/home/ak58925/agentCtx/ICLR_results/terminalbench/main/devstral24b/di__b4k__otrc-ss-partial/sqlite-with-gcov/otrc-ss-partial/run_1/trajectory.json,/home/ak58925/agentCtx-summarization/results/query-error-audit-20260907/details/00600.txt
terminalbench,main,devstral24b,di__b4k__otrc-ss-partial,hosted_vllm/mistralai/Devstral-Small-2-24B-Instruct-2512,online_trc_structured_summarize_partial,4000,0.5,sqlite-with-gcov,otrc-ss-partial,run_2,priority,summary_marker_error,28,,/home/ak58925/agentCtx/ICLR_results/terminalbench/main/devstral24b/di__b4k__otrc-ss-partial/sqlite-with-gcov/otrc-ss-partial/run_2/trajectory.json,/home/ak58925/agentCtx-summarization/results/query-error-audit-20260907/details/00601.txt
terminalbench,main,devstral24b,di__b4k__otrc-ss-partial,hosted_vllm/mistralai/Devstral-Small-2-24B-Instruct-2512,online_trc_structured_summarize_partial,4000,0.5,sqlite-with-gcov,otrc-ss-partial,run_3,priority,summary_marker_error,20,,/home/ak58925/agentCtx/ICLR_results/terminalbench/main/devstral24b/di__b4k__otrc-ss-partial/sqlite-with-gcov/otrc-ss-partial/run_3/trajectory.json,/home/ak58925/agentCtx-summarization/results/query-error-audit-20260907/details/00602.txt
terminalbench,main,devstral24b,di__b4k__otrc-ss-partial,hosted_vllm/mistralai/Devstral-Small-2-24B-Instruct-2512,online_trc_structured_summarize_partial,4000,0.5,super-benchmark-upet,otrc-ss-partial,run_1,priority,summary_marker_error,194,,/home/ak58925/agentCtx/ICLR_results/terminalbench/main/devstral24b/di__b4k__otrc-ss-partial/super-benchmark-upet/otrc-ss-partial/run_1/trajectory.json,/home/ak58925/agentCtx-summarization/results/query-error-audit-20260907/details/00603.txt
terminalbench,main,devstral24b,di__b4k__otrc-ss-partial,hosted_vllm/mistralai/Devstral-Small-2-24B-Instruct-2512,online_trc_structured_summarize_partial,4000,0.5,super-benchmark-upet,otrc-ss-partial,run_2,priority,summary_marker_error,134,,/home/ak58925/agentCtx/ICLR_results/terminalbench/main/devstral24b/di__b4k__otrc-ss-partial/super-benchmark-upet/otrc-ss-partial/run_2/trajectory.json,/home/ak58925/agentCtx-summarization/results/query-error-audit-20260907/details/00604.txt
terminalbench,main,devstral24b,di__b4k__otrc-ss-partial,hosted_vllm/mistralai/Devstral-Small-2-24B-Instruct-2512,online_trc_structured_summarize_partial,4000,0.5,super-benchmark-upet,otrc-ss-partial,run_3,priority,summary_marker_error,187,,/home/ak58925/agentCtx/ICLR_results/terminalbench/main/devstral24b/di__b4k__otrc-ss-partial/super-benchmark-upet/otrc-ss-partial/run_3/trajectory.json,/home/ak58925/agentCtx-summarization/results/query-error-audit-20260907/details/00605.txt
terminalbench,main,devstral24b,di__b4k__otrc-ss-partial,hosted_vllm/mistralai/Devstral-Small-2-24B-Instruct-2512,online_trc_structured_summarize_partial,4000,0.5,swe-bench-astropy-2,otrc-ss-partial,run_1,priority,summary_marker_error,89,,/home/ak58925/agentCtx/ICLR_results/terminalbench/main/devstral24b/di__b4k__otrc-ss-partial/swe-bench-astropy-2/otrc-ss-partial/run_1/trajectory.json,/home/ak58925/agentCtx-summarization/results/query-error-audit-20260907/details/00606.txt
terminalbench,main,devstral24b,di__b4k__otrc-ss-partial,hosted_vllm/mistralai/Devstral-Small-2-24B-Instruct-2512,online_trc_structured_summarize_partial,4000,0.5,swe-bench-astropy-2,otrc-ss-partial,run_2,priority,summary_marker_error,38,,/home/ak58925/agentCtx/ICLR_results/terminalbench/main/devstral24b/di__b4k__otrc-ss-partial/swe-bench-astropy-2/otrc-ss-partial/run_2/trajectory.json,/home/ak58925/agentCtx-summarization/results/query-error-audit-20260907/details/00607.txt
terminalbench,main,devstral24b,di__b4k__otrc-ss-partial,hosted_vllm/mistralai/Devstral-Small-2-24B-Instruct-2512,online_trc_structured_summarize_partial,4000,0.5,swe-bench-astropy-2,otrc-ss-partial,run_3,priority,summary_marker_error,51,,/home/ak58925/agentCtx/ICLR_results/terminalbench/main/devstral24b/di__b4k__otrc-ss-partial/swe-bench-astropy-2/otrc-ss-partial/run_3/trajectory.json,/home/ak58925/agentCtx-summarization/results/query-error-audit-20260907/details/00608.txt
terminalbench,main,devstral24b,di__b4k__otrc-ss-partial,hosted_vllm/mistralai/Devstral-Small-2-24B-Instruct-2512,online_trc_structured_summarize_partial,4000,0.5,swe-bench-fsspec,otrc-ss-partial,run_1,priority,summary_marker_error,107,,/home/ak58925/agentCtx/ICLR_results/terminalbench/main/devstral24b/di__b4k__otrc-ss-partial/swe-bench-fsspec/otrc-ss-partial/run_1/trajectory.json,/home/ak58925/agentCtx-summarization/results/query-error-audit-20260907/details/00609.txt
terminalbench,main,devstral24b,di__b4k__otrc-ss-partial,hosted_vllm/mistralai/Devstral-Small-2-24B-Instruct-2512,online_trc_structured_summarize_partial,4000,0.5,swe-bench-fsspec,otrc-ss-partial,run_2,priority,summary_marker_error,97,,/home/ak58925/agentCtx/ICLR_results/terminalbench/main/devstral24b/di__b4k__otrc-ss-partial/swe-bench-fsspec/otrc-ss-partial/run_2/trajectory.json,/home/ak58925/agentCtx-summarization/results/query-error-audit-20260907/details/00610.txt
terminalbench,main,devstral24b,di__b4k__otrc-ss-partial,hosted_vllm/mistralai/Devstral-Small-2-24B-Instruct-2512,online_trc_structured_summarize_partial,4000,0.5,swe-bench-fsspec,otrc-ss-partial,run_3,priority,summary_marker_error,96,,/home/ak58925/agentCtx/ICLR_results/terminalbench/main/devstral24b/di__b4k__otrc-ss-partial/swe-bench-fsspec/otrc-ss-partial/run_3/trajectory.json,/home/ak58925/agentCtx-summarization/results/query-error-audit-20260907/details/00611.txt
terminalbench,main,devstral24b,di__b4k__otrc-ss-partial,hosted_vllm/mistralai/Devstral-Small-2-24B-Instruct-2512,online_trc_structured_summarize_partial,4000,0.5,tmux-advanced-workflow,otrc-ss-partial,run_1,priority,summary_marker_error,31,,/home/ak58925/agentCtx/ICLR_results/terminalbench/main/devstral24b/di__b4k__otrc-ss-partial/tmux-advanced-workflow/otrc-ss-partial/run_1/trajectory.json,/home/ak58925/agentCtx-summarization/results/query-error-audit-20260907/details/00612.txt
terminalbench,main,devstral24b,di__b4k__otrc-ss-partial,hosted_vllm/mistralai/Devstral-Small-2-24B-Instruct-2512,online_trc_structured_summarize_partial,4000,0.5,tmux-advanced-workflow,otrc-ss-partial,run_2,priority,summary_marker_error,10,,/home/ak58925/agentCtx/ICLR_results/terminalbench/main/devstral24b/di__b4k__otrc-ss-partial/tmux-advanced-workflow/otrc-ss-partial/run_2/trajectory.json,/home/ak58925/agentCtx-summarization/results/query-error-audit-20260907/details/00613.txt
terminalbench,main,devstral24b,di__b4k__otrc-ss-partial,hosted_vllm/mistralai/Devstral-Small-2-24B-Instruct-2512,online_trc_structured_summarize_partial,4000,0.5,write-compressor,otrc-ss-partial,run_1,priority,summary_marker_error,11,,/home/ak58925/agentCtx/ICLR_results/terminalbench/main/devstral24b/di__b4k__otrc-ss-partial/write-compressor/otrc-ss-partial/run_1/trajectory.json,/home/ak58925/agentCtx-summarization/results/query-error-audit-20260907/details/00614.txt
terminalbench,main,devstral24b,di__b4k__otrc-ss-partial,hosted_vllm/mistralai/Devstral-Small-2-24B-Instruct-2512,online_trc_structured_summarize_partial,4000,0.5,write-compressor,otrc-ss-partial,run_2,priority,summary_marker_error,22,,/home/ak58925/agentCtx/ICLR_results/terminalbench/main/devstral24b/di__b4k__otrc-ss-partial/write-compressor/otrc-ss-partial/run_2/trajectory.json,/home/ak58925/agentCtx-summarization/results/query-error-audit-20260907/details/00615.txt
terminalbench,main,devstral24b,di__b4k__otrc-ss-partial,hosted_vllm/mistralai/Devstral-Small-2-24B-Instruct-2512,online_trc_structured_summarize_partial,4000,0.5,write-compressor,otrc-ss-partial,run_3,priority,summary_marker_error,24,,/home/ak58925/agentCtx/ICLR_results/terminalbench/main/devstral24b/di__b4k__otrc-ss-partial/write-compressor/otrc-ss-partial/run_3/trajectory.json,/home/ak58925/agentCtx-summarization/results/query-error-audit-20260907/details/00616.txt
terminalbench,main,devstral24b,di__b4k__otrc-su-partial,hosted_vllm/mistralai/Devstral-Small-2-24B-Instruct-2512,online_trc_summarize_partial,4000,0.5,blind-maze-explorer-5x5,otrc-su-partial,run_1,priority,summary_failure_accounting,0,2,/home/ak58925/agentCtx/ICLR_results/terminalbench/main/devstral24b/di__b4k__otrc-su-partial/blind-maze-explorer-5x5/otrc-su-partial/run_1/trajectory.json,/home/ak58925/agentCtx-summarization/results/query-error-audit-20260907/details/00617.txt
terminalbench,main,devstral24b,di__b4k__otrc-su-partial,hosted_vllm/mistralai/Devstral-Small-2-24B-Instruct-2512,online_trc_summarize_partial,4000,0.5,blind-maze-explorer-5x5,otrc-su-partial,run_2,priority,summary_failure_accounting,0,88,/home/ak58925/agentCtx/ICLR_results/terminalbench/main/devstral24b/di__b4k__otrc-su-partial/blind-maze-explorer-5x5/otrc-su-partial/run_2/trajectory.json,/home/ak58925/agentCtx-summarization/results/query-error-audit-20260907/details/00618.txt
terminalbench,main,devstral24b,di__b4k__otrc-su-partial,hosted_vllm/mistralai/Devstral-Small-2-24B-Instruct-2512,online_trc_summarize_partial,4000,0.5,blind-maze-explorer-5x5,otrc-su-partial,run_3,priority,summary_failure_accounting,0,2,/home/ak58925/agentCtx/ICLR_results/terminalbench/main/devstral24b/di__b4k__otrc-su-partial/blind-maze-explorer-5x5/otrc-su-partial/run_3/trajectory.json,/home/ak58925/agentCtx-summarization/results/query-error-audit-20260907/details/00619.txt
terminalbench,main,devstral24b,di__b4k__otrc-su-partial,hosted_vllm/mistralai/Devstral-Small-2-24B-Instruct-2512,online_trc_summarize_partial,4000,0.5,blind-maze-explorer-algorithm,otrc-su-partial,run_1,priority,summary_failure_accounting,0,29,/home/ak58925/agentCtx/ICLR_results/terminalbench/main/devstral24b/di__b4k__otrc-su-partial/blind-maze-explorer-algorithm/otrc-su-partial/run_1/trajectory.json,/home/ak58925/agentCtx-summarization/results/query-error-audit-20260907/details/00620.txt
terminalbench,main,devstral24b,di__b4k__otrc-su-partial,hosted_vllm/mistralai/Devstral-Small-2-24B-Instruct-2512,online_trc_summarize_partial,4000,0.5,blind-maze-explorer-algorithm,otrc-su-partial,run_2,priority,summary_failure_accounting,0,4,/home/ak58925/agentCtx/ICLR_results/terminalbench/main/devstral24b/di__b4k__otrc-su-partial/blind-maze-explorer-algorithm/otrc-su-partial/run_2/trajectory.json,/home/ak58925/agentCtx-summarization/results/query-error-audit-20260907/details/00621.txt
terminalbench,main,devstral24b,di__b4k__otrc-su-partial,hosted_vllm/mistralai/Devstral-Small-2-24B-Instruct-2512,online_trc_summarize_partial,4000,0.5,blind-maze-explorer-algorithm,otrc-su-partial,run_3,priority,summary_failure_accounting,0,2,/home/ak58925/agentCtx/ICLR_results/terminalbench/main/devstral24b/di__b4k__otrc-su-partial/blind-maze-explorer-algorithm/otrc-su-partial/run_3/trajectory.json,/home/ak58925/agentCtx-summarization/results/query-error-audit-20260907/details/00622.txt
terminalbench,main,devstral24b,di__b4k__otrc-su-partial,hosted_vllm/mistralai/Devstral-Small-2-24B-Instruct-2512,online_trc_summarize_partial,4000,0.5,cartpole-rl-training,otrc-su-partial,run_2,priority,summary_failure_accounting,0,4,/home/ak58925/agentCtx/ICLR_results/terminalbench/main/devstral24b/di__b4k__otrc-su-partial/cartpole-rl-training/otrc-su-partial/run_2/trajectory.json,/home/ak58925/agentCtx-summarization/results/query-error-audit-20260907/details/00624.txt
terminalbench,main,devstral24b,di__b4k__otrc-su-partial,hosted_vllm/mistralai/Devstral-Small-2-24B-Instruct-2512,online_trc_summarize_partial,4000,0.5,cartpole-rl-training,otrc-su-partial,run_3,priority,summary_failure_accounting,0,19,/home/ak58925/agentCtx/ICLR_results/terminalbench/main/devstral24b/di__b4k__otrc-su-partial/cartpole-rl-training/otrc-su-partial/run_3/trajectory.json,/home/ak58925/agentCtx-summarization/results/query-error-audit-20260907/details/00625.txt
terminalbench,main,devstral24b,di__b4k__otrc-su-partial,hosted_vllm/mistralai/Devstral-Small-2-24B-Instruct-2512,online_trc_summarize_partial,4000,0.5,count-dataset-tokens,otrc-su-partial,run_1,priority,summary_failure_accounting,0,7,/home/ak58925/agentCtx/ICLR_results/terminalbench/main/devstral24b/di__b4k__otrc-su-partial/count-dataset-tokens/otrc-su-partial/run_1/trajectory.json,/home/ak58925/agentCtx-summarization/results/query-error-audit-20260907/details/00626.txt
terminalbench,main,devstral24b,di__b4k__otrc-su-partial,hosted_vllm/mistralai/Devstral-Small-2-24B-Instruct-2512,online_trc_summarize_partial,4000,0.5,count-dataset-tokens,otrc-su-partial,run_2,priority,summary_failure_accounting,0,1,/home/ak58925/agentCtx/ICLR_results/terminalbench/main/devstral24b/di__b4k__otrc-su-partial/count-dataset-tokens/otrc-su-partial/run_2/trajectory.json,/home/ak58925/agentCtx-summarization/results/query-error-audit-20260907/details/00627.txt
terminalbench,main,devstral24b,di__b4k__otrc-su-partial,hosted_vllm/mistralai/Devstral-Small-2-24B-Instruct-2512,online_trc_summarize_partial,4000,0.5,count-dataset-tokens,otrc-su-partial,run_3,priority,summary_failure_accounting,0,5,/home/ak58925/agentCtx/ICLR_results/terminalbench/main/devstral24b/di__b4k__otrc-su-partial/count-dataset-tokens/otrc-su-partial/run_3/trajectory.json,/home/ak58925/agentCtx-summarization/results/query-error-audit-20260907/details/00628.txt
terminalbench,main,devstral24b,di__b4k__otrc-su-partial,hosted_vllm/mistralai/Devstral-Small-2-24B-Instruct-2512,online_trc_summarize_partial,4000,0.5,crack-7z-hash.hard,otrc-su-partial,run_1,priority,summary_failure_accounting,0,8,/home/ak58925/agentCtx/ICLR_results/terminalbench/main/devstral24b/di__b4k__otrc-su-partial/crack-7z-hash.hard/otrc-su-partial/run_1/trajectory.json,/home/ak58925/agentCtx-summarization/results/query-error-audit-20260907/details/00629.txt
terminalbench,main,devstral24b,di__b4k__otrc-su-partial,hosted_vllm/mistralai/Devstral-Small-2-24B-Instruct-2512,online_trc_summarize_partial,4000,0.5,crack-7z-hash.hard,otrc-su-partial,run_2,priority,summary_failure_accounting,0,23,/home/ak58925/agentCtx/ICLR_results/terminalbench/main/devstral24b/di__b4k__otrc-su-partial/crack-7z-hash.hard/otrc-su-partial/run_2/trajectory.json,/home/ak58925/agentCtx-summarization/results/query-error-audit-20260907/details/00630.txt
terminalbench,main,devstral24b,di__b4k__otrc-su-partial,hosted_vllm/mistralai/Devstral-Small-2-24B-Instruct-2512,online_trc_summarize_partial,4000,0.5,csv-to-parquet,otrc-su-partial,run_1,priority,summary_failure_accounting,0,16,/home/ak58925/agentCtx/ICLR_results/terminalbench/main/devstral24b/di__b4k__otrc-su-partial/csv-to-parquet/otrc-su-partial/run_1/trajectory.json,/home/ak58925/agentCtx-summarization/results/query-error-audit-20260907/details/00631.txt
terminalbench,main,devstral24b,di__b4k__otrc-su-partial,hosted_vllm/mistralai/Devstral-Small-2-24B-Instruct-2512,online_trc_summarize_partial,4000,0.5,csv-to-parquet,otrc-su-partial,run_2,priority,summary_failure_accounting,0,8,/home/ak58925/agentCtx/ICLR_results/terminalbench/main/devstral24b/di__b4k__otrc-su-partial/csv-to-parquet/otrc-su-partial/run_2/trajectory.json,/home/ak58925/agentCtx-summarization/results/query-error-audit-20260907/details/00632.txt
terminalbench,main,devstral24b,di__b4k__otrc-su-partial,hosted_vllm/mistralai/Devstral-Small-2-24B-Instruct-2512,online_trc_summarize_partial,4000,0.5,csv-to-parquet,otrc-su-partial,run_3,priority,summary_failure_accounting,0,15,/home/ak58925/agentCtx/ICLR_results/terminalbench/main/devstral24b/di__b4k__otrc-su-partial/csv-to-parquet/otrc-su-partial/run_3/trajectory.json,/home/ak58925/agentCtx-summarization/results/query-error-audit-20260907/details/00633.txt
terminalbench,main,devstral24b,di__b4k__otrc-su-partial,hosted_vllm/mistralai/Devstral-Small-2-24B-Instruct-2512,online_trc_summarize_partial,4000,0.5,download-youtube,otrc-su-partial,run_2,priority,summary_failure_accounting,0,6,/home/ak58925/agentCtx/ICLR_results/terminalbench/main/devstral24b/di__b4k__otrc-su-partial/download-youtube/otrc-su-partial/run_2/trajectory.json,/home/ak58925/agentCtx-summarization/results/query-error-audit-20260907/details/00634.txt
terminalbench,main,devstral24b,di__b4k__otrc-su-partial,hosted_vllm/mistralai/Devstral-Small-2-24B-Instruct-2512,online_trc_summarize_partial,4000,0.5,download-youtube,otrc-su-partial,run_3,priority,summary_failure_accounting,0,3,/home/ak58925/agentCtx/ICLR_results/terminalbench/main/devstral24b/di__b4k__otrc-su-partial/download-youtube/otrc-su-partial/run_3/trajectory.json,/home/ak58925/agentCtx-summarization/results/query-error-audit-20260907/details/00635.txt
terminalbench,main,devstral24b,di__b4k__otrc-su-partial,hosted_vllm/mistralai/Devstral-Small-2-24B-Instruct-2512,online_trc_summarize_partial,4000,0.5,eval-mteb,otrc-su-partial,run_1,priority,summary_failure_accounting,0,3,/home/ak58925/agentCtx/ICLR_results/terminalbench/main/devstral24b/di__b4k__otrc-su-partial/eval-mteb/otrc-su-partial/run_1/trajectory.json,/home/ak58925/agentCtx-summarization/results/query-error-audit-20260907/details/00636.txt
terminalbench,main,devstral24b,di__b4k__otrc-su-partial,hosted_vllm/mistralai/Devstral-Small-2-24B-Instruct-2512,online_trc_summarize_partial,4000,0.5,eval-mteb,otrc-su-partial,run_3,priority,summary_failure_accounting,0,7,/home/ak58925/agentCtx/ICLR_results/terminalbench/main/devstral24b/di__b4k__otrc-su-partial/eval-mteb/otrc-su-partial/run_3/trajectory.json,/home/ak58925/agentCtx-summarization/results/query-error-audit-20260907/details/00637.txt
terminalbench,main,devstral24b,di__b4k__otrc-su-partial,hosted_vllm/mistralai/Devstral-Small-2-24B-Instruct-2512,online_trc_summarize_partial,4000,0.5,eval-mteb.hard,otrc-su-partial,run_1,priority,summary_failure_accounting,0,2,/home/ak58925/agentCtx/ICLR_results/terminalbench/main/devstral24b/di__b4k__otrc-su-partial/eval-mteb.hard/otrc-su-partial/run_1/trajectory.json,/home/ak58925/agentCtx-summarization/results/query-error-audit-20260907/details/00638.txt
terminalbench,main,devstral24b,di__b4k__otrc-su-partial,hosted_vllm/mistralai/Devstral-Small-2-24B-Instruct-2512,online_trc_summarize_partial,4000,0.5,eval-mteb.hard,otrc-su-partial,run_2,priority,summary_failure_accounting,0,7,/home/ak58925/agentCtx/ICLR_results/terminalbench/main/devstral24b/di__b4k__otrc-su-partial/eval-mteb.hard/otrc-su-partial/run_2/trajectory.json,/home/ak58925/agentCtx-summarization/results/query-error-audit-20260907/details/00639.txt
terminalbench,main,devstral24b,di__b4k__otrc-su-partial,hosted_vllm/mistralai/Devstral-Small-2-24B-Instruct-2512,online_trc_summarize_partial,4000,0.5,eval-mteb.hard,otrc-su-partial,run_3,priority,summary_failure_accounting,0,122,/home/ak58925/agentCtx/ICLR_results/terminalbench/main/devstral24b/di__b4k__otrc-su-partial/eval-mteb.hard/otrc-su-partial/run_3/trajectory.json,/home/ak58925/agentCtx-summarization/results/query-error-audit-20260907/details/00640.txt
terminalbench,main,devstral24b,di__b4k__otrc-su-partial,hosted_vllm/mistralai/Devstral-Small-2-24B-Instruct-2512,online_trc_summarize_partial,4000,0.5,extract-moves-from-video,otrc-su-partial,run_1,priority,summary_failure_accounting,0,16,/home/ak58925/agentCtx/ICLR_results/terminalbench/main/devstral24b/di__b4k__otrc-su-partial/extract-moves-from-video/otrc-su-partial/run_1/trajectory.json,/home/ak58925/agentCtx-summarization/results/query-error-audit-20260907/details/00641.txt
terminalbench,main,devstral24b,di__b4k__otrc-su-partial,hosted_vllm/mistralai/Devstral-Small-2-24B-Instruct-2512,online_trc_summarize_partial,4000,0.5,extract-moves-from-video,otrc-su-partial,run_2,priority,summary_failure_accounting,0,20,/home/ak58925/agentCtx/ICLR_results/terminalbench/main/devstral24b/di__b4k__otrc-su-partial/extract-moves-from-video/otrc-su-partial/run_2/trajectory.json,/home/ak58925/agentCtx-summarization/results/query-error-audit-20260907/details/00642.txt
terminalbench,main,devstral24b,di__b4k__otrc-su-partial,hosted_vllm/mistralai/Devstral-Small-2-24B-Instruct-2512,online_trc_summarize_partial,4000,0.5,extract-moves-from-video,otrc-su-partial,run_3,priority,summary_failure_accounting,0,8,/home/ak58925/agentCtx/ICLR_results/terminalbench/main/devstral24b/di__b4k__otrc-su-partial/extract-moves-from-video/otrc-su-partial/run_3/trajectory.json,/home/ak58925/agentCtx-summarization/results/query-error-audit-20260907/details/00643.txt
terminalbench,main,devstral24b,di__b4k__otrc-su-partial,hosted_vllm/mistralai/Devstral-Small-2-24B-Instruct-2512,online_trc_summarize_partial,4000,0.5,fibonacci-server,otrc-su-partial,run_1,priority,summary_failure_accounting,0,2,/home/ak58925/agentCtx/ICLR_results/terminalbench/main/devstral24b/di__b4k__otrc-su-partial/fibonacci-server/otrc-su-partial/run_1/trajectory.json,/home/ak58925/agentCtx-summarization/results/query-error-audit-20260907/details/00644.txt
terminalbench,main,devstral24b,di__b4k__otrc-su-partial,hosted_vllm/mistralai/Devstral-Small-2-24B-Instruct-2512,online_trc_summarize_partial,4000,0.5,fibonacci-server,otrc-su-partial,run_2,probable,summary_related_response,0,0,/home/ak58925/agentCtx/ICLR_results/terminalbench/main/devstral24b/di__b4k__otrc-su-partial/fibonacci-server/otrc-su-partial/run_2/trajectory.json,/home/ak58925/agentCtx-summarization/results/query-error-audit-20260907/details/00645.txt
terminalbench,main,devstral24b,di__b4k__otrc-su-partial,hosted_vllm/mistralai/Devstral-Small-2-24B-Instruct-2512,online_trc_summarize_partial,4000,0.5,git-workflow-hack,otrc-su-partial,run_1,priority,summary_failure_accounting,0,9,/home/ak58925/agentCtx/ICLR_results/terminalbench/main/devstral24b/di__b4k__otrc-su-partial/git-workflow-hack/otrc-su-partial/run_1/trajectory.json,/home/ak58925/agentCtx-summarization/results/query-error-audit-20260907/details/00647.txt
terminalbench,main,devstral24b,di__b4k__otrc-su-partial,hosted_vllm/mistralai/Devstral-Small-2-24B-Instruct-2512,online_trc_summarize_partial,4000,0.5,git-workflow-hack,otrc-su-partial,run_2,priority,summary_failure_accounting,0,11,/home/ak58925/agentCtx/ICLR_results/terminalbench/main/devstral24b/di__b4k__otrc-su-partial/git-workflow-hack/otrc-su-partial/run_2/trajectory.json,/home/ak58925/agentCtx-summarization/results/query-error-audit-20260907/details/00648.txt
terminalbench,main,devstral24b,di__b4k__otrc-su-partial,hosted_vllm/mistralai/Devstral-Small-2-24B-Instruct-2512,online_trc_summarize_partial,4000,0.5,git-workflow-hack,otrc-su-partial,run_3,priority,summary_failure_accounting,0,9,/home/ak58925/agentCtx/ICLR_results/terminalbench/main/devstral24b/di__b4k__otrc-su-partial/git-workflow-hack/otrc-su-partial/run_3/trajectory.json,/home/ak58925/agentCtx-summarization/results/query-error-audit-20260907/details/00649.txt
terminalbench,main,devstral24b,di__b4k__otrc-su-partial,hosted_vllm/mistralai/Devstral-Small-2-24B-Instruct-2512,online_trc_summarize_partial,4000,0.5,gpt2-codegolf,otrc-su-partial,run_1,priority,summary_failure_accounting,0,2,/home/ak58925/agentCtx/ICLR_results/terminalbench/main/devstral24b/di__b4k__otrc-su-partial/gpt2-codegolf/otrc-su-partial/run_1/trajectory.json,/home/ak58925/agentCtx-summarization/results/query-error-audit-20260907/details/00650.txt
terminalbench,main,devstral24b,di__b4k__otrc-su-partial,hosted_vllm/mistralai/Devstral-Small-2-24B-Instruct-2512,online_trc_summarize_partial,4000,0.5,gpt2-codegolf,otrc-su-partial,run_2,priority,summary_failure_accounting,0,10,/home/ak58925/agentCtx/ICLR_results/terminalbench/main/devstral24b/di__b4k__otrc-su-partial/gpt2-codegolf/otrc-su-partial/run_2/trajectory.json,/home/ak58925/agentCtx-summarization/results/query-error-audit-20260907/details/00651.txt
terminalbench,main,devstral24b,di__b4k__otrc-su-partial,hosted_vllm/mistralai/Devstral-Small-2-24B-Instruct-2512,online_trc_summarize_partial,4000,0.5,gpt2-codegolf,otrc-su-partial,run_3,priority,summary_failure_accounting,0,2,/home/ak58925/agentCtx/ICLR_results/terminalbench/main/devstral24b/di__b4k__otrc-su-partial/gpt2-codegolf/otrc-su-partial/run_3/trajectory.json,/home/ak58925/agentCtx-summarization/results/query-error-audit-20260907/details/00652.txt
terminalbench,main,devstral24b,di__b4k__otrc-su-partial,hosted_vllm/mistralai/Devstral-Small-2-24B-Instruct-2512,online_trc_summarize_partial,4000,0.5,hf-model-inference,otrc-su-partial,run_1,priority,summary_failure_accounting,0,6,/home/ak58925/agentCtx/ICLR_results/terminalbench/main/devstral24b/di__b4k__otrc-su-partial/hf-model-inference/otrc-su-partial/run_1/trajectory.json,/home/ak58925/agentCtx-summarization/results/query-error-audit-20260907/details/00653.txt
terminalbench,main,devstral24b,di__b4k__otrc-su-partial,hosted_vllm/mistralai/Devstral-Small-2-24B-Instruct-2512,online_trc_summarize_partial,4000,0.5,intrusion-detection,otrc-su-partial,run_1,priority,summary_failure_accounting,0,22,/home/ak58925/agentCtx/ICLR_results/terminalbench/main/devstral24b/di__b4k__otrc-su-partial/intrusion-detection/otrc-su-partial/run_1/trajectory.json,/home/ak58925/agentCtx-summarization/results/query-error-audit-20260907/details/00656.txt
terminalbench,main,devstral24b,di__b4k__otrc-su-partial,hosted_vllm/mistralai/Devstral-Small-2-24B-Instruct-2512,online_trc_summarize_partial,4000,0.5,intrusion-detection,otrc-su-partial,run_2,priority,summary_failure_accounting,0,3,/home/ak58925/agentCtx/ICLR_results/terminalbench/main/devstral24b/di__b4k__otrc-su-partial/intrusion-detection/otrc-su-partial/run_2/trajectory.json,/home/ak58925/agentCtx-summarization/results/query-error-audit-20260907/details/00657.txt
terminalbench,main,devstral24b,di__b4k__otrc-su-partial,hosted_vllm/mistralai/Devstral-Small-2-24B-Instruct-2512,online_trc_summarize_partial,4000,0.5,intrusion-detection,otrc-su-partial,run_3,priority,summary_failure_accounting,0,19,/home/ak58925/agentCtx/ICLR_results/terminalbench/main/devstral24b/di__b4k__otrc-su-partial/intrusion-detection/otrc-su-partial/run_3/trajectory.json,/home/ak58925/agentCtx-summarization/results/query-error-audit-20260907/details/00658.txt
terminalbench,main,devstral24b,di__b4k__otrc-su-partial,hosted_vllm/mistralai/Devstral-Small-2-24B-Instruct-2512,online_trc_summarize_partial,4000,0.5,modernize-fortran-build,otrc-su-partial,run_3,probable,summary_related_response,0,0,/home/ak58925/agentCtx/ICLR_results/terminalbench/main/devstral24b/di__b4k__otrc-su-partial/modernize-fortran-build/otrc-su-partial/run_3/trajectory.json,/home/ak58925/agentCtx-summarization/results/query-error-audit-20260907/details/00660.txt
terminalbench,main,devstral24b,di__b4k__otrc-su-partial,hosted_vllm/mistralai/Devstral-Small-2-24B-Instruct-2512,online_trc_summarize_partial,4000,0.5,new-encrypt-command,otrc-su-partial,run_1,probable,summary_related_response,0,0,/home/ak58925/agentCtx/ICLR_results/terminalbench/main/devstral24b/di__b4k__otrc-su-partial/new-encrypt-command/otrc-su-partial/run_1/trajectory.json,/home/ak58925/agentCtx-summarization/results/query-error-audit-20260907/details/00661.txt
terminalbench,main,devstral24b,di__b4k__otrc-su-partial,hosted_vllm/mistralai/Devstral-Small-2-24B-Instruct-2512,online_trc_summarize_partial,4000,0.5,password-recovery,otrc-su-partial,run_3,priority,summary_failure_accounting,0,2,/home/ak58925/agentCtx/ICLR_results/terminalbench/main/devstral24b/di__b4k__otrc-su-partial/password-recovery/otrc-su-partial/run_3/trajectory.json,/home/ak58925/agentCtx-summarization/results/query-error-audit-20260907/details/00663.txt
terminalbench,main,devstral24b,di__b4k__otrc-su-partial,hosted_vllm/mistralai/Devstral-Small-2-24B-Instruct-2512,online_trc_summarize_partial,4000,0.5,path-tracing-reverse,otrc-su-partial,run_2,priority,summary_failure_accounting,0,8,/home/ak58925/agentCtx/ICLR_results/terminalbench/main/devstral24b/di__b4k__otrc-su-partial/path-tracing-reverse/otrc-su-partial/run_2/trajectory.json,/home/ak58925/agentCtx-summarization/results/query-error-audit-20260907/details/00664.txt
terminalbench,main,devstral24b,di__b4k__otrc-su-partial,hosted_vllm/mistralai/Devstral-Small-2-24B-Instruct-2512,online_trc_summarize_partial,4000,0.5,path-tracing-reverse,otrc-su-partial,run_3,priority,summary_failure_accounting,0,7,/home/ak58925/agentCtx/ICLR_results/terminalbench/main/devstral24b/di__b4k__otrc-su-partial/path-tracing-reverse/otrc-su-partial/run_3/trajectory.json,/home/ak58925/agentCtx-summarization/results/query-error-audit-20260907/details/00665.txt
terminalbench,main,devstral24b,di__b4k__otrc-su-partial,hosted_vllm/mistralai/Devstral-Small-2-24B-Instruct-2512,online_trc_summarize_partial,4000,0.5,pytorch-model-cli.hard,otrc-su-partial,run_1,priority,summary_failure_accounting,0,6,/home/ak58925/agentCtx/ICLR_results/terminalbench/main/devstral24b/di__b4k__otrc-su-partial/pytorch-model-cli.hard/otrc-su-partial/run_1/trajectory.json,/home/ak58925/agentCtx-summarization/results/query-error-audit-20260907/details/00666.txt
terminalbench,main,devstral24b,di__b4k__otrc-su-partial,hosted_vllm/mistralai/Devstral-Small-2-24B-Instruct-2512,online_trc_summarize_partial,4000,0.5,pytorch-model-cli.hard,otrc-su-partial,run_3,priority,summary_failure_accounting,0,15,/home/ak58925/agentCtx/ICLR_results/terminalbench/main/devstral24b/di__b4k__otrc-su-partial/pytorch-model-cli.hard/otrc-su-partial/run_3/trajectory.json,/home/ak58925/agentCtx-summarization/results/query-error-audit-20260907/details/00667.txt
terminalbench,main,devstral24b,di__b4k__otrc-su-partial,hosted_vllm/mistralai/Devstral-Small-2-24B-Instruct-2512,online_trc_summarize_partial,4000,0.5,qemu-alpine-ssh,otrc-su-partial,run_1,priority,summary_failure_accounting,0,5,/home/ak58925/agentCtx/ICLR_results/terminalbench/main/devstral24b/di__b4k__otrc-su-partial/qemu-alpine-ssh/otrc-su-partial/run_1/trajectory.json,/home/ak58925/agentCtx-summarization/results/query-error-audit-20260907/details/00668.txt
terminalbench,main,devstral24b,di__b4k__otrc-su-partial,hosted_vllm/mistralai/Devstral-Small-2-24B-Instruct-2512,online_trc_summarize_partial,4000,0.5,qemu-alpine-ssh,otrc-su-partial,run_3,priority,summary_failure_accounting,0,21,/home/ak58925/agentCtx/ICLR_results/terminalbench/main/devstral24b/di__b4k__otrc-su-partial/qemu-alpine-ssh/otrc-su-partial/run_3/trajectory.json,/home/ak58925/agentCtx-summarization/results/query-error-audit-20260907/details/00669.txt
terminalbench,main,devstral24b,di__b4k__otrc-su-partial,hosted_vllm/mistralai/Devstral-Small-2-24B-Instruct-2512,online_trc_summarize_partial,4000,0.5,qemu-startup,otrc-su-partial,run_1,priority,summary_failure_accounting,0,3,/home/ak58925/agentCtx/ICLR_results/terminalbench/main/devstral24b/di__b4k__otrc-su-partial/qemu-startup/otrc-su-partial/run_1/trajectory.json,/home/ak58925/agentCtx-summarization/results/query-error-audit-20260907/details/00670.txt
terminalbench,main,devstral24b,di__b4k__otrc-su-partial,hosted_vllm/mistralai/Devstral-Small-2-24B-Instruct-2512,online_trc_summarize_partial,4000,0.5,qemu-startup,otrc-su-partial,run_2,priority,summary_failure_accounting,0,9,/home/ak58925/agentCtx/ICLR_results/terminalbench/main/devstral24b/di__b4k__otrc-su-partial/qemu-startup/otrc-su-partial/run_2/trajectory.json,/home/ak58925/agentCtx-summarization/results/query-error-audit-20260907/details/00671.txt
terminalbench,main,devstral24b,di__b4k__otrc-su-partial,hosted_vllm/mistralai/Devstral-Small-2-24B-Instruct-2512,online_trc_summarize_partial,4000,0.5,qemu-startup,otrc-su-partial,run_3,priority,summary_failure_accounting,0,9,/home/ak58925/agentCtx/ICLR_results/terminalbench/main/devstral24b/di__b4k__otrc-su-partial/qemu-startup/otrc-su-partial/run_3/trajectory.json,/home/ak58925/agentCtx-summarization/results/query-error-audit-20260907/details/00672.txt
terminalbench,main,devstral24b,di__b4k__otrc-su-partial,hosted_vllm/mistralai/Devstral-Small-2-24B-Instruct-2512,online_trc_summarize_partial,4000,0.5,raman-fitting.easy,otrc-su-partial,run_2,priority,summary_failure_accounting,0,3,/home/ak58925/agentCtx/ICLR_results/terminalbench/main/devstral24b/di__b4k__otrc-su-partial/raman-fitting.easy/otrc-su-partial/run_2/trajectory.json,/home/ak58925/agentCtx-summarization/results/query-error-audit-20260907/details/00673.txt
terminalbench,main,devstral24b,di__b4k__otrc-su-partial,hosted_vllm/mistralai/Devstral-Small-2-24B-Instruct-2512,online_trc_summarize_partial,4000,0.5,raman-fitting.easy,otrc-su-partial,run_3,priority,summary_failure_accounting,0,9,/home/ak58925/agentCtx/ICLR_results/terminalbench/main/devstral24b/di__b4k__otrc-su-partial/raman-fitting.easy/otrc-su-partial/run_3/trajectory.json,/home/ak58925/agentCtx-summarization/results/query-error-audit-20260907/details/00674.txt
terminalbench,main,devstral24b,di__b4k__otrc-su-partial,hosted_vllm/mistralai/Devstral-Small-2-24B-Instruct-2512,online_trc_summarize_partial,4000,0.5,sanitize-git-repo,otrc-su-partial,run_1,priority,summary_failure_accounting,0,11,/home/ak58925/agentCtx/ICLR_results/terminalbench/main/devstral24b/di__b4k__otrc-su-partial/sanitize-git-repo/otrc-su-partial/run_1/trajectory.json,/home/ak58925/agentCtx-summarization/results/query-error-audit-20260907/details/00675.txt
terminalbench,main,devstral24b,di__b4k__otrc-su-partial,hosted_vllm/mistralai/Devstral-Small-2-24B-Instruct-2512,online_trc_summarize_partial,4000,0.5,sanitize-git-repo,otrc-su-partial,run_2,priority,summary_failure_accounting,0,17,/home/ak58925/agentCtx/ICLR_results/terminalbench/main/devstral24b/di__b4k__otrc-su-partial/sanitize-git-repo/otrc-su-partial/run_2/trajectory.json,/home/ak58925/agentCtx-summarization/results/query-error-audit-20260907/details/00676.txt
terminalbench,main,devstral24b,di__b4k__otrc-su-partial,hosted_vllm/mistralai/Devstral-Small-2-24B-Instruct-2512,online_trc_summarize_partial,4000,0.5,sanitize-git-repo,otrc-su-partial,run_3,priority,summary_failure_accounting,0,7,/home/ak58925/agentCtx/ICLR_results/terminalbench/main/devstral24b/di__b4k__otrc-su-partial/sanitize-git-repo/otrc-su-partial/run_3/trajectory.json,/home/ak58925/agentCtx-summarization/results/query-error-audit-20260907/details/00677.txt
terminalbench,main,devstral24b,di__b4k__otrc-su-partial,hosted_vllm/mistralai/Devstral-Small-2-24B-Instruct-2512,online_trc_summarize_partial,4000,0.5,sanitize-git-repo.hard,otrc-su-partial,run_1,priority,summary_failure_accounting,0,2,/home/ak58925/agentCtx/ICLR_results/terminalbench/main/devstral24b/di__b4k__otrc-su-partial/sanitize-git-repo.hard/otrc-su-partial/run_1/trajectory.json,/home/ak58925/agentCtx-summarization/results/query-error-audit-20260907/details/00678.txt
terminalbench,main,devstral24b,di__b4k__otrc-su-partial,hosted_vllm/mistralai/Devstral-Small-2-24B-Instruct-2512,online_trc_summarize_partial,4000,0.5,sanitize-git-repo.hard,otrc-su-partial,run_2,priority,summary_failure_accounting,0,3,/home/ak58925/agentCtx/ICLR_results/terminalbench/main/devstral24b/di__b4k__otrc-su-partial/sanitize-git-repo.hard/otrc-su-partial/run_2/trajectory.json,/home/ak58925/agentCtx-summarization/results/query-error-audit-20260907/details/00679.txt
terminalbench,main,devstral24b,di__b4k__otrc-su-partial,hosted_vllm/mistralai/Devstral-Small-2-24B-Instruct-2512,online_trc_summarize_partial,4000,0.5,sanitize-git-repo.hard,otrc-su-partial,run_3,priority,summary_failure_accounting,0,19,/home/ak58925/agentCtx/ICLR_results/terminalbench/main/devstral24b/di__b4k__otrc-su-partial/sanitize-git-repo.hard/otrc-su-partial/run_3/trajectory.json,/home/ak58925/agentCtx-summarization/results/query-error-audit-20260907/details/00680.txt
terminalbench,main,devstral24b,di__b4k__otrc-su-partial,hosted_vllm/mistralai/Devstral-Small-2-24B-Instruct-2512,online_trc_summarize_partial,4000,0.5,solana-data,otrc-su-partial,run_1,priority,summary_failure_accounting,0,15,/home/ak58925/agentCtx/ICLR_results/terminalbench/main/devstral24b/di__b4k__otrc-su-partial/solana-data/otrc-su-partial/run_1/trajectory.json,/home/ak58925/agentCtx-summarization/results/query-error-audit-20260907/details/00681.txt
terminalbench,main,devstral24b,di__b4k__otrc-su-partial,hosted_vllm/mistralai/Devstral-Small-2-24B-Instruct-2512,online_trc_summarize_partial,4000,0.5,solana-data,otrc-su-partial,run_2,priority,summary_failure_accounting,0,1,/home/ak58925/agentCtx/ICLR_results/terminalbench/main/devstral24b/di__b4k__otrc-su-partial/solana-data/otrc-su-partial/run_2/trajectory.json,/home/ak58925/agentCtx-summarization/results/query-error-audit-20260907/details/00682.txt
terminalbench,main,devstral24b,di__b4k__otrc-su-partial,hosted_vllm/mistralai/Devstral-Small-2-24B-Instruct-2512,online_trc_summarize_partial,4000,0.5,solana-data,otrc-su-partial,run_3,priority,summary_failure_accounting,0,8,/home/ak58925/agentCtx/ICLR_results/terminalbench/main/devstral24b/di__b4k__otrc-su-partial/solana-data/otrc-su-partial/run_3/trajectory.json,/home/ak58925/agentCtx-summarization/results/query-error-audit-20260907/details/00683.txt
terminalbench,main,devstral24b,di__b4k__otrc-su-partial,hosted_vllm/mistralai/Devstral-Small-2-24B-Instruct-2512,online_trc_summarize_partial,4000,0.5,sqlite-with-gcov,otrc-su-partial,run_1,priority,summary_failure_accounting,0,22,/home/ak58925/agentCtx/ICLR_results/terminalbench/main/devstral24b/di__b4k__otrc-su-partial/sqlite-with-gcov/otrc-su-partial/run_1/trajectory.json,/home/ak58925/agentCtx-summarization/results/query-error-audit-20260907/details/00684.txt
terminalbench,main,devstral24b,di__b4k__otrc-su-partial,hosted_vllm/mistralai/Devstral-Small-2-24B-Instruct-2512,online_trc_summarize_partial,4000,0.5,sqlite-with-gcov,otrc-su-partial,run_2,priority,summary_failure_accounting,0,25,/home/ak58925/agentCtx/ICLR_results/terminalbench/main/devstral24b/di__b4k__otrc-su-partial/sqlite-with-gcov/otrc-su-partial/run_2/trajectory.json,/home/ak58925/agentCtx-summarization/results/query-error-audit-20260907/details/00685.txt
terminalbench,main,devstral24b,di__b4k__otrc-su-partial,hosted_vllm/mistralai/Devstral-Small-2-24B-Instruct-2512,online_trc_summarize_partial,4000,0.5,sqlite-with-gcov,otrc-su-partial,run_3,priority,summary_failure_accounting,0,22,/home/ak58925/agentCtx/ICLR_results/terminalbench/main/devstral24b/di__b4k__otrc-su-partial/sqlite-with-gcov/otrc-su-partial/run_3/trajectory.json,/home/ak58925/agentCtx-summarization/results/query-error-audit-20260907/details/00686.txt
terminalbench,main,devstral24b,di__b4k__otrc-su-partial,hosted_vllm/mistralai/Devstral-Small-2-24B-Instruct-2512,online_trc_summarize_partial,4000,0.5,super-benchmark-upet,otrc-su-partial,run_2,priority,summary_failure_accounting,0,203,/home/ak58925/agentCtx/ICLR_results/terminalbench/main/devstral24b/di__b4k__otrc-su-partial/super-benchmark-upet/otrc-su-partial/run_2/trajectory.json,/home/ak58925/agentCtx-summarization/results/query-error-audit-20260907/details/00687.txt
terminalbench,main,devstral24b,di__b4k__otrc-su-partial,hosted_vllm/mistralai/Devstral-Small-2-24B-Instruct-2512,online_trc_summarize_partial,4000,0.5,swe-bench-astropy-2,otrc-su-partial,run_1,priority,summary_failure_accounting,0,54,/home/ak58925/agentCtx/ICLR_results/terminalbench/main/devstral24b/di__b4k__otrc-su-partial/swe-bench-astropy-2/otrc-su-partial/run_1/trajectory.json,/home/ak58925/agentCtx-summarization/results/query-error-audit-20260907/details/00688.txt
terminalbench,main,devstral24b,di__b4k__otrc-su-partial,hosted_vllm/mistralai/Devstral-Small-2-24B-Instruct-2512,online_trc_summarize_partial,4000,0.5,swe-bench-astropy-2,otrc-su-partial,run_2,probable,summary_related_response,0,0,/home/ak58925/agentCtx/ICLR_results/terminalbench/main/devstral24b/di__b4k__otrc-su-partial/swe-bench-astropy-2/otrc-su-partial/run_2/trajectory.json,/home/ak58925/agentCtx-summarization/results/query-error-audit-20260907/details/00689.txt
terminalbench,main,devstral24b,di__b4k__otrc-su-partial,hosted_vllm/mistralai/Devstral-Small-2-24B-Instruct-2512,online_trc_summarize_partial,4000,0.5,swe-bench-astropy-2,otrc-su-partial,run_3,probable,summary_related_response,0,0,/home/ak58925/agentCtx/ICLR_results/terminalbench/main/devstral24b/di__b4k__otrc-su-partial/swe-bench-astropy-2/otrc-su-partial/run_3/trajectory.json,/home/ak58925/agentCtx-summarization/results/query-error-audit-20260907/details/00690.txt
terminalbench,main,devstral24b,di__b4k__otrc-su-partial,hosted_vllm/mistralai/Devstral-Small-2-24B-Instruct-2512,online_trc_summarize_partial,4000,0.5,swe-bench-fsspec,otrc-su-partial,run_1,probable,summary_related_response,0,0,/home/ak58925/agentCtx/ICLR_results/terminalbench/main/devstral24b/di__b4k__otrc-su-partial/swe-bench-fsspec/otrc-su-partial/run_1/trajectory.json,/home/ak58925/agentCtx-summarization/results/query-error-audit-20260907/details/00691.txt
terminalbench,main,devstral24b,di__b4k__otrc-su-partial,hosted_vllm/mistralai/Devstral-Small-2-24B-Instruct-2512,online_trc_summarize_partial,4000,0.5,swe-bench-fsspec,otrc-su-partial,run_2,priority,summary_failure_accounting,0,5,/home/ak58925/agentCtx/ICLR_results/terminalbench/main/devstral24b/di__b4k__otrc-su-partial/swe-bench-fsspec/otrc-su-partial/run_2/trajectory.json,/home/ak58925/agentCtx-summarization/results/query-error-audit-20260907/details/00692.txt
terminalbench,main,devstral24b,di__b4k__otrc-su-partial,hosted_vllm/mistralai/Devstral-Small-2-24B-Instruct-2512,online_trc_summarize_partial,4000,0.5,tmux-advanced-workflow,otrc-su-partial,run_1,priority,summary_failure_accounting,0,11,/home/ak58925/agentCtx/ICLR_results/terminalbench/main/devstral24b/di__b4k__otrc-su-partial/tmux-advanced-workflow/otrc-su-partial/run_1/trajectory.json,/home/ak58925/agentCtx-summarization/results/query-error-audit-20260907/details/00693.txt
terminalbench,main,devstral24b,di__b4k__otrc-su-partial,hosted_vllm/mistralai/Devstral-Small-2-24B-Instruct-2512,online_trc_summarize_partial,4000,0.5,tmux-advanced-workflow,otrc-su-partial,run_2,priority,summary_failure_accounting,0,3,/home/ak58925/agentCtx/ICLR_results/terminalbench/main/devstral24b/di__b4k__otrc-su-partial/tmux-advanced-workflow/otrc-su-partial/run_2/trajectory.json,/home/ak58925/agentCtx-summarization/results/query-error-audit-20260907/details/00694.txt
terminalbench,main,devstral24b,di__b4k__otrc-su-partial,hosted_vllm/mistralai/Devstral-Small-2-24B-Instruct-2512,online_trc_summarize_partial,4000,0.5,write-compressor,otrc-su-partial,run_1,priority,summary_failure_accounting,0,1,/home/ak58925/agentCtx/ICLR_results/terminalbench/main/devstral24b/di__b4k__otrc-su-partial/write-compressor/otrc-su-partial/run_1/trajectory.json,/home/ak58925/agentCtx-summarization/results/query-error-audit-20260907/details/00696.txt
terminalbench,main,devstral24b,di__b4k__otrc-su-partial,hosted_vllm/mistralai/Devstral-Small-2-24B-Instruct-2512,online_trc_summarize_partial,4000,0.5,write-compressor,otrc-su-partial,run_2,priority,summary_failure_accounting,0,1,/home/ak58925/agentCtx/ICLR_results/terminalbench/main/devstral24b/di__b4k__otrc-su-partial/write-compressor/otrc-su-partial/run_2/trajectory.json,/home/ak58925/agentCtx-summarization/results/query-error-audit-20260907/details/00697.txt
terminalbench,main,devstral24b,di__b4k__otrc-su-partial,hosted_vllm/mistralai/Devstral-Small-2-24B-Instruct-2512,online_trc_summarize_partial,4000,0.5,write-compressor,otrc-su-partial,run_3,priority,summary_failure_accounting,0,10,/home/ak58925/agentCtx/ICLR_results/terminalbench/main/devstral24b/di__b4k__otrc-su-partial/write-compressor/otrc-su-partial/run_3/trajectory.json,/home/ak58925/agentCtx-summarization/results/query-error-audit-20260907/details/00698.txt
terminalbench,main,devstral24b,di__b4k__trc-ss,hosted_vllm/mistralai/Devstral-Small-2-24B-Instruct-2512,trc_structured_summarize,4000,0.5,blind-maze-explorer-5x5,trc-ss,run_1,priority,summary_marker_error,10,,/home/ak58925/agentCtx/ICLR_results/terminalbench/main/devstral24b/di__b4k__trc-ss/blind-maze-explorer-5x5/trc-ss/run_1/trajectory.json,/home/ak58925/agentCtx-summarization/results/query-error-audit-20260907/details/00724.txt
terminalbench,main,devstral24b,di__b4k__trc-ss,hosted_vllm/mistralai/Devstral-Small-2-24B-Instruct-2512,trc_structured_summarize,4000,0.5,blind-maze-explorer-5x5,trc-ss,run_2,priority,summary_marker_error,24,,/home/ak58925/agentCtx/ICLR_results/terminalbench/main/devstral24b/di__b4k__trc-ss/blind-maze-explorer-5x5/trc-ss/run_2/trajectory.json,/home/ak58925/agentCtx-summarization/results/query-error-audit-20260907/details/00725.txt
terminalbench,main,devstral24b,di__b4k__trc-ss,hosted_vllm/mistralai/Devstral-Small-2-24B-Instruct-2512,trc_structured_summarize,4000,0.5,blind-maze-explorer-5x5,trc-ss,run_3,priority,summary_marker_error,22,,/home/ak58925/agentCtx/ICLR_results/terminalbench/main/devstral24b/di__b4k__trc-ss/blind-maze-explorer-5x5/trc-ss/run_3/trajectory.json,/home/ak58925/agentCtx-summarization/results/query-error-audit-20260907/details/00726.txt
terminalbench,main,devstral24b,di__b4k__trc-ss,hosted_vllm/mistralai/Devstral-Small-2-24B-Instruct-2512,trc_structured_summarize,4000,0.5,blind-maze-explorer-algorithm,trc-ss,run_2,priority,summary_marker_error,65,,/home/ak58925/agentCtx/ICLR_results/terminalbench/main/devstral24b/di__b4k__trc-ss/blind-maze-explorer-algorithm/trc-ss/run_2/trajectory.json,/home/ak58925/agentCtx-summarization/results/query-error-audit-20260907/details/00727.txt
terminalbench,main,devstral24b,di__b4k__trc-ss,hosted_vllm/mistralai/Devstral-Small-2-24B-Instruct-2512,trc_structured_summarize,4000,0.5,blind-maze-explorer-algorithm,trc-ss,run_3,priority,summary_marker_error,25,,/home/ak58925/agentCtx/ICLR_results/terminalbench/main/devstral24b/di__b4k__trc-ss/blind-maze-explorer-algorithm/trc-ss/run_3/trajectory.json,/home/ak58925/agentCtx-summarization/results/query-error-audit-20260907/details/00728.txt
terminalbench,main,devstral24b,di__b4k__trc-ss,hosted_vllm/mistralai/Devstral-Small-2-24B-Instruct-2512,trc_structured_summarize,4000,0.5,cartpole-rl-training,trc-ss,run_3,priority,summary_marker_error,14,,/home/ak58925/agentCtx/ICLR_results/terminalbench/main/devstral24b/di__b4k__trc-ss/cartpole-rl-training/trc-ss/run_3/trajectory.json,/home/ak58925/agentCtx-summarization/results/query-error-audit-20260907/details/00729.txt
terminalbench,main,devstral24b,di__b4k__trc-ss,hosted_vllm/mistralai/Devstral-Small-2-24B-Instruct-2512,trc_structured_summarize,4000,0.5,count-dataset-tokens,trc-ss,run_1,priority,summary_marker_error,128,,/home/ak58925/agentCtx/ICLR_results/terminalbench/main/devstral24b/di__b4k__trc-ss/count-dataset-tokens/trc-ss/run_1/trajectory.json,/home/ak58925/agentCtx-summarization/results/query-error-audit-20260907/details/00730.txt
terminalbench,main,devstral24b,di__b4k__trc-ss,hosted_vllm/mistralai/Devstral-Small-2-24B-Instruct-2512,trc_structured_summarize,4000,0.5,count-dataset-tokens,trc-ss,run_2,priority,summary_marker_error,52,,/home/ak58925/agentCtx/ICLR_results/terminalbench/main/devstral24b/di__b4k__trc-ss/count-dataset-tokens/trc-ss/run_2/trajectory.json,/home/ak58925/agentCtx-summarization/results/query-error-audit-20260907/details/00731.txt
terminalbench,main,devstral24b,di__b4k__trc-ss,hosted_vllm/mistralai/Devstral-Small-2-24B-Instruct-2512,trc_structured_summarize,4000,0.5,count-dataset-tokens,trc-ss,run_3,priority,summary_marker_error,49,,/home/ak58925/agentCtx/ICLR_results/terminalbench/main/devstral24b/di__b4k__trc-ss/count-dataset-tokens/trc-ss/run_3/trajectory.json,/home/ak58925/agentCtx-summarization/results/query-error-audit-20260907/details/00732.txt
terminalbench,main,devstral24b,di__b4k__trc-ss,hosted_vllm/mistralai/Devstral-Small-2-24B-Instruct-2512,trc_structured_summarize,4000,0.5,crack-7z-hash.hard,trc-ss,run_1,priority,summary_marker_error,30,,/home/ak58925/agentCtx/ICLR_results/terminalbench/main/devstral24b/di__b4k__trc-ss/crack-7z-hash.hard/trc-ss/run_1/trajectory.json,/home/ak58925/agentCtx-summarization/results/query-error-audit-20260907/details/00733.txt
terminalbench,main,devstral24b,di__b4k__trc-ss,hosted_vllm/mistralai/Devstral-Small-2-24B-Instruct-2512,trc_structured_summarize,4000,0.5,crack-7z-hash.hard,trc-ss,run_2,priority,summary_marker_error,24,,/home/ak58925/agentCtx/ICLR_results/terminalbench/main/devstral24b/di__b4k__trc-ss/crack-7z-hash.hard/trc-ss/run_2/trajectory.json,/home/ak58925/agentCtx-summarization/results/query-error-audit-20260907/details/00734.txt
terminalbench,main,devstral24b,di__b4k__trc-ss,hosted_vllm/mistralai/Devstral-Small-2-24B-Instruct-2512,trc_structured_summarize,4000,0.5,crack-7z-hash.hard,trc-ss,run_3,priority,summary_marker_error,21,,/home/ak58925/agentCtx/ICLR_results/terminalbench/main/devstral24b/di__b4k__trc-ss/crack-7z-hash.hard/trc-ss/run_3/trajectory.json,/home/ak58925/agentCtx-summarization/results/query-error-audit-20260907/details/00735.txt
terminalbench,main,devstral24b,di__b4k__trc-ss,hosted_vllm/mistralai/Devstral-Small-2-24B-Instruct-2512,trc_structured_summarize,4000,0.5,csv-to-parquet,trc-ss,run_1,priority,summary_marker_error,73,,/home/ak58925/agentCtx/ICLR_results/terminalbench/main/devstral24b/di__b4k__trc-ss/csv-to-parquet/trc-ss/run_1/trajectory.json,/home/ak58925/agentCtx-summarization/results/query-error-audit-20260907/details/00736.txt
terminalbench,main,devstral24b,di__b4k__trc-ss,hosted_vllm/mistralai/Devstral-Small-2-24B-Instruct-2512,trc_structured_summarize,4000,0.5,csv-to-parquet,trc-ss,run_2,priority,summary_marker_error,3,,/home/ak58925/agentCtx/ICLR_results/terminalbench/main/devstral24b/di__b4k__trc-ss/csv-to-parquet/trc-ss/run_2/trajectory.json,/home/ak58925/agentCtx-summarization/results/query-error-audit-20260907/details/00737.txt
terminalbench,main,devstral24b,di__b4k__trc-ss,hosted_vllm/mistralai/Devstral-Small-2-24B-Instruct-2512,trc_structured_summarize,4000,0.5,csv-to-parquet,trc-ss,run_3,priority,summary_marker_error,6,,/home/ak58925/agentCtx/ICLR_results/terminalbench/main/devstral24b/di__b4k__trc-ss/csv-to-parquet/trc-ss/run_3/trajectory.json,/home/ak58925/agentCtx-summarization/results/query-error-audit-20260907/details/00738.txt
terminalbench,main,devstral24b,di__b4k__trc-ss,hosted_vllm/mistralai/Devstral-Small-2-24B-Instruct-2512,trc_structured_summarize,4000,0.5,download-youtube,trc-ss,run_1,priority,summary_marker_error,30,,/home/ak58925/agentCtx/ICLR_results/terminalbench/main/devstral24b/di__b4k__trc-ss/download-youtube/trc-ss/run_1/trajectory.json,/home/ak58925/agentCtx-summarization/results/query-error-audit-20260907/details/00739.txt
terminalbench,main,devstral24b,di__b4k__trc-ss,hosted_vllm/mistralai/Devstral-Small-2-24B-Instruct-2512,trc_structured_summarize,4000,0.5,download-youtube,trc-ss,run_2,priority,summary_marker_error,13,,/home/ak58925/agentCtx/ICLR_results/terminalbench/main/devstral24b/di__b4k__trc-ss/download-youtube/trc-ss/run_2/trajectory.json,/home/ak58925/agentCtx-summarization/results/query-error-audit-20260907/details/00740.txt
terminalbench,main,devstral24b,di__b4k__trc-ss,hosted_vllm/mistralai/Devstral-Small-2-24B-Instruct-2512,trc_structured_summarize,4000,0.5,download-youtube,trc-ss,run_3,priority,summary_marker_error,11,,/home/ak58925/agentCtx/ICLR_results/terminalbench/main/devstral24b/di__b4k__trc-ss/download-youtube/trc-ss/run_3/trajectory.json,/home/ak58925/agentCtx-summarization/results/query-error-audit-20260907/details/00741.txt
terminalbench,main,devstral24b,di__b4k__trc-ss,hosted_vllm/mistralai/Devstral-Small-2-24B-Instruct-2512,trc_structured_summarize,4000,0.5,eval-mteb,trc-ss,run_1,priority,summary_marker_error,117,,/home/ak58925/agentCtx/ICLR_results/terminalbench/main/devstral24b/di__b4k__trc-ss/eval-mteb/trc-ss/run_1/trajectory.json,/home/ak58925/agentCtx-summarization/results/query-error-audit-20260907/details/00742.txt
terminalbench,main,devstral24b,di__b4k__trc-ss,hosted_vllm/mistralai/Devstral-Small-2-24B-Instruct-2512,trc_structured_summarize,4000,0.5,eval-mteb,trc-ss,run_2,priority,summary_marker_error,2,,/home/ak58925/agentCtx/ICLR_results/terminalbench/main/devstral24b/di__b4k__trc-ss/eval-mteb/trc-ss/run_2/trajectory.json,/home/ak58925/agentCtx-summarization/results/query-error-audit-20260907/details/00743.txt
terminalbench,main,devstral24b,di__b4k__trc-ss,hosted_vllm/mistralai/Devstral-Small-2-24B-Instruct-2512,trc_structured_summarize,4000,0.5,eval-mteb,trc-ss,run_3,priority,summary_marker_error,151,,/home/ak58925/agentCtx/ICLR_results/terminalbench/main/devstral24b/di__b4k__trc-ss/eval-mteb/trc-ss/run_3/trajectory.json,/home/ak58925/agentCtx-summarization/results/query-error-audit-20260907/details/00744.txt
terminalbench,main,devstral24b,di__b4k__trc-ss,hosted_vllm/mistralai/Devstral-Small-2-24B-Instruct-2512,trc_structured_summarize,4000,0.5,eval-mteb.hard,trc-ss,run_1,priority,summary_marker_error,16,,/home/ak58925/agentCtx/ICLR_results/terminalbench/main/devstral24b/di__b4k__trc-ss/eval-mteb.hard/trc-ss/run_1/trajectory.json,/home/ak58925/agentCtx-summarization/results/query-error-audit-20260907/details/00745.txt
terminalbench,main,devstral24b,di__b4k__trc-ss,hosted_vllm/mistralai/Devstral-Small-2-24B-Instruct-2512,trc_structured_summarize,4000,0.5,eval-mteb.hard,trc-ss,run_2,priority,summary_marker_error,7,,/home/ak58925/agentCtx/ICLR_results/terminalbench/main/devstral24b/di__b4k__trc-ss/eval-mteb.hard/trc-ss/run_2/trajectory.json,/home/ak58925/agentCtx-summarization/results/query-error-audit-20260907/details/00746.txt
terminalbench,main,devstral24b,di__b4k__trc-ss,hosted_vllm/mistralai/Devstral-Small-2-24B-Instruct-2512,trc_structured_summarize,4000,0.5,eval-mteb.hard,trc-ss,run_3,priority,summary_marker_error,2,,/home/ak58925/agentCtx/ICLR_results/terminalbench/main/devstral24b/di__b4k__trc-ss/eval-mteb.hard/trc-ss/run_3/trajectory.json,/home/ak58925/agentCtx-summarization/results/query-error-audit-20260907/details/00747.txt
terminalbench,main,devstral24b,di__b4k__trc-ss,hosted_vllm/mistralai/Devstral-Small-2-24B-Instruct-2512,trc_structured_summarize,4000,0.5,extract-moves-from-video,trc-ss,run_2,priority,summary_marker_error,12,,/home/ak58925/agentCtx/ICLR_results/terminalbench/main/devstral24b/di__b4k__trc-ss/extract-moves-from-video/trc-ss/run_2/trajectory.json,/home/ak58925/agentCtx-summarization/results/query-error-audit-20260907/details/00748.txt
terminalbench,main,devstral24b,di__b4k__trc-ss,hosted_vllm/mistralai/Devstral-Small-2-24B-Instruct-2512,trc_structured_summarize,4000,0.5,extract-moves-from-video,trc-ss,run_3,priority,summary_marker_error,6,,/home/ak58925/agentCtx/ICLR_results/terminalbench/main/devstral24b/di__b4k__trc-ss/extract-moves-from-video/trc-ss/run_3/trajectory.json,/home/ak58925/agentCtx-summarization/results/query-error-audit-20260907/details/00749.txt
terminalbench,main,devstral24b,di__b4k__trc-ss,hosted_vllm/mistralai/Devstral-Small-2-24B-Instruct-2512,trc_structured_summarize,4000,0.5,fix-git,trc-ss,run_1,priority,summary_marker_error,3,,/home/ak58925/agentCtx/ICLR_results/terminalbench/main/devstral24b/di__b4k__trc-ss/fix-git/trc-ss/run_1/trajectory.json,/home/ak58925/agentCtx-summarization/results/query-error-audit-20260907/details/00750.txt
terminalbench,main,devstral24b,di__b4k__trc-ss,hosted_vllm/mistralai/Devstral-Small-2-24B-Instruct-2512,trc_structured_summarize,4000,0.5,git-workflow-hack,trc-ss,run_1,priority,summary_marker_error,10,,/home/ak58925/agentCtx/ICLR_results/terminalbench/main/devstral24b/di__b4k__trc-ss/git-workflow-hack/trc-ss/run_1/trajectory.json,/home/ak58925/agentCtx-summarization/results/query-error-audit-20260907/details/00751.txt
terminalbench,main,devstral24b,di__b4k__trc-ss,hosted_vllm/mistralai/Devstral-Small-2-24B-Instruct-2512,trc_structured_summarize,4000,0.5,git-workflow-hack,trc-ss,run_2,priority,summary_marker_error,2,,/home/ak58925/agentCtx/ICLR_results/terminalbench/main/devstral24b/di__b4k__trc-ss/git-workflow-hack/trc-ss/run_2/trajectory.json,/home/ak58925/agentCtx-summarization/results/query-error-audit-20260907/details/00752.txt
terminalbench,main,devstral24b,di__b4k__trc-ss,hosted_vllm/mistralai/Devstral-Small-2-24B-Instruct-2512,trc_structured_summarize,4000,0.5,git-workflow-hack,trc-ss,run_3,priority,summary_marker_error,6,,/home/ak58925/agentCtx/ICLR_results/terminalbench/main/devstral24b/di__b4k__trc-ss/git-workflow-hack/trc-ss/run_3/trajectory.json,/home/ak58925/agentCtx-summarization/results/query-error-audit-20260907/details/00753.txt
terminalbench,main,devstral24b,di__b4k__trc-ss,hosted_vllm/mistralai/Devstral-Small-2-24B-Instruct-2512,trc_structured_summarize,4000,0.5,heterogeneous-dates,trc-ss,run_1,priority,summary_marker_error,7,,/home/ak58925/agentCtx/ICLR_results/terminalbench/main/devstral24b/di__b4k__trc-ss/heterogeneous-dates/trc-ss/run_1/trajectory.json,/home/ak58925/agentCtx-summarization/results/query-error-audit-20260907/details/00754.txt
terminalbench,main,devstral24b,di__b4k__trc-ss,hosted_vllm/mistralai/Devstral-Small-2-24B-Instruct-2512,trc_structured_summarize,4000,0.5,hf-model-inference,trc-ss,run_2,priority,summary_marker_error,1,,/home/ak58925/agentCtx/ICLR_results/terminalbench/main/devstral24b/di__b4k__trc-ss/hf-model-inference/trc-ss/run_2/trajectory.json,/home/ak58925/agentCtx-summarization/results/query-error-audit-20260907/details/00756.txt
terminalbench,main,devstral24b,di__b4k__trc-ss,hosted_vllm/mistralai/Devstral-Small-2-24B-Instruct-2512,trc_structured_summarize,4000,0.5,incompatible-python-fasttext,trc-ss,run_3,priority,summary_marker_error,3,,/home/ak58925/agentCtx/ICLR_results/terminalbench/main/devstral24b/di__b4k__trc-ss/incompatible-python-fasttext/trc-ss/run_3/trajectory.json,/home/ak58925/agentCtx-summarization/results/query-error-audit-20260907/details/00757.txt
terminalbench,main,devstral24b,di__b4k__trc-ss,hosted_vllm/mistralai/Devstral-Small-2-24B-Instruct-2512,trc_structured_summarize,4000,0.5,intrusion-detection,trc-ss,run_1,priority,summary_marker_error,167,,/home/ak58925/agentCtx/ICLR_results/terminalbench/main/devstral24b/di__b4k__trc-ss/intrusion-detection/trc-ss/run_1/trajectory.json,/home/ak58925/agentCtx-summarization/results/query-error-audit-20260907/details/00758.txt
terminalbench,main,devstral24b,di__b4k__trc-ss,hosted_vllm/mistralai/Devstral-Small-2-24B-Instruct-2512,trc_structured_summarize,4000,0.5,intrusion-detection,trc-ss,run_2,priority,summary_marker_error,18,,/home/ak58925/agentCtx/ICLR_results/terminalbench/main/devstral24b/di__b4k__trc-ss/intrusion-detection/trc-ss/run_2/trajectory.json,/home/ak58925/agentCtx-summarization/results/query-error-audit-20260907/details/00759.txt
terminalbench,main,devstral24b,di__b4k__trc-ss,hosted_vllm/mistralai/Devstral-Small-2-24B-Instruct-2512,trc_structured_summarize,4000,0.5,intrusion-detection,trc-ss,run_3,priority,summary_marker_error,1,,/home/ak58925/agentCtx/ICLR_results/terminalbench/main/devstral24b/di__b4k__trc-ss/intrusion-detection/trc-ss/run_3/trajectory.json,/home/ak58925/agentCtx-summarization/results/query-error-audit-20260907/details/00760.txt
terminalbench,main,devstral24b,di__b4k__trc-ss,hosted_vllm/mistralai/Devstral-Small-2-24B-Instruct-2512,trc_structured_summarize,4000,0.5,password-recovery,trc-ss,run_1,priority,summary_marker_error,26,,/home/ak58925/agentCtx/ICLR_results/terminalbench/main/devstral24b/di__b4k__trc-ss/password-recovery/trc-ss/run_1/trajectory.json,/home/ak58925/agentCtx-summarization/results/query-error-audit-20260907/details/00764.txt
terminalbench,main,devstral24b,di__b4k__trc-ss,hosted_vllm/mistralai/Devstral-Small-2-24B-Instruct-2512,trc_structured_summarize,4000,0.5,password-recovery,trc-ss,run_2,priority,summary_marker_error,12,,/home/ak58925/agentCtx/ICLR_results/terminalbench/main/devstral24b/di__b4k__trc-ss/password-recovery/trc-ss/run_2/trajectory.json,/home/ak58925/agentCtx-summarization/results/query-error-audit-20260907/details/00765.txt
terminalbench,main,devstral24b,di__b4k__trc-ss,hosted_vllm/mistralai/Devstral-Small-2-24B-Instruct-2512,trc_structured_summarize,4000,0.5,path-tracing-reverse,trc-ss,run_3,priority,summary_marker_error,1,,/home/ak58925/agentCtx/ICLR_results/terminalbench/main/devstral24b/di__b4k__trc-ss/path-tracing-reverse/trc-ss/run_3/trajectory.json,/home/ak58925/agentCtx-summarization/results/query-error-audit-20260907/details/00766.txt
terminalbench,main,devstral24b,di__b4k__trc-ss,hosted_vllm/mistralai/Devstral-Small-2-24B-Instruct-2512,trc_structured_summarize,4000,0.5,pytorch-model-cli.hard,trc-ss,run_1,priority,summary_marker_error,195,,/home/ak58925/agentCtx/ICLR_results/terminalbench/main/devstral24b/di__b4k__trc-ss/pytorch-model-cli.hard/trc-ss/run_1/trajectory.json,/home/ak58925/agentCtx-summarization/results/query-error-audit-20260907/details/00767.txt
terminalbench,main,devstral24b,di__b4k__trc-ss,hosted_vllm/mistralai/Devstral-Small-2-24B-Instruct-2512,trc_structured_summarize,4000,0.5,pytorch-model-cli.hard,trc-ss,run_3,priority,summary_marker_error,8,,/home/ak58925/agentCtx/ICLR_results/terminalbench/main/devstral24b/di__b4k__trc-ss/pytorch-model-cli.hard/trc-ss/run_3/trajectory.json,/home/ak58925/agentCtx-summarization/results/query-error-audit-20260907/details/00768.txt
terminalbench,main,devstral24b,di__b4k__trc-ss,hosted_vllm/mistralai/Devstral-Small-2-24B-Instruct-2512,trc_structured_summarize,4000,0.5,qemu-alpine-ssh,trc-ss,run_1,priority,summary_marker_error,70,,/home/ak58925/agentCtx/ICLR_results/terminalbench/main/devstral24b/di__b4k__trc-ss/qemu-alpine-ssh/trc-ss/run_1/trajectory.json,/home/ak58925/agentCtx-summarization/results/query-error-audit-20260907/details/00769.txt
terminalbench,main,devstral24b,di__b4k__trc-ss,hosted_vllm/mistralai/Devstral-Small-2-24B-Instruct-2512,trc_structured_summarize,4000,0.5,qemu-alpine-ssh,trc-ss,run_2,priority,summary_marker_error,18,,/home/ak58925/agentCtx/ICLR_results/terminalbench/main/devstral24b/di__b4k__trc-ss/qemu-alpine-ssh/trc-ss/run_2/trajectory.json,/home/ak58925/agentCtx-summarization/results/query-error-audit-20260907/details/00770.txt
terminalbench,main,devstral24b,di__b4k__trc-ss,hosted_vllm/mistralai/Devstral-Small-2-24B-Instruct-2512,trc_structured_summarize,4000,0.5,qemu-alpine-ssh,trc-ss,run_3,priority,summary_marker_error,27,,/home/ak58925/agentCtx/ICLR_results/terminalbench/main/devstral24b/di__b4k__trc-ss/qemu-alpine-ssh/trc-ss/run_3/trajectory.json,/home/ak58925/agentCtx-summarization/results/query-error-audit-20260907/details/00771.txt
terminalbench,main,devstral24b,di__b4k__trc-ss,hosted_vllm/mistralai/Devstral-Small-2-24B-Instruct-2512,trc_structured_summarize,4000,0.5,qemu-startup,trc-ss,run_1,priority,summary_marker_error,15,,/home/ak58925/agentCtx/ICLR_results/terminalbench/main/devstral24b/di__b4k__trc-ss/qemu-startup/trc-ss/run_1/trajectory.json,/home/ak58925/agentCtx-summarization/results/query-error-audit-20260907/details/00772.txt
terminalbench,main,devstral24b,di__b4k__trc-ss,hosted_vllm/mistralai/Devstral-Small-2-24B-Instruct-2512,trc_structured_summarize,4000,0.5,qemu-startup,trc-ss,run_2,priority,summary_marker_error,43,,/home/ak58925/agentCtx/ICLR_results/terminalbench/main/devstral24b/di__b4k__trc-ss/qemu-startup/trc-ss/run_2/trajectory.json,/home/ak58925/agentCtx-summarization/results/query-error-audit-20260907/details/00773.txt
terminalbench,main,devstral24b,di__b4k__trc-ss,hosted_vllm/mistralai/Devstral-Small-2-24B-Instruct-2512,trc_structured_summarize,4000,0.5,qemu-startup,trc-ss,run_3,priority,summary_marker_error,17,,/home/ak58925/agentCtx/ICLR_results/terminalbench/main/devstral24b/di__b4k__trc-ss/qemu-startup/trc-ss/run_3/trajectory.json,/home/ak58925/agentCtx-summarization/results/query-error-audit-20260907/details/00774.txt
terminalbench,main,devstral24b,di__b4k__trc-ss,hosted_vllm/mistralai/Devstral-Small-2-24B-Instruct-2512,trc_structured_summarize,4000,0.5,raman-fitting.easy,trc-ss,run_1,priority,summary_marker_error,347,,/home/ak58925/agentCtx/ICLR_results/terminalbench/main/devstral24b/di__b4k__trc-ss/raman-fitting.easy/trc-ss/run_1/trajectory.json,/home/ak58925/agentCtx-summarization/results/query-error-audit-20260907/details/00775.txt
terminalbench,main,devstral24b,di__b4k__trc-ss,hosted_vllm/mistralai/Devstral-Small-2-24B-Instruct-2512,trc_structured_summarize,4000,0.5,raman-fitting.easy,trc-ss,run_2,priority,summary_marker_error,45,,/home/ak58925/agentCtx/ICLR_results/terminalbench/main/devstral24b/di__b4k__trc-ss/raman-fitting.easy/trc-ss/run_2/trajectory.json,/home/ak58925/agentCtx-summarization/results/query-error-audit-20260907/details/00776.txt
terminalbench,main,devstral24b,di__b4k__trc-ss,hosted_vllm/mistralai/Devstral-Small-2-24B-Instruct-2512,trc_structured_summarize,4000,0.5,sanitize-git-repo,trc-ss,run_1,priority,summary_marker_error,88,,/home/ak58925/agentCtx/ICLR_results/terminalbench/main/devstral24b/di__b4k__trc-ss/sanitize-git-repo/trc-ss/run_1/trajectory.json,/home/ak58925/agentCtx-summarization/results/query-error-audit-20260907/details/00778.txt
terminalbench,main,devstral24b,di__b4k__trc-ss,hosted_vllm/mistralai/Devstral-Small-2-24B-Instruct-2512,trc_structured_summarize,4000,0.5,sanitize-git-repo,trc-ss,run_2,priority,summary_marker_error,15,,/home/ak58925/agentCtx/ICLR_results/terminalbench/main/devstral24b/di__b4k__trc-ss/sanitize-git-repo/trc-ss/run_2/trajectory.json,/home/ak58925/agentCtx-summarization/results/query-error-audit-20260907/details/00779.txt
terminalbench,main,devstral24b,di__b4k__trc-ss,hosted_vllm/mistralai/Devstral-Small-2-24B-Instruct-2512,trc_structured_summarize,4000,0.5,sanitize-git-repo.hard,trc-ss,run_1,priority,summary_marker_error,27,,/home/ak58925/agentCtx/ICLR_results/terminalbench/main/devstral24b/di__b4k__trc-ss/sanitize-git-repo.hard/trc-ss/run_1/trajectory.json,/home/ak58925/agentCtx-summarization/results/query-error-audit-20260907/details/00780.txt
terminalbench,main,devstral24b,di__b4k__trc-ss,hosted_vllm/mistralai/Devstral-Small-2-24B-Instruct-2512,trc_structured_summarize,4000,0.5,sanitize-git-repo.hard,trc-ss,run_2,priority,summary_marker_error,5,,/home/ak58925/agentCtx/ICLR_results/terminalbench/main/devstral24b/di__b4k__trc-ss/sanitize-git-repo.hard/trc-ss/run_2/trajectory.json,/home/ak58925/agentCtx-summarization/results/query-error-audit-20260907/details/00781.txt
terminalbench,main,devstral24b,di__b4k__trc-ss,hosted_vllm/mistralai/Devstral-Small-2-24B-Instruct-2512,trc_structured_summarize,4000,0.5,sanitize-git-repo.hard,trc-ss,run_3,priority,summary_marker_error,5,,/home/ak58925/agentCtx/ICLR_results/terminalbench/main/devstral24b/di__b4k__trc-ss/sanitize-git-repo.hard/trc-ss/run_3/trajectory.json,/home/ak58925/agentCtx-summarization/results/query-error-audit-20260907/details/00782.txt
terminalbench,main,devstral24b,di__b4k__trc-ss,hosted_vllm/mistralai/Devstral-Small-2-24B-Instruct-2512,trc_structured_summarize,4000,0.5,solana-data,trc-ss,run_1,priority,summary_marker_error,216,,/home/ak58925/agentCtx/ICLR_results/terminalbench/main/devstral24b/di__b4k__trc-ss/solana-data/trc-ss/run_1/trajectory.json,/home/ak58925/agentCtx-summarization/results/query-error-audit-20260907/details/00783.txt
terminalbench,main,devstral24b,di__b4k__trc-ss,hosted_vllm/mistralai/Devstral-Small-2-24B-Instruct-2512,trc_structured_summarize,4000,0.5,solana-data,trc-ss,run_2,priority,summary_marker_error,12,,/home/ak58925/agentCtx/ICLR_results/terminalbench/main/devstral24b/di__b4k__trc-ss/solana-data/trc-ss/run_2/trajectory.json,/home/ak58925/agentCtx-summarization/results/query-error-audit-20260907/details/00784.txt
terminalbench,main,devstral24b,di__b4k__trc-ss,hosted_vllm/mistralai/Devstral-Small-2-24B-Instruct-2512,trc_structured_summarize,4000,0.5,solana-data,trc-ss,run_3,priority,summary_marker_error,4,,/home/ak58925/agentCtx/ICLR_results/terminalbench/main/devstral24b/di__b4k__trc-ss/solana-data/trc-ss/run_3/trajectory.json,/home/ak58925/agentCtx-summarization/results/query-error-audit-20260907/details/00785.txt
terminalbench,main,devstral24b,di__b4k__trc-ss,hosted_vllm/mistralai/Devstral-Small-2-24B-Instruct-2512,trc_structured_summarize,4000,0.5,sqlite-with-gcov,trc-ss,run_1,priority,summary_marker_error,61,,/home/ak58925/agentCtx/ICLR_results/terminalbench/main/devstral24b/di__b4k__trc-ss/sqlite-with-gcov/trc-ss/run_1/trajectory.json,/home/ak58925/agentCtx-summarization/results/query-error-audit-20260907/details/00786.txt
terminalbench,main,devstral24b,di__b4k__trc-ss,hosted_vllm/mistralai/Devstral-Small-2-24B-Instruct-2512,trc_structured_summarize,4000,0.5,sqlite-with-gcov,trc-ss,run_2,priority,summary_marker_error,11,,/home/ak58925/agentCtx/ICLR_results/terminalbench/main/devstral24b/di__b4k__trc-ss/sqlite-with-gcov/trc-ss/run_2/trajectory.json,/home/ak58925/agentCtx-summarization/results/query-error-audit-20260907/details/00787.txt
terminalbench,main,devstral24b,di__b4k__trc-ss,hosted_vllm/mistralai/Devstral-Small-2-24B-Instruct-2512,trc_structured_summarize,4000,0.5,sqlite-with-gcov,trc-ss,run_3,priority,summary_marker_error,8,,/home/ak58925/agentCtx/ICLR_results/terminalbench/main/devstral24b/di__b4k__trc-ss/sqlite-with-gcov/trc-ss/run_3/trajectory.json,/home/ak58925/agentCtx-summarization/results/query-error-audit-20260907/details/00788.txt
terminalbench,main,devstral24b,di__b4k__trc-ss,hosted_vllm/mistralai/Devstral-Small-2-24B-Instruct-2512,trc_structured_summarize,4000,0.5,super-benchmark-upet,trc-ss,run_1,priority,summary_marker_error,63,,/home/ak58925/agentCtx/ICLR_results/terminalbench/main/devstral24b/di__b4k__trc-ss/super-benchmark-upet/trc-ss/run_1/trajectory.json,/home/ak58925/agentCtx-summarization/results/query-error-audit-20260907/details/00789.txt
terminalbench,main,devstral24b,di__b4k__trc-ss,hosted_vllm/mistralai/Devstral-Small-2-24B-Instruct-2512,trc_structured_summarize,4000,0.5,super-benchmark-upet,trc-ss,run_2,priority,summary_marker_error,204,,/home/ak58925/agentCtx/ICLR_results/terminalbench/main/devstral24b/di__b4k__trc-ss/super-benchmark-upet/trc-ss/run_2/trajectory.json,/home/ak58925/agentCtx-summarization/results/query-error-audit-20260907/details/00790.txt
terminalbench,main,devstral24b,di__b4k__trc-ss,hosted_vllm/mistralai/Devstral-Small-2-24B-Instruct-2512,trc_structured_summarize,4000,0.5,super-benchmark-upet,trc-ss,run_3,priority,summary_marker_error,74,,/home/ak58925/agentCtx/ICLR_results/terminalbench/main/devstral24b/di__b4k__trc-ss/super-benchmark-upet/trc-ss/run_3/trajectory.json,/home/ak58925/agentCtx-summarization/results/query-error-audit-20260907/details/00791.txt
terminalbench,main,devstral24b,di__b4k__trc-ss,hosted_vllm/mistralai/Devstral-Small-2-24B-Instruct-2512,trc_structured_summarize,4000,0.5,swe-bench-astropy-2,trc-ss,run_1,priority,summary_marker_error,34,,/home/ak58925/agentCtx/ICLR_results/terminalbench/main/devstral24b/di__b4k__trc-ss/swe-bench-astropy-2/trc-ss/run_1/trajectory.json,/home/ak58925/agentCtx-summarization/results/query-error-audit-20260907/details/00792.txt
terminalbench,main,devstral24b,di__b4k__trc-ss,hosted_vllm/mistralai/Devstral-Small-2-24B-Instruct-2512,trc_structured_summarize,4000,0.5,swe-bench-astropy-2,trc-ss,run_2,priority,summary_marker_error,6,,/home/ak58925/agentCtx/ICLR_results/terminalbench/main/devstral24b/di__b4k__trc-ss/swe-bench-astropy-2/trc-ss/run_2/trajectory.json,/home/ak58925/agentCtx-summarization/results/query-error-audit-20260907/details/00793.txt
terminalbench,main,devstral24b,di__b4k__trc-ss,hosted_vllm/mistralai/Devstral-Small-2-24B-Instruct-2512,trc_structured_summarize,4000,0.5,swe-bench-astropy-2,trc-ss,run_3,priority,summary_marker_error,37,,/home/ak58925/agentCtx/ICLR_results/terminalbench/main/devstral24b/di__b4k__trc-ss/swe-bench-astropy-2/trc-ss/run_3/trajectory.json,/home/ak58925/agentCtx-summarization/results/query-error-audit-20260907/details/00794.txt
terminalbench,main,devstral24b,di__b4k__trc-ss,hosted_vllm/mistralai/Devstral-Small-2-24B-Instruct-2512,trc_structured_summarize,4000,0.5,swe-bench-fsspec,trc-ss,run_1,priority,summary_marker_error,178,,/home/ak58925/agentCtx/ICLR_results/terminalbench/main/devstral24b/di__b4k__trc-ss/swe-bench-fsspec/trc-ss/run_1/trajectory.json,/home/ak58925/agentCtx-summarization/results/query-error-audit-20260907/details/00795.txt
terminalbench,main,devstral24b,di__b4k__trc-ss,hosted_vllm/mistralai/Devstral-Small-2-24B-Instruct-2512,trc_structured_summarize,4000,0.5,swe-bench-fsspec,trc-ss,run_3,priority,summary_marker_error,64,,/home/ak58925/agentCtx/ICLR_results/terminalbench/main/devstral24b/di__b4k__trc-ss/swe-bench-fsspec/trc-ss/run_3/trajectory.json,/home/ak58925/agentCtx-summarization/results/query-error-audit-20260907/details/00796.txt
terminalbench,main,devstral24b,di__b4k__trc-ss,hosted_vllm/mistralai/Devstral-Small-2-24B-Instruct-2512,trc_structured_summarize,4000,0.5,write-compressor,trc-ss,run_1,priority,summary_marker_error,44,,/home/ak58925/agentCtx/ICLR_results/terminalbench/main/devstral24b/di__b4k__trc-ss/write-compressor/trc-ss/run_1/trajectory.json,/home/ak58925/agentCtx-summarization/results/query-error-audit-20260907/details/00799.txt
terminalbench,main,devstral24b,di__b4k__trc-ss,hosted_vllm/mistralai/Devstral-Small-2-24B-Instruct-2512,trc_structured_summarize,4000,0.5,write-compressor,trc-ss,run_2,priority,summary_marker_error,10,,/home/ak58925/agentCtx/ICLR_results/terminalbench/main/devstral24b/di__b4k__trc-ss/write-compressor/trc-ss/run_2/trajectory.json,/home/ak58925/agentCtx-summarization/results/query-error-audit-20260907/details/00800.txt
terminalbench,main,devstral24b,di__b4k__trc-ss,hosted_vllm/mistralai/Devstral-Small-2-24B-Instruct-2512,trc_structured_summarize,4000,0.5,write-compressor,trc-ss,run_3,priority,summary_marker_error,23,,/home/ak58925/agentCtx/ICLR_results/terminalbench/main/devstral24b/di__b4k__trc-ss/write-compressor/trc-ss/run_3/trajectory.json,/home/ak58925/agentCtx-summarization/results/query-error-audit-20260907/details/00801.txt
terminalbench,main,devstral24b,di__b4k__trc-su,hosted_vllm/mistralai/Devstral-Small-2-24B-Instruct-2512,trc_summarize,4000,0.5,download-youtube,trc-su,run_1,priority,summary_failure_accounting,0,2,/home/ak58925/agentCtx/ICLR_results/terminalbench/main/devstral24b/di__b4k__trc-su/download-youtube/trc-su/run_1/trajectory.json,/home/ak58925/agentCtx-summarization/results/query-error-audit-20260907/details/00802.txt
terminalbench,main,devstral24b,di__b4k__trc-su,hosted_vllm/mistralai/Devstral-Small-2-24B-Instruct-2512,trc_summarize,4000,0.5,eval-mteb,trc-su,run_3,priority,summary_failure_accounting,0,1,/home/ak58925/agentCtx/ICLR_results/terminalbench/main/devstral24b/di__b4k__trc-su/eval-mteb/trc-su/run_3/trajectory.json,/home/ak58925/agentCtx-summarization/results/query-error-audit-20260907/details/00803.txt
terminalbench,main,devstral24b,di__b4k__trc-su,hosted_vllm/mistralai/Devstral-Small-2-24B-Instruct-2512,trc_summarize,4000,0.5,eval-mteb.hard,trc-su,run_2,priority,summary_failure_accounting,0,1,/home/ak58925/agentCtx/ICLR_results/terminalbench/main/devstral24b/di__b4k__trc-su/eval-mteb.hard/trc-su/run_2/trajectory.json,/home/ak58925/agentCtx-summarization/results/query-error-audit-20260907/details/00804.txt
terminalbench,main,devstral24b,di__b4k__trc-su,hosted_vllm/mistralai/Devstral-Small-2-24B-Instruct-2512,trc_summarize,4000,0.5,fibonacci-server,trc-su,run_2,priority,summary_failure_accounting,0,3,/home/ak58925/agentCtx/ICLR_results/terminalbench/main/devstral24b/di__b4k__trc-su/fibonacci-server/trc-su/run_2/trajectory.json,/home/ak58925/agentCtx-summarization/results/query-error-audit-20260907/details/00806.txt
terminalbench,main,devstral24b,di__b4k__trc-su,hosted_vllm/mistralai/Devstral-Small-2-24B-Instruct-2512,trc_summarize,4000,0.5,sanitize-git-repo,trc-su,run_2,priority,summary_failure_accounting,0,1,/home/ak58925/agentCtx/ICLR_results/terminalbench/main/devstral24b/di__b4k__trc-su/sanitize-git-repo/trc-su/run_2/trajectory.json,/home/ak58925/agentCtx-summarization/results/query-error-audit-20260907/details/00812.txt
terminalbench,main,devstral24b,di__b4k__trc-su,hosted_vllm/mistralai/Devstral-Small-2-24B-Instruct-2512,trc_summarize,4000,0.5,sanitize-git-repo.hard,trc-su,run_3,priority,summary_failure_accounting,0,1,/home/ak58925/agentCtx/ICLR_results/terminalbench/main/devstral24b/di__b4k__trc-su/sanitize-git-repo.hard/trc-su/run_3/trajectory.json,/home/ak58925/agentCtx-summarization/results/query-error-audit-20260907/details/00813.txt
terminalbench,main,devstral24b,di__b4k__trc-su,hosted_vllm/mistralai/Devstral-Small-2-24B-Instruct-2512,trc_summarize,4000,0.5,sqlite-with-gcov,trc-su,run_1,priority,summary_failure_accounting,0,1,/home/ak58925/agentCtx/ICLR_results/terminalbench/main/devstral24b/di__b4k__trc-su/sqlite-with-gcov/trc-su/run_1/trajectory.json,/home/ak58925/agentCtx-summarization/results/query-error-audit-20260907/details/00814.txt
terminalbench,main,devstral24b,di__b4k__trc-su,hosted_vllm/mistralai/Devstral-Small-2-24B-Instruct-2512,trc_summarize,4000,0.5,super-benchmark-upet,trc-su,run_1,probable,summary_related_response,0,0,/home/ak58925/agentCtx/ICLR_results/terminalbench/main/devstral24b/di__b4k__trc-su/super-benchmark-upet/trc-su/run_1/trajectory.json,/home/ak58925/agentCtx-summarization/results/query-error-audit-20260907/details/00815.txt
terminalbench,main,devstral24b,di__b4k__trc-su,hosted_vllm/mistralai/Devstral-Small-2-24B-Instruct-2512,trc_summarize,4000,0.5,super-benchmark-upet,trc-su,run_3,probable,summary_related_response,0,0,/home/ak58925/agentCtx/ICLR_results/terminalbench/main/devstral24b/di__b4k__trc-su/super-benchmark-upet/trc-su/run_3/trajectory.json,/home/ak58925/agentCtx-summarization/results/query-error-audit-20260907/details/00816.txt
terminalbench,main,devstral24b,di__b4k__trc-su,hosted_vllm/mistralai/Devstral-Small-2-24B-Instruct-2512,trc_summarize,4000,0.5,swe-bench-astropy-2,trc-su,run_3,probable,summary_related_response,0,0,/home/ak58925/agentCtx/ICLR_results/terminalbench/main/devstral24b/di__b4k__trc-su/swe-bench-astropy-2/trc-su/run_3/trajectory.json,/home/ak58925/agentCtx-summarization/results/query-error-audit-20260907/details/00817.txt
terminalbench,main,glm47flash,d05__b3k__ss,hosted_vllm/zai-org/GLM-4.7-Flash,structured_summarize,3000,0.5,blind-maze-explorer-5x5,structured-summarize,run_1,priority,summary_marker_error,7,,/home/ak58925/agentCtx/ICLR_results/terminalbench/main/glm47flash/d05__b3k__ss/blind-maze-explorer-5x5/structured-summarize/run_1/trajectory.json,/home/ak58925/agentCtx-summarization/results/query-error-audit-20260907/details/00883.txt
terminalbench,main,glm47flash,d05__b3k__ss,hosted_vllm/zai-org/GLM-4.7-Flash,structured_summarize,3000,0.5,blind-maze-explorer-5x5,structured-summarize,run_3,priority,summary_marker_error,26,,/home/ak58925/agentCtx/ICLR_results/terminalbench/main/glm47flash/d05__b3k__ss/blind-maze-explorer-5x5/structured-summarize/run_3/trajectory.json,/home/ak58925/agentCtx-summarization/results/query-error-audit-20260907/details/00884.txt
terminalbench,main,glm47flash,d05__b3k__ss,hosted_vllm/zai-org/GLM-4.7-Flash,structured_summarize,3000,0.5,blind-maze-explorer-algorithm,structured-summarize,run_1,priority,summary_marker_error,21,,/home/ak58925/agentCtx/ICLR_results/terminalbench/main/glm47flash/d05__b3k__ss/blind-maze-explorer-algorithm/structured-summarize/run_1/trajectory.json,/home/ak58925/agentCtx-summarization/results/query-error-audit-20260907/details/00885.txt
terminalbench,main,glm47flash,d05__b3k__ss,hosted_vllm/zai-org/GLM-4.7-Flash,structured_summarize,3000,0.5,blind-maze-explorer-algorithm,structured-summarize,run_2,priority,summary_marker_error,32,,/home/ak58925/agentCtx/ICLR_results/terminalbench/main/glm47flash/d05__b3k__ss/blind-maze-explorer-algorithm/structured-summarize/run_2/trajectory.json,/home/ak58925/agentCtx-summarization/results/query-error-audit-20260907/details/00886.txt
terminalbench,main,glm47flash,d05__b3k__ss,hosted_vllm/zai-org/GLM-4.7-Flash,structured_summarize,3000,0.5,blind-maze-explorer-algorithm,structured-summarize,run_3,priority,summary_marker_error,37,,/home/ak58925/agentCtx/ICLR_results/terminalbench/main/glm47flash/d05__b3k__ss/blind-maze-explorer-algorithm/structured-summarize/run_3/trajectory.json,/home/ak58925/agentCtx-summarization/results/query-error-audit-20260907/details/00887.txt
terminalbench,main,glm47flash,d05__b3k__ss,hosted_vllm/zai-org/GLM-4.7-Flash,structured_summarize,3000,0.5,cartpole-rl-training,structured-summarize,run_2,priority,summary_marker_error,6,,/home/ak58925/agentCtx/ICLR_results/terminalbench/main/glm47flash/d05__b3k__ss/cartpole-rl-training/structured-summarize/run_2/trajectory.json,/home/ak58925/agentCtx-summarization/results/query-error-audit-20260907/details/00888.txt
terminalbench,main,glm47flash,d05__b3k__ss,hosted_vllm/zai-org/GLM-4.7-Flash,structured_summarize,3000,0.5,cartpole-rl-training,structured-summarize,run_3,priority,summary_marker_error,1,,/home/ak58925/agentCtx/ICLR_results/terminalbench/main/glm47flash/d05__b3k__ss/cartpole-rl-training/structured-summarize/run_3/trajectory.json,/home/ak58925/agentCtx-summarization/results/query-error-audit-20260907/details/00889.txt
terminalbench,main,glm47flash,d05__b3k__ss,hosted_vllm/zai-org/GLM-4.7-Flash,structured_summarize,3000,0.5,count-dataset-tokens,structured-summarize,run_1,priority,summary_marker_error,27,,/home/ak58925/agentCtx/ICLR_results/terminalbench/main/glm47flash/d05__b3k__ss/count-dataset-tokens/structured-summarize/run_1/trajectory.json,/home/ak58925/agentCtx-summarization/results/query-error-audit-20260907/details/00890.txt
terminalbench,main,glm47flash,d05__b3k__ss,hosted_vllm/zai-org/GLM-4.7-Flash,structured_summarize,3000,0.5,count-dataset-tokens,structured-summarize,run_2,priority,summary_marker_error,28,,/home/ak58925/agentCtx/ICLR_results/terminalbench/main/glm47flash/d05__b3k__ss/count-dataset-tokens/structured-summarize/run_2/trajectory.json,/home/ak58925/agentCtx-summarization/results/query-error-audit-20260907/details/00891.txt
terminalbench,main,glm47flash,d05__b3k__ss,hosted_vllm/zai-org/GLM-4.7-Flash,structured_summarize,3000,0.5,count-dataset-tokens,structured-summarize,run_3,priority,summary_marker_error,24,,/home/ak58925/agentCtx/ICLR_results/terminalbench/main/glm47flash/d05__b3k__ss/count-dataset-tokens/structured-summarize/run_3/trajectory.json,/home/ak58925/agentCtx-summarization/results/query-error-audit-20260907/details/00892.txt
terminalbench,main,glm47flash,d05__b3k__ss,hosted_vllm/zai-org/GLM-4.7-Flash,structured_summarize,3000,0.5,crack-7z-hash.hard,structured-summarize,run_1,priority,summary_marker_error,5,,/home/ak58925/agentCtx/ICLR_results/terminalbench/main/glm47flash/d05__b3k__ss/crack-7z-hash.hard/structured-summarize/run_1/trajectory.json,/home/ak58925/agentCtx-summarization/results/query-error-audit-20260907/details/00893.txt
terminalbench,main,glm47flash,d05__b3k__ss,hosted_vllm/zai-org/GLM-4.7-Flash,structured_summarize,3000,0.5,crack-7z-hash.hard,structured-summarize,run_2,priority,summary_marker_error,9,,/home/ak58925/agentCtx/ICLR_results/terminalbench/main/glm47flash/d05__b3k__ss/crack-7z-hash.hard/structured-summarize/run_2/trajectory.json,/home/ak58925/agentCtx-summarization/results/query-error-audit-20260907/details/00894.txt
terminalbench,main,glm47flash,d05__b3k__ss,hosted_vllm/zai-org/GLM-4.7-Flash,structured_summarize,3000,0.5,csv-to-parquet,structured-summarize,run_1,priority,summary_marker_error,9,,/home/ak58925/agentCtx/ICLR_results/terminalbench/main/glm47flash/d05__b3k__ss/csv-to-parquet/structured-summarize/run_1/trajectory.json,/home/ak58925/agentCtx-summarization/results/query-error-audit-20260907/details/00895.txt
terminalbench,main,glm47flash,d05__b3k__ss,hosted_vllm/zai-org/GLM-4.7-Flash,structured_summarize,3000,0.5,csv-to-parquet,structured-summarize,run_2,priority,summary_marker_error,7,,/home/ak58925/agentCtx/ICLR_results/terminalbench/main/glm47flash/d05__b3k__ss/csv-to-parquet/structured-summarize/run_2/trajectory.json,/home/ak58925/agentCtx-summarization/results/query-error-audit-20260907/details/00896.txt
terminalbench,main,glm47flash,d05__b3k__ss,hosted_vllm/zai-org/GLM-4.7-Flash,structured_summarize,3000,0.5,csv-to-parquet,structured-summarize,run_3,priority,summary_marker_error,3,,/home/ak58925/agentCtx/ICLR_results/terminalbench/main/glm47flash/d05__b3k__ss/csv-to-parquet/structured-summarize/run_3/trajectory.json,/home/ak58925/agentCtx-summarization/results/query-error-audit-20260907/details/00897.txt
terminalbench,main,glm47flash,d05__b3k__ss,hosted_vllm/zai-org/GLM-4.7-Flash,structured_summarize,3000,0.5,download-youtube,structured-summarize,run_1,priority,summary_marker_error,7,,/home/ak58925/agentCtx/ICLR_results/terminalbench/main/glm47flash/d05__b3k__ss/download-youtube/structured-summarize/run_1/trajectory.json,/home/ak58925/agentCtx-summarization/results/query-error-audit-20260907/details/00898.txt
terminalbench,main,glm47flash,d05__b3k__ss,hosted_vllm/zai-org/GLM-4.7-Flash,structured_summarize,3000,0.5,download-youtube,structured-summarize,run_2,priority,summary_failure_accounting,0,3,/home/ak58925/agentCtx/ICLR_results/terminalbench/main/glm47flash/d05__b3k__ss/download-youtube/structured-summarize/run_2/trajectory.json,/home/ak58925/agentCtx-summarization/results/query-error-audit-20260907/details/00899.txt
terminalbench,main,glm47flash,d05__b3k__ss,hosted_vllm/zai-org/GLM-4.7-Flash,structured_summarize,3000,0.5,download-youtube,structured-summarize,run_3,priority,summary_marker_error,2,,/home/ak58925/agentCtx/ICLR_results/terminalbench/main/glm47flash/d05__b3k__ss/download-youtube/structured-summarize/run_3/trajectory.json,/home/ak58925/agentCtx-summarization/results/query-error-audit-20260907/details/00900.txt
terminalbench,main,glm47flash,d05__b3k__ss,hosted_vllm/zai-org/GLM-4.7-Flash,structured_summarize,3000,0.5,eval-mteb,structured-summarize,run_1,priority,summary_marker_error,28,,/home/ak58925/agentCtx/ICLR_results/terminalbench/main/glm47flash/d05__b3k__ss/eval-mteb/structured-summarize/run_1/trajectory.json,/home/ak58925/agentCtx-summarization/results/query-error-audit-20260907/details/00901.txt
terminalbench,main,glm47flash,d05__b3k__ss,hosted_vllm/zai-org/GLM-4.7-Flash,structured_summarize,3000,0.5,eval-mteb,structured-summarize,run_2,priority,summary_marker_error,9,,/home/ak58925/agentCtx/ICLR_results/terminalbench/main/glm47flash/d05__b3k__ss/eval-mteb/structured-summarize/run_2/trajectory.json,/home/ak58925/agentCtx-summarization/results/query-error-audit-20260907/details/00902.txt
terminalbench,main,glm47flash,d05__b3k__ss,hosted_vllm/zai-org/GLM-4.7-Flash,structured_summarize,3000,0.5,eval-mteb.hard,structured-summarize,run_3,priority,summary_marker_error,6,,/home/ak58925/agentCtx/ICLR_results/terminalbench/main/glm47flash/d05__b3k__ss/eval-mteb.hard/structured-summarize/run_3/trajectory.json,/home/ak58925/agentCtx-summarization/results/query-error-audit-20260907/details/00903.txt
terminalbench,main,glm47flash,d05__b3k__ss,hosted_vllm/zai-org/GLM-4.7-Flash,structured_summarize,3000,0.5,extract-moves-from-video,structured-summarize,run_1,priority,summary_marker_error,3,,/home/ak58925/agentCtx/ICLR_results/terminalbench/main/glm47flash/d05__b3k__ss/extract-moves-from-video/structured-summarize/run_1/trajectory.json,/home/ak58925/agentCtx-summarization/results/query-error-audit-20260907/details/00904.txt
terminalbench,main,glm47flash,d05__b3k__ss,hosted_vllm/zai-org/GLM-4.7-Flash,structured_summarize,3000,0.5,extract-moves-from-video,structured-summarize,run_2,priority,summary_marker_error,7,,/home/ak58925/agentCtx/ICLR_results/terminalbench/main/glm47flash/d05__b3k__ss/extract-moves-from-video/structured-summarize/run_2/trajectory.json,/home/ak58925/agentCtx-summarization/results/query-error-audit-20260907/details/00905.txt
terminalbench,main,glm47flash,d05__b3k__ss,hosted_vllm/zai-org/GLM-4.7-Flash,structured_summarize,3000,0.5,fibonacci-server,structured-summarize,run_3,priority,summary_marker_error,12,,/home/ak58925/agentCtx/ICLR_results/terminalbench/main/glm47flash/d05__b3k__ss/fibonacci-server/structured-summarize/run_3/trajectory.json,/home/ak58925/agentCtx-summarization/results/query-error-audit-20260907/details/00906.txt
terminalbench,main,glm47flash,d05__b3k__ss,hosted_vllm/zai-org/GLM-4.7-Flash,structured_summarize,3000,0.5,fix-git,structured-summarize,run_1,priority,summary_marker_error,12,,/home/ak58925/agentCtx/ICLR_results/terminalbench/main/glm47flash/d05__b3k__ss/fix-git/structured-summarize/run_1/trajectory.json,/home/ak58925/agentCtx-summarization/results/query-error-audit-20260907/details/00907.txt
terminalbench,main,glm47flash,d05__b3k__ss,hosted_vllm/zai-org/GLM-4.7-Flash,structured_summarize,3000,0.5,fix-git,structured-summarize,run_2,priority,summary_marker_error,17,,/home/ak58925/agentCtx/ICLR_results/terminalbench/main/glm47flash/d05__b3k__ss/fix-git/structured-summarize/run_2/trajectory.json,/home/ak58925/agentCtx-summarization/results/query-error-audit-20260907/details/00908.txt
terminalbench,main,glm47flash,d05__b3k__ss,hosted_vllm/zai-org/GLM-4.7-Flash,structured_summarize,3000,0.5,git-workflow-hack,structured-summarize,run_2,priority,summary_failure_accounting,0,1,/home/ak58925/agentCtx/ICLR_results/terminalbench/main/glm47flash/d05__b3k__ss/git-workflow-hack/structured-summarize/run_2/trajectory.json,/home/ak58925/agentCtx-summarization/results/query-error-audit-20260907/details/00910.txt
terminalbench,main,glm47flash,d05__b3k__ss,hosted_vllm/zai-org/GLM-4.7-Flash,structured_summarize,3000,0.5,git-workflow-hack,structured-summarize,run_3,priority,summary_failure_accounting,0,3,/home/ak58925/agentCtx/ICLR_results/terminalbench/main/glm47flash/d05__b3k__ss/git-workflow-hack/structured-summarize/run_3/trajectory.json,/home/ak58925/agentCtx-summarization/results/query-error-audit-20260907/details/00911.txt
terminalbench,main,glm47flash,d05__b3k__ss,hosted_vllm/zai-org/GLM-4.7-Flash,structured_summarize,3000,0.5,gpt2-codegolf,structured-summarize,run_2,priority,summary_failure_accounting,0,2,/home/ak58925/agentCtx/ICLR_results/terminalbench/main/glm47flash/d05__b3k__ss/gpt2-codegolf/structured-summarize/run_2/trajectory.json,/home/ak58925/agentCtx-summarization/results/query-error-audit-20260907/details/00912.txt
terminalbench,main,glm47flash,d05__b3k__ss,hosted_vllm/zai-org/GLM-4.7-Flash,structured_summarize,3000,0.5,gpt2-codegolf,structured-summarize,run_3,priority,summary_marker_error,8,,/home/ak58925/agentCtx/ICLR_results/terminalbench/main/glm47flash/d05__b3k__ss/gpt2-codegolf/structured-summarize/run_3/trajectory.json,/home/ak58925/agentCtx-summarization/results/query-error-audit-20260907/details/00913.txt
terminalbench,main,glm47flash,d05__b3k__ss,hosted_vllm/zai-org/GLM-4.7-Flash,structured_summarize,3000,0.5,heterogeneous-dates,structured-summarize,run_1,priority,summary_failure_accounting,0,1,/home/ak58925/agentCtx/ICLR_results/terminalbench/main/glm47flash/d05__b3k__ss/heterogeneous-dates/structured-summarize/run_1/trajectory.json,/home/ak58925/agentCtx-summarization/results/query-error-audit-20260907/details/00914.txt
terminalbench,main,glm47flash,d05__b3k__ss,hosted_vllm/zai-org/GLM-4.7-Flash,structured_summarize,3000,0.5,heterogeneous-dates,structured-summarize,run_2,priority,summary_marker_error,12,,/home/ak58925/agentCtx/ICLR_results/terminalbench/main/glm47flash/d05__b3k__ss/heterogeneous-dates/structured-summarize/run_2/trajectory.json,/home/ak58925/agentCtx-summarization/results/query-error-audit-20260907/details/00915.txt
terminalbench,main,glm47flash,d05__b3k__ss,hosted_vllm/zai-org/GLM-4.7-Flash,structured_summarize,3000,0.5,heterogeneous-dates,structured-summarize,run_3,priority,summary_failure_accounting,0,3,/home/ak58925/agentCtx/ICLR_results/terminalbench/main/glm47flash/d05__b3k__ss/heterogeneous-dates/structured-summarize/run_3/trajectory.json,/home/ak58925/agentCtx-summarization/results/query-error-audit-20260907/details/00916.txt
terminalbench,main,glm47flash,d05__b3k__ss,hosted_vllm/zai-org/GLM-4.7-Flash,structured_summarize,3000,0.5,hf-model-inference,structured-summarize,run_2,priority,summary_marker_error,13,,/home/ak58925/agentCtx/ICLR_results/terminalbench/main/glm47flash/d05__b3k__ss/hf-model-inference/structured-summarize/run_2/trajectory.json,/home/ak58925/agentCtx-summarization/results/query-error-audit-20260907/details/00917.txt
terminalbench,main,glm47flash,d05__b3k__ss,hosted_vllm/zai-org/GLM-4.7-Flash,structured_summarize,3000,0.5,incompatible-python-fasttext,structured-summarize,run_1,priority,summary_marker_error,22,,/home/ak58925/agentCtx/ICLR_results/terminalbench/main/glm47flash/d05__b3k__ss/incompatible-python-fasttext/structured-summarize/run_1/trajectory.json,/home/ak58925/agentCtx-summarization/results/query-error-audit-20260907/details/00918.txt
terminalbench,main,glm47flash,d05__b3k__ss,hosted_vllm/zai-org/GLM-4.7-Flash,structured_summarize,3000,0.5,incompatible-python-fasttext,structured-summarize,run_2,priority,summary_marker_error,12,,/home/ak58925/agentCtx/ICLR_results/terminalbench/main/glm47flash/d05__b3k__ss/incompatible-python-fasttext/structured-summarize/run_2/trajectory.json,/home/ak58925/agentCtx-summarization/results/query-error-audit-20260907/details/00919.txt
terminalbench,main,glm47flash,d05__b3k__ss,hosted_vllm/zai-org/GLM-4.7-Flash,structured_summarize,3000,0.5,incompatible-python-fasttext,structured-summarize,run_3,priority,summary_marker_error,13,,/home/ak58925/agentCtx/ICLR_results/terminalbench/main/glm47flash/d05__b3k__ss/incompatible-python-fasttext/structured-summarize/run_3/trajectory.json,/home/ak58925/agentCtx-summarization/results/query-error-audit-20260907/details/00920.txt
terminalbench,main,glm47flash,d05__b3k__ss,hosted_vllm/zai-org/GLM-4.7-Flash,structured_summarize,3000,0.5,intrusion-detection,structured-summarize,run_1,priority,summary_marker_error,7,,/home/ak58925/agentCtx/ICLR_results/terminalbench/main/glm47flash/d05__b3k__ss/intrusion-detection/structured-summarize/run_1/trajectory.json,/home/ak58925/agentCtx-summarization/results/query-error-audit-20260907/details/00921.txt
terminalbench,main,glm47flash,d05__b3k__ss,hosted_vllm/zai-org/GLM-4.7-Flash,structured_summarize,3000,0.5,intrusion-detection,structured-summarize,run_2,priority,summary_marker_error,12,,/home/ak58925/agentCtx/ICLR_results/terminalbench/main/glm47flash/d05__b3k__ss/intrusion-detection/structured-summarize/run_2/trajectory.json,/home/ak58925/agentCtx-summarization/results/query-error-audit-20260907/details/00922.txt
terminalbench,main,glm47flash,d05__b3k__ss,hosted_vllm/zai-org/GLM-4.7-Flash,structured_summarize,3000,0.5,intrusion-detection,structured-summarize,run_3,priority,summary_marker_error,5,,/home/ak58925/agentCtx/ICLR_results/terminalbench/main/glm47flash/d05__b3k__ss/intrusion-detection/structured-summarize/run_3/trajectory.json,/home/ak58925/agentCtx-summarization/results/query-error-audit-20260907/details/00923.txt
terminalbench,main,glm47flash,d05__b3k__ss,hosted_vllm/zai-org/GLM-4.7-Flash,structured_summarize,3000,0.5,password-recovery,structured-summarize,run_3,priority,summary_marker_error,5,,/home/ak58925/agentCtx/ICLR_results/terminalbench/main/glm47flash/d05__b3k__ss/password-recovery/structured-summarize/run_3/trajectory.json,/home/ak58925/agentCtx-summarization/results/query-error-audit-20260907/details/00924.txt
terminalbench,main,glm47flash,d05__b3k__ss,hosted_vllm/zai-org/GLM-4.7-Flash,structured_summarize,3000,0.5,path-tracing-reverse,structured-summarize,run_1,priority,summary_marker_error,12,,/home/ak58925/agentCtx/ICLR_results/terminalbench/main/glm47flash/d05__b3k__ss/path-tracing-reverse/structured-summarize/run_1/trajectory.json,/home/ak58925/agentCtx-summarization/results/query-error-audit-20260907/details/00925.txt
terminalbench,main,glm47flash,d05__b3k__ss,hosted_vllm/zai-org/GLM-4.7-Flash,structured_summarize,3000,0.5,path-tracing-reverse,structured-summarize,run_2,priority,summary_marker_error,11,,/home/ak58925/agentCtx/ICLR_results/terminalbench/main/glm47flash/d05__b3k__ss/path-tracing-reverse/structured-summarize/run_2/trajectory.json,/home/ak58925/agentCtx-summarization/results/query-error-audit-20260907/details/00926.txt
terminalbench,main,glm47flash,d05__b3k__ss,hosted_vllm/zai-org/GLM-4.7-Flash,structured_summarize,3000,0.5,path-tracing-reverse,structured-summarize,run_3,priority,summary_marker_error,2,,/home/ak58925/agentCtx/ICLR_results/terminalbench/main/glm47flash/d05__b3k__ss/path-tracing-reverse/structured-summarize/run_3/trajectory.json,/home/ak58925/agentCtx-summarization/results/query-error-audit-20260907/details/00927.txt
terminalbench,main,glm47flash,d05__b3k__ss,hosted_vllm/zai-org/GLM-4.7-Flash,structured_summarize,3000,0.5,processing-pipeline,structured-summarize,run_1,priority,summary_marker_error,16,,/home/ak58925/agentCtx/ICLR_results/terminalbench/main/glm47flash/d05__b3k__ss/processing-pipeline/structured-summarize/run_1/trajectory.json,/home/ak58925/agentCtx-summarization/results/query-error-audit-20260907/details/00928.txt
terminalbench,main,glm47flash,d05__b3k__ss,hosted_vllm/zai-org/GLM-4.7-Flash,structured_summarize,3000,0.5,processing-pipeline,structured-summarize,run_2,priority,summary_marker_error,16,,/home/ak58925/agentCtx/ICLR_results/terminalbench/main/glm47flash/d05__b3k__ss/processing-pipeline/structured-summarize/run_2/trajectory.json,/home/ak58925/agentCtx-summarization/results/query-error-audit-20260907/details/00929.txt
terminalbench,main,glm47flash,d05__b3k__ss,hosted_vllm/zai-org/GLM-4.7-Flash,structured_summarize,3000,0.5,prove-plus-comm,structured-summarize,run_1,priority,summary_failure_accounting,0,1,/home/ak58925/agentCtx/ICLR_results/terminalbench/main/glm47flash/d05__b3k__ss/prove-plus-comm/structured-summarize/run_1/trajectory.json,/home/ak58925/agentCtx-summarization/results/query-error-audit-20260907/details/00930.txt
terminalbench,main,glm47flash,d05__b3k__ss,hosted_vllm/zai-org/GLM-4.7-Flash,structured_summarize,3000,0.5,prove-plus-comm,structured-summarize,run_3,priority,summary_marker_error,26,,/home/ak58925/agentCtx/ICLR_results/terminalbench/main/glm47flash/d05__b3k__ss/prove-plus-comm/structured-summarize/run_3/trajectory.json,/home/ak58925/agentCtx-summarization/results/query-error-audit-20260907/details/00932.txt
terminalbench,main,glm47flash,d05__b3k__ss,hosted_vllm/zai-org/GLM-4.7-Flash,structured_summarize,3000,0.5,pytorch-model-cli.hard,structured-summarize,run_2,priority,summary_marker_error,2,,/home/ak58925/agentCtx/ICLR_results/terminalbench/main/glm47flash/d05__b3k__ss/pytorch-model-cli.hard/structured-summarize/run_2/trajectory.json,/home/ak58925/agentCtx-summarization/results/query-error-audit-20260907/details/00933.txt
terminalbench,main,glm47flash,d05__b3k__ss,hosted_vllm/zai-org/GLM-4.7-Flash,structured_summarize,3000,0.5,pytorch-model-cli.hard,structured-summarize,run_3,priority,summary_failure_accounting,0,1,/home/ak58925/agentCtx/ICLR_results/terminalbench/main/glm47flash/d05__b3k__ss/pytorch-model-cli.hard/structured-summarize/run_3/trajectory.json,/home/ak58925/agentCtx-summarization/results/query-error-audit-20260907/details/00934.txt
terminalbench,main,glm47flash,d05__b3k__ss,hosted_vllm/zai-org/GLM-4.7-Flash,structured_summarize,3000,0.5,qemu-alpine-ssh,structured-summarize,run_1,priority,summary_marker_error,2,,/home/ak58925/agentCtx/ICLR_results/terminalbench/main/glm47flash/d05__b3k__ss/qemu-alpine-ssh/structured-summarize/run_1/trajectory.json,/home/ak58925/agentCtx-summarization/results/query-error-audit-20260907/details/00935.txt
terminalbench,main,glm47flash,d05__b3k__ss,hosted_vllm/zai-org/GLM-4.7-Flash,structured_summarize,3000,0.5,qemu-alpine-ssh,structured-summarize,run_3,priority,summary_marker_error,7,,/home/ak58925/agentCtx/ICLR_results/terminalbench/main/glm47flash/d05__b3k__ss/qemu-alpine-ssh/structured-summarize/run_3/trajectory.json,/home/ak58925/agentCtx-summarization/results/query-error-audit-20260907/details/00936.txt
terminalbench,main,glm47flash,d05__b3k__ss,hosted_vllm/zai-org/GLM-4.7-Flash,structured_summarize,3000,0.5,qemu-startup,structured-summarize,run_1,priority,summary_marker_error,1,,/home/ak58925/agentCtx/ICLR_results/terminalbench/main/glm47flash/d05__b3k__ss/qemu-startup/structured-summarize/run_1/trajectory.json,/home/ak58925/agentCtx-summarization/results/query-error-audit-20260907/details/00937.txt
terminalbench,main,glm47flash,d05__b3k__ss,hosted_vllm/zai-org/GLM-4.7-Flash,structured_summarize,3000,0.5,qemu-startup,structured-summarize,run_2,priority,summary_marker_error,2,,/home/ak58925/agentCtx/ICLR_results/terminalbench/main/glm47flash/d05__b3k__ss/qemu-startup/structured-summarize/run_2/trajectory.json,/home/ak58925/agentCtx-summarization/results/query-error-audit-20260907/details/00938.txt
terminalbench,main,glm47flash,d05__b3k__ss,hosted_vllm/zai-org/GLM-4.7-Flash,structured_summarize,3000,0.5,qemu-startup,structured-summarize,run_3,priority,summary_marker_error,19,,/home/ak58925/agentCtx/ICLR_results/terminalbench/main/glm47flash/d05__b3k__ss/qemu-startup/structured-summarize/run_3/trajectory.json,/home/ak58925/agentCtx-summarization/results/query-error-audit-20260907/details/00939.txt
terminalbench,main,glm47flash,d05__b3k__ss,hosted_vllm/zai-org/GLM-4.7-Flash,structured_summarize,3000,0.5,sanitize-git-repo,structured-summarize,run_1,priority,summary_marker_error,1,,/home/ak58925/agentCtx/ICLR_results/terminalbench/main/glm47flash/d05__b3k__ss/sanitize-git-repo/structured-summarize/run_1/trajectory.json,/home/ak58925/agentCtx-summarization/results/query-error-audit-20260907/details/00940.txt
terminalbench,main,glm47flash,d05__b3k__ss,hosted_vllm/zai-org/GLM-4.7-Flash,structured_summarize,3000,0.5,sanitize-git-repo,structured-summarize,run_2,priority,summary_marker_error,2,,/home/ak58925/agentCtx/ICLR_results/terminalbench/main/glm47flash/d05__b3k__ss/sanitize-git-repo/structured-summarize/run_2/trajectory.json,/home/ak58925/agentCtx-summarization/results/query-error-audit-20260907/details/00941.txt
terminalbench,main,glm47flash,d05__b3k__ss,hosted_vllm/zai-org/GLM-4.7-Flash,structured_summarize,3000,0.5,sanitize-git-repo.hard,structured-summarize,run_1,priority,summary_failure_accounting,0,3,/home/ak58925/agentCtx/ICLR_results/terminalbench/main/glm47flash/d05__b3k__ss/sanitize-git-repo.hard/structured-summarize/run_1/trajectory.json,/home/ak58925/agentCtx-summarization/results/query-error-audit-20260907/details/00942.txt
terminalbench,main,glm47flash,d05__b3k__ss,hosted_vllm/zai-org/GLM-4.7-Flash,structured_summarize,3000,0.5,sanitize-git-repo.hard,structured-summarize,run_3,priority,summary_marker_error,12,,/home/ak58925/agentCtx/ICLR_results/terminalbench/main/glm47flash/d05__b3k__ss/sanitize-git-repo.hard/structured-summarize/run_3/trajectory.json,/home/ak58925/agentCtx-summarization/results/query-error-audit-20260907/details/00943.txt
terminalbench,main,glm47flash,d05__b3k__ss,hosted_vllm/zai-org/GLM-4.7-Flash,structured_summarize,3000,0.5,solana-data,structured-summarize,run_1,priority,summary_marker_error,19,,/home/ak58925/agentCtx/ICLR_results/terminalbench/main/glm47flash/d05__b3k__ss/solana-data/structured-summarize/run_1/trajectory.json,/home/ak58925/agentCtx-summarization/results/query-error-audit-20260907/details/00944.txt
terminalbench,main,glm47flash,d05__b3k__ss,hosted_vllm/zai-org/GLM-4.7-Flash,structured_summarize,3000,0.5,solana-data,structured-summarize,run_2,priority,summary_marker_error,5,,/home/ak58925/agentCtx/ICLR_results/terminalbench/main/glm47flash/d05__b3k__ss/solana-data/structured-summarize/run_2/trajectory.json,/home/ak58925/agentCtx-summarization/results/query-error-audit-20260907/details/00945.txt
terminalbench,main,glm47flash,d05__b3k__ss,hosted_vllm/zai-org/GLM-4.7-Flash,structured_summarize,3000,0.5,solana-data,structured-summarize,run_3,priority,summary_marker_error,8,,/home/ak58925/agentCtx/ICLR_results/terminalbench/main/glm47flash/d05__b3k__ss/solana-data/structured-summarize/run_3/trajectory.json,/home/ak58925/agentCtx-summarization/results/query-error-audit-20260907/details/00946.txt
terminalbench,main,glm47flash,d05__b3k__ss,hosted_vllm/zai-org/GLM-4.7-Flash,structured_summarize,3000,0.5,sqlite-with-gcov,structured-summarize,run_1,priority,summary_marker_error,10,,/home/ak58925/agentCtx/ICLR_results/terminalbench/main/glm47flash/d05__b3k__ss/sqlite-with-gcov/structured-summarize/run_1/trajectory.json,/home/ak58925/agentCtx-summarization/results/query-error-audit-20260907/details/00947.txt
terminalbench,main,glm47flash,d05__b3k__ss,hosted_vllm/zai-org/GLM-4.7-Flash,structured_summarize,3000,0.5,sqlite-with-gcov,structured-summarize,run_3,priority,summary_marker_error,9,,/home/ak58925/agentCtx/ICLR_results/terminalbench/main/glm47flash/d05__b3k__ss/sqlite-with-gcov/structured-summarize/run_3/trajectory.json,/home/ak58925/agentCtx-summarization/results/query-error-audit-20260907/details/00949.txt
terminalbench,main,glm47flash,d05__b3k__ss,hosted_vllm/zai-org/GLM-4.7-Flash,structured_summarize,3000,0.5,swe-bench-fsspec,structured-summarize,run_1,priority,summary_marker_error,35,,/home/ak58925/agentCtx/ICLR_results/terminalbench/main/glm47flash/d05__b3k__ss/swe-bench-fsspec/structured-summarize/run_1/trajectory.json,/home/ak58925/agentCtx-summarization/results/query-error-audit-20260907/details/00952.txt
terminalbench,main,glm47flash,d05__b3k__ss,hosted_vllm/zai-org/GLM-4.7-Flash,structured_summarize,3000,0.5,swe-bench-fsspec,structured-summarize,run_2,priority,summary_failure_accounting,0,1,/home/ak58925/agentCtx/ICLR_results/terminalbench/main/glm47flash/d05__b3k__ss/swe-bench-fsspec/structured-summarize/run_2/trajectory.json,/home/ak58925/agentCtx-summarization/results/query-error-audit-20260907/details/00953.txt
terminalbench,main,glm47flash,d05__b3k__ss,hosted_vllm/zai-org/GLM-4.7-Flash,structured_summarize,3000,0.5,swe-bench-fsspec,structured-summarize,run_3,priority,summary_marker_error,61,,/home/ak58925/agentCtx/ICLR_results/terminalbench/main/glm47flash/d05__b3k__ss/swe-bench-fsspec/structured-summarize/run_3/trajectory.json,/home/ak58925/agentCtx-summarization/results/query-error-audit-20260907/details/00954.txt
terminalbench,main,glm47flash,d05__b3k__ss,hosted_vllm/zai-org/GLM-4.7-Flash,structured_summarize,3000,0.5,tmux-advanced-workflow,structured-summarize,run_1,priority,summary_marker_error,5,,/home/ak58925/agentCtx/ICLR_results/terminalbench/main/glm47flash/d05__b3k__ss/tmux-advanced-workflow/structured-summarize/run_1/trajectory.json,/home/ak58925/agentCtx-summarization/results/query-error-audit-20260907/details/00955.txt
terminalbench,main,glm47flash,d05__b3k__ss,hosted_vllm/zai-org/GLM-4.7-Flash,structured_summarize,3000,0.5,tmux-advanced-workflow,structured-summarize,run_2,priority,summary_marker_error,4,,/home/ak58925/agentCtx/ICLR_results/terminalbench/main/glm47flash/d05__b3k__ss/tmux-advanced-workflow/structured-summarize/run_2/trajectory.json,/home/ak58925/agentCtx-summarization/results/query-error-audit-20260907/details/00956.txt
terminalbench,main,glm47flash,d05__b3k__ss,hosted_vllm/zai-org/GLM-4.7-Flash,structured_summarize,3000,0.5,tmux-advanced-workflow,structured-summarize,run_3,priority,summary_marker_error,4,,/home/ak58925/agentCtx/ICLR_results/terminalbench/main/glm47flash/d05__b3k__ss/tmux-advanced-workflow/structured-summarize/run_3/trajectory.json,/home/ak58925/agentCtx-summarization/results/query-error-audit-20260907/details/00957.txt
terminalbench,main,glm47flash,d05__b3k__ss,hosted_vllm/zai-org/GLM-4.7-Flash,structured_summarize,3000,0.5,write-compressor,structured-summarize,run_1,priority,summary_marker_error,7,,/home/ak58925/agentCtx/ICLR_results/terminalbench/main/glm47flash/d05__b3k__ss/write-compressor/structured-summarize/run_1/trajectory.json,/home/ak58925/agentCtx-summarization/results/query-error-audit-20260907/details/00958.txt
terminalbench,main,glm47flash,d05__b3k__ss,hosted_vllm/zai-org/GLM-4.7-Flash,structured_summarize,3000,0.5,write-compressor,structured-summarize,run_2,priority,summary_failure_accounting,0,3,/home/ak58925/agentCtx/ICLR_results/terminalbench/main/glm47flash/d05__b3k__ss/write-compressor/structured-summarize/run_2/trajectory.json,/home/ak58925/agentCtx-summarization/results/query-error-audit-20260907/details/00959.txt
terminalbench,main,glm47flash,d05__b3k__ss-partial,hosted_vllm/zai-org/GLM-4.7-Flash,structured_summarize_partial,3000,0.5,blind-maze-explorer-5x5,structured-summarize-partial,run_1,priority,summary_marker_error,2,,/home/ak58925/agentCtx/ICLR_results/terminalbench/main/glm47flash/d05__b3k__ss-partial/blind-maze-explorer-5x5/structured-summarize-partial/run_1/trajectory.json,/home/ak58925/agentCtx-summarization/results/query-error-audit-20260907/details/00960.txt
terminalbench,main,glm47flash,d05__b3k__ss-partial,hosted_vllm/zai-org/GLM-4.7-Flash,structured_summarize_partial,3000,0.5,blind-maze-explorer-5x5,structured-summarize-partial,run_2,priority,summary_marker_error,12,,/home/ak58925/agentCtx/ICLR_results/terminalbench/main/glm47flash/d05__b3k__ss-partial/blind-maze-explorer-5x5/structured-summarize-partial/run_2/trajectory.json,/home/ak58925/agentCtx-summarization/results/query-error-audit-20260907/details/00961.txt
terminalbench,main,glm47flash,d05__b3k__ss-partial,hosted_vllm/zai-org/GLM-4.7-Flash,structured_summarize_partial,3000,0.5,blind-maze-explorer-5x5,structured-summarize-partial,run_3,priority,summary_marker_error,10,,/home/ak58925/agentCtx/ICLR_results/terminalbench/main/glm47flash/d05__b3k__ss-partial/blind-maze-explorer-5x5/structured-summarize-partial/run_3/trajectory.json,/home/ak58925/agentCtx-summarization/results/query-error-audit-20260907/details/00962.txt
terminalbench,main,glm47flash,d05__b3k__ss-partial,hosted_vllm/zai-org/GLM-4.7-Flash,structured_summarize_partial,3000,0.5,blind-maze-explorer-algorithm,structured-summarize-partial,run_1,priority,summary_marker_error,59,,/home/ak58925/agentCtx/ICLR_results/terminalbench/main/glm47flash/d05__b3k__ss-partial/blind-maze-explorer-algorithm/structured-summarize-partial/run_1/trajectory.json,/home/ak58925/agentCtx-summarization/results/query-error-audit-20260907/details/00963.txt
terminalbench,main,glm47flash,d05__b3k__ss-partial,hosted_vllm/zai-org/GLM-4.7-Flash,structured_summarize_partial,3000,0.5,blind-maze-explorer-algorithm,structured-summarize-partial,run_2,priority,summary_marker_error,5,,/home/ak58925/agentCtx/ICLR_results/terminalbench/main/glm47flash/d05__b3k__ss-partial/blind-maze-explorer-algorithm/structured-summarize-partial/run_2/trajectory.json,/home/ak58925/agentCtx-summarization/results/query-error-audit-20260907/details/00964.txt
terminalbench,main,glm47flash,d05__b3k__ss-partial,hosted_vllm/zai-org/GLM-4.7-Flash,structured_summarize_partial,3000,0.5,blind-maze-explorer-algorithm,structured-summarize-partial,run_3,priority,summary_marker_error,49,,/home/ak58925/agentCtx/ICLR_results/terminalbench/main/glm47flash/d05__b3k__ss-partial/blind-maze-explorer-algorithm/structured-summarize-partial/run_3/trajectory.json,/home/ak58925/agentCtx-summarization/results/query-error-audit-20260907/details/00965.txt
terminalbench,main,glm47flash,d05__b3k__ss-partial,hosted_vllm/zai-org/GLM-4.7-Flash,structured_summarize_partial,3000,0.5,cartpole-rl-training,structured-summarize-partial,run_1,priority,summary_marker_error,1,,/home/ak58925/agentCtx/ICLR_results/terminalbench/main/glm47flash/d05__b3k__ss-partial/cartpole-rl-training/structured-summarize-partial/run_1/trajectory.json,/home/ak58925/agentCtx-summarization/results/query-error-audit-20260907/details/00966.txt
terminalbench,main,glm47flash,d05__b3k__ss-partial,hosted_vllm/zai-org/GLM-4.7-Flash,structured_summarize_partial,3000,0.5,cartpole-rl-training,structured-summarize-partial,run_2,priority,summary_marker_error,2,,/home/ak58925/agentCtx/ICLR_results/terminalbench/main/glm47flash/d05__b3k__ss-partial/cartpole-rl-training/structured-summarize-partial/run_2/trajectory.json,/home/ak58925/agentCtx-summarization/results/query-error-audit-20260907/details/00967.txt
terminalbench,main,glm47flash,d05__b3k__ss-partial,hosted_vllm/zai-org/GLM-4.7-Flash,structured_summarize_partial,3000,0.5,cartpole-rl-training,structured-summarize-partial,run_3,priority,summary_failure_accounting,0,4,/home/ak58925/agentCtx/ICLR_results/terminalbench/main/glm47flash/d05__b3k__ss-partial/cartpole-rl-training/structured-summarize-partial/run_3/trajectory.json,/home/ak58925/agentCtx-summarization/results/query-error-audit-20260907/details/00968.txt
terminalbench,main,glm47flash,d05__b3k__ss-partial,hosted_vllm/zai-org/GLM-4.7-Flash,structured_summarize_partial,3000,0.5,count-dataset-tokens,structured-summarize-partial,run_1,priority,summary_marker_error,9,,/home/ak58925/agentCtx/ICLR_results/terminalbench/main/glm47flash/d05__b3k__ss-partial/count-dataset-tokens/structured-summarize-partial/run_1/trajectory.json,/home/ak58925/agentCtx-summarization/results/query-error-audit-20260907/details/00969.txt
terminalbench,main,glm47flash,d05__b3k__ss-partial,hosted_vllm/zai-org/GLM-4.7-Flash,structured_summarize_partial,3000,0.5,count-dataset-tokens,structured-summarize-partial,run_2,priority,summary_failure_accounting,0,6,/home/ak58925/agentCtx/ICLR_results/terminalbench/main/glm47flash/d05__b3k__ss-partial/count-dataset-tokens/structured-summarize-partial/run_2/trajectory.json,/home/ak58925/agentCtx-summarization/results/query-error-audit-20260907/details/00970.txt
terminalbench,main,glm47flash,d05__b3k__ss-partial,hosted_vllm/zai-org/GLM-4.7-Flash,structured_summarize_partial,3000,0.5,crack-7z-hash.hard,structured-summarize-partial,run_1,priority,summary_marker_error,3,,/home/ak58925/agentCtx/ICLR_results/terminalbench/main/glm47flash/d05__b3k__ss-partial/crack-7z-hash.hard/structured-summarize-partial/run_1/trajectory.json,/home/ak58925/agentCtx-summarization/results/query-error-audit-20260907/details/00971.txt
terminalbench,main,glm47flash,d05__b3k__ss-partial,hosted_vllm/zai-org/GLM-4.7-Flash,structured_summarize_partial,3000,0.5,crack-7z-hash.hard,structured-summarize-partial,run_2,priority,summary_marker_error,1,,/home/ak58925/agentCtx/ICLR_results/terminalbench/main/glm47flash/d05__b3k__ss-partial/crack-7z-hash.hard/structured-summarize-partial/run_2/trajectory.json,/home/ak58925/agentCtx-summarization/results/query-error-audit-20260907/details/00972.txt
terminalbench,main,glm47flash,d05__b3k__ss-partial,hosted_vllm/zai-org/GLM-4.7-Flash,structured_summarize_partial,3000,0.5,crack-7z-hash.hard,structured-summarize-partial,run_3,priority,summary_marker_error,2,,/home/ak58925/agentCtx/ICLR_results/terminalbench/main/glm47flash/d05__b3k__ss-partial/crack-7z-hash.hard/structured-summarize-partial/run_3/trajectory.json,/home/ak58925/agentCtx-summarization/results/query-error-audit-20260907/details/00973.txt
terminalbench,main,glm47flash,d05__b3k__ss-partial,hosted_vllm/zai-org/GLM-4.7-Flash,structured_summarize_partial,3000,0.5,csv-to-parquet,structured-summarize-partial,run_1,priority,summary_marker_error,1,,/home/ak58925/agentCtx/ICLR_results/terminalbench/main/glm47flash/d05__b3k__ss-partial/csv-to-parquet/structured-summarize-partial/run_1/trajectory.json,/home/ak58925/agentCtx-summarization/results/query-error-audit-20260907/details/00974.txt
terminalbench,main,glm47flash,d05__b3k__ss-partial,hosted_vllm/zai-org/GLM-4.7-Flash,structured_summarize_partial,3000,0.5,csv-to-parquet,structured-summarize-partial,run_2,priority,summary_marker_error,3,,/home/ak58925/agentCtx/ICLR_results/terminalbench/main/glm47flash/d05__b3k__ss-partial/csv-to-parquet/structured-summarize-partial/run_2/trajectory.json,/home/ak58925/agentCtx-summarization/results/query-error-audit-20260907/details/00975.txt
terminalbench,main,glm47flash,d05__b3k__ss-partial,hosted_vllm/zai-org/GLM-4.7-Flash,structured_summarize_partial,3000,0.5,csv-to-parquet,structured-summarize-partial,run_3,priority,summary_marker_error,3,,/home/ak58925/agentCtx/ICLR_results/terminalbench/main/glm47flash/d05__b3k__ss-partial/csv-to-parquet/structured-summarize-partial/run_3/trajectory.json,/home/ak58925/agentCtx-summarization/results/query-error-audit-20260907/details/00976.txt
terminalbench,main,glm47flash,d05__b3k__ss-partial,hosted_vllm/zai-org/GLM-4.7-Flash,structured_summarize_partial,3000,0.5,download-youtube,structured-summarize-partial,run_1,priority,summary_marker_error,2,,/home/ak58925/agentCtx/ICLR_results/terminalbench/main/glm47flash/d05__b3k__ss-partial/download-youtube/structured-summarize-partial/run_1/trajectory.json,/home/ak58925/agentCtx-summarization/results/query-error-audit-20260907/details/00978.txt
terminalbench,main,glm47flash,d05__b3k__ss-partial,hosted_vllm/zai-org/GLM-4.7-Flash,structured_summarize_partial,3000,0.5,download-youtube,structured-summarize-partial,run_2,priority,summary_marker_error,2,,/home/ak58925/agentCtx/ICLR_results/terminalbench/main/glm47flash/d05__b3k__ss-partial/download-youtube/structured-summarize-partial/run_2/trajectory.json,/home/ak58925/agentCtx-summarization/results/query-error-audit-20260907/details/00979.txt
terminalbench,main,glm47flash,d05__b3k__ss-partial,hosted_vllm/zai-org/GLM-4.7-Flash,structured_summarize_partial,3000,0.5,download-youtube,structured-summarize-partial,run_3,priority,summary_marker_error,2,,/home/ak58925/agentCtx/ICLR_results/terminalbench/main/glm47flash/d05__b3k__ss-partial/download-youtube/structured-summarize-partial/run_3/trajectory.json,/home/ak58925/agentCtx-summarization/results/query-error-audit-20260907/details/00980.txt
terminalbench,main,glm47flash,d05__b3k__ss-partial,hosted_vllm/zai-org/GLM-4.7-Flash,structured_summarize_partial,3000,0.5,eval-mteb,structured-summarize-partial,run_1,priority,summary_marker_error,10,,/home/ak58925/agentCtx/ICLR_results/terminalbench/main/glm47flash/d05__b3k__ss-partial/eval-mteb/structured-summarize-partial/run_1/trajectory.json,/home/ak58925/agentCtx-summarization/results/query-error-audit-20260907/details/00981.txt
terminalbench,main,glm47flash,d05__b3k__ss-partial,hosted_vllm/zai-org/GLM-4.7-Flash,structured_summarize_partial,3000,0.5,eval-mteb,structured-summarize-partial,run_2,priority,summary_marker_error,5,,/home/ak58925/agentCtx/ICLR_results/terminalbench/main/glm47flash/d05__b3k__ss-partial/eval-mteb/structured-summarize-partial/run_2/trajectory.json,/home/ak58925/agentCtx-summarization/results/query-error-audit-20260907/details/00982.txt
terminalbench,main,glm47flash,d05__b3k__ss-partial,hosted_vllm/zai-org/GLM-4.7-Flash,structured_summarize_partial,3000,0.5,eval-mteb,structured-summarize-partial,run_3,priority,summary_marker_error,7,,/home/ak58925/agentCtx/ICLR_results/terminalbench/main/glm47flash/d05__b3k__ss-partial/eval-mteb/structured-summarize-partial/run_3/trajectory.json,/home/ak58925/agentCtx-summarization/results/query-error-audit-20260907/details/00983.txt
terminalbench,main,glm47flash,d05__b3k__ss-partial,hosted_vllm/zai-org/GLM-4.7-Flash,structured_summarize_partial,3000,0.5,eval-mteb.hard,structured-summarize-partial,run_1,priority,summary_marker_error,32,,/home/ak58925/agentCtx/ICLR_results/terminalbench/main/glm47flash/d05__b3k__ss-partial/eval-mteb.hard/structured-summarize-partial/run_1/trajectory.json,/home/ak58925/agentCtx-summarization/results/query-error-audit-20260907/details/00984.txt
terminalbench,main,glm47flash,d05__b3k__ss-partial,hosted_vllm/zai-org/GLM-4.7-Flash,structured_summarize_partial,3000,0.5,eval-mteb.hard,structured-summarize-partial,run_2,priority,summary_failure_accounting,0,8,/home/ak58925/agentCtx/ICLR_results/terminalbench/main/glm47flash/d05__b3k__ss-partial/eval-mteb.hard/structured-summarize-partial/run_2/trajectory.json,/home/ak58925/agentCtx-summarization/results/query-error-audit-20260907/details/00985.txt
terminalbench,main,glm47flash,d05__b3k__ss-partial,hosted_vllm/zai-org/GLM-4.7-Flash,structured_summarize_partial,3000,0.5,eval-mteb.hard,structured-summarize-partial,run_3,priority,summary_marker_error,29,,/home/ak58925/agentCtx/ICLR_results/terminalbench/main/glm47flash/d05__b3k__ss-partial/eval-mteb.hard/structured-summarize-partial/run_3/trajectory.json,/home/ak58925/agentCtx-summarization/results/query-error-audit-20260907/details/00986.txt
terminalbench,main,glm47flash,d05__b3k__ss-partial,hosted_vllm/zai-org/GLM-4.7-Flash,structured_summarize_partial,3000,0.5,extract-moves-from-video,structured-summarize-partial,run_1,priority,summary_marker_error,2,,/home/ak58925/agentCtx/ICLR_results/terminalbench/main/glm47flash/d05__b3k__ss-partial/extract-moves-from-video/structured-summarize-partial/run_1/trajectory.json,/home/ak58925/agentCtx-summarization/results/query-error-audit-20260907/details/00987.txt
terminalbench,main,glm47flash,d05__b3k__ss-partial,hosted_vllm/zai-org/GLM-4.7-Flash,structured_summarize_partial,3000,0.5,extract-moves-from-video,structured-summarize-partial,run_2,priority,summary_marker_error,1,,/home/ak58925/agentCtx/ICLR_results/terminalbench/main/glm47flash/d05__b3k__ss-partial/extract-moves-from-video/structured-summarize-partial/run_2/trajectory.json,/home/ak58925/agentCtx-summarization/results/query-error-audit-20260907/details/00988.txt
terminalbench,main,glm47flash,d05__b3k__ss-partial,hosted_vllm/zai-org/GLM-4.7-Flash,structured_summarize_partial,3000,0.5,fibonacci-server,structured-summarize-partial,run_1,priority,summary_marker_error,5,,/home/ak58925/agentCtx/ICLR_results/terminalbench/main/glm47flash/d05__b3k__ss-partial/fibonacci-server/structured-summarize-partial/run_1/trajectory.json,/home/ak58925/agentCtx-summarization/results/query-error-audit-20260907/details/00989.txt
terminalbench,main,glm47flash,d05__b3k__ss-partial,hosted_vllm/zai-org/GLM-4.7-Flash,structured_summarize_partial,3000,0.5,fibonacci-server,structured-summarize-partial,run_2,priority,summary_marker_error,2,,/home/ak58925/agentCtx/ICLR_results/terminalbench/main/glm47flash/d05__b3k__ss-partial/fibonacci-server/structured-summarize-partial/run_2/trajectory.json,/home/ak58925/agentCtx-summarization/results/query-error-audit-20260907/details/00990.txt
terminalbench,main,glm47flash,d05__b3k__ss-partial,hosted_vllm/zai-org/GLM-4.7-Flash,structured_summarize_partial,3000,0.5,fibonacci-server,structured-summarize-partial,run_3,priority,summary_marker_error,4,,/home/ak58925/agentCtx/ICLR_results/terminalbench/main/glm47flash/d05__b3k__ss-partial/fibonacci-server/structured-summarize-partial/run_3/trajectory.json,/home/ak58925/agentCtx-summarization/results/query-error-audit-20260907/details/00991.txt
terminalbench,main,glm47flash,d05__b3k__ss-partial,hosted_vllm/zai-org/GLM-4.7-Flash,structured_summarize_partial,3000,0.5,fix-git,structured-summarize-partial,run_1,priority,summary_marker_error,2,,/home/ak58925/agentCtx/ICLR_results/terminalbench/main/glm47flash/d05__b3k__ss-partial/fix-git/structured-summarize-partial/run_1/trajectory.json,/home/ak58925/agentCtx-summarization/results/query-error-audit-20260907/details/00992.txt
terminalbench,main,glm47flash,d05__b3k__ss-partial,hosted_vllm/zai-org/GLM-4.7-Flash,structured_summarize_partial,3000,0.5,fix-git,structured-summarize-partial,run_2,priority,summary_marker_error,8,,/home/ak58925/agentCtx/ICLR_results/terminalbench/main/glm47flash/d05__b3k__ss-partial/fix-git/structured-summarize-partial/run_2/trajectory.json,/home/ak58925/agentCtx-summarization/results/query-error-audit-20260907/details/00993.txt
terminalbench,main,glm47flash,d05__b3k__ss-partial,hosted_vllm/zai-org/GLM-4.7-Flash,structured_summarize_partial,3000,0.5,fix-git,structured-summarize-partial,run_3,priority,summary_marker_error,2,,/home/ak58925/agentCtx/ICLR_results/terminalbench/main/glm47flash/d05__b3k__ss-partial/fix-git/structured-summarize-partial/run_3/trajectory.json,/home/ak58925/agentCtx-summarization/results/query-error-audit-20260907/details/00994.txt
terminalbench,main,glm47flash,d05__b3k__ss-partial,hosted_vllm/zai-org/GLM-4.7-Flash,structured_summarize_partial,3000,0.5,fix-pandas-version,structured-summarize-partial,run_2,priority,summary_marker_error,19,,/home/ak58925/agentCtx/ICLR_results/terminalbench/main/glm47flash/d05__b3k__ss-partial/fix-pandas-version/structured-summarize-partial/run_2/trajectory.json,/home/ak58925/agentCtx-summarization/results/query-error-audit-20260907/details/00996.txt
terminalbench,main,glm47flash,d05__b3k__ss-partial,hosted_vllm/zai-org/GLM-4.7-Flash,structured_summarize_partial,3000,0.5,fix-pandas-version,structured-summarize-partial,run_3,priority,summary_marker_error,2,,/home/ak58925/agentCtx/ICLR_results/terminalbench/main/glm47flash/d05__b3k__ss-partial/fix-pandas-version/structured-summarize-partial/run_3/trajectory.json,/home/ak58925/agentCtx-summarization/results/query-error-audit-20260907/details/00997.txt
terminalbench,main,glm47flash,d05__b3k__ss-partial,hosted_vllm/zai-org/GLM-4.7-Flash,structured_summarize_partial,3000,0.5,git-workflow-hack,structured-summarize-partial,run_1,priority,summary_marker_error,22,,/home/ak58925/agentCtx/ICLR_results/terminalbench/main/glm47flash/d05__b3k__ss-partial/git-workflow-hack/structured-summarize-partial/run_1/trajectory.json,/home/ak58925/agentCtx-summarization/results/query-error-audit-20260907/details/00998.txt
terminalbench,main,glm47flash,d05__b3k__ss-partial,hosted_vllm/zai-org/GLM-4.7-Flash,structured_summarize_partial,3000,0.5,git-workflow-hack,structured-summarize-partial,run_2,priority,summary_marker_error,1,,/home/ak58925/agentCtx/ICLR_results/terminalbench/main/glm47flash/d05__b3k__ss-partial/git-workflow-hack/structured-summarize-partial/run_2/trajectory.json,/home/ak58925/agentCtx-summarization/results/query-error-audit-20260907/details/00999.txt
terminalbench,main,glm47flash,d05__b3k__ss-partial,hosted_vllm/zai-org/GLM-4.7-Flash,structured_summarize_partial,3000,0.5,git-workflow-hack,structured-summarize-partial,run_3,priority,summary_marker_error,1,,/home/ak58925/agentCtx/ICLR_results/terminalbench/main/glm47flash/d05__b3k__ss-partial/git-workflow-hack/structured-summarize-partial/run_3/trajectory.json,/home/ak58925/agentCtx-summarization/results/query-error-audit-20260907/details/01000.txt
terminalbench,main,glm47flash,d05__b3k__ss-partial,hosted_vllm/zai-org/GLM-4.7-Flash,structured_summarize_partial,3000,0.5,gpt2-codegolf,structured-summarize-partial,run_1,priority,summary_failure_accounting,0,4,/home/ak58925/agentCtx/ICLR_results/terminalbench/main/glm47flash/d05__b3k__ss-partial/gpt2-codegolf/structured-summarize-partial/run_1/trajectory.json,/home/ak58925/agentCtx-summarization/results/query-error-audit-20260907/details/01001.txt
terminalbench,main,glm47flash,d05__b3k__ss-partial,hosted_vllm/zai-org/GLM-4.7-Flash,structured_summarize_partial,3000,0.5,gpt2-codegolf,structured-summarize-partial,run_2,priority,summary_marker_error,7,,/home/ak58925/agentCtx/ICLR_results/terminalbench/main/glm47flash/d05__b3k__ss-partial/gpt2-codegolf/structured-summarize-partial/run_2/trajectory.json,/home/ak58925/agentCtx-summarization/results/query-error-audit-20260907/details/01002.txt
terminalbench,main,glm47flash,d05__b3k__ss-partial,hosted_vllm/zai-org/GLM-4.7-Flash,structured_summarize_partial,3000,0.5,gpt2-codegolf,structured-summarize-partial,run_3,priority,summary_failure_accounting,0,3,/home/ak58925/agentCtx/ICLR_results/terminalbench/main/glm47flash/d05__b3k__ss-partial/gpt2-codegolf/structured-summarize-partial/run_3/trajectory.json,/home/ak58925/agentCtx-summarization/results/query-error-audit-20260907/details/01003.txt
terminalbench,main,glm47flash,d05__b3k__ss-partial,hosted_vllm/zai-org/GLM-4.7-Flash,structured_summarize_partial,3000,0.5,heterogeneous-dates,structured-summarize-partial,run_1,priority,summary_marker_error,3,,/home/ak58925/agentCtx/ICLR_results/terminalbench/main/glm47flash/d05__b3k__ss-partial/heterogeneous-dates/structured-summarize-partial/run_1/trajectory.json,/home/ak58925/agentCtx-summarization/results/query-error-audit-20260907/details/01004.txt
terminalbench,main,glm47flash,d05__b3k__ss-partial,hosted_vllm/zai-org/GLM-4.7-Flash,structured_summarize_partial,3000,0.5,heterogeneous-dates,structured-summarize-partial,run_2,priority,summary_marker_error,3,,/home/ak58925/agentCtx/ICLR_results/terminalbench/main/glm47flash/d05__b3k__ss-partial/heterogeneous-dates/structured-summarize-partial/run_2/trajectory.json,/home/ak58925/agentCtx-summarization/results/query-error-audit-20260907/details/01005.txt
terminalbench,main,glm47flash,d05__b3k__ss-partial,hosted_vllm/zai-org/GLM-4.7-Flash,structured_summarize_partial,3000,0.5,heterogeneous-dates,structured-summarize-partial,run_3,priority,summary_marker_error,5,,/home/ak58925/agentCtx/ICLR_results/terminalbench/main/glm47flash/d05__b3k__ss-partial/heterogeneous-dates/structured-summarize-partial/run_3/trajectory.json,/home/ak58925/agentCtx-summarization/results/query-error-audit-20260907/details/01006.txt
terminalbench,main,glm47flash,d05__b3k__ss-partial,hosted_vllm/zai-org/GLM-4.7-Flash,structured_summarize_partial,3000,0.5,hf-model-inference,structured-summarize-partial,run_1,priority,summary_marker_error,4,,/home/ak58925/agentCtx/ICLR_results/terminalbench/main/glm47flash/d05__b3k__ss-partial/hf-model-inference/structured-summarize-partial/run_1/trajectory.json,/home/ak58925/agentCtx-summarization/results/query-error-audit-20260907/details/01007.txt
terminalbench,main,glm47flash,d05__b3k__ss-partial,hosted_vllm/zai-org/GLM-4.7-Flash,structured_summarize_partial,3000,0.5,hf-model-inference,structured-summarize-partial,run_2,priority,summary_marker_error,2,,/home/ak58925/agentCtx/ICLR_results/terminalbench/main/glm47flash/d05__b3k__ss-partial/hf-model-inference/structured-summarize-partial/run_2/trajectory.json,/home/ak58925/agentCtx-summarization/results/query-error-audit-20260907/details/01008.txt
terminalbench,main,glm47flash,d05__b3k__ss-partial,hosted_vllm/zai-org/GLM-4.7-Flash,structured_summarize_partial,3000,0.5,hf-model-inference,structured-summarize-partial,run_3,priority,summary_marker_error,2,,/home/ak58925/agentCtx/ICLR_results/terminalbench/main/glm47flash/d05__b3k__ss-partial/hf-model-inference/structured-summarize-partial/run_3/trajectory.json,/home/ak58925/agentCtx-summarization/results/query-error-audit-20260907/details/01009.txt
terminalbench,main,glm47flash,d05__b3k__ss-partial,hosted_vllm/zai-org/GLM-4.7-Flash,structured_summarize_partial,3000,0.5,incompatible-python-fasttext,structured-summarize-partial,run_1,priority,summary_marker_error,25,,/home/ak58925/agentCtx/ICLR_results/terminalbench/main/glm47flash/d05__b3k__ss-partial/incompatible-python-fasttext/structured-summarize-partial/run_1/trajectory.json,/home/ak58925/agentCtx-summarization/results/query-error-audit-20260907/details/01010.txt
terminalbench,main,glm47flash,d05__b3k__ss-partial,hosted_vllm/zai-org/GLM-4.7-Flash,structured_summarize_partial,3000,0.5,incompatible-python-fasttext,structured-summarize-partial,run_3,priority,summary_marker_error,25,,/home/ak58925/agentCtx/ICLR_results/terminalbench/main/glm47flash/d05__b3k__ss-partial/incompatible-python-fasttext/structured-summarize-partial/run_3/trajectory.json,/home/ak58925/agentCtx-summarization/results/query-error-audit-20260907/details/01011.txt
terminalbench,main,glm47flash,d05__b3k__ss-partial,hosted_vllm/zai-org/GLM-4.7-Flash,structured_summarize_partial,3000,0.5,intrusion-detection,structured-summarize-partial,run_1,priority,summary_failure_accounting,0,3,/home/ak58925/agentCtx/ICLR_results/terminalbench/main/glm47flash/d05__b3k__ss-partial/intrusion-detection/structured-summarize-partial/run_1/trajectory.json,/home/ak58925/agentCtx-summarization/results/query-error-audit-20260907/details/01012.txt
terminalbench,main,glm47flash,d05__b3k__ss-partial,hosted_vllm/zai-org/GLM-4.7-Flash,structured_summarize_partial,3000,0.5,intrusion-detection,structured-summarize-partial,run_2,priority,summary_marker_error,9,,/home/ak58925/agentCtx/ICLR_results/terminalbench/main/glm47flash/d05__b3k__ss-partial/intrusion-detection/structured-summarize-partial/run_2/trajectory.json,/home/ak58925/agentCtx-summarization/results/query-error-audit-20260907/details/01013.txt
terminalbench,main,glm47flash,d05__b3k__ss-partial,hosted_vllm/zai-org/GLM-4.7-Flash,structured_summarize_partial,3000,0.5,intrusion-detection,structured-summarize-partial,run_3,priority,summary_marker_error,3,,/home/ak58925/agentCtx/ICLR_results/terminalbench/main/glm47flash/d05__b3k__ss-partial/intrusion-detection/structured-summarize-partial/run_3/trajectory.json,/home/ak58925/agentCtx-summarization/results/query-error-audit-20260907/details/01014.txt
terminalbench,main,glm47flash,d05__b3k__ss-partial,hosted_vllm/zai-org/GLM-4.7-Flash,structured_summarize_partial,3000,0.5,password-recovery,structured-summarize-partial,run_1,priority,summary_marker_error,4,,/home/ak58925/agentCtx/ICLR_results/terminalbench/main/glm47flash/d05__b3k__ss-partial/password-recovery/structured-summarize-partial/run_1/trajectory.json,/home/ak58925/agentCtx-summarization/results/query-error-audit-20260907/details/01015.txt
terminalbench,main,glm47flash,d05__b3k__ss-partial,hosted_vllm/zai-org/GLM-4.7-Flash,structured_summarize_partial,3000,0.5,password-recovery,structured-summarize-partial,run_2,priority,summary_failure_accounting,0,4,/home/ak58925/agentCtx/ICLR_results/terminalbench/main/glm47flash/d05__b3k__ss-partial/password-recovery/structured-summarize-partial/run_2/trajectory.json,/home/ak58925/agentCtx-summarization/results/query-error-audit-20260907/details/01016.txt
terminalbench,main,glm47flash,d05__b3k__ss-partial,hosted_vllm/zai-org/GLM-4.7-Flash,structured_summarize_partial,3000,0.5,path-tracing-reverse,structured-summarize-partial,run_1,priority,summary_failure_accounting,0,3,/home/ak58925/agentCtx/ICLR_results/terminalbench/main/glm47flash/d05__b3k__ss-partial/path-tracing-reverse/structured-summarize-partial/run_1/trajectory.json,/home/ak58925/agentCtx-summarization/results/query-error-audit-20260907/details/01018.txt
terminalbench,main,glm47flash,d05__b3k__ss-partial,hosted_vllm/zai-org/GLM-4.7-Flash,structured_summarize_partial,3000,0.5,path-tracing-reverse,structured-summarize-partial,run_2,priority,summary_marker_error,11,,/home/ak58925/agentCtx/ICLR_results/terminalbench/main/glm47flash/d05__b3k__ss-partial/path-tracing-reverse/structured-summarize-partial/run_2/trajectory.json,/home/ak58925/agentCtx-summarization/results/query-error-audit-20260907/details/01019.txt
terminalbench,main,glm47flash,d05__b3k__ss-partial,hosted_vllm/zai-org/GLM-4.7-Flash,structured_summarize_partial,3000,0.5,path-tracing-reverse,structured-summarize-partial,run_3,priority,summary_marker_error,1,,/home/ak58925/agentCtx/ICLR_results/terminalbench/main/glm47flash/d05__b3k__ss-partial/path-tracing-reverse/structured-summarize-partial/run_3/trajectory.json,/home/ak58925/agentCtx-summarization/results/query-error-audit-20260907/details/01020.txt
terminalbench,main,glm47flash,d05__b3k__ss-partial,hosted_vllm/zai-org/GLM-4.7-Flash,structured_summarize_partial,3000,0.5,processing-pipeline,structured-summarize-partial,run_1,priority,summary_marker_error,14,,/home/ak58925/agentCtx/ICLR_results/terminalbench/main/glm47flash/d05__b3k__ss-partial/processing-pipeline/structured-summarize-partial/run_1/trajectory.json,/home/ak58925/agentCtx-summarization/results/query-error-audit-20260907/details/01021.txt
terminalbench,main,glm47flash,d05__b3k__ss-partial,hosted_vllm/zai-org/GLM-4.7-Flash,structured_summarize_partial,3000,0.5,processing-pipeline,structured-summarize-partial,run_2,priority,summary_marker_error,14,,/home/ak58925/agentCtx/ICLR_results/terminalbench/main/glm47flash/d05__b3k__ss-partial/processing-pipeline/structured-summarize-partial/run_2/trajectory.json,/home/ak58925/agentCtx-summarization/results/query-error-audit-20260907/details/01022.txt
terminalbench,main,glm47flash,d05__b3k__ss-partial,hosted_vllm/zai-org/GLM-4.7-Flash,structured_summarize_partial,3000,0.5,processing-pipeline,structured-summarize-partial,run_3,priority,summary_marker_error,17,,/home/ak58925/agentCtx/ICLR_results/terminalbench/main/glm47flash/d05__b3k__ss-partial/processing-pipeline/structured-summarize-partial/run_3/trajectory.json,/home/ak58925/agentCtx-summarization/results/query-error-audit-20260907/details/01023.txt
terminalbench,main,glm47flash,d05__b3k__ss-partial,hosted_vllm/zai-org/GLM-4.7-Flash,structured_summarize_partial,3000,0.5,prove-plus-comm,structured-summarize-partial,run_1,priority,summary_marker_error,10,,/home/ak58925/agentCtx/ICLR_results/terminalbench/main/glm47flash/d05__b3k__ss-partial/prove-plus-comm/structured-summarize-partial/run_1/trajectory.json,/home/ak58925/agentCtx-summarization/results/query-error-audit-20260907/details/01024.txt
terminalbench,main,glm47flash,d05__b3k__ss-partial,hosted_vllm/zai-org/GLM-4.7-Flash,structured_summarize_partial,3000,0.5,prove-plus-comm,structured-summarize-partial,run_2,priority,summary_marker_error,2,,/home/ak58925/agentCtx/ICLR_results/terminalbench/main/glm47flash/d05__b3k__ss-partial/prove-plus-comm/structured-summarize-partial/run_2/trajectory.json,/home/ak58925/agentCtx-summarization/results/query-error-audit-20260907/details/01025.txt
terminalbench,main,glm47flash,d05__b3k__ss-partial,hosted_vllm/zai-org/GLM-4.7-Flash,structured_summarize_partial,3000,0.5,prove-plus-comm,structured-summarize-partial,run_3,priority,summary_marker_error,3,,/home/ak58925/agentCtx/ICLR_results/terminalbench/main/glm47flash/d05__b3k__ss-partial/prove-plus-comm/structured-summarize-partial/run_3/trajectory.json,/home/ak58925/agentCtx-summarization/results/query-error-audit-20260907/details/01026.txt
terminalbench,main,glm47flash,d05__b3k__ss-partial,hosted_vllm/zai-org/GLM-4.7-Flash,structured_summarize_partial,3000,0.5,pytorch-model-cli.hard,structured-summarize-partial,run_1,priority,summary_marker_error,1,,/home/ak58925/agentCtx/ICLR_results/terminalbench/main/glm47flash/d05__b3k__ss-partial/pytorch-model-cli.hard/structured-summarize-partial/run_1/trajectory.json,/home/ak58925/agentCtx-summarization/results/query-error-audit-20260907/details/01027.txt
terminalbench,main,glm47flash,d05__b3k__ss-partial,hosted_vllm/zai-org/GLM-4.7-Flash,structured_summarize_partial,3000,0.5,pytorch-model-cli.hard,structured-summarize-partial,run_2,priority,summary_marker_error,3,,/home/ak58925/agentCtx/ICLR_results/terminalbench/main/glm47flash/d05__b3k__ss-partial/pytorch-model-cli.hard/structured-summarize-partial/run_2/trajectory.json,/home/ak58925/agentCtx-summarization/results/query-error-audit-20260907/details/01028.txt
terminalbench,main,glm47flash,d05__b3k__ss-partial,hosted_vllm/zai-org/GLM-4.7-Flash,structured_summarize_partial,3000,0.5,pytorch-model-cli.hard,structured-summarize-partial,run_3,priority,summary_marker_error,2,,/home/ak58925/agentCtx/ICLR_results/terminalbench/main/glm47flash/d05__b3k__ss-partial/pytorch-model-cli.hard/structured-summarize-partial/run_3/trajectory.json,/home/ak58925/agentCtx-summarization/results/query-error-audit-20260907/details/01029.txt
terminalbench,main,glm47flash,d05__b3k__ss-partial,hosted_vllm/zai-org/GLM-4.7-Flash,structured_summarize_partial,3000,0.5,qemu-alpine-ssh,structured-summarize-partial,run_1,priority,summary_marker_error,1,,/home/ak58925/agentCtx/ICLR_results/terminalbench/main/glm47flash/d05__b3k__ss-partial/qemu-alpine-ssh/structured-summarize-partial/run_1/trajectory.json,/home/ak58925/agentCtx-summarization/results/query-error-audit-20260907/details/01030.txt
terminalbench,main,glm47flash,d05__b3k__ss-partial,hosted_vllm/zai-org/GLM-4.7-Flash,structured_summarize_partial,3000,0.5,qemu-alpine-ssh,structured-summarize-partial,run_2,priority,summary_marker_error,12,,/home/ak58925/agentCtx/ICLR_results/terminalbench/main/glm47flash/d05__b3k__ss-partial/qemu-alpine-ssh/structured-summarize-partial/run_2/trajectory.json,/home/ak58925/agentCtx-summarization/results/query-error-audit-20260907/details/01031.txt
terminalbench,main,glm47flash,d05__b3k__ss-partial,hosted_vllm/zai-org/GLM-4.7-Flash,structured_summarize_partial,3000,0.5,qemu-alpine-ssh,structured-summarize-partial,run_3,priority,summary_marker_error,15,,/home/ak58925/agentCtx/ICLR_results/terminalbench/main/glm47flash/d05__b3k__ss-partial/qemu-alpine-ssh/structured-summarize-partial/run_3/trajectory.json,/home/ak58925/agentCtx-summarization/results/query-error-audit-20260907/details/01032.txt
terminalbench,main,glm47flash,d05__b3k__ss-partial,hosted_vllm/zai-org/GLM-4.7-Flash,structured_summarize_partial,3000,0.5,qemu-startup,structured-summarize-partial,run_1,priority,summary_marker_error,7,,/home/ak58925/agentCtx/ICLR_results/terminalbench/main/glm47flash/d05__b3k__ss-partial/qemu-startup/structured-summarize-partial/run_1/trajectory.json,/home/ak58925/agentCtx-summarization/results/query-error-audit-20260907/details/01033.txt
terminalbench,main,glm47flash,d05__b3k__ss-partial,hosted_vllm/zai-org/GLM-4.7-Flash,structured_summarize_partial,3000,0.5,qemu-startup,structured-summarize-partial,run_3,priority,summary_marker_error,15,,/home/ak58925/agentCtx/ICLR_results/terminalbench/main/glm47flash/d05__b3k__ss-partial/qemu-startup/structured-summarize-partial/run_3/trajectory.json,/home/ak58925/agentCtx-summarization/results/query-error-audit-20260907/details/01034.txt
terminalbench,main,glm47flash,d05__b3k__ss-partial,hosted_vllm/zai-org/GLM-4.7-Flash,structured_summarize_partial,3000,0.5,raman-fitting.easy,structured-summarize-partial,run_2,priority,summary_failure_accounting,0,3,/home/ak58925/agentCtx/ICLR_results/terminalbench/main/glm47flash/d05__b3k__ss-partial/raman-fitting.easy/structured-summarize-partial/run_2/trajectory.json,/home/ak58925/agentCtx-summarization/results/query-error-audit-20260907/details/01035.txt
terminalbench,main,glm47flash,d05__b3k__ss-partial,hosted_vllm/zai-org/GLM-4.7-Flash,structured_summarize_partial,3000,0.5,raman-fitting.easy,structured-summarize-partial,run_3,priority,summary_marker_error,20,,/home/ak58925/agentCtx/ICLR_results/terminalbench/main/glm47flash/d05__b3k__ss-partial/raman-fitting.easy/structured-summarize-partial/run_3/trajectory.json,/home/ak58925/agentCtx-summarization/results/query-error-audit-20260907/details/01036.txt
terminalbench,main,glm47flash,d05__b3k__ss-partial,hosted_vllm/zai-org/GLM-4.7-Flash,structured_summarize_partial,3000,0.5,sanitize-git-repo,structured-summarize-partial,run_1,priority,summary_marker_error,10,,/home/ak58925/agentCtx/ICLR_results/terminalbench/main/glm47flash/d05__b3k__ss-partial/sanitize-git-repo/structured-summarize-partial/run_1/trajectory.json,/home/ak58925/agentCtx-summarization/results/query-error-audit-20260907/details/01037.txt
terminalbench,main,glm47flash,d05__b3k__ss-partial,hosted_vllm/zai-org/GLM-4.7-Flash,structured_summarize_partial,3000,0.5,sanitize-git-repo,structured-summarize-partial,run_2,priority,summary_failure_accounting,0,4,/home/ak58925/agentCtx/ICLR_results/terminalbench/main/glm47flash/d05__b3k__ss-partial/sanitize-git-repo/structured-summarize-partial/run_2/trajectory.json,/home/ak58925/agentCtx-summarization/results/query-error-audit-20260907/details/01038.txt
terminalbench,main,glm47flash,d05__b3k__ss-partial,hosted_vllm/zai-org/GLM-4.7-Flash,structured_summarize_partial,3000,0.5,sanitize-git-repo,structured-summarize-partial,run_3,priority,summary_marker_error,8,,/home/ak58925/agentCtx/ICLR_results/terminalbench/main/glm47flash/d05__b3k__ss-partial/sanitize-git-repo/structured-summarize-partial/run_3/trajectory.json,/home/ak58925/agentCtx-summarization/results/query-error-audit-20260907/details/01039.txt
terminalbench,main,glm47flash,d05__b3k__ss-partial,hosted_vllm/zai-org/GLM-4.7-Flash,structured_summarize_partial,3000,0.5,sanitize-git-repo.hard,structured-summarize-partial,run_1,priority,summary_failure_accounting,0,4,/home/ak58925/agentCtx/ICLR_results/terminalbench/main/glm47flash/d05__b3k__ss-partial/sanitize-git-repo.hard/structured-summarize-partial/run_1/trajectory.json,/home/ak58925/agentCtx-summarization/results/query-error-audit-20260907/details/01040.txt
terminalbench,main,glm47flash,d05__b3k__ss-partial,hosted_vllm/zai-org/GLM-4.7-Flash,structured_summarize_partial,3000,0.5,sanitize-git-repo.hard,structured-summarize-partial,run_2,priority,summary_failure_accounting,0,1,/home/ak58925/agentCtx/ICLR_results/terminalbench/main/glm47flash/d05__b3k__ss-partial/sanitize-git-repo.hard/structured-summarize-partial/run_2/trajectory.json,/home/ak58925/agentCtx-summarization/results/query-error-audit-20260907/details/01041.txt
terminalbench,main,glm47flash,d05__b3k__ss-partial,hosted_vllm/zai-org/GLM-4.7-Flash,structured_summarize_partial,3000,0.5,sanitize-git-repo.hard,structured-summarize-partial,run_3,priority,summary_failure_accounting,0,4,/home/ak58925/agentCtx/ICLR_results/terminalbench/main/glm47flash/d05__b3k__ss-partial/sanitize-git-repo.hard/structured-summarize-partial/run_3/trajectory.json,/home/ak58925/agentCtx-summarization/results/query-error-audit-20260907/details/01042.txt
terminalbench,main,glm47flash,d05__b3k__ss-partial,hosted_vllm/zai-org/GLM-4.7-Flash,structured_summarize_partial,3000,0.5,solana-data,structured-summarize-partial,run_1,priority,summary_marker_error,12,,/home/ak58925/agentCtx/ICLR_results/terminalbench/main/glm47flash/d05__b3k__ss-partial/solana-data/structured-summarize-partial/run_1/trajectory.json,/home/ak58925/agentCtx-summarization/results/query-error-audit-20260907/details/01043.txt
terminalbench,main,glm47flash,d05__b3k__ss-partial,hosted_vllm/zai-org/GLM-4.7-Flash,structured_summarize_partial,3000,0.5,solana-data,structured-summarize-partial,run_2,priority,summary_marker_error,3,,/home/ak58925/agentCtx/ICLR_results/terminalbench/main/glm47flash/d05__b3k__ss-partial/solana-data/structured-summarize-partial/run_2/trajectory.json,/home/ak58925/agentCtx-summarization/results/query-error-audit-20260907/details/01044.txt
terminalbench,main,glm47flash,d05__b3k__ss-partial,hosted_vllm/zai-org/GLM-4.7-Flash,structured_summarize_partial,3000,0.5,solana-data,structured-summarize-partial,run_3,priority,summary_marker_error,13,,/home/ak58925/agentCtx/ICLR_results/terminalbench/main/glm47flash/d05__b3k__ss-partial/solana-data/structured-summarize-partial/run_3/trajectory.json,/home/ak58925/agentCtx-summarization/results/query-error-audit-20260907/details/01045.txt
terminalbench,main,glm47flash,d05__b3k__ss-partial,hosted_vllm/zai-org/GLM-4.7-Flash,structured_summarize_partial,3000,0.5,sqlite-with-gcov,structured-summarize-partial,run_1,priority,summary_marker_error,1,,/home/ak58925/agentCtx/ICLR_results/terminalbench/main/glm47flash/d05__b3k__ss-partial/sqlite-with-gcov/structured-summarize-partial/run_1/trajectory.json,/home/ak58925/agentCtx-summarization/results/query-error-audit-20260907/details/01046.txt
terminalbench,main,glm47flash,d05__b3k__ss-partial,hosted_vllm/zai-org/GLM-4.7-Flash,structured_summarize_partial,3000,0.5,sqlite-with-gcov,structured-summarize-partial,run_2,priority,summary_marker_error,1,,/home/ak58925/agentCtx/ICLR_results/terminalbench/main/glm47flash/d05__b3k__ss-partial/sqlite-with-gcov/structured-summarize-partial/run_2/trajectory.json,/home/ak58925/agentCtx-summarization/results/query-error-audit-20260907/details/01047.txt
terminalbench,main,glm47flash,d05__b3k__ss-partial,hosted_vllm/zai-org/GLM-4.7-Flash,structured_summarize_partial,3000,0.5,sqlite-with-gcov,structured-summarize-partial,run_3,priority,summary_marker_error,19,,/home/ak58925/agentCtx/ICLR_results/terminalbench/main/glm47flash/d05__b3k__ss-partial/sqlite-with-gcov/structured-summarize-partial/run_3/trajectory.json,/home/ak58925/agentCtx-summarization/results/query-error-audit-20260907/details/01048.txt
terminalbench,main,glm47flash,d05__b3k__ss-partial,hosted_vllm/zai-org/GLM-4.7-Flash,structured_summarize_partial,3000,0.5,super-benchmark-upet,structured-summarize-partial,run_1,priority,summary_failure_accounting,0,7,/home/ak58925/agentCtx/ICLR_results/terminalbench/main/glm47flash/d05__b3k__ss-partial/super-benchmark-upet/structured-summarize-partial/run_1/trajectory.json,/home/ak58925/agentCtx-summarization/results/query-error-audit-20260907/details/01049.txt
terminalbench,main,glm47flash,d05__b3k__ss-partial,hosted_vllm/zai-org/GLM-4.7-Flash,structured_summarize_partial,3000,0.5,super-benchmark-upet,structured-summarize-partial,run_2,priority,summary_marker_error,9,,/home/ak58925/agentCtx/ICLR_results/terminalbench/main/glm47flash/d05__b3k__ss-partial/super-benchmark-upet/structured-summarize-partial/run_2/trajectory.json,/home/ak58925/agentCtx-summarization/results/query-error-audit-20260907/details/01050.txt
terminalbench,main,glm47flash,d05__b3k__ss-partial,hosted_vllm/zai-org/GLM-4.7-Flash,structured_summarize_partial,3000,0.5,super-benchmark-upet,structured-summarize-partial,run_3,priority,summary_marker_error,7,,/home/ak58925/agentCtx/ICLR_results/terminalbench/main/glm47flash/d05__b3k__ss-partial/super-benchmark-upet/structured-summarize-partial/run_3/trajectory.json,/home/ak58925/agentCtx-summarization/results/query-error-audit-20260907/details/01051.txt
terminalbench,main,glm47flash,d05__b3k__ss-partial,hosted_vllm/zai-org/GLM-4.7-Flash,structured_summarize_partial,3000,0.5,swe-bench-astropy-2,structured-summarize-partial,run_1,priority,summary_failure_accounting,0,10,/home/ak58925/agentCtx/ICLR_results/terminalbench/main/glm47flash/d05__b3k__ss-partial/swe-bench-astropy-2/structured-summarize-partial/run_1/trajectory.json,/home/ak58925/agentCtx-summarization/results/query-error-audit-20260907/details/01052.txt
terminalbench,main,glm47flash,d05__b3k__ss-partial,hosted_vllm/zai-org/GLM-4.7-Flash,structured_summarize_partial,3000,0.5,swe-bench-astropy-2,structured-summarize-partial,run_2,priority,summary_marker_error,13,,/home/ak58925/agentCtx/ICLR_results/terminalbench/main/glm47flash/d05__b3k__ss-partial/swe-bench-astropy-2/structured-summarize-partial/run_2/trajectory.json,/home/ak58925/agentCtx-summarization/results/query-error-audit-20260907/details/01053.txt
terminalbench,main,glm47flash,d05__b3k__ss-partial,hosted_vllm/zai-org/GLM-4.7-Flash,structured_summarize_partial,3000,0.5,swe-bench-astropy-2,structured-summarize-partial,run_3,priority,summary_marker_error,8,,/home/ak58925/agentCtx/ICLR_results/terminalbench/main/glm47flash/d05__b3k__ss-partial/swe-bench-astropy-2/structured-summarize-partial/run_3/trajectory.json,/home/ak58925/agentCtx-summarization/results/query-error-audit-20260907/details/01054.txt
terminalbench,main,glm47flash,d05__b3k__ss-partial,hosted_vllm/zai-org/GLM-4.7-Flash,structured_summarize_partial,3000,0.5,swe-bench-fsspec,structured-summarize-partial,run_1,priority,summary_marker_error,42,,/home/ak58925/agentCtx/ICLR_results/terminalbench/main/glm47flash/d05__b3k__ss-partial/swe-bench-fsspec/structured-summarize-partial/run_1/trajectory.json,/home/ak58925/agentCtx-summarization/results/query-error-audit-20260907/details/01055.txt
terminalbench,main,glm47flash,d05__b3k__ss-partial,hosted_vllm/zai-org/GLM-4.7-Flash,structured_summarize_partial,3000,0.5,swe-bench-fsspec,structured-summarize-partial,run_2,priority,summary_marker_error,40,,/home/ak58925/agentCtx/ICLR_results/terminalbench/main/glm47flash/d05__b3k__ss-partial/swe-bench-fsspec/structured-summarize-partial/run_2/trajectory.json,/home/ak58925/agentCtx-summarization/results/query-error-audit-20260907/details/01056.txt
terminalbench,main,glm47flash,d05__b3k__ss-partial,hosted_vllm/zai-org/GLM-4.7-Flash,structured_summarize_partial,3000,0.5,swe-bench-fsspec,structured-summarize-partial,run_3,priority,summary_marker_error,17,,/home/ak58925/agentCtx/ICLR_results/terminalbench/main/glm47flash/d05__b3k__ss-partial/swe-bench-fsspec/structured-summarize-partial/run_3/trajectory.json,/home/ak58925/agentCtx-summarization/results/query-error-audit-20260907/details/01057.txt
terminalbench,main,glm47flash,d05__b3k__ss-partial,hosted_vllm/zai-org/GLM-4.7-Flash,structured_summarize_partial,3000,0.5,tmux-advanced-workflow,structured-summarize-partial,run_1,priority,summary_marker_error,10,,/home/ak58925/agentCtx/ICLR_results/terminalbench/main/glm47flash/d05__b3k__ss-partial/tmux-advanced-workflow/structured-summarize-partial/run_1/trajectory.json,/home/ak58925/agentCtx-summarization/results/query-error-audit-20260907/details/01058.txt
terminalbench,main,glm47flash,d05__b3k__ss-partial,hosted_vllm/zai-org/GLM-4.7-Flash,structured_summarize_partial,3000,0.5,tmux-advanced-workflow,structured-summarize-partial,run_2,priority,summary_marker_error,6,,/home/ak58925/agentCtx/ICLR_results/terminalbench/main/glm47flash/d05__b3k__ss-partial/tmux-advanced-workflow/structured-summarize-partial/run_2/trajectory.json,/home/ak58925/agentCtx-summarization/results/query-error-audit-20260907/details/01059.txt
terminalbench,main,glm47flash,d05__b3k__ss-partial,hosted_vllm/zai-org/GLM-4.7-Flash,structured_summarize_partial,3000,0.5,tmux-advanced-workflow,structured-summarize-partial,run_3,priority,summary_marker_error,5,,/home/ak58925/agentCtx/ICLR_results/terminalbench/main/glm47flash/d05__b3k__ss-partial/tmux-advanced-workflow/structured-summarize-partial/run_3/trajectory.json,/home/ak58925/agentCtx-summarization/results/query-error-audit-20260907/details/01060.txt
terminalbench,main,glm47flash,d05__b3k__ss-partial,hosted_vllm/zai-org/GLM-4.7-Flash,structured_summarize_partial,3000,0.5,write-compressor,structured-summarize-partial,run_1,priority,summary_failure_accounting,0,1,/home/ak58925/agentCtx/ICLR_results/terminalbench/main/glm47flash/d05__b3k__ss-partial/write-compressor/structured-summarize-partial/run_1/trajectory.json,/home/ak58925/agentCtx-summarization/results/query-error-audit-20260907/details/01061.txt
terminalbench,main,glm47flash,d05__b3k__ss-partial,hosted_vllm/zai-org/GLM-4.7-Flash,structured_summarize_partial,3000,0.5,write-compressor,structured-summarize-partial,run_2,priority,summary_marker_error,1,,/home/ak58925/agentCtx/ICLR_results/terminalbench/main/glm47flash/d05__b3k__ss-partial/write-compressor/structured-summarize-partial/run_2/trajectory.json,/home/ak58925/agentCtx-summarization/results/query-error-audit-20260907/details/01062.txt
terminalbench,main,glm47flash,d05__b3k__ss-partial,hosted_vllm/zai-org/GLM-4.7-Flash,structured_summarize_partial,3000,0.5,write-compressor,structured-summarize-partial,run_3,priority,summary_failure_accounting,0,3,/home/ak58925/agentCtx/ICLR_results/terminalbench/main/glm47flash/d05__b3k__ss-partial/write-compressor/structured-summarize-partial/run_3/trajectory.json,/home/ak58925/agentCtx-summarization/results/query-error-audit-20260907/details/01063.txt
terminalbench,main,glm47flash,d05__b3k__su-full,hosted_vllm/zai-org/GLM-4.7-Flash,summarization,3000,0.5,blind-maze-explorer-5x5,summarization,run_2,priority,summary_failure_accounting,0,30,/home/ak58925/agentCtx/ICLR_results/terminalbench/main/glm47flash/d05__b3k__su-full/blind-maze-explorer-5x5/summarization/run_2/trajectory.json,/home/ak58925/agentCtx-summarization/results/query-error-audit-20260907/details/01064.txt
terminalbench,main,glm47flash,d05__b3k__su-full,hosted_vllm/zai-org/GLM-4.7-Flash,summarization,3000,0.5,blind-maze-explorer-5x5,summarization,run_3,priority,summary_marker_error,2,,/home/ak58925/agentCtx/ICLR_results/terminalbench/main/glm47flash/d05__b3k__su-full/blind-maze-explorer-5x5/summarization/run_3/trajectory.json,/home/ak58925/agentCtx-summarization/results/query-error-audit-20260907/details/01065.txt
terminalbench,main,glm47flash,d05__b3k__su-full,hosted_vllm/zai-org/GLM-4.7-Flash,summarization,3000,0.5,blind-maze-explorer-algorithm,summarization,run_1,priority,summary_failure_accounting,0,20,/home/ak58925/agentCtx/ICLR_results/terminalbench/main/glm47flash/d05__b3k__su-full/blind-maze-explorer-algorithm/summarization/run_1/trajectory.json,/home/ak58925/agentCtx-summarization/results/query-error-audit-20260907/details/01066.txt
terminalbench,main,glm47flash,d05__b3k__su-full,hosted_vllm/zai-org/GLM-4.7-Flash,summarization,3000,0.5,blind-maze-explorer-algorithm,summarization,run_2,probable,summary_related_response,0,0,/home/ak58925/agentCtx/ICLR_results/terminalbench/main/glm47flash/d05__b3k__su-full/blind-maze-explorer-algorithm/summarization/run_2/trajectory.json,/home/ak58925/agentCtx-summarization/results/query-error-audit-20260907/details/01067.txt
terminalbench,main,glm47flash,d05__b3k__su-full,hosted_vllm/zai-org/GLM-4.7-Flash,summarization,3000,0.5,blind-maze-explorer-algorithm,summarization,run_3,probable,summary_related_response,0,0,/home/ak58925/agentCtx/ICLR_results/terminalbench/main/glm47flash/d05__b3k__su-full/blind-maze-explorer-algorithm/summarization/run_3/trajectory.json,/home/ak58925/agentCtx-summarization/results/query-error-audit-20260907/details/01068.txt
terminalbench,main,glm47flash,d05__b3k__su-full,hosted_vllm/zai-org/GLM-4.7-Flash,summarization,3000,0.5,cartpole-rl-training,summarization,run_1,priority,summary_failure_accounting,0,3,/home/ak58925/agentCtx/ICLR_results/terminalbench/main/glm47flash/d05__b3k__su-full/cartpole-rl-training/summarization/run_1/trajectory.json,/home/ak58925/agentCtx-summarization/results/query-error-audit-20260907/details/01069.txt
terminalbench,main,glm47flash,d05__b3k__su-full,hosted_vllm/zai-org/GLM-4.7-Flash,summarization,3000,0.5,cartpole-rl-training,summarization,run_3,priority,summary_failure_accounting,0,8,/home/ak58925/agentCtx/ICLR_results/terminalbench/main/glm47flash/d05__b3k__su-full/cartpole-rl-training/summarization/run_3/trajectory.json,/home/ak58925/agentCtx-summarization/results/query-error-audit-20260907/details/01070.txt
terminalbench,main,glm47flash,d05__b3k__su-full,hosted_vllm/zai-org/GLM-4.7-Flash,summarization,3000,0.5,crack-7z-hash.hard,summarization,run_1,priority,summary_failure_accounting,0,44,/home/ak58925/agentCtx/ICLR_results/terminalbench/main/glm47flash/d05__b3k__su-full/crack-7z-hash.hard/summarization/run_1/trajectory.json,/home/ak58925/agentCtx-summarization/results/query-error-audit-20260907/details/01071.txt
terminalbench,main,glm47flash,d05__b3k__su-full,hosted_vllm/zai-org/GLM-4.7-Flash,summarization,3000,0.5,download-youtube,summarization,run_1,priority,summary_failure_accounting,0,13,/home/ak58925/agentCtx/ICLR_results/terminalbench/main/glm47flash/d05__b3k__su-full/download-youtube/summarization/run_1/trajectory.json,/home/ak58925/agentCtx-summarization/results/query-error-audit-20260907/details/01072.txt
terminalbench,main,glm47flash,d05__b3k__su-full,hosted_vllm/zai-org/GLM-4.7-Flash,summarization,3000,0.5,download-youtube,summarization,run_3,probable,summary_related_response,0,0,/home/ak58925/agentCtx/ICLR_results/terminalbench/main/glm47flash/d05__b3k__su-full/download-youtube/summarization/run_3/trajectory.json,/home/ak58925/agentCtx-summarization/results/query-error-audit-20260907/details/01073.txt
terminalbench,main,glm47flash,d05__b3k__su-full,hosted_vllm/zai-org/GLM-4.7-Flash,summarization,3000,0.5,eval-mteb,summarization,run_1,probable,summary_related_response,0,0,/home/ak58925/agentCtx/ICLR_results/terminalbench/main/glm47flash/d05__b3k__su-full/eval-mteb/summarization/run_1/trajectory.json,/home/ak58925/agentCtx-summarization/results/query-error-audit-20260907/details/01074.txt
terminalbench,main,glm47flash,d05__b3k__su-full,hosted_vllm/zai-org/GLM-4.7-Flash,summarization,3000,0.5,eval-mteb,summarization,run_2,priority,summary_failure_accounting,0,10,/home/ak58925/agentCtx/ICLR_results/terminalbench/main/glm47flash/d05__b3k__su-full/eval-mteb/summarization/run_2/trajectory.json,/home/ak58925/agentCtx-summarization/results/query-error-audit-20260907/details/01075.txt
terminalbench,main,glm47flash,d05__b3k__su-full,hosted_vllm/zai-org/GLM-4.7-Flash,summarization,3000,0.5,extract-moves-from-video,summarization,run_3,priority,summary_failure_accounting,0,18,/home/ak58925/agentCtx/ICLR_results/terminalbench/main/glm47flash/d05__b3k__su-full/extract-moves-from-video/summarization/run_3/trajectory.json,/home/ak58925/agentCtx-summarization/results/query-error-audit-20260907/details/01076.txt
terminalbench,main,glm47flash,d05__b3k__su-full,hosted_vllm/zai-org/GLM-4.7-Flash,summarization,3000,0.5,fibonacci-server,summarization,run_1,probable,summary_related_response,0,0,/home/ak58925/agentCtx/ICLR_results/terminalbench/main/glm47flash/d05__b3k__su-full/fibonacci-server/summarization/run_1/trajectory.json,/home/ak58925/agentCtx-summarization/results/query-error-audit-20260907/details/01077.txt
terminalbench,main,glm47flash,d05__b3k__su-full,hosted_vllm/zai-org/GLM-4.7-Flash,summarization,3000,0.5,fix-git,summarization,run_1,priority,summary_failure_accounting,0,39,/home/ak58925/agentCtx/ICLR_results/terminalbench/main/glm47flash/d05__b3k__su-full/fix-git/summarization/run_1/trajectory.json,/home/ak58925/agentCtx-summarization/results/query-error-audit-20260907/details/01078.txt
terminalbench,main,glm47flash,d05__b3k__su-full,hosted_vllm/zai-org/GLM-4.7-Flash,summarization,3000,0.5,fix-git,summarization,run_2,probable,summary_related_response,0,0,/home/ak58925/agentCtx/ICLR_results/terminalbench/main/glm47flash/d05__b3k__su-full/fix-git/summarization/run_2/trajectory.json,/home/ak58925/agentCtx-summarization/results/query-error-audit-20260907/details/01079.txt
terminalbench,main,glm47flash,d05__b3k__su-full,hosted_vllm/zai-org/GLM-4.7-Flash,summarization,3000,0.5,fix-pandas-version,summarization,run_2,priority,summary_failure_accounting,0,83,/home/ak58925/agentCtx/ICLR_results/terminalbench/main/glm47flash/d05__b3k__su-full/fix-pandas-version/summarization/run_2/trajectory.json,/home/ak58925/agentCtx-summarization/results/query-error-audit-20260907/details/01080.txt
terminalbench,main,glm47flash,d05__b3k__su-full,hosted_vllm/zai-org/GLM-4.7-Flash,summarization,3000,0.5,git-workflow-hack,summarization,run_3,probable,summary_related_response,0,0,/home/ak58925/agentCtx/ICLR_results/terminalbench/main/glm47flash/d05__b3k__su-full/git-workflow-hack/summarization/run_3/trajectory.json,/home/ak58925/agentCtx-summarization/results/query-error-audit-20260907/details/01081.txt
terminalbench,main,glm47flash,d05__b3k__su-full,hosted_vllm/zai-org/GLM-4.7-Flash,summarization,3000,0.5,hf-model-inference,summarization,run_2,probable,summary_related_response,0,0,/home/ak58925/agentCtx/ICLR_results/terminalbench/main/glm47flash/d05__b3k__su-full/hf-model-inference/summarization/run_2/trajectory.json,/home/ak58925/agentCtx-summarization/results/query-error-audit-20260907/details/01083.txt
terminalbench,main,glm47flash,d05__b3k__su-full,hosted_vllm/zai-org/GLM-4.7-Flash,summarization,3000,0.5,intrusion-detection,summarization,run_1,priority,summary_failure_accounting,0,36,/home/ak58925/agentCtx/ICLR_results/terminalbench/main/glm47flash/d05__b3k__su-full/intrusion-detection/summarization/run_1/trajectory.json,/home/ak58925/agentCtx-summarization/results/query-error-audit-20260907/details/01086.txt
terminalbench,main,glm47flash,d05__b3k__su-full,hosted_vllm/zai-org/GLM-4.7-Flash,summarization,3000,0.5,intrusion-detection,summarization,run_3,probable,summary_related_response,0,0,/home/ak58925/agentCtx/ICLR_results/terminalbench/main/glm47flash/d05__b3k__su-full/intrusion-detection/summarization/run_3/trajectory.json,/home/ak58925/agentCtx-summarization/results/query-error-audit-20260907/details/01088.txt
terminalbench,main,glm47flash,d05__b3k__su-full,hosted_vllm/zai-org/GLM-4.7-Flash,summarization,3000,0.5,password-recovery,summarization,run_2,priority,summary_failure_accounting,0,38,/home/ak58925/agentCtx/ICLR_results/terminalbench/main/glm47flash/d05__b3k__su-full/password-recovery/summarization/run_2/trajectory.json,/home/ak58925/agentCtx-summarization/results/query-error-audit-20260907/details/01090.txt
terminalbench,main,glm47flash,d05__b3k__su-full,hosted_vllm/zai-org/GLM-4.7-Flash,summarization,3000,0.5,password-recovery,summarization,run_3,priority,summary_failure_accounting,0,54,/home/ak58925/agentCtx/ICLR_results/terminalbench/main/glm47flash/d05__b3k__su-full/password-recovery/summarization/run_3/trajectory.json,/home/ak58925/agentCtx-summarization/results/query-error-audit-20260907/details/01091.txt
terminalbench,main,glm47flash,d05__b3k__su-full,hosted_vllm/zai-org/GLM-4.7-Flash,summarization,3000,0.5,path-tracing-reverse,summarization,run_1,probable,summary_related_response,0,0,/home/ak58925/agentCtx/ICLR_results/terminalbench/main/glm47flash/d05__b3k__su-full/path-tracing-reverse/summarization/run_1/trajectory.json,/home/ak58925/agentCtx-summarization/results/query-error-audit-20260907/details/01092.txt
terminalbench,main,glm47flash,d05__b3k__su-full,hosted_vllm/zai-org/GLM-4.7-Flash,summarization,3000,0.5,path-tracing-reverse,summarization,run_3,priority,summary_failure_accounting,0,102,/home/ak58925/agentCtx/ICLR_results/terminalbench/main/glm47flash/d05__b3k__su-full/path-tracing-reverse/summarization/run_3/trajectory.json,/home/ak58925/agentCtx-summarization/results/query-error-audit-20260907/details/01093.txt
terminalbench,main,glm47flash,d05__b3k__su-full,hosted_vllm/zai-org/GLM-4.7-Flash,summarization,3000,0.5,processing-pipeline,summarization,run_1,priority,summary_failure_accounting,0,54,/home/ak58925/agentCtx/ICLR_results/terminalbench/main/glm47flash/d05__b3k__su-full/processing-pipeline/summarization/run_1/trajectory.json,/home/ak58925/agentCtx-summarization/results/query-error-audit-20260907/details/01094.txt
terminalbench,main,glm47flash,d05__b3k__su-full,hosted_vllm/zai-org/GLM-4.7-Flash,summarization,3000,0.5,pytorch-model-cli.hard,summarization,run_1,probable,summary_related_response,0,0,/home/ak58925/agentCtx/ICLR_results/terminalbench/main/glm47flash/d05__b3k__su-full/pytorch-model-cli.hard/summarization/run_1/trajectory.json,/home/ak58925/agentCtx-summarization/results/query-error-audit-20260907/details/01096.txt
terminalbench,main,glm47flash,d05__b3k__su-full,hosted_vllm/zai-org/GLM-4.7-Flash,summarization,3000,0.5,qemu-alpine-ssh,summarization,run_2,priority,summary_failure_accounting,0,1,/home/ak58925/agentCtx/ICLR_results/terminalbench/main/glm47flash/d05__b3k__su-full/qemu-alpine-ssh/summarization/run_2/trajectory.json,/home/ak58925/agentCtx-summarization/results/query-error-audit-20260907/details/01097.txt
terminalbench,main,glm47flash,d05__b3k__su-full,hosted_vllm/zai-org/GLM-4.7-Flash,summarization,3000,0.5,qemu-alpine-ssh,summarization,run_3,priority,summary_marker_error,1,,/home/ak58925/agentCtx/ICLR_results/terminalbench/main/glm47flash/d05__b3k__su-full/qemu-alpine-ssh/summarization/run_3/trajectory.json,/home/ak58925/agentCtx-summarization/results/query-error-audit-20260907/details/01098.txt
terminalbench,main,glm47flash,d05__b3k__su-full,hosted_vllm/zai-org/GLM-4.7-Flash,summarization,3000,0.5,raman-fitting.easy,summarization,run_1,priority,summary_marker_error,8,,/home/ak58925/agentCtx/ICLR_results/terminalbench/main/glm47flash/d05__b3k__su-full/raman-fitting.easy/summarization/run_1/trajectory.json,/home/ak58925/agentCtx-summarization/results/query-error-audit-20260907/details/01099.txt
terminalbench,main,glm47flash,d05__b3k__su-full,hosted_vllm/zai-org/GLM-4.7-Flash,summarization,3000,0.5,raman-fitting.easy,summarization,run_2,priority,summary_failure_accounting,0,124,/home/ak58925/agentCtx/ICLR_results/terminalbench/main/glm47flash/d05__b3k__su-full/raman-fitting.easy/summarization/run_2/trajectory.json,/home/ak58925/agentCtx-summarization/results/query-error-audit-20260907/details/01100.txt
terminalbench,main,glm47flash,d05__b3k__su-full,hosted_vllm/zai-org/GLM-4.7-Flash,summarization,3000,0.5,sanitize-git-repo,summarization,run_1,probable,summary_related_response,0,0,/home/ak58925/agentCtx/ICLR_results/terminalbench/main/glm47flash/d05__b3k__su-full/sanitize-git-repo/summarization/run_1/trajectory.json,/home/ak58925/agentCtx-summarization/results/query-error-audit-20260907/details/01101.txt
terminalbench,main,glm47flash,d05__b3k__su-full,hosted_vllm/zai-org/GLM-4.7-Flash,summarization,3000,0.5,sanitize-git-repo,summarization,run_2,probable,summary_related_response,0,0,/home/ak58925/agentCtx/ICLR_results/terminalbench/main/glm47flash/d05__b3k__su-full/sanitize-git-repo/summarization/run_2/trajectory.json,/home/ak58925/agentCtx-summarization/results/query-error-audit-20260907/details/01102.txt
terminalbench,main,glm47flash,d05__b3k__su-full,hosted_vllm/zai-org/GLM-4.7-Flash,summarization,3000,0.5,sanitize-git-repo,summarization,run_3,probable,summary_related_response,0,0,/home/ak58925/agentCtx/ICLR_results/terminalbench/main/glm47flash/d05__b3k__su-full/sanitize-git-repo/summarization/run_3/trajectory.json,/home/ak58925/agentCtx-summarization/results/query-error-audit-20260907/details/01103.txt
terminalbench,main,glm47flash,d05__b3k__su-full,hosted_vllm/zai-org/GLM-4.7-Flash,summarization,3000,0.5,sanitize-git-repo.hard,summarization,run_1,probable,summary_related_response,0,0,/home/ak58925/agentCtx/ICLR_results/terminalbench/main/glm47flash/d05__b3k__su-full/sanitize-git-repo.hard/summarization/run_1/trajectory.json,/home/ak58925/agentCtx-summarization/results/query-error-audit-20260907/details/01104.txt
terminalbench,main,glm47flash,d05__b3k__su-full,hosted_vllm/zai-org/GLM-4.7-Flash,summarization,3000,0.5,solana-data,summarization,run_1,probable,summary_related_response,0,0,/home/ak58925/agentCtx/ICLR_results/terminalbench/main/glm47flash/d05__b3k__su-full/solana-data/summarization/run_1/trajectory.json,/home/ak58925/agentCtx-summarization/results/query-error-audit-20260907/details/01105.txt
terminalbench,main,glm47flash,d05__b3k__su-full,hosted_vllm/zai-org/GLM-4.7-Flash,summarization,3000,0.5,sqlite-with-gcov,summarization,run_1,priority,summary_failure_accounting,0,89,/home/ak58925/agentCtx/ICLR_results/terminalbench/main/glm47flash/d05__b3k__su-full/sqlite-with-gcov/summarization/run_1/trajectory.json,/home/ak58925/agentCtx-summarization/results/query-error-audit-20260907/details/01106.txt
terminalbench,main,glm47flash,d05__b3k__su-full,hosted_vllm/zai-org/GLM-4.7-Flash,summarization,3000,0.5,sqlite-with-gcov,summarization,run_2,probable,summary_related_response,0,0,/home/ak58925/agentCtx/ICLR_results/terminalbench/main/glm47flash/d05__b3k__su-full/sqlite-with-gcov/summarization/run_2/trajectory.json,/home/ak58925/agentCtx-summarization/results/query-error-audit-20260907/details/01107.txt
terminalbench,main,glm47flash,d05__b3k__su-full,hosted_vllm/zai-org/GLM-4.7-Flash,summarization,3000,0.5,sqlite-with-gcov,summarization,run_3,priority,summary_failure_accounting,0,122,/home/ak58925/agentCtx/ICLR_results/terminalbench/main/glm47flash/d05__b3k__su-full/sqlite-with-gcov/summarization/run_3/trajectory.json,/home/ak58925/agentCtx-summarization/results/query-error-audit-20260907/details/01108.txt
terminalbench,main,glm47flash,d05__b3k__su-full,hosted_vllm/zai-org/GLM-4.7-Flash,summarization,3000,0.5,super-benchmark-upet,summarization,run_2,probable,summary_related_response,0,0,/home/ak58925/agentCtx/ICLR_results/terminalbench/main/glm47flash/d05__b3k__su-full/super-benchmark-upet/summarization/run_2/trajectory.json,/home/ak58925/agentCtx-summarization/results/query-error-audit-20260907/details/01109.txt
terminalbench,main,glm47flash,d05__b3k__su-full,hosted_vllm/zai-org/GLM-4.7-Flash,summarization,3000,0.5,super-benchmark-upet,summarization,run_3,probable,summary_related_response,0,0,/home/ak58925/agentCtx/ICLR_results/terminalbench/main/glm47flash/d05__b3k__su-full/super-benchmark-upet/summarization/run_3/trajectory.json,/home/ak58925/agentCtx-summarization/results/query-error-audit-20260907/details/01110.txt
terminalbench,main,glm47flash,d05__b3k__su-full,hosted_vllm/zai-org/GLM-4.7-Flash,summarization,3000,0.5,swe-bench-astropy-2,summarization,run_1,probable,summary_related_response,0,0,/home/ak58925/agentCtx/ICLR_results/terminalbench/main/glm47flash/d05__b3k__su-full/swe-bench-astropy-2/summarization/run_1/trajectory.json,/home/ak58925/agentCtx-summarization/results/query-error-audit-20260907/details/01111.txt
terminalbench,main,glm47flash,d05__b3k__su-full,hosted_vllm/zai-org/GLM-4.7-Flash,summarization,3000,0.5,swe-bench-astropy-2,summarization,run_2,priority,summary_marker_error,1,,/home/ak58925/agentCtx/ICLR_results/terminalbench/main/glm47flash/d05__b3k__su-full/swe-bench-astropy-2/summarization/run_2/trajectory.json,/home/ak58925/agentCtx-summarization/results/query-error-audit-20260907/details/01112.txt
terminalbench,main,glm47flash,d05__b3k__su-full,hosted_vllm/zai-org/GLM-4.7-Flash,summarization,3000,0.5,swe-bench-fsspec,summarization,run_3,priority,summary_failure_accounting,0,19,/home/ak58925/agentCtx/ICLR_results/terminalbench/main/glm47flash/d05__b3k__su-full/swe-bench-fsspec/summarization/run_3/trajectory.json,/home/ak58925/agentCtx-summarization/results/query-error-audit-20260907/details/01113.txt
terminalbench,main,glm47flash,d05__b3k__su-full,hosted_vllm/zai-org/GLM-4.7-Flash,summarization,3000,0.5,tmux-advanced-workflow,summarization,run_3,priority,summary_failure_accounting,0,48,/home/ak58925/agentCtx/ICLR_results/terminalbench/main/glm47flash/d05__b3k__su-full/tmux-advanced-workflow/summarization/run_3/trajectory.json,/home/ak58925/agentCtx-summarization/results/query-error-audit-20260907/details/01114.txt
terminalbench,main,glm47flash,d05__b3k__su-full,hosted_vllm/zai-org/GLM-4.7-Flash,summarization,3000,0.5,write-compressor,summarization,run_1,probable,summary_related_response,0,0,/home/ak58925/agentCtx/ICLR_results/terminalbench/main/glm47flash/d05__b3k__su-full/write-compressor/summarization/run_1/trajectory.json,/home/ak58925/agentCtx-summarization/results/query-error-audit-20260907/details/01115.txt
terminalbench,main,glm47flash,d05__b3k__su-full,hosted_vllm/zai-org/GLM-4.7-Flash,summarization,3000,0.5,write-compressor,summarization,run_2,probable,summary_related_response,0,0,/home/ak58925/agentCtx/ICLR_results/terminalbench/main/glm47flash/d05__b3k__su-full/write-compressor/summarization/run_2/trajectory.json,/home/ak58925/agentCtx-summarization/results/query-error-audit-20260907/details/01116.txt
terminalbench,main,glm47flash,d05__b3k__su-full,hosted_vllm/zai-org/GLM-4.7-Flash,summarization,3000,0.5,write-compressor,summarization,run_3,probable,summary_related_response,0,0,/home/ak58925/agentCtx/ICLR_results/terminalbench/main/glm47flash/d05__b3k__su-full/write-compressor/summarization/run_3/trajectory.json,/home/ak58925/agentCtx-summarization/results/query-error-audit-20260907/details/01117.txt
terminalbench,main,glm47flash,d05__b3k__su-partial,hosted_vllm/zai-org/GLM-4.7-Flash,summarization_partial,3000,0.5,blind-maze-explorer-5x5,summarization-partial,run_1,probable,summary_related_response,0,0,/home/ak58925/agentCtx/ICLR_results/terminalbench/main/glm47flash/d05__b3k__su-partial/blind-maze-explorer-5x5/summarization-partial/run_1/trajectory.json,/home/ak58925/agentCtx-summarization/results/query-error-audit-20260907/details/01118.txt
terminalbench,main,glm47flash,d05__b3k__su-partial,hosted_vllm/zai-org/GLM-4.7-Flash,summarization_partial,3000,0.5,blind-maze-explorer-5x5,summarization-partial,run_2,probable,summary_related_response,0,0,/home/ak58925/agentCtx/ICLR_results/terminalbench/main/glm47flash/d05__b3k__su-partial/blind-maze-explorer-5x5/summarization-partial/run_2/trajectory.json,/home/ak58925/agentCtx-summarization/results/query-error-audit-20260907/details/01119.txt
terminalbench,main,glm47flash,d05__b3k__su-partial,hosted_vllm/zai-org/GLM-4.7-Flash,summarization_partial,3000,0.5,blind-maze-explorer-5x5,summarization-partial,run_3,priority,summary_failure_accounting,0,8,/home/ak58925/agentCtx/ICLR_results/terminalbench/main/glm47flash/d05__b3k__su-partial/blind-maze-explorer-5x5/summarization-partial/run_3/trajectory.json,/home/ak58925/agentCtx-summarization/results/query-error-audit-20260907/details/01120.txt
terminalbench,main,glm47flash,d05__b3k__su-partial,hosted_vllm/zai-org/GLM-4.7-Flash,summarization_partial,3000,0.5,blind-maze-explorer-algorithm,summarization-partial,run_1,priority,summary_failure_accounting,0,19,/home/ak58925/agentCtx/ICLR_results/terminalbench/main/glm47flash/d05__b3k__su-partial/blind-maze-explorer-algorithm/summarization-partial/run_1/trajectory.json,/home/ak58925/agentCtx-summarization/results/query-error-audit-20260907/details/01121.txt
terminalbench,main,glm47flash,d05__b3k__su-partial,hosted_vllm/zai-org/GLM-4.7-Flash,summarization_partial,3000,0.5,blind-maze-explorer-algorithm,summarization-partial,run_2,priority,summary_failure_accounting,0,39,/home/ak58925/agentCtx/ICLR_results/terminalbench/main/glm47flash/d05__b3k__su-partial/blind-maze-explorer-algorithm/summarization-partial/run_2/trajectory.json,/home/ak58925/agentCtx-summarization/results/query-error-audit-20260907/details/01122.txt
terminalbench,main,glm47flash,d05__b3k__su-partial,hosted_vllm/zai-org/GLM-4.7-Flash,summarization_partial,3000,0.5,blind-maze-explorer-algorithm,summarization-partial,run_3,priority,summary_failure_accounting,0,5,/home/ak58925/agentCtx/ICLR_results/terminalbench/main/glm47flash/d05__b3k__su-partial/blind-maze-explorer-algorithm/summarization-partial/run_3/trajectory.json,/home/ak58925/agentCtx-summarization/results/query-error-audit-20260907/details/01123.txt
terminalbench,main,glm47flash,d05__b3k__su-partial,hosted_vllm/zai-org/GLM-4.7-Flash,summarization_partial,3000,0.5,cartpole-rl-training,summarization-partial,run_1,priority,summary_failure_accounting,0,12,/home/ak58925/agentCtx/ICLR_results/terminalbench/main/glm47flash/d05__b3k__su-partial/cartpole-rl-training/summarization-partial/run_1/trajectory.json,/home/ak58925/agentCtx-summarization/results/query-error-audit-20260907/details/01124.txt
terminalbench,main,glm47flash,d05__b3k__su-partial,hosted_vllm/zai-org/GLM-4.7-Flash,summarization_partial,3000,0.5,cartpole-rl-training,summarization-partial,run_2,priority,summary_failure_accounting,0,11,/home/ak58925/agentCtx/ICLR_results/terminalbench/main/glm47flash/d05__b3k__su-partial/cartpole-rl-training/summarization-partial/run_2/trajectory.json,/home/ak58925/agentCtx-summarization/results/query-error-audit-20260907/details/01125.txt
terminalbench,main,glm47flash,d05__b3k__su-partial,hosted_vllm/zai-org/GLM-4.7-Flash,summarization_partial,3000,0.5,cartpole-rl-training,summarization-partial,run_3,priority,summary_failure_accounting,0,4,/home/ak58925/agentCtx/ICLR_results/terminalbench/main/glm47flash/d05__b3k__su-partial/cartpole-rl-training/summarization-partial/run_3/trajectory.json,/home/ak58925/agentCtx-summarization/results/query-error-audit-20260907/details/01126.txt
terminalbench,main,glm47flash,d05__b3k__su-partial,hosted_vllm/zai-org/GLM-4.7-Flash,summarization_partial,3000,0.5,count-dataset-tokens,summarization-partial,run_1,priority,summary_failure_accounting,0,7,/home/ak58925/agentCtx/ICLR_results/terminalbench/main/glm47flash/d05__b3k__su-partial/count-dataset-tokens/summarization-partial/run_1/trajectory.json,/home/ak58925/agentCtx-summarization/results/query-error-audit-20260907/details/01127.txt
terminalbench,main,glm47flash,d05__b3k__su-partial,hosted_vllm/zai-org/GLM-4.7-Flash,summarization_partial,3000,0.5,count-dataset-tokens,summarization-partial,run_2,priority,summary_failure_accounting,0,7,/home/ak58925/agentCtx/ICLR_results/terminalbench/main/glm47flash/d05__b3k__su-partial/count-dataset-tokens/summarization-partial/run_2/trajectory.json,/home/ak58925/agentCtx-summarization/results/query-error-audit-20260907/details/01128.txt
terminalbench,main,glm47flash,d05__b3k__su-partial,hosted_vllm/zai-org/GLM-4.7-Flash,summarization_partial,3000,0.5,count-dataset-tokens,summarization-partial,run_3,priority,summary_failure_accounting,0,18,/home/ak58925/agentCtx/ICLR_results/terminalbench/main/glm47flash/d05__b3k__su-partial/count-dataset-tokens/summarization-partial/run_3/trajectory.json,/home/ak58925/agentCtx-summarization/results/query-error-audit-20260907/details/01129.txt
terminalbench,main,glm47flash,d05__b3k__su-partial,hosted_vllm/zai-org/GLM-4.7-Flash,summarization_partial,3000,0.5,crack-7z-hash.hard,summarization-partial,run_1,priority,summary_failure_accounting,0,4,/home/ak58925/agentCtx/ICLR_results/terminalbench/main/glm47flash/d05__b3k__su-partial/crack-7z-hash.hard/summarization-partial/run_1/trajectory.json,/home/ak58925/agentCtx-summarization/results/query-error-audit-20260907/details/01130.txt
terminalbench,main,glm47flash,d05__b3k__su-partial,hosted_vllm/zai-org/GLM-4.7-Flash,summarization_partial,3000,0.5,crack-7z-hash.hard,summarization-partial,run_2,priority,summary_failure_accounting,0,4,/home/ak58925/agentCtx/ICLR_results/terminalbench/main/glm47flash/d05__b3k__su-partial/crack-7z-hash.hard/summarization-partial/run_2/trajectory.json,/home/ak58925/agentCtx-summarization/results/query-error-audit-20260907/details/01131.txt
terminalbench,main,glm47flash,d05__b3k__su-partial,hosted_vllm/zai-org/GLM-4.7-Flash,summarization_partial,3000,0.5,crack-7z-hash.hard,summarization-partial,run_3,priority,summary_failure_accounting,0,15,/home/ak58925/agentCtx/ICLR_results/terminalbench/main/glm47flash/d05__b3k__su-partial/crack-7z-hash.hard/summarization-partial/run_3/trajectory.json,/home/ak58925/agentCtx-summarization/results/query-error-audit-20260907/details/01132.txt
terminalbench,main,glm47flash,d05__b3k__su-partial,hosted_vllm/zai-org/GLM-4.7-Flash,summarization_partial,3000,0.5,csv-to-parquet,summarization-partial,run_1,priority,summary_failure_accounting,0,9,/home/ak58925/agentCtx/ICLR_results/terminalbench/main/glm47flash/d05__b3k__su-partial/csv-to-parquet/summarization-partial/run_1/trajectory.json,/home/ak58925/agentCtx-summarization/results/query-error-audit-20260907/details/01133.txt
terminalbench,main,glm47flash,d05__b3k__su-partial,hosted_vllm/zai-org/GLM-4.7-Flash,summarization_partial,3000,0.5,csv-to-parquet,summarization-partial,run_2,priority,summary_failure_accounting,0,6,/home/ak58925/agentCtx/ICLR_results/terminalbench/main/glm47flash/d05__b3k__su-partial/csv-to-parquet/summarization-partial/run_2/trajectory.json,/home/ak58925/agentCtx-summarization/results/query-error-audit-20260907/details/01134.txt
terminalbench,main,glm47flash,d05__b3k__su-partial,hosted_vllm/zai-org/GLM-4.7-Flash,summarization_partial,3000,0.5,csv-to-parquet,summarization-partial,run_3,priority,summary_failure_accounting,0,11,/home/ak58925/agentCtx/ICLR_results/terminalbench/main/glm47flash/d05__b3k__su-partial/csv-to-parquet/summarization-partial/run_3/trajectory.json,/home/ak58925/agentCtx-summarization/results/query-error-audit-20260907/details/01135.txt
terminalbench,main,glm47flash,d05__b3k__su-partial,hosted_vllm/zai-org/GLM-4.7-Flash,summarization_partial,3000,0.5,download-youtube,summarization-partial,run_1,priority,summary_failure_accounting,0,4,/home/ak58925/agentCtx/ICLR_results/terminalbench/main/glm47flash/d05__b3k__su-partial/download-youtube/summarization-partial/run_1/trajectory.json,/home/ak58925/agentCtx-summarization/results/query-error-audit-20260907/details/01136.txt
terminalbench,main,glm47flash,d05__b3k__su-partial,hosted_vllm/zai-org/GLM-4.7-Flash,summarization_partial,3000,0.5,download-youtube,summarization-partial,run_2,priority,summary_failure_accounting,0,7,/home/ak58925/agentCtx/ICLR_results/terminalbench/main/glm47flash/d05__b3k__su-partial/download-youtube/summarization-partial/run_2/trajectory.json,/home/ak58925/agentCtx-summarization/results/query-error-audit-20260907/details/01137.txt
terminalbench,main,glm47flash,d05__b3k__su-partial,hosted_vllm/zai-org/GLM-4.7-Flash,summarization_partial,3000,0.5,download-youtube,summarization-partial,run_3,priority,summary_failure_accounting,0,7,/home/ak58925/agentCtx/ICLR_results/terminalbench/main/glm47flash/d05__b3k__su-partial/download-youtube/summarization-partial/run_3/trajectory.json,/home/ak58925/agentCtx-summarization/results/query-error-audit-20260907/details/01138.txt
terminalbench,main,glm47flash,d05__b3k__su-partial,hosted_vllm/zai-org/GLM-4.7-Flash,summarization_partial,3000,0.5,eval-mteb,summarization-partial,run_1,priority,summary_failure_accounting,0,2,/home/ak58925/agentCtx/ICLR_results/terminalbench/main/glm47flash/d05__b3k__su-partial/eval-mteb/summarization-partial/run_1/trajectory.json,/home/ak58925/agentCtx-summarization/results/query-error-audit-20260907/details/01139.txt
terminalbench,main,glm47flash,d05__b3k__su-partial,hosted_vllm/zai-org/GLM-4.7-Flash,summarization_partial,3000,0.5,eval-mteb,summarization-partial,run_2,priority,summary_failure_accounting,0,21,/home/ak58925/agentCtx/ICLR_results/terminalbench/main/glm47flash/d05__b3k__su-partial/eval-mteb/summarization-partial/run_2/trajectory.json,/home/ak58925/agentCtx-summarization/results/query-error-audit-20260907/details/01140.txt
terminalbench,main,glm47flash,d05__b3k__su-partial,hosted_vllm/zai-org/GLM-4.7-Flash,summarization_partial,3000,0.5,eval-mteb,summarization-partial,run_3,priority,summary_failure_accounting,0,9,/home/ak58925/agentCtx/ICLR_results/terminalbench/main/glm47flash/d05__b3k__su-partial/eval-mteb/summarization-partial/run_3/trajectory.json,/home/ak58925/agentCtx-summarization/results/query-error-audit-20260907/details/01141.txt
terminalbench,main,glm47flash,d05__b3k__su-partial,hosted_vllm/zai-org/GLM-4.7-Flash,summarization_partial,3000,0.5,eval-mteb.hard,summarization-partial,run_2,priority,summary_failure_accounting,0,2,/home/ak58925/agentCtx/ICLR_results/terminalbench/main/glm47flash/d05__b3k__su-partial/eval-mteb.hard/summarization-partial/run_2/trajectory.json,/home/ak58925/agentCtx-summarization/results/query-error-audit-20260907/details/01142.txt
terminalbench,main,glm47flash,d05__b3k__su-partial,hosted_vllm/zai-org/GLM-4.7-Flash,summarization_partial,3000,0.5,eval-mteb.hard,summarization-partial,run_3,probable,summary_related_response,0,0,/home/ak58925/agentCtx/ICLR_results/terminalbench/main/glm47flash/d05__b3k__su-partial/eval-mteb.hard/summarization-partial/run_3/trajectory.json,/home/ak58925/agentCtx-summarization/results/query-error-audit-20260907/details/01143.txt
terminalbench,main,glm47flash,d05__b3k__su-partial,hosted_vllm/zai-org/GLM-4.7-Flash,summarization_partial,3000,0.5,extract-moves-from-video,summarization-partial,run_1,priority,summary_failure_accounting,0,5,/home/ak58925/agentCtx/ICLR_results/terminalbench/main/glm47flash/d05__b3k__su-partial/extract-moves-from-video/summarization-partial/run_1/trajectory.json,/home/ak58925/agentCtx-summarization/results/query-error-audit-20260907/details/01144.txt
terminalbench,main,glm47flash,d05__b3k__su-partial,hosted_vllm/zai-org/GLM-4.7-Flash,summarization_partial,3000,0.5,extract-moves-from-video,summarization-partial,run_2,priority,summary_failure_accounting,0,4,/home/ak58925/agentCtx/ICLR_results/terminalbench/main/glm47flash/d05__b3k__su-partial/extract-moves-from-video/summarization-partial/run_2/trajectory.json,/home/ak58925/agentCtx-summarization/results/query-error-audit-20260907/details/01145.txt
terminalbench,main,glm47flash,d05__b3k__su-partial,hosted_vllm/zai-org/GLM-4.7-Flash,summarization_partial,3000,0.5,extract-moves-from-video,summarization-partial,run_3,priority,summary_failure_accounting,0,4,/home/ak58925/agentCtx/ICLR_results/terminalbench/main/glm47flash/d05__b3k__su-partial/extract-moves-from-video/summarization-partial/run_3/trajectory.json,/home/ak58925/agentCtx-summarization/results/query-error-audit-20260907/details/01146.txt
terminalbench,main,glm47flash,d05__b3k__su-partial,hosted_vllm/zai-org/GLM-4.7-Flash,summarization_partial,3000,0.5,fibonacci-server,summarization-partial,run_1,priority,summary_failure_accounting,0,9,/home/ak58925/agentCtx/ICLR_results/terminalbench/main/glm47flash/d05__b3k__su-partial/fibonacci-server/summarization-partial/run_1/trajectory.json,/home/ak58925/agentCtx-summarization/results/query-error-audit-20260907/details/01147.txt
terminalbench,main,glm47flash,d05__b3k__su-partial,hosted_vllm/zai-org/GLM-4.7-Flash,summarization_partial,3000,0.5,fibonacci-server,summarization-partial,run_2,priority,summary_failure_accounting,0,23,/home/ak58925/agentCtx/ICLR_results/terminalbench/main/glm47flash/d05__b3k__su-partial/fibonacci-server/summarization-partial/run_2/trajectory.json,/home/ak58925/agentCtx-summarization/results/query-error-audit-20260907/details/01148.txt
terminalbench,main,glm47flash,d05__b3k__su-partial,hosted_vllm/zai-org/GLM-4.7-Flash,summarization_partial,3000,0.5,fibonacci-server,summarization-partial,run_3,priority,summary_failure_accounting,0,5,/home/ak58925/agentCtx/ICLR_results/terminalbench/main/glm47flash/d05__b3k__su-partial/fibonacci-server/summarization-partial/run_3/trajectory.json,/home/ak58925/agentCtx-summarization/results/query-error-audit-20260907/details/01149.txt
terminalbench,main,glm47flash,d05__b3k__su-partial,hosted_vllm/zai-org/GLM-4.7-Flash,summarization_partial,3000,0.5,fix-git,summarization-partial,run_1,priority,summary_failure_accounting,0,6,/home/ak58925/agentCtx/ICLR_results/terminalbench/main/glm47flash/d05__b3k__su-partial/fix-git/summarization-partial/run_1/trajectory.json,/home/ak58925/agentCtx-summarization/results/query-error-audit-20260907/details/01150.txt
terminalbench,main,glm47flash,d05__b3k__su-partial,hosted_vllm/zai-org/GLM-4.7-Flash,summarization_partial,3000,0.5,fix-git,summarization-partial,run_2,priority,summary_failure_accounting,0,9,/home/ak58925/agentCtx/ICLR_results/terminalbench/main/glm47flash/d05__b3k__su-partial/fix-git/summarization-partial/run_2/trajectory.json,/home/ak58925/agentCtx-summarization/results/query-error-audit-20260907/details/01151.txt
terminalbench,main,glm47flash,d05__b3k__su-partial,hosted_vllm/zai-org/GLM-4.7-Flash,summarization_partial,3000,0.5,fix-git,summarization-partial,run_3,priority,summary_failure_accounting,0,19,/home/ak58925/agentCtx/ICLR_results/terminalbench/main/glm47flash/d05__b3k__su-partial/fix-git/summarization-partial/run_3/trajectory.json,/home/ak58925/agentCtx-summarization/results/query-error-audit-20260907/details/01152.txt
terminalbench,main,glm47flash,d05__b3k__su-partial,hosted_vllm/zai-org/GLM-4.7-Flash,summarization_partial,3000,0.5,fix-pandas-version,summarization-partial,run_1,priority,summary_failure_accounting,0,22,/home/ak58925/agentCtx/ICLR_results/terminalbench/main/glm47flash/d05__b3k__su-partial/fix-pandas-version/summarization-partial/run_1/trajectory.json,/home/ak58925/agentCtx-summarization/results/query-error-audit-20260907/details/01153.txt
terminalbench,main,glm47flash,d05__b3k__su-partial,hosted_vllm/zai-org/GLM-4.7-Flash,summarization_partial,3000,0.5,fix-pandas-version,summarization-partial,run_2,priority,summary_failure_accounting,0,5,/home/ak58925/agentCtx/ICLR_results/terminalbench/main/glm47flash/d05__b3k__su-partial/fix-pandas-version/summarization-partial/run_2/trajectory.json,/home/ak58925/agentCtx-summarization/results/query-error-audit-20260907/details/01154.txt
terminalbench,main,glm47flash,d05__b3k__su-partial,hosted_vllm/zai-org/GLM-4.7-Flash,summarization_partial,3000,0.5,fix-pandas-version,summarization-partial,run_3,priority,summary_failure_accounting,0,7,/home/ak58925/agentCtx/ICLR_results/terminalbench/main/glm47flash/d05__b3k__su-partial/fix-pandas-version/summarization-partial/run_3/trajectory.json,/home/ak58925/agentCtx-summarization/results/query-error-audit-20260907/details/01155.txt
terminalbench,main,glm47flash,d05__b3k__su-partial,hosted_vllm/zai-org/GLM-4.7-Flash,summarization_partial,3000,0.5,git-workflow-hack,summarization-partial,run_1,priority,summary_failure_accounting,0,1,/home/ak58925/agentCtx/ICLR_results/terminalbench/main/glm47flash/d05__b3k__su-partial/git-workflow-hack/summarization-partial/run_1/trajectory.json,/home/ak58925/agentCtx-summarization/results/query-error-audit-20260907/details/01156.txt
terminalbench,main,glm47flash,d05__b3k__su-partial,hosted_vllm/zai-org/GLM-4.7-Flash,summarization_partial,3000,0.5,git-workflow-hack,summarization-partial,run_2,priority,summary_failure_accounting,0,15,/home/ak58925/agentCtx/ICLR_results/terminalbench/main/glm47flash/d05__b3k__su-partial/git-workflow-hack/summarization-partial/run_2/trajectory.json,/home/ak58925/agentCtx-summarization/results/query-error-audit-20260907/details/01157.txt
terminalbench,main,glm47flash,d05__b3k__su-partial,hosted_vllm/zai-org/GLM-4.7-Flash,summarization_partial,3000,0.5,git-workflow-hack,summarization-partial,run_3,priority,summary_failure_accounting,0,3,/home/ak58925/agentCtx/ICLR_results/terminalbench/main/glm47flash/d05__b3k__su-partial/git-workflow-hack/summarization-partial/run_3/trajectory.json,/home/ak58925/agentCtx-summarization/results/query-error-audit-20260907/details/01158.txt
terminalbench,main,glm47flash,d05__b3k__su-partial,hosted_vllm/zai-org/GLM-4.7-Flash,summarization_partial,3000,0.5,gpt2-codegolf,summarization-partial,run_1,priority,summary_failure_accounting,0,5,/home/ak58925/agentCtx/ICLR_results/terminalbench/main/glm47flash/d05__b3k__su-partial/gpt2-codegolf/summarization-partial/run_1/trajectory.json,/home/ak58925/agentCtx-summarization/results/query-error-audit-20260907/details/01159.txt
terminalbench,main,glm47flash,d05__b3k__su-partial,hosted_vllm/zai-org/GLM-4.7-Flash,summarization_partial,3000,0.5,gpt2-codegolf,summarization-partial,run_2,priority,summary_failure_accounting,0,4,/home/ak58925/agentCtx/ICLR_results/terminalbench/main/glm47flash/d05__b3k__su-partial/gpt2-codegolf/summarization-partial/run_2/trajectory.json,/home/ak58925/agentCtx-summarization/results/query-error-audit-20260907/details/01160.txt
terminalbench,main,glm47flash,d05__b3k__su-partial,hosted_vllm/zai-org/GLM-4.7-Flash,summarization_partial,3000,0.5,gpt2-codegolf,summarization-partial,run_3,priority,summary_failure_accounting,0,5,/home/ak58925/agentCtx/ICLR_results/terminalbench/main/glm47flash/d05__b3k__su-partial/gpt2-codegolf/summarization-partial/run_3/trajectory.json,/home/ak58925/agentCtx-summarization/results/query-error-audit-20260907/details/01161.txt
terminalbench,main,glm47flash,d05__b3k__su-partial,hosted_vllm/zai-org/GLM-4.7-Flash,summarization_partial,3000,0.5,heterogeneous-dates,summarization-partial,run_1,priority,summary_failure_accounting,0,9,/home/ak58925/agentCtx/ICLR_results/terminalbench/main/glm47flash/d05__b3k__su-partial/heterogeneous-dates/summarization-partial/run_1/trajectory.json,/home/ak58925/agentCtx-summarization/results/query-error-audit-20260907/details/01162.txt
terminalbench,main,glm47flash,d05__b3k__su-partial,hosted_vllm/zai-org/GLM-4.7-Flash,summarization_partial,3000,0.5,heterogeneous-dates,summarization-partial,run_2,priority,summary_failure_accounting,0,4,/home/ak58925/agentCtx/ICLR_results/terminalbench/main/glm47flash/d05__b3k__su-partial/heterogeneous-dates/summarization-partial/run_2/trajectory.json,/home/ak58925/agentCtx-summarization/results/query-error-audit-20260907/details/01163.txt
terminalbench,main,glm47flash,d05__b3k__su-partial,hosted_vllm/zai-org/GLM-4.7-Flash,summarization_partial,3000,0.5,heterogeneous-dates,summarization-partial,run_3,priority,summary_failure_accounting,0,2,/home/ak58925/agentCtx/ICLR_results/terminalbench/main/glm47flash/d05__b3k__su-partial/heterogeneous-dates/summarization-partial/run_3/trajectory.json,/home/ak58925/agentCtx-summarization/results/query-error-audit-20260907/details/01164.txt
terminalbench,main,glm47flash,d05__b3k__su-partial,hosted_vllm/zai-org/GLM-4.7-Flash,summarization_partial,3000,0.5,hf-model-inference,summarization-partial,run_1,priority,summary_failure_accounting,0,16,/home/ak58925/agentCtx/ICLR_results/terminalbench/main/glm47flash/d05__b3k__su-partial/hf-model-inference/summarization-partial/run_1/trajectory.json,/home/ak58925/agentCtx-summarization/results/query-error-audit-20260907/details/01165.txt
terminalbench,main,glm47flash,d05__b3k__su-partial,hosted_vllm/zai-org/GLM-4.7-Flash,summarization_partial,3000,0.5,hf-model-inference,summarization-partial,run_2,priority,summary_failure_accounting,0,6,/home/ak58925/agentCtx/ICLR_results/terminalbench/main/glm47flash/d05__b3k__su-partial/hf-model-inference/summarization-partial/run_2/trajectory.json,/home/ak58925/agentCtx-summarization/results/query-error-audit-20260907/details/01166.txt
terminalbench,main,glm47flash,d05__b3k__su-partial,hosted_vllm/zai-org/GLM-4.7-Flash,summarization_partial,3000,0.5,hf-model-inference,summarization-partial,run_3,priority,summary_failure_accounting,0,2,/home/ak58925/agentCtx/ICLR_results/terminalbench/main/glm47flash/d05__b3k__su-partial/hf-model-inference/summarization-partial/run_3/trajectory.json,/home/ak58925/agentCtx-summarization/results/query-error-audit-20260907/details/01167.txt
terminalbench,main,glm47flash,d05__b3k__su-partial,hosted_vllm/zai-org/GLM-4.7-Flash,summarization_partial,3000,0.5,incompatible-python-fasttext,summarization-partial,run_1,priority,summary_failure_accounting,0,35,/home/ak58925/agentCtx/ICLR_results/terminalbench/main/glm47flash/d05__b3k__su-partial/incompatible-python-fasttext/summarization-partial/run_1/trajectory.json,/home/ak58925/agentCtx-summarization/results/query-error-audit-20260907/details/01168.txt
terminalbench,main,glm47flash,d05__b3k__su-partial,hosted_vllm/zai-org/GLM-4.7-Flash,summarization_partial,3000,0.5,incompatible-python-fasttext,summarization-partial,run_2,priority,summary_failure_accounting,0,4,/home/ak58925/agentCtx/ICLR_results/terminalbench/main/glm47flash/d05__b3k__su-partial/incompatible-python-fasttext/summarization-partial/run_2/trajectory.json,/home/ak58925/agentCtx-summarization/results/query-error-audit-20260907/details/01169.txt
terminalbench,main,glm47flash,d05__b3k__su-partial,hosted_vllm/zai-org/GLM-4.7-Flash,summarization_partial,3000,0.5,incompatible-python-fasttext,summarization-partial,run_3,priority,summary_failure_accounting,0,4,/home/ak58925/agentCtx/ICLR_results/terminalbench/main/glm47flash/d05__b3k__su-partial/incompatible-python-fasttext/summarization-partial/run_3/trajectory.json,/home/ak58925/agentCtx-summarization/results/query-error-audit-20260907/details/01170.txt
terminalbench,main,glm47flash,d05__b3k__su-partial,hosted_vllm/zai-org/GLM-4.7-Flash,summarization_partial,3000,0.5,intrusion-detection,summarization-partial,run_1,priority,summary_failure_accounting,0,7,/home/ak58925/agentCtx/ICLR_results/terminalbench/main/glm47flash/d05__b3k__su-partial/intrusion-detection/summarization-partial/run_1/trajectory.json,/home/ak58925/agentCtx-summarization/results/query-error-audit-20260907/details/01171.txt
terminalbench,main,glm47flash,d05__b3k__su-partial,hosted_vllm/zai-org/GLM-4.7-Flash,summarization_partial,3000,0.5,intrusion-detection,summarization-partial,run_2,priority,summary_failure_accounting,0,5,/home/ak58925/agentCtx/ICLR_results/terminalbench/main/glm47flash/d05__b3k__su-partial/intrusion-detection/summarization-partial/run_2/trajectory.json,/home/ak58925/agentCtx-summarization/results/query-error-audit-20260907/details/01172.txt
terminalbench,main,glm47flash,d05__b3k__su-partial,hosted_vllm/zai-org/GLM-4.7-Flash,summarization_partial,3000,0.5,intrusion-detection,summarization-partial,run_3,priority,summary_failure_accounting,0,9,/home/ak58925/agentCtx/ICLR_results/terminalbench/main/glm47flash/d05__b3k__su-partial/intrusion-detection/summarization-partial/run_3/trajectory.json,/home/ak58925/agentCtx-summarization/results/query-error-audit-20260907/details/01173.txt
terminalbench,main,glm47flash,d05__b3k__su-partial,hosted_vllm/zai-org/GLM-4.7-Flash,summarization_partial,3000,0.5,new-encrypt-command,summarization-partial,run_1,priority,summary_failure_accounting,0,24,/home/ak58925/agentCtx/ICLR_results/terminalbench/main/glm47flash/d05__b3k__su-partial/new-encrypt-command/summarization-partial/run_1/trajectory.json,/home/ak58925/agentCtx-summarization/results/query-error-audit-20260907/details/01174.txt
terminalbench,main,glm47flash,d05__b3k__su-partial,hosted_vllm/zai-org/GLM-4.7-Flash,summarization_partial,3000,0.5,password-recovery,summarization-partial,run_1,priority,summary_failure_accounting,0,5,/home/ak58925/agentCtx/ICLR_results/terminalbench/main/glm47flash/d05__b3k__su-partial/password-recovery/summarization-partial/run_1/trajectory.json,/home/ak58925/agentCtx-summarization/results/query-error-audit-20260907/details/01175.txt
terminalbench,main,glm47flash,d05__b3k__su-partial,hosted_vllm/zai-org/GLM-4.7-Flash,summarization_partial,3000,0.5,password-recovery,summarization-partial,run_2,priority,summary_failure_accounting,0,14,/home/ak58925/agentCtx/ICLR_results/terminalbench/main/glm47flash/d05__b3k__su-partial/password-recovery/summarization-partial/run_2/trajectory.json,/home/ak58925/agentCtx-summarization/results/query-error-audit-20260907/details/01176.txt
terminalbench,main,glm47flash,d05__b3k__su-partial,hosted_vllm/zai-org/GLM-4.7-Flash,summarization_partial,3000,0.5,password-recovery,summarization-partial,run_3,priority,summary_failure_accounting,0,3,/home/ak58925/agentCtx/ICLR_results/terminalbench/main/glm47flash/d05__b3k__su-partial/password-recovery/summarization-partial/run_3/trajectory.json,/home/ak58925/agentCtx-summarization/results/query-error-audit-20260907/details/01177.txt
terminalbench,main,glm47flash,d05__b3k__su-partial,hosted_vllm/zai-org/GLM-4.7-Flash,summarization_partial,3000,0.5,path-tracing-reverse,summarization-partial,run_1,priority,summary_failure_accounting,0,3,/home/ak58925/agentCtx/ICLR_results/terminalbench/main/glm47flash/d05__b3k__su-partial/path-tracing-reverse/summarization-partial/run_1/trajectory.json,/home/ak58925/agentCtx-summarization/results/query-error-audit-20260907/details/01178.txt
terminalbench,main,glm47flash,d05__b3k__su-partial,hosted_vllm/zai-org/GLM-4.7-Flash,summarization_partial,3000,0.5,path-tracing-reverse,summarization-partial,run_2,priority,summary_failure_accounting,0,5,/home/ak58925/agentCtx/ICLR_results/terminalbench/main/glm47flash/d05__b3k__su-partial/path-tracing-reverse/summarization-partial/run_2/trajectory.json,/home/ak58925/agentCtx-summarization/results/query-error-audit-20260907/details/01179.txt
terminalbench,main,glm47flash,d05__b3k__su-partial,hosted_vllm/zai-org/GLM-4.7-Flash,summarization_partial,3000,0.5,path-tracing-reverse,summarization-partial,run_3,priority,summary_failure_accounting,0,3,/home/ak58925/agentCtx/ICLR_results/terminalbench/main/glm47flash/d05__b3k__su-partial/path-tracing-reverse/summarization-partial/run_3/trajectory.json,/home/ak58925/agentCtx-summarization/results/query-error-audit-20260907/details/01180.txt
terminalbench,main,glm47flash,d05__b3k__su-partial,hosted_vllm/zai-org/GLM-4.7-Flash,summarization_partial,3000,0.5,processing-pipeline,summarization-partial,run_1,priority,summary_failure_accounting,0,4,/home/ak58925/agentCtx/ICLR_results/terminalbench/main/glm47flash/d05__b3k__su-partial/processing-pipeline/summarization-partial/run_1/trajectory.json,/home/ak58925/agentCtx-summarization/results/query-error-audit-20260907/details/01181.txt
terminalbench,main,glm47flash,d05__b3k__su-partial,hosted_vllm/zai-org/GLM-4.7-Flash,summarization_partial,3000,0.5,processing-pipeline,summarization-partial,run_2,priority,summary_failure_accounting,0,17,/home/ak58925/agentCtx/ICLR_results/terminalbench/main/glm47flash/d05__b3k__su-partial/processing-pipeline/summarization-partial/run_2/trajectory.json,/home/ak58925/agentCtx-summarization/results/query-error-audit-20260907/details/01182.txt
terminalbench,main,glm47flash,d05__b3k__su-partial,hosted_vllm/zai-org/GLM-4.7-Flash,summarization_partial,3000,0.5,processing-pipeline,summarization-partial,run_3,priority,summary_failure_accounting,0,4,/home/ak58925/agentCtx/ICLR_results/terminalbench/main/glm47flash/d05__b3k__su-partial/processing-pipeline/summarization-partial/run_3/trajectory.json,/home/ak58925/agentCtx-summarization/results/query-error-audit-20260907/details/01183.txt
terminalbench,main,glm47flash,d05__b3k__su-partial,hosted_vllm/zai-org/GLM-4.7-Flash,summarization_partial,3000,0.5,prove-plus-comm,summarization-partial,run_3,priority,summary_failure_accounting,0,10,/home/ak58925/agentCtx/ICLR_results/terminalbench/main/glm47flash/d05__b3k__su-partial/prove-plus-comm/summarization-partial/run_3/trajectory.json,/home/ak58925/agentCtx-summarization/results/query-error-audit-20260907/details/01184.txt
terminalbench,main,glm47flash,d05__b3k__su-partial,hosted_vllm/zai-org/GLM-4.7-Flash,summarization_partial,3000,0.5,pytorch-model-cli.hard,summarization-partial,run_1,priority,summary_failure_accounting,0,7,/home/ak58925/agentCtx/ICLR_results/terminalbench/main/glm47flash/d05__b3k__su-partial/pytorch-model-cli.hard/summarization-partial/run_1/trajectory.json,/home/ak58925/agentCtx-summarization/results/query-error-audit-20260907/details/01185.txt
terminalbench,main,glm47flash,d05__b3k__su-partial,hosted_vllm/zai-org/GLM-4.7-Flash,summarization_partial,3000,0.5,pytorch-model-cli.hard,summarization-partial,run_2,priority,summary_failure_accounting,0,7,/home/ak58925/agentCtx/ICLR_results/terminalbench/main/glm47flash/d05__b3k__su-partial/pytorch-model-cli.hard/summarization-partial/run_2/trajectory.json,/home/ak58925/agentCtx-summarization/results/query-error-audit-20260907/details/01186.txt
terminalbench,main,glm47flash,d05__b3k__su-partial,hosted_vllm/zai-org/GLM-4.7-Flash,summarization_partial,3000,0.5,pytorch-model-cli.hard,summarization-partial,run_3,priority,summary_failure_accounting,0,5,/home/ak58925/agentCtx/ICLR_results/terminalbench/main/glm47flash/d05__b3k__su-partial/pytorch-model-cli.hard/summarization-partial/run_3/trajectory.json,/home/ak58925/agentCtx-summarization/results/query-error-audit-20260907/details/01187.txt
terminalbench,main,glm47flash,d05__b3k__su-partial,hosted_vllm/zai-org/GLM-4.7-Flash,summarization_partial,3000,0.5,qemu-alpine-ssh,summarization-partial,run_1,priority,summary_failure_accounting,0,22,/home/ak58925/agentCtx/ICLR_results/terminalbench/main/glm47flash/d05__b3k__su-partial/qemu-alpine-ssh/summarization-partial/run_1/trajectory.json,/home/ak58925/agentCtx-summarization/results/query-error-audit-20260907/details/01188.txt
terminalbench,main,glm47flash,d05__b3k__su-partial,hosted_vllm/zai-org/GLM-4.7-Flash,summarization_partial,3000,0.5,qemu-alpine-ssh,summarization-partial,run_2,priority,summary_failure_accounting,0,3,/home/ak58925/agentCtx/ICLR_results/terminalbench/main/glm47flash/d05__b3k__su-partial/qemu-alpine-ssh/summarization-partial/run_2/trajectory.json,/home/ak58925/agentCtx-summarization/results/query-error-audit-20260907/details/01189.txt
terminalbench,main,glm47flash,d05__b3k__su-partial,hosted_vllm/zai-org/GLM-4.7-Flash,summarization_partial,3000,0.5,qemu-alpine-ssh,summarization-partial,run_3,priority,summary_failure_accounting,0,5,/home/ak58925/agentCtx/ICLR_results/terminalbench/main/glm47flash/d05__b3k__su-partial/qemu-alpine-ssh/summarization-partial/run_3/trajectory.json,/home/ak58925/agentCtx-summarization/results/query-error-audit-20260907/details/01190.txt
terminalbench,main,glm47flash,d05__b3k__su-partial,hosted_vllm/zai-org/GLM-4.7-Flash,summarization_partial,3000,0.5,qemu-startup,summarization-partial,run_1,priority,summary_failure_accounting,0,28,/home/ak58925/agentCtx/ICLR_results/terminalbench/main/glm47flash/d05__b3k__su-partial/qemu-startup/summarization-partial/run_1/trajectory.json,/home/ak58925/agentCtx-summarization/results/query-error-audit-20260907/details/01191.txt
terminalbench,main,glm47flash,d05__b3k__su-partial,hosted_vllm/zai-org/GLM-4.7-Flash,summarization_partial,3000,0.5,qemu-startup,summarization-partial,run_2,priority,summary_failure_accounting,0,5,/home/ak58925/agentCtx/ICLR_results/terminalbench/main/glm47flash/d05__b3k__su-partial/qemu-startup/summarization-partial/run_2/trajectory.json,/home/ak58925/agentCtx-summarization/results/query-error-audit-20260907/details/01192.txt
terminalbench,main,glm47flash,d05__b3k__su-partial,hosted_vllm/zai-org/GLM-4.7-Flash,summarization_partial,3000,0.5,qemu-startup,summarization-partial,run_3,priority,summary_failure_accounting,0,39,/home/ak58925/agentCtx/ICLR_results/terminalbench/main/glm47flash/d05__b3k__su-partial/qemu-startup/summarization-partial/run_3/trajectory.json,/home/ak58925/agentCtx-summarization/results/query-error-audit-20260907/details/01193.txt
terminalbench,main,glm47flash,d05__b3k__su-partial,hosted_vllm/zai-org/GLM-4.7-Flash,summarization_partial,3000,0.5,raman-fitting.easy,summarization-partial,run_1,priority,summary_failure_accounting,0,4,/home/ak58925/agentCtx/ICLR_results/terminalbench/main/glm47flash/d05__b3k__su-partial/raman-fitting.easy/summarization-partial/run_1/trajectory.json,/home/ak58925/agentCtx-summarization/results/query-error-audit-20260907/details/01194.txt
terminalbench,main,glm47flash,d05__b3k__su-partial,hosted_vllm/zai-org/GLM-4.7-Flash,summarization_partial,3000,0.5,raman-fitting.easy,summarization-partial,run_2,priority,summary_failure_accounting,0,16,/home/ak58925/agentCtx/ICLR_results/terminalbench/main/glm47flash/d05__b3k__su-partial/raman-fitting.easy/summarization-partial/run_2/trajectory.json,/home/ak58925/agentCtx-summarization/results/query-error-audit-20260907/details/01195.txt
terminalbench,main,glm47flash,d05__b3k__su-partial,hosted_vllm/zai-org/GLM-4.7-Flash,summarization_partial,3000,0.5,raman-fitting.easy,summarization-partial,run_3,priority,summary_failure_accounting,0,7,/home/ak58925/agentCtx/ICLR_results/terminalbench/main/glm47flash/d05__b3k__su-partial/raman-fitting.easy/summarization-partial/run_3/trajectory.json,/home/ak58925/agentCtx-summarization/results/query-error-audit-20260907/details/01196.txt
terminalbench,main,glm47flash,d05__b3k__su-partial,hosted_vllm/zai-org/GLM-4.7-Flash,summarization_partial,3000,0.5,sanitize-git-repo,summarization-partial,run_1,priority,summary_failure_accounting,0,4,/home/ak58925/agentCtx/ICLR_results/terminalbench/main/glm47flash/d05__b3k__su-partial/sanitize-git-repo/summarization-partial/run_1/trajectory.json,/home/ak58925/agentCtx-summarization/results/query-error-audit-20260907/details/01197.txt
terminalbench,main,glm47flash,d05__b3k__su-partial,hosted_vllm/zai-org/GLM-4.7-Flash,summarization_partial,3000,0.5,sanitize-git-repo,summarization-partial,run_2,priority,summary_failure_accounting,0,4,/home/ak58925/agentCtx/ICLR_results/terminalbench/main/glm47flash/d05__b3k__su-partial/sanitize-git-repo/summarization-partial/run_2/trajectory.json,/home/ak58925/agentCtx-summarization/results/query-error-audit-20260907/details/01198.txt
terminalbench,main,glm47flash,d05__b3k__su-partial,hosted_vllm/zai-org/GLM-4.7-Flash,summarization_partial,3000,0.5,sanitize-git-repo,summarization-partial,run_3,priority,summary_failure_accounting,0,3,/home/ak58925/agentCtx/ICLR_results/terminalbench/main/glm47flash/d05__b3k__su-partial/sanitize-git-repo/summarization-partial/run_3/trajectory.json,/home/ak58925/agentCtx-summarization/results/query-error-audit-20260907/details/01199.txt
terminalbench,main,glm47flash,d05__b3k__su-partial,hosted_vllm/zai-org/GLM-4.7-Flash,summarization_partial,3000,0.5,sanitize-git-repo.hard,summarization-partial,run_1,priority,summary_failure_accounting,0,4,/home/ak58925/agentCtx/ICLR_results/terminalbench/main/glm47flash/d05__b3k__su-partial/sanitize-git-repo.hard/summarization-partial/run_1/trajectory.json,/home/ak58925/agentCtx-summarization/results/query-error-audit-20260907/details/01200.txt
terminalbench,main,glm47flash,d05__b3k__su-partial,hosted_vllm/zai-org/GLM-4.7-Flash,summarization_partial,3000,0.5,sanitize-git-repo.hard,summarization-partial,run_2,priority,summary_failure_accounting,0,3,/home/ak58925/agentCtx/ICLR_results/terminalbench/main/glm47flash/d05__b3k__su-partial/sanitize-git-repo.hard/summarization-partial/run_2/trajectory.json,/home/ak58925/agentCtx-summarization/results/query-error-audit-20260907/details/01201.txt
terminalbench,main,glm47flash,d05__b3k__su-partial,hosted_vllm/zai-org/GLM-4.7-Flash,summarization_partial,3000,0.5,sanitize-git-repo.hard,summarization-partial,run_3,priority,summary_failure_accounting,0,7,/home/ak58925/agentCtx/ICLR_results/terminalbench/main/glm47flash/d05__b3k__su-partial/sanitize-git-repo.hard/summarization-partial/run_3/trajectory.json,/home/ak58925/agentCtx-summarization/results/query-error-audit-20260907/details/01202.txt
terminalbench,main,glm47flash,d05__b3k__su-partial,hosted_vllm/zai-org/GLM-4.7-Flash,summarization_partial,3000,0.5,solana-data,summarization-partial,run_1,priority,summary_failure_accounting,0,20,/home/ak58925/agentCtx/ICLR_results/terminalbench/main/glm47flash/d05__b3k__su-partial/solana-data/summarization-partial/run_1/trajectory.json,/home/ak58925/agentCtx-summarization/results/query-error-audit-20260907/details/01203.txt
terminalbench,main,glm47flash,d05__b3k__su-partial,hosted_vllm/zai-org/GLM-4.7-Flash,summarization_partial,3000,0.5,solana-data,summarization-partial,run_2,priority,summary_failure_accounting,0,18,/home/ak58925/agentCtx/ICLR_results/terminalbench/main/glm47flash/d05__b3k__su-partial/solana-data/summarization-partial/run_2/trajectory.json,/home/ak58925/agentCtx-summarization/results/query-error-audit-20260907/details/01204.txt
terminalbench,main,glm47flash,d05__b3k__su-partial,hosted_vllm/zai-org/GLM-4.7-Flash,summarization_partial,3000,0.5,solana-data,summarization-partial,run_3,priority,summary_failure_accounting,0,18,/home/ak58925/agentCtx/ICLR_results/terminalbench/main/glm47flash/d05__b3k__su-partial/solana-data/summarization-partial/run_3/trajectory.json,/home/ak58925/agentCtx-summarization/results/query-error-audit-20260907/details/01205.txt
terminalbench,main,glm47flash,d05__b3k__su-partial,hosted_vllm/zai-org/GLM-4.7-Flash,summarization_partial,3000,0.5,sqlite-with-gcov,summarization-partial,run_1,priority,summary_failure_accounting,0,9,/home/ak58925/agentCtx/ICLR_results/terminalbench/main/glm47flash/d05__b3k__su-partial/sqlite-with-gcov/summarization-partial/run_1/trajectory.json,/home/ak58925/agentCtx-summarization/results/query-error-audit-20260907/details/01206.txt
terminalbench,main,glm47flash,d05__b3k__su-partial,hosted_vllm/zai-org/GLM-4.7-Flash,summarization_partial,3000,0.5,sqlite-with-gcov,summarization-partial,run_2,priority,summary_failure_accounting,0,7,/home/ak58925/agentCtx/ICLR_results/terminalbench/main/glm47flash/d05__b3k__su-partial/sqlite-with-gcov/summarization-partial/run_2/trajectory.json,/home/ak58925/agentCtx-summarization/results/query-error-audit-20260907/details/01207.txt
terminalbench,main,glm47flash,d05__b3k__su-partial,hosted_vllm/zai-org/GLM-4.7-Flash,summarization_partial,3000,0.5,sqlite-with-gcov,summarization-partial,run_3,priority,summary_failure_accounting,0,5,/home/ak58925/agentCtx/ICLR_results/terminalbench/main/glm47flash/d05__b3k__su-partial/sqlite-with-gcov/summarization-partial/run_3/trajectory.json,/home/ak58925/agentCtx-summarization/results/query-error-audit-20260907/details/01208.txt
terminalbench,main,glm47flash,d05__b3k__su-partial,hosted_vllm/zai-org/GLM-4.7-Flash,summarization_partial,3000,0.5,super-benchmark-upet,summarization-partial,run_1,priority,summary_failure_accounting,0,6,/home/ak58925/agentCtx/ICLR_results/terminalbench/main/glm47flash/d05__b3k__su-partial/super-benchmark-upet/summarization-partial/run_1/trajectory.json,/home/ak58925/agentCtx-summarization/results/query-error-audit-20260907/details/01209.txt
terminalbench,main,glm47flash,d05__b3k__su-partial,hosted_vllm/zai-org/GLM-4.7-Flash,summarization_partial,3000,0.5,super-benchmark-upet,summarization-partial,run_2,priority,summary_failure_accounting,0,61,/home/ak58925/agentCtx/ICLR_results/terminalbench/main/glm47flash/d05__b3k__su-partial/super-benchmark-upet/summarization-partial/run_2/trajectory.json,/home/ak58925/agentCtx-summarization/results/query-error-audit-20260907/details/01210.txt
terminalbench,main,glm47flash,d05__b3k__su-partial,hosted_vllm/zai-org/GLM-4.7-Flash,summarization_partial,3000,0.5,super-benchmark-upet,summarization-partial,run_3,priority,summary_failure_accounting,0,8,/home/ak58925/agentCtx/ICLR_results/terminalbench/main/glm47flash/d05__b3k__su-partial/super-benchmark-upet/summarization-partial/run_3/trajectory.json,/home/ak58925/agentCtx-summarization/results/query-error-audit-20260907/details/01211.txt
terminalbench,main,glm47flash,d05__b3k__su-partial,hosted_vllm/zai-org/GLM-4.7-Flash,summarization_partial,3000,0.5,swe-bench-astropy-2,summarization-partial,run_1,priority,summary_failure_accounting,0,6,/home/ak58925/agentCtx/ICLR_results/terminalbench/main/glm47flash/d05__b3k__su-partial/swe-bench-astropy-2/summarization-partial/run_1/trajectory.json,/home/ak58925/agentCtx-summarization/results/query-error-audit-20260907/details/01212.txt
terminalbench,main,glm47flash,d05__b3k__su-partial,hosted_vllm/zai-org/GLM-4.7-Flash,summarization_partial,3000,0.5,swe-bench-astropy-2,summarization-partial,run_2,priority,summary_failure_accounting,0,55,/home/ak58925/agentCtx/ICLR_results/terminalbench/main/glm47flash/d05__b3k__su-partial/swe-bench-astropy-2/summarization-partial/run_2/trajectory.json,/home/ak58925/agentCtx-summarization/results/query-error-audit-20260907/details/01213.txt
terminalbench,main,glm47flash,d05__b3k__su-partial,hosted_vllm/zai-org/GLM-4.7-Flash,summarization_partial,3000,0.5,swe-bench-astropy-2,summarization-partial,run_3,priority,summary_failure_accounting,0,10,/home/ak58925/agentCtx/ICLR_results/terminalbench/main/glm47flash/d05__b3k__su-partial/swe-bench-astropy-2/summarization-partial/run_3/trajectory.json,/home/ak58925/agentCtx-summarization/results/query-error-audit-20260907/details/01214.txt
terminalbench,main,glm47flash,d05__b3k__su-partial,hosted_vllm/zai-org/GLM-4.7-Flash,summarization_partial,3000,0.5,swe-bench-fsspec,summarization-partial,run_1,probable,summary_related_response,0,0,/home/ak58925/agentCtx/ICLR_results/terminalbench/main/glm47flash/d05__b3k__su-partial/swe-bench-fsspec/summarization-partial/run_1/trajectory.json,/home/ak58925/agentCtx-summarization/results/query-error-audit-20260907/details/01215.txt
terminalbench,main,glm47flash,d05__b3k__su-partial,hosted_vllm/zai-org/GLM-4.7-Flash,summarization_partial,3000,0.5,swe-bench-fsspec,summarization-partial,run_2,priority,summary_failure_accounting,0,7,/home/ak58925/agentCtx/ICLR_results/terminalbench/main/glm47flash/d05__b3k__su-partial/swe-bench-fsspec/summarization-partial/run_2/trajectory.json,/home/ak58925/agentCtx-summarization/results/query-error-audit-20260907/details/01216.txt
terminalbench,main,glm47flash,d05__b3k__su-partial,hosted_vllm/zai-org/GLM-4.7-Flash,summarization_partial,3000,0.5,swe-bench-fsspec,summarization-partial,run_3,priority,summary_failure_accounting,0,5,/home/ak58925/agentCtx/ICLR_results/terminalbench/main/glm47flash/d05__b3k__su-partial/swe-bench-fsspec/summarization-partial/run_3/trajectory.json,/home/ak58925/agentCtx-summarization/results/query-error-audit-20260907/details/01217.txt
terminalbench,main,glm47flash,d05__b3k__su-partial,hosted_vllm/zai-org/GLM-4.7-Flash,summarization_partial,3000,0.5,tmux-advanced-workflow,summarization-partial,run_1,priority,summary_failure_accounting,0,7,/home/ak58925/agentCtx/ICLR_results/terminalbench/main/glm47flash/d05__b3k__su-partial/tmux-advanced-workflow/summarization-partial/run_1/trajectory.json,/home/ak58925/agentCtx-summarization/results/query-error-audit-20260907/details/01218.txt
terminalbench,main,glm47flash,d05__b3k__su-partial,hosted_vllm/zai-org/GLM-4.7-Flash,summarization_partial,3000,0.5,tmux-advanced-workflow,summarization-partial,run_2,priority,summary_failure_accounting,0,10,/home/ak58925/agentCtx/ICLR_results/terminalbench/main/glm47flash/d05__b3k__su-partial/tmux-advanced-workflow/summarization-partial/run_2/trajectory.json,/home/ak58925/agentCtx-summarization/results/query-error-audit-20260907/details/01219.txt
terminalbench,main,glm47flash,d05__b3k__su-partial,hosted_vllm/zai-org/GLM-4.7-Flash,summarization_partial,3000,0.5,tmux-advanced-workflow,summarization-partial,run_3,priority,summary_failure_accounting,0,9,/home/ak58925/agentCtx/ICLR_results/terminalbench/main/glm47flash/d05__b3k__su-partial/tmux-advanced-workflow/summarization-partial/run_3/trajectory.json,/home/ak58925/agentCtx-summarization/results/query-error-audit-20260907/details/01220.txt
terminalbench,main,glm47flash,d05__b3k__su-partial,hosted_vllm/zai-org/GLM-4.7-Flash,summarization_partial,3000,0.5,write-compressor,summarization-partial,run_1,priority,summary_failure_accounting,0,12,/home/ak58925/agentCtx/ICLR_results/terminalbench/main/glm47flash/d05__b3k__su-partial/write-compressor/summarization-partial/run_1/trajectory.json,/home/ak58925/agentCtx-summarization/results/query-error-audit-20260907/details/01221.txt
terminalbench,main,glm47flash,d05__b3k__su-partial,hosted_vllm/zai-org/GLM-4.7-Flash,summarization_partial,3000,0.5,write-compressor,summarization-partial,run_2,priority,summary_failure_accounting,0,5,/home/ak58925/agentCtx/ICLR_results/terminalbench/main/glm47flash/d05__b3k__su-partial/write-compressor/summarization-partial/run_2/trajectory.json,/home/ak58925/agentCtx-summarization/results/query-error-audit-20260907/details/01222.txt
terminalbench,main,glm47flash,d05__b3k__su-partial,hosted_vllm/zai-org/GLM-4.7-Flash,summarization_partial,3000,0.5,write-compressor,summarization-partial,run_3,priority,summary_failure_accounting,0,21,/home/ak58925/agentCtx/ICLR_results/terminalbench/main/glm47flash/d05__b3k__su-partial/write-compressor/summarization-partial/run_3/trajectory.json,/home/ak58925/agentCtx-summarization/results/query-error-audit-20260907/details/01223.txt
terminalbench,main,glm47flash,di__b3k__trc-ss,hosted_vllm/zai-org/GLM-4.7-Flash,trc_structured_summarize,3000,0.5,blind-maze-explorer-5x5,trc-ss,run_1,priority,summary_marker_error,2,,/home/ak58925/agentCtx/ICLR_results/terminalbench/main/glm47flash/di__b3k__trc-ss/blind-maze-explorer-5x5/trc-ss/run_1/trajectory.json,/home/ak58925/agentCtx-summarization/results/query-error-audit-20260907/details/01256.txt
terminalbench,main,glm47flash,di__b3k__trc-ss,hosted_vllm/zai-org/GLM-4.7-Flash,trc_structured_summarize,3000,0.5,blind-maze-explorer-5x5,trc-ss,run_2,priority,summary_marker_error,29,,/home/ak58925/agentCtx/ICLR_results/terminalbench/main/glm47flash/di__b3k__trc-ss/blind-maze-explorer-5x5/trc-ss/run_2/trajectory.json,/home/ak58925/agentCtx-summarization/results/query-error-audit-20260907/details/01257.txt
terminalbench,main,glm47flash,di__b3k__trc-ss,hosted_vllm/zai-org/GLM-4.7-Flash,trc_structured_summarize,3000,0.5,blind-maze-explorer-algorithm,trc-ss,run_1,priority,summary_marker_error,9,,/home/ak58925/agentCtx/ICLR_results/terminalbench/main/glm47flash/di__b3k__trc-ss/blind-maze-explorer-algorithm/trc-ss/run_1/trajectory.json,/home/ak58925/agentCtx-summarization/results/query-error-audit-20260907/details/01258.txt
terminalbench,main,glm47flash,di__b3k__trc-ss,hosted_vllm/zai-org/GLM-4.7-Flash,trc_structured_summarize,3000,0.5,blind-maze-explorer-algorithm,trc-ss,run_2,priority,summary_marker_error,47,,/home/ak58925/agentCtx/ICLR_results/terminalbench/main/glm47flash/di__b3k__trc-ss/blind-maze-explorer-algorithm/trc-ss/run_2/trajectory.json,/home/ak58925/agentCtx-summarization/results/query-error-audit-20260907/details/01259.txt
terminalbench,main,glm47flash,di__b3k__trc-ss,hosted_vllm/zai-org/GLM-4.7-Flash,trc_structured_summarize,3000,0.5,cartpole-rl-training,trc-ss,run_1,priority,summary_marker_error,1,,/home/ak58925/agentCtx/ICLR_results/terminalbench/main/glm47flash/di__b3k__trc-ss/cartpole-rl-training/trc-ss/run_1/trajectory.json,/home/ak58925/agentCtx-summarization/results/query-error-audit-20260907/details/01260.txt
terminalbench,main,glm47flash,di__b3k__trc-ss,hosted_vllm/zai-org/GLM-4.7-Flash,trc_structured_summarize,3000,0.5,cartpole-rl-training,trc-ss,run_2,priority,summary_marker_error,1,,/home/ak58925/agentCtx/ICLR_results/terminalbench/main/glm47flash/di__b3k__trc-ss/cartpole-rl-training/trc-ss/run_2/trajectory.json,/home/ak58925/agentCtx-summarization/results/query-error-audit-20260907/details/01261.txt
terminalbench,main,glm47flash,di__b3k__trc-ss,hosted_vllm/zai-org/GLM-4.7-Flash,trc_structured_summarize,3000,0.5,count-dataset-tokens,trc-ss,run_1,priority,summary_marker_error,8,,/home/ak58925/agentCtx/ICLR_results/terminalbench/main/glm47flash/di__b3k__trc-ss/count-dataset-tokens/trc-ss/run_1/trajectory.json,/home/ak58925/agentCtx-summarization/results/query-error-audit-20260907/details/01262.txt
terminalbench,main,glm47flash,di__b3k__trc-ss,hosted_vllm/zai-org/GLM-4.7-Flash,trc_structured_summarize,3000,0.5,count-dataset-tokens,trc-ss,run_2,priority,summary_marker_error,6,,/home/ak58925/agentCtx/ICLR_results/terminalbench/main/glm47flash/di__b3k__trc-ss/count-dataset-tokens/trc-ss/run_2/trajectory.json,/home/ak58925/agentCtx-summarization/results/query-error-audit-20260907/details/01263.txt
terminalbench,main,glm47flash,di__b3k__trc-ss,hosted_vllm/zai-org/GLM-4.7-Flash,trc_structured_summarize,3000,0.5,crack-7z-hash.hard,trc-ss,run_1,priority,summary_marker_error,4,,/home/ak58925/agentCtx/ICLR_results/terminalbench/main/glm47flash/di__b3k__trc-ss/crack-7z-hash.hard/trc-ss/run_1/trajectory.json,/home/ak58925/agentCtx-summarization/results/query-error-audit-20260907/details/01264.txt
terminalbench,main,glm47flash,di__b3k__trc-ss,hosted_vllm/zai-org/GLM-4.7-Flash,trc_structured_summarize,3000,0.5,csv-to-parquet,trc-ss,run_1,priority,summary_marker_error,9,,/home/ak58925/agentCtx/ICLR_results/terminalbench/main/glm47flash/di__b3k__trc-ss/csv-to-parquet/trc-ss/run_1/trajectory.json,/home/ak58925/agentCtx-summarization/results/query-error-audit-20260907/details/01266.txt
terminalbench,main,glm47flash,di__b3k__trc-ss,hosted_vllm/zai-org/GLM-4.7-Flash,trc_structured_summarize,3000,0.5,csv-to-parquet,trc-ss,run_2,priority,summary_marker_error,4,,/home/ak58925/agentCtx/ICLR_results/terminalbench/main/glm47flash/di__b3k__trc-ss/csv-to-parquet/trc-ss/run_2/trajectory.json,/home/ak58925/agentCtx-summarization/results/query-error-audit-20260907/details/01267.txt
terminalbench,main,glm47flash,di__b3k__trc-ss,hosted_vllm/zai-org/GLM-4.7-Flash,trc_structured_summarize,3000,0.5,download-youtube,trc-ss,run_1,priority,summary_marker_error,7,,/home/ak58925/agentCtx/ICLR_results/terminalbench/main/glm47flash/di__b3k__trc-ss/download-youtube/trc-ss/run_1/trajectory.json,/home/ak58925/agentCtx-summarization/results/query-error-audit-20260907/details/01269.txt
terminalbench,main,glm47flash,di__b3k__trc-ss,hosted_vllm/zai-org/GLM-4.7-Flash,trc_structured_summarize,3000,0.5,download-youtube,trc-ss,run_2,priority,summary_marker_error,10,,/home/ak58925/agentCtx/ICLR_results/terminalbench/main/glm47flash/di__b3k__trc-ss/download-youtube/trc-ss/run_2/trajectory.json,/home/ak58925/agentCtx-summarization/results/query-error-audit-20260907/details/01270.txt
terminalbench,main,glm47flash,di__b3k__trc-ss,hosted_vllm/zai-org/GLM-4.7-Flash,trc_structured_summarize,3000,0.5,eval-mteb,trc-ss,run_2,priority,summary_marker_error,81,,/home/ak58925/agentCtx/ICLR_results/terminalbench/main/glm47flash/di__b3k__trc-ss/eval-mteb/trc-ss/run_2/trajectory.json,/home/ak58925/agentCtx-summarization/results/query-error-audit-20260907/details/01271.txt
terminalbench,main,glm47flash,di__b3k__trc-ss,hosted_vllm/zai-org/GLM-4.7-Flash,trc_structured_summarize,3000,0.5,eval-mteb.hard,trc-ss,run_1,priority,summary_marker_error,135,,/home/ak58925/agentCtx/ICLR_results/terminalbench/main/glm47flash/di__b3k__trc-ss/eval-mteb.hard/trc-ss/run_1/trajectory.json,/home/ak58925/agentCtx-summarization/results/query-error-audit-20260907/details/01272.txt
terminalbench,main,glm47flash,di__b3k__trc-ss,hosted_vllm/zai-org/GLM-4.7-Flash,trc_structured_summarize,3000,0.5,eval-mteb.hard,trc-ss,run_2,priority,summary_marker_error,3,,/home/ak58925/agentCtx/ICLR_results/terminalbench/main/glm47flash/di__b3k__trc-ss/eval-mteb.hard/trc-ss/run_2/trajectory.json,/home/ak58925/agentCtx-summarization/results/query-error-audit-20260907/details/01273.txt
terminalbench,main,glm47flash,di__b3k__trc-ss,hosted_vllm/zai-org/GLM-4.7-Flash,trc_structured_summarize,3000,0.5,extract-moves-from-video,trc-ss,run_1,priority,summary_marker_error,9,,/home/ak58925/agentCtx/ICLR_results/terminalbench/main/glm47flash/di__b3k__trc-ss/extract-moves-from-video/trc-ss/run_1/trajectory.json,/home/ak58925/agentCtx-summarization/results/query-error-audit-20260907/details/01274.txt
terminalbench,main,glm47flash,di__b3k__trc-ss,hosted_vllm/zai-org/GLM-4.7-Flash,trc_structured_summarize,3000,0.5,extract-moves-from-video,trc-ss,run_2,priority,summary_marker_error,1,,/home/ak58925/agentCtx/ICLR_results/terminalbench/main/glm47flash/di__b3k__trc-ss/extract-moves-from-video/trc-ss/run_2/trajectory.json,/home/ak58925/agentCtx-summarization/results/query-error-audit-20260907/details/01275.txt
terminalbench,main,glm47flash,di__b3k__trc-ss,hosted_vllm/zai-org/GLM-4.7-Flash,trc_structured_summarize,3000,0.5,fibonacci-server,trc-ss,run_1,priority,summary_marker_error,11,,/home/ak58925/agentCtx/ICLR_results/terminalbench/main/glm47flash/di__b3k__trc-ss/fibonacci-server/trc-ss/run_1/trajectory.json,/home/ak58925/agentCtx-summarization/results/query-error-audit-20260907/details/01276.txt
terminalbench,main,glm47flash,di__b3k__trc-ss,hosted_vllm/zai-org/GLM-4.7-Flash,trc_structured_summarize,3000,0.5,fibonacci-server,trc-ss,run_2,priority,summary_marker_error,4,,/home/ak58925/agentCtx/ICLR_results/terminalbench/main/glm47flash/di__b3k__trc-ss/fibonacci-server/trc-ss/run_2/trajectory.json,/home/ak58925/agentCtx-summarization/results/query-error-audit-20260907/details/01277.txt
terminalbench,main,glm47flash,di__b3k__trc-ss,hosted_vllm/zai-org/GLM-4.7-Flash,trc_structured_summarize,3000,0.5,fix-pandas-version,trc-ss,run_1,priority,summary_marker_error,1,,/home/ak58925/agentCtx/ICLR_results/terminalbench/main/glm47flash/di__b3k__trc-ss/fix-pandas-version/trc-ss/run_1/trajectory.json,/home/ak58925/agentCtx-summarization/results/query-error-audit-20260907/details/01278.txt
terminalbench,main,glm47flash,di__b3k__trc-ss,hosted_vllm/zai-org/GLM-4.7-Flash,trc_structured_summarize,3000,0.5,git-workflow-hack,trc-ss,run_1,priority,summary_marker_error,1,,/home/ak58925/agentCtx/ICLR_results/terminalbench/main/glm47flash/di__b3k__trc-ss/git-workflow-hack/trc-ss/run_1/trajectory.json,/home/ak58925/agentCtx-summarization/results/query-error-audit-20260907/details/01279.txt
terminalbench,main,glm47flash,di__b3k__trc-ss,hosted_vllm/zai-org/GLM-4.7-Flash,trc_structured_summarize,3000,0.5,git-workflow-hack,trc-ss,run_2,priority,summary_marker_error,1,,/home/ak58925/agentCtx/ICLR_results/terminalbench/main/glm47flash/di__b3k__trc-ss/git-workflow-hack/trc-ss/run_2/trajectory.json,/home/ak58925/agentCtx-summarization/results/query-error-audit-20260907/details/01280.txt
terminalbench,main,glm47flash,di__b3k__trc-ss,hosted_vllm/zai-org/GLM-4.7-Flash,trc_structured_summarize,3000,0.5,gpt2-codegolf,trc-ss,run_1,priority,summary_marker_error,6,,/home/ak58925/agentCtx/ICLR_results/terminalbench/main/glm47flash/di__b3k__trc-ss/gpt2-codegolf/trc-ss/run_1/trajectory.json,/home/ak58925/agentCtx-summarization/results/query-error-audit-20260907/details/01281.txt
terminalbench,main,glm47flash,di__b3k__trc-ss,hosted_vllm/zai-org/GLM-4.7-Flash,trc_structured_summarize,3000,0.5,gpt2-codegolf,trc-ss,run_2,priority,summary_marker_error,3,,/home/ak58925/agentCtx/ICLR_results/terminalbench/main/glm47flash/di__b3k__trc-ss/gpt2-codegolf/trc-ss/run_2/trajectory.json,/home/ak58925/agentCtx-summarization/results/query-error-audit-20260907/details/01282.txt
terminalbench,main,glm47flash,di__b3k__trc-ss,hosted_vllm/zai-org/GLM-4.7-Flash,trc_structured_summarize,3000,0.5,hf-model-inference,trc-ss,run_1,priority,summary_marker_error,3,,/home/ak58925/agentCtx/ICLR_results/terminalbench/main/glm47flash/di__b3k__trc-ss/hf-model-inference/trc-ss/run_1/trajectory.json,/home/ak58925/agentCtx-summarization/results/query-error-audit-20260907/details/01283.txt
terminalbench,main,glm47flash,di__b3k__trc-ss,hosted_vllm/zai-org/GLM-4.7-Flash,trc_structured_summarize,3000,0.5,hf-model-inference,trc-ss,run_2,priority,summary_marker_error,3,,/home/ak58925/agentCtx/ICLR_results/terminalbench/main/glm47flash/di__b3k__trc-ss/hf-model-inference/trc-ss/run_2/trajectory.json,/home/ak58925/agentCtx-summarization/results/query-error-audit-20260907/details/01284.txt
terminalbench,main,glm47flash,di__b3k__trc-ss,hosted_vllm/zai-org/GLM-4.7-Flash,trc_structured_summarize,3000,0.5,incompatible-python-fasttext,trc-ss,run_1,priority,summary_marker_error,9,,/home/ak58925/agentCtx/ICLR_results/terminalbench/main/glm47flash/di__b3k__trc-ss/incompatible-python-fasttext/trc-ss/run_1/trajectory.json,/home/ak58925/agentCtx-summarization/results/query-error-audit-20260907/details/01285.txt
terminalbench,main,glm47flash,di__b3k__trc-ss,hosted_vllm/zai-org/GLM-4.7-Flash,trc_structured_summarize,3000,0.5,incompatible-python-fasttext,trc-ss,run_2,priority,summary_marker_error,10,,/home/ak58925/agentCtx/ICLR_results/terminalbench/main/glm47flash/di__b3k__trc-ss/incompatible-python-fasttext/trc-ss/run_2/trajectory.json,/home/ak58925/agentCtx-summarization/results/query-error-audit-20260907/details/01286.txt
terminalbench,main,glm47flash,di__b3k__trc-ss,hosted_vllm/zai-org/GLM-4.7-Flash,trc_structured_summarize,3000,0.5,password-recovery,trc-ss,run_2,priority,summary_marker_error,13,,/home/ak58925/agentCtx/ICLR_results/terminalbench/main/glm47flash/di__b3k__trc-ss/password-recovery/trc-ss/run_2/trajectory.json,/home/ak58925/agentCtx-summarization/results/query-error-audit-20260907/details/01287.txt
terminalbench,main,glm47flash,di__b3k__trc-ss,hosted_vllm/zai-org/GLM-4.7-Flash,trc_structured_summarize,3000,0.5,path-tracing-reverse,trc-ss,run_1,priority,summary_marker_error,2,,/home/ak58925/agentCtx/ICLR_results/terminalbench/main/glm47flash/di__b3k__trc-ss/path-tracing-reverse/trc-ss/run_1/trajectory.json,/home/ak58925/agentCtx-summarization/results/query-error-audit-20260907/details/01288.txt
terminalbench,main,glm47flash,di__b3k__trc-ss,hosted_vllm/zai-org/GLM-4.7-Flash,trc_structured_summarize,3000,0.5,path-tracing-reverse,trc-ss,run_2,priority,summary_marker_error,6,,/home/ak58925/agentCtx/ICLR_results/terminalbench/main/glm47flash/di__b3k__trc-ss/path-tracing-reverse/trc-ss/run_2/trajectory.json,/home/ak58925/agentCtx-summarization/results/query-error-audit-20260907/details/01289.txt
terminalbench,main,glm47flash,di__b3k__trc-ss,hosted_vllm/zai-org/GLM-4.7-Flash,trc_structured_summarize,3000,0.5,pytorch-model-cli.hard,trc-ss,run_1,priority,summary_marker_error,11,,/home/ak58925/agentCtx/ICLR_results/terminalbench/main/glm47flash/di__b3k__trc-ss/pytorch-model-cli.hard/trc-ss/run_1/trajectory.json,/home/ak58925/agentCtx-summarization/results/query-error-audit-20260907/details/01290.txt
terminalbench,main,glm47flash,di__b3k__trc-ss,hosted_vllm/zai-org/GLM-4.7-Flash,trc_structured_summarize,3000,0.5,pytorch-model-cli.hard,trc-ss,run_2,priority,summary_marker_error,12,,/home/ak58925/agentCtx/ICLR_results/terminalbench/main/glm47flash/di__b3k__trc-ss/pytorch-model-cli.hard/trc-ss/run_2/trajectory.json,/home/ak58925/agentCtx-summarization/results/query-error-audit-20260907/details/01291.txt
terminalbench,main,glm47flash,di__b3k__trc-ss,hosted_vllm/zai-org/GLM-4.7-Flash,trc_structured_summarize,3000,0.5,qemu-alpine-ssh,trc-ss,run_2,priority,summary_marker_error,9,,/home/ak58925/agentCtx/ICLR_results/terminalbench/main/glm47flash/di__b3k__trc-ss/qemu-alpine-ssh/trc-ss/run_2/trajectory.json,/home/ak58925/agentCtx-summarization/results/query-error-audit-20260907/details/01292.txt
terminalbench,main,glm47flash,di__b3k__trc-ss,hosted_vllm/zai-org/GLM-4.7-Flash,trc_structured_summarize,3000,0.5,qemu-startup,trc-ss,run_1,priority,summary_marker_error,2,,/home/ak58925/agentCtx/ICLR_results/terminalbench/main/glm47flash/di__b3k__trc-ss/qemu-startup/trc-ss/run_1/trajectory.json,/home/ak58925/agentCtx-summarization/results/query-error-audit-20260907/details/01293.txt
terminalbench,main,glm47flash,di__b3k__trc-ss,hosted_vllm/zai-org/GLM-4.7-Flash,trc_structured_summarize,3000,0.5,raman-fitting.easy,trc-ss,run_1,priority,summary_failure_accounting,0,1,/home/ak58925/agentCtx/ICLR_results/terminalbench/main/glm47flash/di__b3k__trc-ss/raman-fitting.easy/trc-ss/run_1/trajectory.json,/home/ak58925/agentCtx-summarization/results/query-error-audit-20260907/details/01294.txt
terminalbench,main,glm47flash,di__b3k__trc-ss,hosted_vllm/zai-org/GLM-4.7-Flash,trc_structured_summarize,3000,0.5,raman-fitting.easy,trc-ss,run_2,priority,summary_failure_accounting,0,1,/home/ak58925/agentCtx/ICLR_results/terminalbench/main/glm47flash/di__b3k__trc-ss/raman-fitting.easy/trc-ss/run_2/trajectory.json,/home/ak58925/agentCtx-summarization/results/query-error-audit-20260907/details/01295.txt
terminalbench,main,glm47flash,di__b3k__trc-ss,hosted_vllm/zai-org/GLM-4.7-Flash,trc_structured_summarize,3000,0.5,sanitize-git-repo,trc-ss,run_1,priority,summary_marker_error,3,,/home/ak58925/agentCtx/ICLR_results/terminalbench/main/glm47flash/di__b3k__trc-ss/sanitize-git-repo/trc-ss/run_1/trajectory.json,/home/ak58925/agentCtx-summarization/results/query-error-audit-20260907/details/01296.txt
terminalbench,main,glm47flash,di__b3k__trc-ss,hosted_vllm/zai-org/GLM-4.7-Flash,trc_structured_summarize,3000,0.5,sanitize-git-repo,trc-ss,run_2,priority,summary_failure_accounting,0,1,/home/ak58925/agentCtx/ICLR_results/terminalbench/main/glm47flash/di__b3k__trc-ss/sanitize-git-repo/trc-ss/run_2/trajectory.json,/home/ak58925/agentCtx-summarization/results/query-error-audit-20260907/details/01297.txt
terminalbench,main,glm47flash,di__b3k__trc-ss,hosted_vllm/zai-org/GLM-4.7-Flash,trc_structured_summarize,3000,0.5,sanitize-git-repo.hard,trc-ss,run_1,priority,summary_failure_accounting,0,1,/home/ak58925/agentCtx/ICLR_results/terminalbench/main/glm47flash/di__b3k__trc-ss/sanitize-git-repo.hard/trc-ss/run_1/trajectory.json,/home/ak58925/agentCtx-summarization/results/query-error-audit-20260907/details/01298.txt
terminalbench,main,glm47flash,di__b3k__trc-ss,hosted_vllm/zai-org/GLM-4.7-Flash,trc_structured_summarize,3000,0.5,solana-data,trc-ss,run_1,priority,summary_marker_error,18,,/home/ak58925/agentCtx/ICLR_results/terminalbench/main/glm47flash/di__b3k__trc-ss/solana-data/trc-ss/run_1/trajectory.json,/home/ak58925/agentCtx-summarization/results/query-error-audit-20260907/details/01299.txt
terminalbench,main,glm47flash,di__b3k__trc-ss,hosted_vllm/zai-org/GLM-4.7-Flash,trc_structured_summarize,3000,0.5,solana-data,trc-ss,run_2,priority,summary_marker_error,20,,/home/ak58925/agentCtx/ICLR_results/terminalbench/main/glm47flash/di__b3k__trc-ss/solana-data/trc-ss/run_2/trajectory.json,/home/ak58925/agentCtx-summarization/results/query-error-audit-20260907/details/01300.txt
terminalbench,main,glm47flash,di__b3k__trc-ss,hosted_vllm/zai-org/GLM-4.7-Flash,trc_structured_summarize,3000,0.5,super-benchmark-upet,trc-ss,run_1,priority,summary_marker_error,1,,/home/ak58925/agentCtx/ICLR_results/terminalbench/main/glm47flash/di__b3k__trc-ss/super-benchmark-upet/trc-ss/run_1/trajectory.json,/home/ak58925/agentCtx-summarization/results/query-error-audit-20260907/details/01301.txt
terminalbench,main,glm47flash,di__b3k__trc-ss,hosted_vllm/zai-org/GLM-4.7-Flash,trc_structured_summarize,3000,0.5,super-benchmark-upet,trc-ss,run_2,priority,summary_marker_error,90,,/home/ak58925/agentCtx/ICLR_results/terminalbench/main/glm47flash/di__b3k__trc-ss/super-benchmark-upet/trc-ss/run_2/trajectory.json,/home/ak58925/agentCtx-summarization/results/query-error-audit-20260907/details/01302.txt
terminalbench,main,glm47flash,di__b3k__trc-ss,hosted_vllm/zai-org/GLM-4.7-Flash,trc_structured_summarize,3000,0.5,swe-bench-astropy-2,trc-ss,run_1,priority,summary_marker_error,40,,/home/ak58925/agentCtx/ICLR_results/terminalbench/main/glm47flash/di__b3k__trc-ss/swe-bench-astropy-2/trc-ss/run_1/trajectory.json,/home/ak58925/agentCtx-summarization/results/query-error-audit-20260907/details/01303.txt
terminalbench,main,glm47flash,di__b3k__trc-ss,hosted_vllm/zai-org/GLM-4.7-Flash,trc_structured_summarize,3000,0.5,swe-bench-astropy-2,trc-ss,run_2,priority,summary_marker_error,65,,/home/ak58925/agentCtx/ICLR_results/terminalbench/main/glm47flash/di__b3k__trc-ss/swe-bench-astropy-2/trc-ss/run_2/trajectory.json,/home/ak58925/agentCtx-summarization/results/query-error-audit-20260907/details/01304.txt
terminalbench,main,glm47flash,di__b3k__trc-ss,hosted_vllm/zai-org/GLM-4.7-Flash,trc_structured_summarize,3000,0.5,swe-bench-fsspec,trc-ss,run_1,priority,summary_marker_error,16,,/home/ak58925/agentCtx/ICLR_results/terminalbench/main/glm47flash/di__b3k__trc-ss/swe-bench-fsspec/trc-ss/run_1/trajectory.json,/home/ak58925/agentCtx-summarization/results/query-error-audit-20260907/details/01305.txt
terminalbench,main,glm47flash,di__b3k__trc-ss,hosted_vllm/zai-org/GLM-4.7-Flash,trc_structured_summarize,3000,0.5,swe-bench-fsspec,trc-ss,run_2,priority,summary_marker_error,9,,/home/ak58925/agentCtx/ICLR_results/terminalbench/main/glm47flash/di__b3k__trc-ss/swe-bench-fsspec/trc-ss/run_2/trajectory.json,/home/ak58925/agentCtx-summarization/results/query-error-audit-20260907/details/01306.txt
terminalbench,main,glm47flash,di__b3k__trc-ss,hosted_vllm/zai-org/GLM-4.7-Flash,trc_structured_summarize,3000,0.5,tmux-advanced-workflow,trc-ss,run_1,priority,summary_marker_error,15,,/home/ak58925/agentCtx/ICLR_results/terminalbench/main/glm47flash/di__b3k__trc-ss/tmux-advanced-workflow/trc-ss/run_1/trajectory.json,/home/ak58925/agentCtx-summarization/results/query-error-audit-20260907/details/01307.txt
terminalbench,main,glm47flash,di__b3k__trc-ss,hosted_vllm/zai-org/GLM-4.7-Flash,trc_structured_summarize,3000,0.5,tmux-advanced-workflow,trc-ss,run_2,priority,summary_marker_error,16,,/home/ak58925/agentCtx/ICLR_results/terminalbench/main/glm47flash/di__b3k__trc-ss/tmux-advanced-workflow/trc-ss/run_2/trajectory.json,/home/ak58925/agentCtx-summarization/results/query-error-audit-20260907/details/01308.txt
terminalbench,main,glm47flash,di__b3k__trc-ss,hosted_vllm/zai-org/GLM-4.7-Flash,trc_structured_summarize,3000,0.5,write-compressor,trc-ss,run_1,priority,summary_marker_error,1,,/home/ak58925/agentCtx/ICLR_results/terminalbench/main/glm47flash/di__b3k__trc-ss/write-compressor/trc-ss/run_1/trajectory.json,/home/ak58925/agentCtx-summarization/results/query-error-audit-20260907/details/01309.txt
terminalbench,main,glm47flash,di__b3k__trc-su,hosted_vllm/zai-org/GLM-4.7-Flash,trc_summarize,3000,0.5,blind-maze-explorer-5x5,trc-su,run_2,priority,summary_failure_accounting,0,50,/home/ak58925/agentCtx/ICLR_results/terminalbench/main/glm47flash/di__b3k__trc-su/blind-maze-explorer-5x5/trc-su/run_2/trajectory.json,/home/ak58925/agentCtx-summarization/results/query-error-audit-20260907/details/01310.txt
terminalbench,main,glm47flash,di__b3k__trc-su,hosted_vllm/zai-org/GLM-4.7-Flash,trc_summarize,3000,0.5,blind-maze-explorer-5x5,trc-su,run_3,priority,summary_failure_accounting,0,4,/home/ak58925/agentCtx/ICLR_results/terminalbench/main/glm47flash/di__b3k__trc-su/blind-maze-explorer-5x5/trc-su/run_3/trajectory.json,/home/ak58925/agentCtx-summarization/results/query-error-audit-20260907/details/01311.txt
terminalbench,main,glm47flash,di__b3k__trc-su,hosted_vllm/zai-org/GLM-4.7-Flash,trc_summarize,3000,0.5,blind-maze-explorer-algorithm,trc-su,run_1,priority,summary_failure_accounting,0,57,/home/ak58925/agentCtx/ICLR_results/terminalbench/main/glm47flash/di__b3k__trc-su/blind-maze-explorer-algorithm/trc-su/run_1/trajectory.json,/home/ak58925/agentCtx-summarization/results/query-error-audit-20260907/details/01312.txt
terminalbench,main,glm47flash,di__b3k__trc-su,hosted_vllm/zai-org/GLM-4.7-Flash,trc_summarize,3000,0.5,blind-maze-explorer-algorithm,trc-su,run_2,priority,summary_failure_accounting,0,53,/home/ak58925/agentCtx/ICLR_results/terminalbench/main/glm47flash/di__b3k__trc-su/blind-maze-explorer-algorithm/trc-su/run_2/trajectory.json,/home/ak58925/agentCtx-summarization/results/query-error-audit-20260907/details/01313.txt
terminalbench,main,glm47flash,di__b3k__trc-su,hosted_vllm/zai-org/GLM-4.7-Flash,trc_summarize,3000,0.5,blind-maze-explorer-algorithm,trc-su,run_3,priority,summary_failure_accounting,0,1,/home/ak58925/agentCtx/ICLR_results/terminalbench/main/glm47flash/di__b3k__trc-su/blind-maze-explorer-algorithm/trc-su/run_3/trajectory.json,/home/ak58925/agentCtx-summarization/results/query-error-audit-20260907/details/01314.txt
terminalbench,main,glm47flash,di__b3k__trc-su,hosted_vllm/zai-org/GLM-4.7-Flash,trc_summarize,3000,0.5,cartpole-rl-training,trc-su,run_1,priority,summary_failure_accounting,0,6,/home/ak58925/agentCtx/ICLR_results/terminalbench/main/glm47flash/di__b3k__trc-su/cartpole-rl-training/trc-su/run_1/trajectory.json,/home/ak58925/agentCtx-summarization/results/query-error-audit-20260907/details/01315.txt
terminalbench,main,glm47flash,di__b3k__trc-su,hosted_vllm/zai-org/GLM-4.7-Flash,trc_summarize,3000,0.5,cartpole-rl-training,trc-su,run_2,priority,summary_marker_error,1,,/home/ak58925/agentCtx/ICLR_results/terminalbench/main/glm47flash/di__b3k__trc-su/cartpole-rl-training/trc-su/run_2/trajectory.json,/home/ak58925/agentCtx-summarization/results/query-error-audit-20260907/details/01316.txt
terminalbench,main,glm47flash,di__b3k__trc-su,hosted_vllm/zai-org/GLM-4.7-Flash,trc_summarize,3000,0.5,cartpole-rl-training,trc-su,run_3,priority,summary_marker_error,1,,/home/ak58925/agentCtx/ICLR_results/terminalbench/main/glm47flash/di__b3k__trc-su/cartpole-rl-training/trc-su/run_3/trajectory.json,/home/ak58925/agentCtx-summarization/results/query-error-audit-20260907/details/01317.txt
terminalbench,main,glm47flash,di__b3k__trc-su,hosted_vllm/zai-org/GLM-4.7-Flash,trc_summarize,3000,0.5,count-dataset-tokens,trc-su,run_1,priority,summary_failure_accounting,0,2,/home/ak58925/agentCtx/ICLR_results/terminalbench/main/glm47flash/di__b3k__trc-su/count-dataset-tokens/trc-su/run_1/trajectory.json,/home/ak58925/agentCtx-summarization/results/query-error-audit-20260907/details/01318.txt
terminalbench,main,glm47flash,di__b3k__trc-su,hosted_vllm/zai-org/GLM-4.7-Flash,trc_summarize,3000,0.5,crack-7z-hash.hard,trc-su,run_3,priority,summary_failure_accounting,0,7,/home/ak58925/agentCtx/ICLR_results/terminalbench/main/glm47flash/di__b3k__trc-su/crack-7z-hash.hard/trc-su/run_3/trajectory.json,/home/ak58925/agentCtx-summarization/results/query-error-audit-20260907/details/01319.txt
terminalbench,main,glm47flash,di__b3k__trc-su,hosted_vllm/zai-org/GLM-4.7-Flash,trc_summarize,3000,0.5,csv-to-parquet,trc-su,run_1,priority,summary_failure_accounting,0,22,/home/ak58925/agentCtx/ICLR_results/terminalbench/main/glm47flash/di__b3k__trc-su/csv-to-parquet/trc-su/run_1/trajectory.json,/home/ak58925/agentCtx-summarization/results/query-error-audit-20260907/details/01320.txt
terminalbench,main,glm47flash,di__b3k__trc-su,hosted_vllm/zai-org/GLM-4.7-Flash,trc_summarize,3000,0.5,csv-to-parquet,trc-su,run_2,priority,summary_failure_accounting,0,11,/home/ak58925/agentCtx/ICLR_results/terminalbench/main/glm47flash/di__b3k__trc-su/csv-to-parquet/trc-su/run_2/trajectory.json,/home/ak58925/agentCtx-summarization/results/query-error-audit-20260907/details/01321.txt
terminalbench,main,glm47flash,di__b3k__trc-su,hosted_vllm/zai-org/GLM-4.7-Flash,trc_summarize,3000,0.5,csv-to-parquet,trc-su,run_3,priority,summary_failure_accounting,0,14,/home/ak58925/agentCtx/ICLR_results/terminalbench/main/glm47flash/di__b3k__trc-su/csv-to-parquet/trc-su/run_3/trajectory.json,/home/ak58925/agentCtx-summarization/results/query-error-audit-20260907/details/01322.txt
terminalbench,main,glm47flash,di__b3k__trc-su,hosted_vllm/zai-org/GLM-4.7-Flash,trc_summarize,3000,0.5,download-youtube,trc-su,run_1,priority,summary_failure_accounting,0,8,/home/ak58925/agentCtx/ICLR_results/terminalbench/main/glm47flash/di__b3k__trc-su/download-youtube/trc-su/run_1/trajectory.json,/home/ak58925/agentCtx-summarization/results/query-error-audit-20260907/details/01326.txt
terminalbench,main,glm47flash,di__b3k__trc-su,hosted_vllm/zai-org/GLM-4.7-Flash,trc_summarize,3000,0.5,eval-mteb.hard,trc-su,run_1,priority,summary_marker_error,9,,/home/ak58925/agentCtx/ICLR_results/terminalbench/main/glm47flash/di__b3k__trc-su/eval-mteb.hard/trc-su/run_1/trajectory.json,/home/ak58925/agentCtx-summarization/results/query-error-audit-20260907/details/01328.txt
terminalbench,main,glm47flash,di__b3k__trc-su,hosted_vllm/zai-org/GLM-4.7-Flash,trc_summarize,3000,0.5,eval-mteb.hard,trc-su,run_3,priority,summary_failure_accounting,0,94,/home/ak58925/agentCtx/ICLR_results/terminalbench/main/glm47flash/di__b3k__trc-su/eval-mteb.hard/trc-su/run_3/trajectory.json,/home/ak58925/agentCtx-summarization/results/query-error-audit-20260907/details/01329.txt
terminalbench,main,glm47flash,di__b3k__trc-su,hosted_vllm/zai-org/GLM-4.7-Flash,trc_summarize,3000,0.5,extract-moves-from-video,trc-su,run_2,priority,summary_failure_accounting,0,7,/home/ak58925/agentCtx/ICLR_results/terminalbench/main/glm47flash/di__b3k__trc-su/extract-moves-from-video/trc-su/run_2/trajectory.json,/home/ak58925/agentCtx-summarization/results/query-error-audit-20260907/details/01331.txt
terminalbench,main,glm47flash,di__b3k__trc-su,hosted_vllm/zai-org/GLM-4.7-Flash,trc_summarize,3000,0.5,fibonacci-server,trc-su,run_3,priority,summary_failure_accounting,0,24,/home/ak58925/agentCtx/ICLR_results/terminalbench/main/glm47flash/di__b3k__trc-su/fibonacci-server/trc-su/run_3/trajectory.json,/home/ak58925/agentCtx-summarization/results/query-error-audit-20260907/details/01333.txt
terminalbench,main,glm47flash,di__b3k__trc-su,hosted_vllm/zai-org/GLM-4.7-Flash,trc_summarize,3000,0.5,fix-git,trc-su,run_2,priority,summary_failure_accounting,0,23,/home/ak58925/agentCtx/ICLR_results/terminalbench/main/glm47flash/di__b3k__trc-su/fix-git/trc-su/run_2/trajectory.json,/home/ak58925/agentCtx-summarization/results/query-error-audit-20260907/details/01334.txt
terminalbench,main,glm47flash,di__b3k__trc-su,hosted_vllm/zai-org/GLM-4.7-Flash,trc_summarize,3000,0.5,fix-git,trc-su,run_3,priority,summary_failure_accounting,0,3,/home/ak58925/agentCtx/ICLR_results/terminalbench/main/glm47flash/di__b3k__trc-su/fix-git/trc-su/run_3/trajectory.json,/home/ak58925/agentCtx-summarization/results/query-error-audit-20260907/details/01335.txt
terminalbench,main,glm47flash,di__b3k__trc-su,hosted_vllm/zai-org/GLM-4.7-Flash,trc_summarize,3000,0.5,fix-pandas-version,trc-su,run_1,priority,summary_failure_accounting,0,1,/home/ak58925/agentCtx/ICLR_results/terminalbench/main/glm47flash/di__b3k__trc-su/fix-pandas-version/trc-su/run_1/trajectory.json,/home/ak58925/agentCtx-summarization/results/query-error-audit-20260907/details/01336.txt
terminalbench,main,glm47flash,di__b3k__trc-su,hosted_vllm/zai-org/GLM-4.7-Flash,trc_summarize,3000,0.5,fix-pandas-version,trc-su,run_2,priority,summary_failure_accounting,0,1,/home/ak58925/agentCtx/ICLR_results/terminalbench/main/glm47flash/di__b3k__trc-su/fix-pandas-version/trc-su/run_2/trajectory.json,/home/ak58925/agentCtx-summarization/results/query-error-audit-20260907/details/01337.txt
terminalbench,main,glm47flash,di__b3k__trc-su,hosted_vllm/zai-org/GLM-4.7-Flash,trc_summarize,3000,0.5,fix-pandas-version,trc-su,run_3,priority,summary_failure_accounting,0,17,/home/ak58925/agentCtx/ICLR_results/terminalbench/main/glm47flash/di__b3k__trc-su/fix-pandas-version/trc-su/run_3/trajectory.json,/home/ak58925/agentCtx-summarization/results/query-error-audit-20260907/details/01338.txt
terminalbench,main,glm47flash,di__b3k__trc-su,hosted_vllm/zai-org/GLM-4.7-Flash,trc_summarize,3000,0.5,git-workflow-hack,trc-su,run_1,priority,summary_failure_accounting,0,12,/home/ak58925/agentCtx/ICLR_results/terminalbench/main/glm47flash/di__b3k__trc-su/git-workflow-hack/trc-su/run_1/trajectory.json,/home/ak58925/agentCtx-summarization/results/query-error-audit-20260907/details/01339.txt
terminalbench,main,glm47flash,di__b3k__trc-su,hosted_vllm/zai-org/GLM-4.7-Flash,trc_summarize,3000,0.5,git-workflow-hack,trc-su,run_2,priority,summary_marker_error,1,,/home/ak58925/agentCtx/ICLR_results/terminalbench/main/glm47flash/di__b3k__trc-su/git-workflow-hack/trc-su/run_2/trajectory.json,/home/ak58925/agentCtx-summarization/results/query-error-audit-20260907/details/01340.txt
terminalbench,main,glm47flash,di__b3k__trc-su,hosted_vllm/zai-org/GLM-4.7-Flash,trc_summarize,3000,0.5,git-workflow-hack,trc-su,run_3,priority,summary_failure_accounting,0,2,/home/ak58925/agentCtx/ICLR_results/terminalbench/main/glm47flash/di__b3k__trc-su/git-workflow-hack/trc-su/run_3/trajectory.json,/home/ak58925/agentCtx-summarization/results/query-error-audit-20260907/details/01341.txt
terminalbench,main,glm47flash,di__b3k__trc-su,hosted_vllm/zai-org/GLM-4.7-Flash,trc_summarize,3000,0.5,gpt2-codegolf,trc-su,run_1,priority,summary_failure_accounting,0,5,/home/ak58925/agentCtx/ICLR_results/terminalbench/main/glm47flash/di__b3k__trc-su/gpt2-codegolf/trc-su/run_1/trajectory.json,/home/ak58925/agentCtx-summarization/results/query-error-audit-20260907/details/01342.txt
terminalbench,main,glm47flash,di__b3k__trc-su,hosted_vllm/zai-org/GLM-4.7-Flash,trc_summarize,3000,0.5,gpt2-codegolf,trc-su,run_2,priority,summary_failure_accounting,0,2,/home/ak58925/agentCtx/ICLR_results/terminalbench/main/glm47flash/di__b3k__trc-su/gpt2-codegolf/trc-su/run_2/trajectory.json,/home/ak58925/agentCtx-summarization/results/query-error-audit-20260907/details/01343.txt
terminalbench,main,glm47flash,di__b3k__trc-su,hosted_vllm/zai-org/GLM-4.7-Flash,trc_summarize,3000,0.5,gpt2-codegolf,trc-su,run_3,priority,summary_marker_error,1,,/home/ak58925/agentCtx/ICLR_results/terminalbench/main/glm47flash/di__b3k__trc-su/gpt2-codegolf/trc-su/run_3/trajectory.json,/home/ak58925/agentCtx-summarization/results/query-error-audit-20260907/details/01344.txt
terminalbench,main,glm47flash,di__b3k__trc-su,hosted_vllm/zai-org/GLM-4.7-Flash,trc_summarize,3000,0.5,heterogeneous-dates,trc-su,run_3,priority,summary_failure_accounting,0,15,/home/ak58925/agentCtx/ICLR_results/terminalbench/main/glm47flash/di__b3k__trc-su/heterogeneous-dates/trc-su/run_3/trajectory.json,/home/ak58925/agentCtx-summarization/results/query-error-audit-20260907/details/01346.txt
terminalbench,main,glm47flash,di__b3k__trc-su,hosted_vllm/zai-org/GLM-4.7-Flash,trc_summarize,3000,0.5,hf-model-inference,trc-su,run_1,priority,summary_failure_accounting,0,1,/home/ak58925/agentCtx/ICLR_results/terminalbench/main/glm47flash/di__b3k__trc-su/hf-model-inference/trc-su/run_1/trajectory.json,/home/ak58925/agentCtx-summarization/results/query-error-audit-20260907/details/01347.txt
terminalbench,main,glm47flash,di__b3k__trc-su,hosted_vllm/zai-org/GLM-4.7-Flash,trc_summarize,3000,0.5,hf-model-inference,trc-su,run_2,priority,summary_failure_accounting,0,18,/home/ak58925/agentCtx/ICLR_results/terminalbench/main/glm47flash/di__b3k__trc-su/hf-model-inference/trc-su/run_2/trajectory.json,/home/ak58925/agentCtx-summarization/results/query-error-audit-20260907/details/01348.txt
terminalbench,main,glm47flash,di__b3k__trc-su,hosted_vllm/zai-org/GLM-4.7-Flash,trc_summarize,3000,0.5,hf-model-inference,trc-su,run_3,priority,summary_failure_accounting,0,1,/home/ak58925/agentCtx/ICLR_results/terminalbench/main/glm47flash/di__b3k__trc-su/hf-model-inference/trc-su/run_3/trajectory.json,/home/ak58925/agentCtx-summarization/results/query-error-audit-20260907/details/01349.txt
terminalbench,main,glm47flash,di__b3k__trc-su,hosted_vllm/zai-org/GLM-4.7-Flash,trc_summarize,3000,0.5,incompatible-python-fasttext,trc-su,run_3,priority,summary_failure_accounting,0,5,/home/ak58925/agentCtx/ICLR_results/terminalbench/main/glm47flash/di__b3k__trc-su/incompatible-python-fasttext/trc-su/run_3/trajectory.json,/home/ak58925/agentCtx-summarization/results/query-error-audit-20260907/details/01351.txt
terminalbench,main,glm47flash,di__b3k__trc-su,hosted_vllm/zai-org/GLM-4.7-Flash,trc_summarize,3000,0.5,intrusion-detection,trc-su,run_1,priority,summary_failure_accounting,0,14,/home/ak58925/agentCtx/ICLR_results/terminalbench/main/glm47flash/di__b3k__trc-su/intrusion-detection/trc-su/run_1/trajectory.json,/home/ak58925/agentCtx-summarization/results/query-error-audit-20260907/details/01352.txt
terminalbench,main,glm47flash,di__b3k__trc-su,hosted_vllm/zai-org/GLM-4.7-Flash,trc_summarize,3000,0.5,intrusion-detection,trc-su,run_3,priority,summary_failure_accounting,0,8,/home/ak58925/agentCtx/ICLR_results/terminalbench/main/glm47flash/di__b3k__trc-su/intrusion-detection/trc-su/run_3/trajectory.json,/home/ak58925/agentCtx-summarization/results/query-error-audit-20260907/details/01354.txt
terminalbench,main,glm47flash,di__b3k__trc-su,hosted_vllm/zai-org/GLM-4.7-Flash,trc_summarize,3000,0.5,password-recovery,trc-su,run_1,priority,summary_failure_accounting,0,14,/home/ak58925/agentCtx/ICLR_results/terminalbench/main/glm47flash/di__b3k__trc-su/password-recovery/trc-su/run_1/trajectory.json,/home/ak58925/agentCtx-summarization/results/query-error-audit-20260907/details/01355.txt
terminalbench,main,glm47flash,di__b3k__trc-su,hosted_vllm/zai-org/GLM-4.7-Flash,trc_summarize,3000,0.5,password-recovery,trc-su,run_2,priority,summary_failure_accounting,0,1,/home/ak58925/agentCtx/ICLR_results/terminalbench/main/glm47flash/di__b3k__trc-su/password-recovery/trc-su/run_2/trajectory.json,/home/ak58925/agentCtx-summarization/results/query-error-audit-20260907/details/01356.txt
terminalbench,main,glm47flash,di__b3k__trc-su,hosted_vllm/zai-org/GLM-4.7-Flash,trc_summarize,3000,0.5,path-tracing-reverse,trc-su,run_1,priority,summary_failure_accounting,0,5,/home/ak58925/agentCtx/ICLR_results/terminalbench/main/glm47flash/di__b3k__trc-su/path-tracing-reverse/trc-su/run_1/trajectory.json,/home/ak58925/agentCtx-summarization/results/query-error-audit-20260907/details/01357.txt
terminalbench,main,glm47flash,di__b3k__trc-su,hosted_vllm/zai-org/GLM-4.7-Flash,trc_summarize,3000,0.5,path-tracing-reverse,trc-su,run_2,priority,summary_failure_accounting,0,7,/home/ak58925/agentCtx/ICLR_results/terminalbench/main/glm47flash/di__b3k__trc-su/path-tracing-reverse/trc-su/run_2/trajectory.json,/home/ak58925/agentCtx-summarization/results/query-error-audit-20260907/details/01358.txt
terminalbench,main,glm47flash,di__b3k__trc-su,hosted_vllm/zai-org/GLM-4.7-Flash,trc_summarize,3000,0.5,pytorch-model-cli.hard,trc-su,run_1,priority,summary_failure_accounting,0,2,/home/ak58925/agentCtx/ICLR_results/terminalbench/main/glm47flash/di__b3k__trc-su/pytorch-model-cli.hard/trc-su/run_1/trajectory.json,/home/ak58925/agentCtx-summarization/results/query-error-audit-20260907/details/01359.txt
terminalbench,main,glm47flash,di__b3k__trc-su,hosted_vllm/zai-org/GLM-4.7-Flash,trc_summarize,3000,0.5,pytorch-model-cli.hard,trc-su,run_3,priority,summary_failure_accounting,0,8,/home/ak58925/agentCtx/ICLR_results/terminalbench/main/glm47flash/di__b3k__trc-su/pytorch-model-cli.hard/trc-su/run_3/trajectory.json,/home/ak58925/agentCtx-summarization/results/query-error-audit-20260907/details/01360.txt
terminalbench,main,glm47flash,di__b3k__trc-su,hosted_vllm/zai-org/GLM-4.7-Flash,trc_summarize,3000,0.5,qemu-alpine-ssh,trc-su,run_1,priority,summary_failure_accounting,0,1,/home/ak58925/agentCtx/ICLR_results/terminalbench/main/glm47flash/di__b3k__trc-su/qemu-alpine-ssh/trc-su/run_1/trajectory.json,/home/ak58925/agentCtx-summarization/results/query-error-audit-20260907/details/01361.txt
terminalbench,main,glm47flash,di__b3k__trc-su,hosted_vllm/zai-org/GLM-4.7-Flash,trc_summarize,3000,0.5,qemu-alpine-ssh,trc-su,run_2,priority,summary_failure_accounting,0,23,/home/ak58925/agentCtx/ICLR_results/terminalbench/main/glm47flash/di__b3k__trc-su/qemu-alpine-ssh/trc-su/run_2/trajectory.json,/home/ak58925/agentCtx-summarization/results/query-error-audit-20260907/details/01362.txt
terminalbench,main,glm47flash,di__b3k__trc-su,hosted_vllm/zai-org/GLM-4.7-Flash,trc_summarize,3000,0.5,qemu-startup,trc-su,run_2,priority,summary_failure_accounting,0,26,/home/ak58925/agentCtx/ICLR_results/terminalbench/main/glm47flash/di__b3k__trc-su/qemu-startup/trc-su/run_2/trajectory.json,/home/ak58925/agentCtx-summarization/results/query-error-audit-20260907/details/01363.txt
terminalbench,main,glm47flash,di__b3k__trc-su,hosted_vllm/zai-org/GLM-4.7-Flash,trc_summarize,3000,0.5,raman-fitting.easy,trc-su,run_2,priority,summary_failure_accounting,0,2,/home/ak58925/agentCtx/ICLR_results/terminalbench/main/glm47flash/di__b3k__trc-su/raman-fitting.easy/trc-su/run_2/trajectory.json,/home/ak58925/agentCtx-summarization/results/query-error-audit-20260907/details/01364.txt
terminalbench,main,glm47flash,di__b3k__trc-su,hosted_vllm/zai-org/GLM-4.7-Flash,trc_summarize,3000,0.5,raman-fitting.easy,trc-su,run_3,priority,summary_failure_accounting,0,14,/home/ak58925/agentCtx/ICLR_results/terminalbench/main/glm47flash/di__b3k__trc-su/raman-fitting.easy/trc-su/run_3/trajectory.json,/home/ak58925/agentCtx-summarization/results/query-error-audit-20260907/details/01365.txt
terminalbench,main,glm47flash,di__b3k__trc-su,hosted_vllm/zai-org/GLM-4.7-Flash,trc_summarize,3000,0.5,sanitize-git-repo,trc-su,run_1,priority,summary_failure_accounting,0,7,/home/ak58925/agentCtx/ICLR_results/terminalbench/main/glm47flash/di__b3k__trc-su/sanitize-git-repo/trc-su/run_1/trajectory.json,/home/ak58925/agentCtx-summarization/results/query-error-audit-20260907/details/01366.txt
terminalbench,main,glm47flash,di__b3k__trc-su,hosted_vllm/zai-org/GLM-4.7-Flash,trc_summarize,3000,0.5,sanitize-git-repo,trc-su,run_2,priority,summary_failure_accounting,0,4,/home/ak58925/agentCtx/ICLR_results/terminalbench/main/glm47flash/di__b3k__trc-su/sanitize-git-repo/trc-su/run_2/trajectory.json,/home/ak58925/agentCtx-summarization/results/query-error-audit-20260907/details/01367.txt
terminalbench,main,glm47flash,di__b3k__trc-su,hosted_vllm/zai-org/GLM-4.7-Flash,trc_summarize,3000,0.5,sanitize-git-repo,trc-su,run_3,priority,summary_failure_accounting,0,2,/home/ak58925/agentCtx/ICLR_results/terminalbench/main/glm47flash/di__b3k__trc-su/sanitize-git-repo/trc-su/run_3/trajectory.json,/home/ak58925/agentCtx-summarization/results/query-error-audit-20260907/details/01368.txt
terminalbench,main,glm47flash,di__b3k__trc-su,hosted_vllm/zai-org/GLM-4.7-Flash,trc_summarize,3000,0.5,sanitize-git-repo.hard,trc-su,run_1,priority,summary_failure_accounting,0,3,/home/ak58925/agentCtx/ICLR_results/terminalbench/main/glm47flash/di__b3k__trc-su/sanitize-git-repo.hard/trc-su/run_1/trajectory.json,/home/ak58925/agentCtx-summarization/results/query-error-audit-20260907/details/01369.txt
terminalbench,main,glm47flash,di__b3k__trc-su,hosted_vllm/zai-org/GLM-4.7-Flash,trc_summarize,3000,0.5,solana-data,trc-su,run_1,priority,summary_failure_accounting,0,1,/home/ak58925/agentCtx/ICLR_results/terminalbench/main/glm47flash/di__b3k__trc-su/solana-data/trc-su/run_1/trajectory.json,/home/ak58925/agentCtx-summarization/results/query-error-audit-20260907/details/01370.txt
terminalbench,main,glm47flash,di__b3k__trc-su,hosted_vllm/zai-org/GLM-4.7-Flash,trc_summarize,3000,0.5,solana-data,trc-su,run_3,priority,summary_failure_accounting,0,18,/home/ak58925/agentCtx/ICLR_results/terminalbench/main/glm47flash/di__b3k__trc-su/solana-data/trc-su/run_3/trajectory.json,/home/ak58925/agentCtx-summarization/results/query-error-audit-20260907/details/01371.txt
terminalbench,main,glm47flash,di__b3k__trc-su,hosted_vllm/zai-org/GLM-4.7-Flash,trc_summarize,3000,0.5,sqlite-with-gcov,trc-su,run_1,priority,summary_failure_accounting,0,17,/home/ak58925/agentCtx/ICLR_results/terminalbench/main/glm47flash/di__b3k__trc-su/sqlite-with-gcov/trc-su/run_1/trajectory.json,/home/ak58925/agentCtx-summarization/results/query-error-audit-20260907/details/01372.txt
terminalbench,main,glm47flash,di__b3k__trc-su,hosted_vllm/zai-org/GLM-4.7-Flash,trc_summarize,3000,0.5,sqlite-with-gcov,trc-su,run_2,priority,summary_failure_accounting,0,13,/home/ak58925/agentCtx/ICLR_results/terminalbench/main/glm47flash/di__b3k__trc-su/sqlite-with-gcov/trc-su/run_2/trajectory.json,/home/ak58925/agentCtx-summarization/results/query-error-audit-20260907/details/01373.txt
terminalbench,main,glm47flash,di__b3k__trc-su,hosted_vllm/zai-org/GLM-4.7-Flash,trc_summarize,3000,0.5,super-benchmark-upet,trc-su,run_1,priority,summary_failure_accounting,0,25,/home/ak58925/agentCtx/ICLR_results/terminalbench/main/glm47flash/di__b3k__trc-su/super-benchmark-upet/trc-su/run_1/trajectory.json,/home/ak58925/agentCtx-summarization/results/query-error-audit-20260907/details/01375.txt
terminalbench,main,glm47flash,di__b3k__trc-su,hosted_vllm/zai-org/GLM-4.7-Flash,trc_summarize,3000,0.5,super-benchmark-upet,trc-su,run_2,priority,summary_failure_accounting,0,102,/home/ak58925/agentCtx/ICLR_results/terminalbench/main/glm47flash/di__b3k__trc-su/super-benchmark-upet/trc-su/run_2/trajectory.json,/home/ak58925/agentCtx-summarization/results/query-error-audit-20260907/details/01376.txt
terminalbench,main,glm47flash,di__b3k__trc-su,hosted_vllm/zai-org/GLM-4.7-Flash,trc_summarize,3000,0.5,super-benchmark-upet,trc-su,run_3,priority,summary_failure_accounting,0,1,/home/ak58925/agentCtx/ICLR_results/terminalbench/main/glm47flash/di__b3k__trc-su/super-benchmark-upet/trc-su/run_3/trajectory.json,/home/ak58925/agentCtx-summarization/results/query-error-audit-20260907/details/01377.txt
terminalbench,main,glm47flash,di__b3k__trc-su,hosted_vllm/zai-org/GLM-4.7-Flash,trc_summarize,3000,0.5,swe-bench-astropy-2,trc-su,run_1,priority,summary_failure_accounting,0,49,/home/ak58925/agentCtx/ICLR_results/terminalbench/main/glm47flash/di__b3k__trc-su/swe-bench-astropy-2/trc-su/run_1/trajectory.json,/home/ak58925/agentCtx-summarization/results/query-error-audit-20260907/details/01378.txt
terminalbench,main,glm47flash,di__b3k__trc-su,hosted_vllm/zai-org/GLM-4.7-Flash,trc_summarize,3000,0.5,swe-bench-astropy-2,trc-su,run_2,priority,summary_failure_accounting,0,59,/home/ak58925/agentCtx/ICLR_results/terminalbench/main/glm47flash/di__b3k__trc-su/swe-bench-astropy-2/trc-su/run_2/trajectory.json,/home/ak58925/agentCtx-summarization/results/query-error-audit-20260907/details/01379.txt
terminalbench,main,glm47flash,di__b3k__trc-su,hosted_vllm/zai-org/GLM-4.7-Flash,trc_summarize,3000,0.5,swe-bench-fsspec,trc-su,run_2,priority,summary_failure_accounting,0,3,/home/ak58925/agentCtx/ICLR_results/terminalbench/main/glm47flash/di__b3k__trc-su/swe-bench-fsspec/trc-su/run_2/trajectory.json,/home/ak58925/agentCtx-summarization/results/query-error-audit-20260907/details/01381.txt
terminalbench,main,glm47flash,di__b3k__trc-su,hosted_vllm/zai-org/GLM-4.7-Flash,trc_summarize,3000,0.5,write-compressor,trc-su,run_1,probable,summary_related_response,0,0,/home/ak58925/agentCtx/ICLR_results/terminalbench/main/glm47flash/di__b3k__trc-su/write-compressor/trc-su/run_1/trajectory.json,/home/ak58925/agentCtx-summarization/results/query-error-audit-20260907/details/01383.txt
terminalbench,main,glm47flash,di__b3k__trc-su,hosted_vllm/zai-org/GLM-4.7-Flash,trc_summarize,3000,0.5,write-compressor,trc-su,run_2,priority,summary_failure_accounting,0,4,/home/ak58925/agentCtx/ICLR_results/terminalbench/main/glm47flash/di__b3k__trc-su/write-compressor/trc-su/run_2/trajectory.json,/home/ak58925/agentCtx-summarization/results/query-error-audit-20260907/details/01384.txt
terminalbench,main,qwen35b,d05__b3k__ss,hosted_vllm/Qwen/Qwen3.5-35B-A3B,structured_summarize,3000,0.5,blind-maze-explorer-5x5,structured-summarize,run_1,priority,summary_marker_error,32,,/home/ak58925/agentCtx/ICLR_results/terminalbench/main/qwen35b/d05__b3k__ss/blind-maze-explorer-5x5/structured-summarize/run_1/trajectory.json,/home/ak58925/agentCtx-summarization/results/query-error-audit-20260907/details/01721.txt
terminalbench,main,qwen35b,d05__b3k__ss,hosted_vllm/Qwen/Qwen3.5-35B-A3B,structured_summarize,3000,0.5,blind-maze-explorer-5x5,structured-summarize,run_2,priority,summary_marker_error,37,,/home/ak58925/agentCtx/ICLR_results/terminalbench/main/qwen35b/d05__b3k__ss/blind-maze-explorer-5x5/structured-summarize/run_2/trajectory.json,/home/ak58925/agentCtx-summarization/results/query-error-audit-20260907/details/01722.txt
terminalbench,main,qwen35b,d05__b3k__ss,hosted_vllm/Qwen/Qwen3.5-35B-A3B,structured_summarize,3000,0.5,blind-maze-explorer-5x5,structured-summarize,run_3,priority,summary_marker_error,22,,/home/ak58925/agentCtx/ICLR_results/terminalbench/main/qwen35b/d05__b3k__ss/blind-maze-explorer-5x5/structured-summarize/run_3/trajectory.json,/home/ak58925/agentCtx-summarization/results/query-error-audit-20260907/details/01723.txt
terminalbench,main,qwen35b,d05__b3k__ss,hosted_vllm/Qwen/Qwen3.5-35B-A3B,structured_summarize,3000,0.5,blind-maze-explorer-algorithm,structured-summarize,run_1,priority,summary_marker_error,29,,/home/ak58925/agentCtx/ICLR_results/terminalbench/main/qwen35b/d05__b3k__ss/blind-maze-explorer-algorithm/structured-summarize/run_1/trajectory.json,/home/ak58925/agentCtx-summarization/results/query-error-audit-20260907/details/01724.txt
terminalbench,main,qwen35b,d05__b3k__ss,hosted_vllm/Qwen/Qwen3.5-35B-A3B,structured_summarize,3000,0.5,blind-maze-explorer-algorithm,structured-summarize,run_2,priority,summary_marker_error,54,,/home/ak58925/agentCtx/ICLR_results/terminalbench/main/qwen35b/d05__b3k__ss/blind-maze-explorer-algorithm/structured-summarize/run_2/trajectory.json,/home/ak58925/agentCtx-summarization/results/query-error-audit-20260907/details/01725.txt
terminalbench,main,qwen35b,d05__b3k__ss,hosted_vllm/Qwen/Qwen3.5-35B-A3B,structured_summarize,3000,0.5,blind-maze-explorer-algorithm,structured-summarize,run_3,priority,summary_marker_error,4,,/home/ak58925/agentCtx/ICLR_results/terminalbench/main/qwen35b/d05__b3k__ss/blind-maze-explorer-algorithm/structured-summarize/run_3/trajectory.json,/home/ak58925/agentCtx-summarization/results/query-error-audit-20260907/details/01726.txt
terminalbench,main,qwen35b,d05__b3k__ss,hosted_vllm/Qwen/Qwen3.5-35B-A3B,structured_summarize,3000,0.5,cartpole-rl-training,structured-summarize,run_1,priority,summary_marker_error,21,,/home/ak58925/agentCtx/ICLR_results/terminalbench/main/qwen35b/d05__b3k__ss/cartpole-rl-training/structured-summarize/run_1/trajectory.json,/home/ak58925/agentCtx-summarization/results/query-error-audit-20260907/details/01727.txt
terminalbench,main,qwen35b,d05__b3k__ss,hosted_vllm/Qwen/Qwen3.5-35B-A3B,structured_summarize,3000,0.5,cartpole-rl-training,structured-summarize,run_3,priority,summary_marker_error,10,,/home/ak58925/agentCtx/ICLR_results/terminalbench/main/qwen35b/d05__b3k__ss/cartpole-rl-training/structured-summarize/run_3/trajectory.json,/home/ak58925/agentCtx-summarization/results/query-error-audit-20260907/details/01728.txt
terminalbench,main,qwen35b,d05__b3k__ss,hosted_vllm/Qwen/Qwen3.5-35B-A3B,structured_summarize,3000,0.5,count-dataset-tokens,structured-summarize,run_1,priority,summary_marker_error,90,,/home/ak58925/agentCtx/ICLR_results/terminalbench/main/qwen35b/d05__b3k__ss/count-dataset-tokens/structured-summarize/run_1/trajectory.json,/home/ak58925/agentCtx-summarization/results/query-error-audit-20260907/details/01729.txt
terminalbench,main,qwen35b,d05__b3k__ss,hosted_vllm/Qwen/Qwen3.5-35B-A3B,structured_summarize,3000,0.5,count-dataset-tokens,structured-summarize,run_2,priority,summary_marker_error,104,,/home/ak58925/agentCtx/ICLR_results/terminalbench/main/qwen35b/d05__b3k__ss/count-dataset-tokens/structured-summarize/run_2/trajectory.json,/home/ak58925/agentCtx-summarization/results/query-error-audit-20260907/details/01730.txt
terminalbench,main,qwen35b,d05__b3k__ss,hosted_vllm/Qwen/Qwen3.5-35B-A3B,structured_summarize,3000,0.5,crack-7z-hash.hard,structured-summarize,run_1,priority,summary_marker_error,24,,/home/ak58925/agentCtx/ICLR_results/terminalbench/main/qwen35b/d05__b3k__ss/crack-7z-hash.hard/structured-summarize/run_1/trajectory.json,/home/ak58925/agentCtx-summarization/results/query-error-audit-20260907/details/01731.txt
terminalbench,main,qwen35b,d05__b3k__ss,hosted_vllm/Qwen/Qwen3.5-35B-A3B,structured_summarize,3000,0.5,crack-7z-hash.hard,structured-summarize,run_2,priority,summary_marker_error,27,,/home/ak58925/agentCtx/ICLR_results/terminalbench/main/qwen35b/d05__b3k__ss/crack-7z-hash.hard/structured-summarize/run_2/trajectory.json,/home/ak58925/agentCtx-summarization/results/query-error-audit-20260907/details/01732.txt
terminalbench,main,qwen35b,d05__b3k__ss,hosted_vllm/Qwen/Qwen3.5-35B-A3B,structured_summarize,3000,0.5,crack-7z-hash.hard,structured-summarize,run_3,priority,summary_marker_error,22,,/home/ak58925/agentCtx/ICLR_results/terminalbench/main/qwen35b/d05__b3k__ss/crack-7z-hash.hard/structured-summarize/run_3/trajectory.json,/home/ak58925/agentCtx-summarization/results/query-error-audit-20260907/details/01733.txt
terminalbench,main,qwen35b,d05__b3k__ss,hosted_vllm/Qwen/Qwen3.5-35B-A3B,structured_summarize,3000,0.5,csv-to-parquet,structured-summarize,run_1,priority,summary_marker_error,76,,/home/ak58925/agentCtx/ICLR_results/terminalbench/main/qwen35b/d05__b3k__ss/csv-to-parquet/structured-summarize/run_1/trajectory.json,/home/ak58925/agentCtx-summarization/results/query-error-audit-20260907/details/01734.txt
terminalbench,main,qwen35b,d05__b3k__ss,hosted_vllm/Qwen/Qwen3.5-35B-A3B,structured_summarize,3000,0.5,csv-to-parquet,structured-summarize,run_2,priority,summary_marker_error,70,,/home/ak58925/agentCtx/ICLR_results/terminalbench/main/qwen35b/d05__b3k__ss/csv-to-parquet/structured-summarize/run_2/trajectory.json,/home/ak58925/agentCtx-summarization/results/query-error-audit-20260907/details/01735.txt
terminalbench,main,qwen35b,d05__b3k__ss,hosted_vllm/Qwen/Qwen3.5-35B-A3B,structured_summarize,3000,0.5,download-youtube,structured-summarize,run_1,priority,summary_marker_error,30,,/home/ak58925/agentCtx/ICLR_results/terminalbench/main/qwen35b/d05__b3k__ss/download-youtube/structured-summarize/run_1/trajectory.json,/home/ak58925/agentCtx-summarization/results/query-error-audit-20260907/details/01736.txt
terminalbench,main,qwen35b,d05__b3k__ss,hosted_vllm/Qwen/Qwen3.5-35B-A3B,structured_summarize,3000,0.5,download-youtube,structured-summarize,run_2,priority,summary_marker_error,41,,/home/ak58925/agentCtx/ICLR_results/terminalbench/main/qwen35b/d05__b3k__ss/download-youtube/structured-summarize/run_2/trajectory.json,/home/ak58925/agentCtx-summarization/results/query-error-audit-20260907/details/01737.txt
terminalbench,main,qwen35b,d05__b3k__ss,hosted_vllm/Qwen/Qwen3.5-35B-A3B,structured_summarize,3000,0.5,eval-mteb,structured-summarize,run_1,priority,summary_marker_error,55,,/home/ak58925/agentCtx/ICLR_results/terminalbench/main/qwen35b/d05__b3k__ss/eval-mteb/structured-summarize/run_1/trajectory.json,/home/ak58925/agentCtx-summarization/results/query-error-audit-20260907/details/01738.txt
terminalbench,main,qwen35b,d05__b3k__ss,hosted_vllm/Qwen/Qwen3.5-35B-A3B,structured_summarize,3000,0.5,eval-mteb,structured-summarize,run_2,priority,summary_marker_error,53,,/home/ak58925/agentCtx/ICLR_results/terminalbench/main/qwen35b/d05__b3k__ss/eval-mteb/structured-summarize/run_2/trajectory.json,/home/ak58925/agentCtx-summarization/results/query-error-audit-20260907/details/01739.txt
terminalbench,main,qwen35b,d05__b3k__ss,hosted_vllm/Qwen/Qwen3.5-35B-A3B,structured_summarize,3000,0.5,eval-mteb,structured-summarize,run_3,priority,summary_marker_error,46,,/home/ak58925/agentCtx/ICLR_results/terminalbench/main/qwen35b/d05__b3k__ss/eval-mteb/structured-summarize/run_3/trajectory.json,/home/ak58925/agentCtx-summarization/results/query-error-audit-20260907/details/01740.txt
terminalbench,main,qwen35b,d05__b3k__ss,hosted_vllm/Qwen/Qwen3.5-35B-A3B,structured_summarize,3000,0.5,eval-mteb.hard,structured-summarize,run_1,priority,summary_marker_error,12,,/home/ak58925/agentCtx/ICLR_results/terminalbench/main/qwen35b/d05__b3k__ss/eval-mteb.hard/structured-summarize/run_1/trajectory.json,/home/ak58925/agentCtx-summarization/results/query-error-audit-20260907/details/01741.txt
terminalbench,main,qwen35b,d05__b3k__ss,hosted_vllm/Qwen/Qwen3.5-35B-A3B,structured_summarize,3000,0.5,eval-mteb.hard,structured-summarize,run_2,priority,summary_marker_error,14,,/home/ak58925/agentCtx/ICLR_results/terminalbench/main/qwen35b/d05__b3k__ss/eval-mteb.hard/structured-summarize/run_2/trajectory.json,/home/ak58925/agentCtx-summarization/results/query-error-audit-20260907/details/01742.txt
terminalbench,main,qwen35b,d05__b3k__ss,hosted_vllm/Qwen/Qwen3.5-35B-A3B,structured_summarize,3000,0.5,extract-moves-from-video,structured-summarize,run_2,priority,summary_marker_error,67,,/home/ak58925/agentCtx/ICLR_results/terminalbench/main/qwen35b/d05__b3k__ss/extract-moves-from-video/structured-summarize/run_2/trajectory.json,/home/ak58925/agentCtx-summarization/results/query-error-audit-20260907/details/01743.txt
terminalbench,main,qwen35b,d05__b3k__ss,hosted_vllm/Qwen/Qwen3.5-35B-A3B,structured_summarize,3000,0.5,extract-moves-from-video,structured-summarize,run_3,priority,summary_marker_error,45,,/home/ak58925/agentCtx/ICLR_results/terminalbench/main/qwen35b/d05__b3k__ss/extract-moves-from-video/structured-summarize/run_3/trajectory.json,/home/ak58925/agentCtx-summarization/results/query-error-audit-20260907/details/01744.txt
terminalbench,main,qwen35b,d05__b3k__ss,hosted_vllm/Qwen/Qwen3.5-35B-A3B,structured_summarize,3000,0.5,fix-pandas-version,structured-summarize,run_2,priority,summary_marker_error,80,,/home/ak58925/agentCtx/ICLR_results/terminalbench/main/qwen35b/d05__b3k__ss/fix-pandas-version/structured-summarize/run_2/trajectory.json,/home/ak58925/agentCtx-summarization/results/query-error-audit-20260907/details/01745.txt
terminalbench,main,qwen35b,d05__b3k__ss,hosted_vllm/Qwen/Qwen3.5-35B-A3B,structured_summarize,3000,0.5,fix-pandas-version,structured-summarize,run_3,priority,summary_marker_error,73,,/home/ak58925/agentCtx/ICLR_results/terminalbench/main/qwen35b/d05__b3k__ss/fix-pandas-version/structured-summarize/run_3/trajectory.json,/home/ak58925/agentCtx-summarization/results/query-error-audit-20260907/details/01746.txt
terminalbench,main,qwen35b,d05__b3k__ss,hosted_vllm/Qwen/Qwen3.5-35B-A3B,structured_summarize,3000,0.5,git-workflow-hack,structured-summarize,run_1,priority,summary_marker_error,45,,/home/ak58925/agentCtx/ICLR_results/terminalbench/main/qwen35b/d05__b3k__ss/git-workflow-hack/structured-summarize/run_1/trajectory.json,/home/ak58925/agentCtx-summarization/results/query-error-audit-20260907/details/01747.txt
terminalbench,main,qwen35b,d05__b3k__ss,hosted_vllm/Qwen/Qwen3.5-35B-A3B,structured_summarize,3000,0.5,git-workflow-hack,structured-summarize,run_2,priority,summary_marker_error,47,,/home/ak58925/agentCtx/ICLR_results/terminalbench/main/qwen35b/d05__b3k__ss/git-workflow-hack/structured-summarize/run_2/trajectory.json,/home/ak58925/agentCtx-summarization/results/query-error-audit-20260907/details/01748.txt
terminalbench,main,qwen35b,d05__b3k__ss,hosted_vllm/Qwen/Qwen3.5-35B-A3B,structured_summarize,3000,0.5,git-workflow-hack,structured-summarize,run_3,priority,summary_marker_error,41,,/home/ak58925/agentCtx/ICLR_results/terminalbench/main/qwen35b/d05__b3k__ss/git-workflow-hack/structured-summarize/run_3/trajectory.json,/home/ak58925/agentCtx-summarization/results/query-error-audit-20260907/details/01749.txt
terminalbench,main,qwen35b,d05__b3k__ss,hosted_vllm/Qwen/Qwen3.5-35B-A3B,structured_summarize,3000,0.5,gpt2-codegolf,structured-summarize,run_1,priority,summary_marker_error,14,,/home/ak58925/agentCtx/ICLR_results/terminalbench/main/qwen35b/d05__b3k__ss/gpt2-codegolf/structured-summarize/run_1/trajectory.json,/home/ak58925/agentCtx-summarization/results/query-error-audit-20260907/details/01750.txt
terminalbench,main,qwen35b,d05__b3k__ss,hosted_vllm/Qwen/Qwen3.5-35B-A3B,structured_summarize,3000,0.5,gpt2-codegolf,structured-summarize,run_3,priority,summary_marker_error,39,,/home/ak58925/agentCtx/ICLR_results/terminalbench/main/qwen35b/d05__b3k__ss/gpt2-codegolf/structured-summarize/run_3/trajectory.json,/home/ak58925/agentCtx-summarization/results/query-error-audit-20260907/details/01751.txt
terminalbench,main,qwen35b,d05__b3k__ss,hosted_vllm/Qwen/Qwen3.5-35B-A3B,structured_summarize,3000,0.5,hf-model-inference,structured-summarize,run_2,priority,summary_marker_error,97,,/home/ak58925/agentCtx/ICLR_results/terminalbench/main/qwen35b/d05__b3k__ss/hf-model-inference/structured-summarize/run_2/trajectory.json,/home/ak58925/agentCtx-summarization/results/query-error-audit-20260907/details/01752.txt
terminalbench,main,qwen35b,d05__b3k__ss,hosted_vllm/Qwen/Qwen3.5-35B-A3B,structured_summarize,3000,0.5,hf-model-inference,structured-summarize,run_3,priority,summary_marker_error,66,,/home/ak58925/agentCtx/ICLR_results/terminalbench/main/qwen35b/d05__b3k__ss/hf-model-inference/structured-summarize/run_3/trajectory.json,/home/ak58925/agentCtx-summarization/results/query-error-audit-20260907/details/01753.txt
terminalbench,main,qwen35b,d05__b3k__ss,hosted_vllm/Qwen/Qwen3.5-35B-A3B,structured_summarize,3000,0.5,incompatible-python-fasttext,structured-summarize,run_1,priority,summary_marker_error,90,,/home/ak58925/agentCtx/ICLR_results/terminalbench/main/qwen35b/d05__b3k__ss/incompatible-python-fasttext/structured-summarize/run_1/trajectory.json,/home/ak58925/agentCtx-summarization/results/query-error-audit-20260907/details/01754.txt
terminalbench,main,qwen35b,d05__b3k__ss,hosted_vllm/Qwen/Qwen3.5-35B-A3B,structured_summarize,3000,0.5,intrusion-detection,structured-summarize,run_1,priority,summary_marker_error,32,,/home/ak58925/agentCtx/ICLR_results/terminalbench/main/qwen35b/d05__b3k__ss/intrusion-detection/structured-summarize/run_1/trajectory.json,/home/ak58925/agentCtx-summarization/results/query-error-audit-20260907/details/01756.txt
terminalbench,main,qwen35b,d05__b3k__ss,hosted_vllm/Qwen/Qwen3.5-35B-A3B,structured_summarize,3000,0.5,intrusion-detection,structured-summarize,run_2,priority,summary_marker_error,42,,/home/ak58925/agentCtx/ICLR_results/terminalbench/main/qwen35b/d05__b3k__ss/intrusion-detection/structured-summarize/run_2/trajectory.json,/home/ak58925/agentCtx-summarization/results/query-error-audit-20260907/details/01757.txt
terminalbench,main,qwen35b,d05__b3k__ss,hosted_vllm/Qwen/Qwen3.5-35B-A3B,structured_summarize,3000,0.5,intrusion-detection,structured-summarize,run_3,priority,summary_marker_error,32,,/home/ak58925/agentCtx/ICLR_results/terminalbench/main/qwen35b/d05__b3k__ss/intrusion-detection/structured-summarize/run_3/trajectory.json,/home/ak58925/agentCtx-summarization/results/query-error-audit-20260907/details/01758.txt
terminalbench,main,qwen35b,d05__b3k__ss,hosted_vllm/Qwen/Qwen3.5-35B-A3B,structured_summarize,3000,0.5,modernize-fortran-build,structured-summarize,run_1,priority,summary_marker_error,64,,/home/ak58925/agentCtx/ICLR_results/terminalbench/main/qwen35b/d05__b3k__ss/modernize-fortran-build/structured-summarize/run_1/trajectory.json,/home/ak58925/agentCtx-summarization/results/query-error-audit-20260907/details/01759.txt
terminalbench,main,qwen35b,d05__b3k__ss,hosted_vllm/Qwen/Qwen3.5-35B-A3B,structured_summarize,3000,0.5,password-recovery,structured-summarize,run_1,priority,summary_marker_error,25,,/home/ak58925/agentCtx/ICLR_results/terminalbench/main/qwen35b/d05__b3k__ss/password-recovery/structured-summarize/run_1/trajectory.json,/home/ak58925/agentCtx-summarization/results/query-error-audit-20260907/details/01761.txt
terminalbench,main,qwen35b,d05__b3k__ss,hosted_vllm/Qwen/Qwen3.5-35B-A3B,structured_summarize,3000,0.5,password-recovery,structured-summarize,run_2,priority,summary_marker_error,49,,/home/ak58925/agentCtx/ICLR_results/terminalbench/main/qwen35b/d05__b3k__ss/password-recovery/structured-summarize/run_2/trajectory.json,/home/ak58925/agentCtx-summarization/results/query-error-audit-20260907/details/01762.txt
terminalbench,main,qwen35b,d05__b3k__ss,hosted_vllm/Qwen/Qwen3.5-35B-A3B,structured_summarize,3000,0.5,password-recovery,structured-summarize,run_3,priority,summary_marker_error,29,,/home/ak58925/agentCtx/ICLR_results/terminalbench/main/qwen35b/d05__b3k__ss/password-recovery/structured-summarize/run_3/trajectory.json,/home/ak58925/agentCtx-summarization/results/query-error-audit-20260907/details/01763.txt
terminalbench,main,qwen35b,d05__b3k__ss,hosted_vllm/Qwen/Qwen3.5-35B-A3B,structured_summarize,3000,0.5,path-tracing-reverse,structured-summarize,run_1,priority,summary_marker_error,92,,/home/ak58925/agentCtx/ICLR_results/terminalbench/main/qwen35b/d05__b3k__ss/path-tracing-reverse/structured-summarize/run_1/trajectory.json,/home/ak58925/agentCtx-summarization/results/query-error-audit-20260907/details/01764.txt
terminalbench,main,qwen35b,d05__b3k__ss,hosted_vllm/Qwen/Qwen3.5-35B-A3B,structured_summarize,3000,0.5,path-tracing-reverse,structured-summarize,run_2,priority,summary_marker_error,72,,/home/ak58925/agentCtx/ICLR_results/terminalbench/main/qwen35b/d05__b3k__ss/path-tracing-reverse/structured-summarize/run_2/trajectory.json,/home/ak58925/agentCtx-summarization/results/query-error-audit-20260907/details/01765.txt
terminalbench,main,qwen35b,d05__b3k__ss,hosted_vllm/Qwen/Qwen3.5-35B-A3B,structured_summarize,3000,0.5,pytorch-model-cli.hard,structured-summarize,run_1,priority,summary_marker_error,94,,/home/ak58925/agentCtx/ICLR_results/terminalbench/main/qwen35b/d05__b3k__ss/pytorch-model-cli.hard/structured-summarize/run_1/trajectory.json,/home/ak58925/agentCtx-summarization/results/query-error-audit-20260907/details/01766.txt
terminalbench,main,qwen35b,d05__b3k__ss,hosted_vllm/Qwen/Qwen3.5-35B-A3B,structured_summarize,3000,0.5,qemu-alpine-ssh,structured-summarize,run_1,priority,summary_marker_error,86,,/home/ak58925/agentCtx/ICLR_results/terminalbench/main/qwen35b/d05__b3k__ss/qemu-alpine-ssh/structured-summarize/run_1/trajectory.json,/home/ak58925/agentCtx-summarization/results/query-error-audit-20260907/details/01767.txt
terminalbench,main,qwen35b,d05__b3k__ss,hosted_vllm/Qwen/Qwen3.5-35B-A3B,structured_summarize,3000,0.5,qemu-startup,structured-summarize,run_1,priority,summary_marker_error,34,,/home/ak58925/agentCtx/ICLR_results/terminalbench/main/qwen35b/d05__b3k__ss/qemu-startup/structured-summarize/run_1/trajectory.json,/home/ak58925/agentCtx-summarization/results/query-error-audit-20260907/details/01768.txt
terminalbench,main,qwen35b,d05__b3k__ss,hosted_vllm/Qwen/Qwen3.5-35B-A3B,structured_summarize,3000,0.5,qemu-startup,structured-summarize,run_3,priority,summary_marker_error,33,,/home/ak58925/agentCtx/ICLR_results/terminalbench/main/qwen35b/d05__b3k__ss/qemu-startup/structured-summarize/run_3/trajectory.json,/home/ak58925/agentCtx-summarization/results/query-error-audit-20260907/details/01769.txt
terminalbench,main,qwen35b,d05__b3k__ss,hosted_vllm/Qwen/Qwen3.5-35B-A3B,structured_summarize,3000,0.5,raman-fitting.easy,structured-summarize,run_3,priority,summary_marker_error,110,,/home/ak58925/agentCtx/ICLR_results/terminalbench/main/qwen35b/d05__b3k__ss/raman-fitting.easy/structured-summarize/run_3/trajectory.json,/home/ak58925/agentCtx-summarization/results/query-error-audit-20260907/details/01770.txt
terminalbench,main,qwen35b,d05__b3k__ss,hosted_vllm/Qwen/Qwen3.5-35B-A3B,structured_summarize,3000,0.5,sanitize-git-repo,structured-summarize,run_1,priority,summary_marker_error,52,,/home/ak58925/agentCtx/ICLR_results/terminalbench/main/qwen35b/d05__b3k__ss/sanitize-git-repo/structured-summarize/run_1/trajectory.json,/home/ak58925/agentCtx-summarization/results/query-error-audit-20260907/details/01771.txt
terminalbench,main,qwen35b,d05__b3k__ss,hosted_vllm/Qwen/Qwen3.5-35B-A3B,structured_summarize,3000,0.5,sanitize-git-repo,structured-summarize,run_2,priority,summary_marker_error,67,,/home/ak58925/agentCtx/ICLR_results/terminalbench/main/qwen35b/d05__b3k__ss/sanitize-git-repo/structured-summarize/run_2/trajectory.json,/home/ak58925/agentCtx-summarization/results/query-error-audit-20260907/details/01772.txt
terminalbench,main,qwen35b,d05__b3k__ss,hosted_vllm/Qwen/Qwen3.5-35B-A3B,structured_summarize,3000,0.5,sanitize-git-repo,structured-summarize,run_3,priority,summary_marker_error,85,,/home/ak58925/agentCtx/ICLR_results/terminalbench/main/qwen35b/d05__b3k__ss/sanitize-git-repo/structured-summarize/run_3/trajectory.json,/home/ak58925/agentCtx-summarization/results/query-error-audit-20260907/details/01773.txt
terminalbench,main,qwen35b,d05__b3k__ss,hosted_vllm/Qwen/Qwen3.5-35B-A3B,structured_summarize,3000,0.5,sanitize-git-repo.hard,structured-summarize,run_1,priority,summary_marker_error,28,,/home/ak58925/agentCtx/ICLR_results/terminalbench/main/qwen35b/d05__b3k__ss/sanitize-git-repo.hard/structured-summarize/run_1/trajectory.json,/home/ak58925/agentCtx-summarization/results/query-error-audit-20260907/details/01774.txt
terminalbench,main,qwen35b,d05__b3k__ss,hosted_vllm/Qwen/Qwen3.5-35B-A3B,structured_summarize,3000,0.5,sanitize-git-repo.hard,structured-summarize,run_2,priority,summary_marker_error,7,,/home/ak58925/agentCtx/ICLR_results/terminalbench/main/qwen35b/d05__b3k__ss/sanitize-git-repo.hard/structured-summarize/run_2/trajectory.json,/home/ak58925/agentCtx-summarization/results/query-error-audit-20260907/details/01775.txt
terminalbench,main,qwen35b,d05__b3k__ss,hosted_vllm/Qwen/Qwen3.5-35B-A3B,structured_summarize,3000,0.5,sanitize-git-repo.hard,structured-summarize,run_3,priority,summary_marker_error,17,,/home/ak58925/agentCtx/ICLR_results/terminalbench/main/qwen35b/d05__b3k__ss/sanitize-git-repo.hard/structured-summarize/run_3/trajectory.json,/home/ak58925/agentCtx-summarization/results/query-error-audit-20260907/details/01776.txt
terminalbench,main,qwen35b,d05__b3k__ss,hosted_vllm/Qwen/Qwen3.5-35B-A3B,structured_summarize,3000,0.5,solana-data,structured-summarize,run_1,priority,summary_marker_error,23,,/home/ak58925/agentCtx/ICLR_results/terminalbench/main/qwen35b/d05__b3k__ss/solana-data/structured-summarize/run_1/trajectory.json,/home/ak58925/agentCtx-summarization/results/query-error-audit-20260907/details/01777.txt
terminalbench,main,qwen35b,d05__b3k__ss,hosted_vllm/Qwen/Qwen3.5-35B-A3B,structured_summarize,3000,0.5,solana-data,structured-summarize,run_2,priority,summary_marker_error,21,,/home/ak58925/agentCtx/ICLR_results/terminalbench/main/qwen35b/d05__b3k__ss/solana-data/structured-summarize/run_2/trajectory.json,/home/ak58925/agentCtx-summarization/results/query-error-audit-20260907/details/01778.txt
terminalbench,main,qwen35b,d05__b3k__ss,hosted_vllm/Qwen/Qwen3.5-35B-A3B,structured_summarize,3000,0.5,solana-data,structured-summarize,run_3,priority,summary_marker_error,37,,/home/ak58925/agentCtx/ICLR_results/terminalbench/main/qwen35b/d05__b3k__ss/solana-data/structured-summarize/run_3/trajectory.json,/home/ak58925/agentCtx-summarization/results/query-error-audit-20260907/details/01779.txt
terminalbench,main,qwen35b,d05__b3k__ss,hosted_vllm/Qwen/Qwen3.5-35B-A3B,structured_summarize,3000,0.5,super-benchmark-upet,structured-summarize,run_1,priority,summary_marker_error,45,,/home/ak58925/agentCtx/ICLR_results/terminalbench/main/qwen35b/d05__b3k__ss/super-benchmark-upet/structured-summarize/run_1/trajectory.json,/home/ak58925/agentCtx-summarization/results/query-error-audit-20260907/details/01781.txt
terminalbench,main,qwen35b,d05__b3k__ss,hosted_vllm/Qwen/Qwen3.5-35B-A3B,structured_summarize,3000,0.5,super-benchmark-upet,structured-summarize,run_2,priority,summary_marker_error,49,,/home/ak58925/agentCtx/ICLR_results/terminalbench/main/qwen35b/d05__b3k__ss/super-benchmark-upet/structured-summarize/run_2/trajectory.json,/home/ak58925/agentCtx-summarization/results/query-error-audit-20260907/details/01782.txt
terminalbench,main,qwen35b,d05__b3k__ss,hosted_vllm/Qwen/Qwen3.5-35B-A3B,structured_summarize,3000,0.5,super-benchmark-upet,structured-summarize,run_3,priority,summary_marker_error,21,,/home/ak58925/agentCtx/ICLR_results/terminalbench/main/qwen35b/d05__b3k__ss/super-benchmark-upet/structured-summarize/run_3/trajectory.json,/home/ak58925/agentCtx-summarization/results/query-error-audit-20260907/details/01783.txt
terminalbench,main,qwen35b,d05__b3k__ss,hosted_vllm/Qwen/Qwen3.5-35B-A3B,structured_summarize,3000,0.5,swe-bench-astropy-2,structured-summarize,run_1,priority,summary_marker_error,9,,/home/ak58925/agentCtx/ICLR_results/terminalbench/main/qwen35b/d05__b3k__ss/swe-bench-astropy-2/structured-summarize/run_1/trajectory.json,/home/ak58925/agentCtx-summarization/results/query-error-audit-20260907/details/01784.txt
terminalbench,main,qwen35b,d05__b3k__ss,hosted_vllm/Qwen/Qwen3.5-35B-A3B,structured_summarize,3000,0.5,swe-bench-astropy-2,structured-summarize,run_2,priority,summary_marker_error,60,,/home/ak58925/agentCtx/ICLR_results/terminalbench/main/qwen35b/d05__b3k__ss/swe-bench-astropy-2/structured-summarize/run_2/trajectory.json,/home/ak58925/agentCtx-summarization/results/query-error-audit-20260907/details/01785.txt
terminalbench,main,qwen35b,d05__b3k__ss,hosted_vllm/Qwen/Qwen3.5-35B-A3B,structured_summarize,3000,0.5,swe-bench-astropy-2,structured-summarize,run_3,priority,summary_marker_error,46,,/home/ak58925/agentCtx/ICLR_results/terminalbench/main/qwen35b/d05__b3k__ss/swe-bench-astropy-2/structured-summarize/run_3/trajectory.json,/home/ak58925/agentCtx-summarization/results/query-error-audit-20260907/details/01786.txt
terminalbench,main,qwen35b,d05__b3k__ss,hosted_vllm/Qwen/Qwen3.5-35B-A3B,structured_summarize,3000,0.5,swe-bench-fsspec,structured-summarize,run_1,priority,summary_marker_error,106,,/home/ak58925/agentCtx/ICLR_results/terminalbench/main/qwen35b/d05__b3k__ss/swe-bench-fsspec/structured-summarize/run_1/trajectory.json,/home/ak58925/agentCtx-summarization/results/query-error-audit-20260907/details/01787.txt
terminalbench,main,qwen35b,d05__b3k__ss,hosted_vllm/Qwen/Qwen3.5-35B-A3B,structured_summarize,3000,0.5,swe-bench-fsspec,structured-summarize,run_2,priority,summary_marker_error,117,,/home/ak58925/agentCtx/ICLR_results/terminalbench/main/qwen35b/d05__b3k__ss/swe-bench-fsspec/structured-summarize/run_2/trajectory.json,/home/ak58925/agentCtx-summarization/results/query-error-audit-20260907/details/01788.txt
terminalbench,main,qwen35b,d05__b3k__ss,hosted_vllm/Qwen/Qwen3.5-35B-A3B,structured_summarize,3000,0.5,swe-bench-fsspec,structured-summarize,run_3,priority,summary_marker_error,128,,/home/ak58925/agentCtx/ICLR_results/terminalbench/main/qwen35b/d05__b3k__ss/swe-bench-fsspec/structured-summarize/run_3/trajectory.json,/home/ak58925/agentCtx-summarization/results/query-error-audit-20260907/details/01789.txt
terminalbench,main,qwen35b,d05__b3k__ss,hosted_vllm/Qwen/Qwen3.5-35B-A3B,structured_summarize,3000,0.5,tmux-advanced-workflow,structured-summarize,run_1,priority,summary_marker_error,139,,/home/ak58925/agentCtx/ICLR_results/terminalbench/main/qwen35b/d05__b3k__ss/tmux-advanced-workflow/structured-summarize/run_1/trajectory.json,/home/ak58925/agentCtx-summarization/results/query-error-audit-20260907/details/01790.txt
terminalbench,main,qwen35b,d05__b3k__ss,hosted_vllm/Qwen/Qwen3.5-35B-A3B,structured_summarize,3000,0.5,tmux-advanced-workflow,structured-summarize,run_2,priority,summary_marker_error,107,,/home/ak58925/agentCtx/ICLR_results/terminalbench/main/qwen35b/d05__b3k__ss/tmux-advanced-workflow/structured-summarize/run_2/trajectory.json,/home/ak58925/agentCtx-summarization/results/query-error-audit-20260907/details/01791.txt
terminalbench,main,qwen35b,d05__b3k__ss,hosted_vllm/Qwen/Qwen3.5-35B-A3B,structured_summarize,3000,0.5,write-compressor,structured-summarize,run_1,priority,summary_marker_error,64,,/home/ak58925/agentCtx/ICLR_results/terminalbench/main/qwen35b/d05__b3k__ss/write-compressor/structured-summarize/run_1/trajectory.json,/home/ak58925/agentCtx-summarization/results/query-error-audit-20260907/details/01793.txt
terminalbench,main,qwen35b,d05__b3k__ss,hosted_vllm/Qwen/Qwen3.5-35B-A3B,structured_summarize,3000,0.5,write-compressor,structured-summarize,run_3,priority,summary_marker_error,51,,/home/ak58925/agentCtx/ICLR_results/terminalbench/main/qwen35b/d05__b3k__ss/write-compressor/structured-summarize/run_3/trajectory.json,/home/ak58925/agentCtx-summarization/results/query-error-audit-20260907/details/01794.txt
terminalbench,main,qwen35b,d05__b3k__ss-partial,hosted_vllm/Qwen/Qwen3.5-35B-A3B,structured_summarize_partial,3000,0.5,blind-maze-explorer-5x5,structured-summarize-partial,run_1,priority,summary_marker_error,12,,/home/ak58925/agentCtx/ICLR_results/terminalbench/main/qwen35b/d05__b3k__ss-partial/blind-maze-explorer-5x5/structured-summarize-partial/run_1/trajectory.json,/home/ak58925/agentCtx-summarization/results/query-error-audit-20260907/details/01795.txt
terminalbench,main,qwen35b,d05__b3k__ss-partial,hosted_vllm/Qwen/Qwen3.5-35B-A3B,structured_summarize_partial,3000,0.5,blind-maze-explorer-5x5,structured-summarize-partial,run_2,priority,summary_marker_error,16,,/home/ak58925/agentCtx/ICLR_results/terminalbench/main/qwen35b/d05__b3k__ss-partial/blind-maze-explorer-5x5/structured-summarize-partial/run_2/trajectory.json,/home/ak58925/agentCtx-summarization/results/query-error-audit-20260907/details/01796.txt
terminalbench,main,qwen35b,d05__b3k__ss-partial,hosted_vllm/Qwen/Qwen3.5-35B-A3B,structured_summarize_partial,3000,0.5,blind-maze-explorer-5x5,structured-summarize-partial,run_3,priority,summary_marker_error,2,,/home/ak58925/agentCtx/ICLR_results/terminalbench/main/qwen35b/d05__b3k__ss-partial/blind-maze-explorer-5x5/structured-summarize-partial/run_3/trajectory.json,/home/ak58925/agentCtx-summarization/results/query-error-audit-20260907/details/01797.txt
terminalbench,main,qwen35b,d05__b3k__ss-partial,hosted_vllm/Qwen/Qwen3.5-35B-A3B,structured_summarize_partial,3000,0.5,blind-maze-explorer-algorithm,structured-summarize-partial,run_1,priority,summary_marker_error,25,,/home/ak58925/agentCtx/ICLR_results/terminalbench/main/qwen35b/d05__b3k__ss-partial/blind-maze-explorer-algorithm/structured-summarize-partial/run_1/trajectory.json,/home/ak58925/agentCtx-summarization/results/query-error-audit-20260907/details/01798.txt
terminalbench,main,qwen35b,d05__b3k__ss-partial,hosted_vllm/Qwen/Qwen3.5-35B-A3B,structured_summarize_partial,3000,0.5,blind-maze-explorer-algorithm,structured-summarize-partial,run_2,priority,summary_marker_error,197,,/home/ak58925/agentCtx/ICLR_results/terminalbench/main/qwen35b/d05__b3k__ss-partial/blind-maze-explorer-algorithm/structured-summarize-partial/run_2/trajectory.json,/home/ak58925/agentCtx-summarization/results/query-error-audit-20260907/details/01799.txt
terminalbench,main,qwen35b,d05__b3k__ss-partial,hosted_vllm/Qwen/Qwen3.5-35B-A3B,structured_summarize_partial,3000,0.5,blind-maze-explorer-algorithm,structured-summarize-partial,run_3,priority,summary_marker_error,84,,/home/ak58925/agentCtx/ICLR_results/terminalbench/main/qwen35b/d05__b3k__ss-partial/blind-maze-explorer-algorithm/structured-summarize-partial/run_3/trajectory.json,/home/ak58925/agentCtx-summarization/results/query-error-audit-20260907/details/01800.txt
terminalbench,main,qwen35b,d05__b3k__ss-partial,hosted_vllm/Qwen/Qwen3.5-35B-A3B,structured_summarize_partial,3000,0.5,cartpole-rl-training,structured-summarize-partial,run_1,priority,summary_marker_error,51,,/home/ak58925/agentCtx/ICLR_results/terminalbench/main/qwen35b/d05__b3k__ss-partial/cartpole-rl-training/structured-summarize-partial/run_1/trajectory.json,/home/ak58925/agentCtx-summarization/results/query-error-audit-20260907/details/01801.txt
terminalbench,main,qwen35b,d05__b3k__ss-partial,hosted_vllm/Qwen/Qwen3.5-35B-A3B,structured_summarize_partial,3000,0.5,cartpole-rl-training,structured-summarize-partial,run_2,priority,summary_marker_error,4,,/home/ak58925/agentCtx/ICLR_results/terminalbench/main/qwen35b/d05__b3k__ss-partial/cartpole-rl-training/structured-summarize-partial/run_2/trajectory.json,/home/ak58925/agentCtx-summarization/results/query-error-audit-20260907/details/01802.txt
terminalbench,main,qwen35b,d05__b3k__ss-partial,hosted_vllm/Qwen/Qwen3.5-35B-A3B,structured_summarize_partial,3000,0.5,cartpole-rl-training,structured-summarize-partial,run_3,priority,summary_marker_error,17,,/home/ak58925/agentCtx/ICLR_results/terminalbench/main/qwen35b/d05__b3k__ss-partial/cartpole-rl-training/structured-summarize-partial/run_3/trajectory.json,/home/ak58925/agentCtx-summarization/results/query-error-audit-20260907/details/01803.txt
terminalbench,main,qwen35b,d05__b3k__ss-partial,hosted_vllm/Qwen/Qwen3.5-35B-A3B,structured_summarize_partial,3000,0.5,count-dataset-tokens,structured-summarize-partial,run_1,priority,summary_marker_error,1,,/home/ak58925/agentCtx/ICLR_results/terminalbench/main/qwen35b/d05__b3k__ss-partial/count-dataset-tokens/structured-summarize-partial/run_1/trajectory.json,/home/ak58925/agentCtx-summarization/results/query-error-audit-20260907/details/01804.txt
terminalbench,main,qwen35b,d05__b3k__ss-partial,hosted_vllm/Qwen/Qwen3.5-35B-A3B,structured_summarize_partial,3000,0.5,count-dataset-tokens,structured-summarize-partial,run_2,priority,summary_marker_error,15,,/home/ak58925/agentCtx/ICLR_results/terminalbench/main/qwen35b/d05__b3k__ss-partial/count-dataset-tokens/structured-summarize-partial/run_2/trajectory.json,/home/ak58925/agentCtx-summarization/results/query-error-audit-20260907/details/01805.txt
terminalbench,main,qwen35b,d05__b3k__ss-partial,hosted_vllm/Qwen/Qwen3.5-35B-A3B,structured_summarize_partial,3000,0.5,count-dataset-tokens,structured-summarize-partial,run_3,priority,summary_marker_error,13,,/home/ak58925/agentCtx/ICLR_results/terminalbench/main/qwen35b/d05__b3k__ss-partial/count-dataset-tokens/structured-summarize-partial/run_3/trajectory.json,/home/ak58925/agentCtx-summarization/results/query-error-audit-20260907/details/01806.txt
terminalbench,main,qwen35b,d05__b3k__ss-partial,hosted_vllm/Qwen/Qwen3.5-35B-A3B,structured_summarize_partial,3000,0.5,crack-7z-hash.hard,structured-summarize-partial,run_1,priority,summary_marker_error,49,,/home/ak58925/agentCtx/ICLR_results/terminalbench/main/qwen35b/d05__b3k__ss-partial/crack-7z-hash.hard/structured-summarize-partial/run_1/trajectory.json,/home/ak58925/agentCtx-summarization/results/query-error-audit-20260907/details/01807.txt
terminalbench,main,qwen35b,d05__b3k__ss-partial,hosted_vllm/Qwen/Qwen3.5-35B-A3B,structured_summarize_partial,3000,0.5,crack-7z-hash.hard,structured-summarize-partial,run_2,priority,summary_marker_error,15,,/home/ak58925/agentCtx/ICLR_results/terminalbench/main/qwen35b/d05__b3k__ss-partial/crack-7z-hash.hard/structured-summarize-partial/run_2/trajectory.json,/home/ak58925/agentCtx-summarization/results/query-error-audit-20260907/details/01808.txt
terminalbench,main,qwen35b,d05__b3k__ss-partial,hosted_vllm/Qwen/Qwen3.5-35B-A3B,structured_summarize_partial,3000,0.5,crack-7z-hash.hard,structured-summarize-partial,run_3,priority,summary_marker_error,45,,/home/ak58925/agentCtx/ICLR_results/terminalbench/main/qwen35b/d05__b3k__ss-partial/crack-7z-hash.hard/structured-summarize-partial/run_3/trajectory.json,/home/ak58925/agentCtx-summarization/results/query-error-audit-20260907/details/01809.txt
terminalbench,main,qwen35b,d05__b3k__ss-partial,hosted_vllm/Qwen/Qwen3.5-35B-A3B,structured_summarize_partial,3000,0.5,csv-to-parquet,structured-summarize-partial,run_1,priority,summary_marker_error,167,,/home/ak58925/agentCtx/ICLR_results/terminalbench/main/qwen35b/d05__b3k__ss-partial/csv-to-parquet/structured-summarize-partial/run_1/trajectory.json,/home/ak58925/agentCtx-summarization/results/query-error-audit-20260907/details/01810.txt
terminalbench,main,qwen35b,d05__b3k__ss-partial,hosted_vllm/Qwen/Qwen3.5-35B-A3B,structured_summarize_partial,3000,0.5,csv-to-parquet,structured-summarize-partial,run_2,priority,summary_marker_error,238,,/home/ak58925/agentCtx/ICLR_results/terminalbench/main/qwen35b/d05__b3k__ss-partial/csv-to-parquet/structured-summarize-partial/run_2/trajectory.json,/home/ak58925/agentCtx-summarization/results/query-error-audit-20260907/details/01811.txt
terminalbench,main,qwen35b,d05__b3k__ss-partial,hosted_vllm/Qwen/Qwen3.5-35B-A3B,structured_summarize_partial,3000,0.5,csv-to-parquet,structured-summarize-partial,run_3,priority,summary_marker_error,40,,/home/ak58925/agentCtx/ICLR_results/terminalbench/main/qwen35b/d05__b3k__ss-partial/csv-to-parquet/structured-summarize-partial/run_3/trajectory.json,/home/ak58925/agentCtx-summarization/results/query-error-audit-20260907/details/01812.txt
terminalbench,main,qwen35b,d05__b3k__ss-partial,hosted_vllm/Qwen/Qwen3.5-35B-A3B,structured_summarize_partial,3000,0.5,decommissioning-service-with-sensitive-data,structured-summarize-partial,run_1,priority,summary_marker_error,2,,/home/ak58925/agentCtx/ICLR_results/terminalbench/main/qwen35b/d05__b3k__ss-partial/decommissioning-service-with-sensitive-data/structured-summarize-partial/run_1/trajectory.json,/home/ak58925/agentCtx-summarization/results/query-error-audit-20260907/details/01813.txt
terminalbench,main,qwen35b,d05__b3k__ss-partial,hosted_vllm/Qwen/Qwen3.5-35B-A3B,structured_summarize_partial,3000,0.5,download-youtube,structured-summarize-partial,run_1,priority,summary_marker_error,77,,/home/ak58925/agentCtx/ICLR_results/terminalbench/main/qwen35b/d05__b3k__ss-partial/download-youtube/structured-summarize-partial/run_1/trajectory.json,/home/ak58925/agentCtx-summarization/results/query-error-audit-20260907/details/01814.txt
terminalbench,main,qwen35b,d05__b3k__ss-partial,hosted_vllm/Qwen/Qwen3.5-35B-A3B,structured_summarize_partial,3000,0.5,download-youtube,structured-summarize-partial,run_2,priority,summary_marker_error,14,,/home/ak58925/agentCtx/ICLR_results/terminalbench/main/qwen35b/d05__b3k__ss-partial/download-youtube/structured-summarize-partial/run_2/trajectory.json,/home/ak58925/agentCtx-summarization/results/query-error-audit-20260907/details/01815.txt
terminalbench,main,qwen35b,d05__b3k__ss-partial,hosted_vllm/Qwen/Qwen3.5-35B-A3B,structured_summarize_partial,3000,0.5,download-youtube,structured-summarize-partial,run_3,priority,summary_marker_error,41,,/home/ak58925/agentCtx/ICLR_results/terminalbench/main/qwen35b/d05__b3k__ss-partial/download-youtube/structured-summarize-partial/run_3/trajectory.json,/home/ak58925/agentCtx-summarization/results/query-error-audit-20260907/details/01816.txt
terminalbench,main,qwen35b,d05__b3k__ss-partial,hosted_vllm/Qwen/Qwen3.5-35B-A3B,structured_summarize_partial,3000,0.5,eval-mteb,structured-summarize-partial,run_1,priority,summary_marker_error,126,,/home/ak58925/agentCtx/ICLR_results/terminalbench/main/qwen35b/d05__b3k__ss-partial/eval-mteb/structured-summarize-partial/run_1/trajectory.json,/home/ak58925/agentCtx-summarization/results/query-error-audit-20260907/details/01817.txt
terminalbench,main,qwen35b,d05__b3k__ss-partial,hosted_vllm/Qwen/Qwen3.5-35B-A3B,structured_summarize_partial,3000,0.5,eval-mteb,structured-summarize-partial,run_2,priority,summary_marker_error,34,,/home/ak58925/agentCtx/ICLR_results/terminalbench/main/qwen35b/d05__b3k__ss-partial/eval-mteb/structured-summarize-partial/run_2/trajectory.json,/home/ak58925/agentCtx-summarization/results/query-error-audit-20260907/details/01818.txt
terminalbench,main,qwen35b,d05__b3k__ss-partial,hosted_vllm/Qwen/Qwen3.5-35B-A3B,structured_summarize_partial,3000,0.5,eval-mteb,structured-summarize-partial,run_3,priority,summary_marker_error,79,,/home/ak58925/agentCtx/ICLR_results/terminalbench/main/qwen35b/d05__b3k__ss-partial/eval-mteb/structured-summarize-partial/run_3/trajectory.json,/home/ak58925/agentCtx-summarization/results/query-error-audit-20260907/details/01819.txt
terminalbench,main,qwen35b,d05__b3k__ss-partial,hosted_vllm/Qwen/Qwen3.5-35B-A3B,structured_summarize_partial,3000,0.5,eval-mteb.hard,structured-summarize-partial,run_1,priority,summary_marker_error,23,,/home/ak58925/agentCtx/ICLR_results/terminalbench/main/qwen35b/d05__b3k__ss-partial/eval-mteb.hard/structured-summarize-partial/run_1/trajectory.json,/home/ak58925/agentCtx-summarization/results/query-error-audit-20260907/details/01820.txt
terminalbench,main,qwen35b,d05__b3k__ss-partial,hosted_vllm/Qwen/Qwen3.5-35B-A3B,structured_summarize_partial,3000,0.5,eval-mteb.hard,structured-summarize-partial,run_2,priority,summary_marker_error,139,,/home/ak58925/agentCtx/ICLR_results/terminalbench/main/qwen35b/d05__b3k__ss-partial/eval-mteb.hard/structured-summarize-partial/run_2/trajectory.json,/home/ak58925/agentCtx-summarization/results/query-error-audit-20260907/details/01821.txt
terminalbench,main,qwen35b,d05__b3k__ss-partial,hosted_vllm/Qwen/Qwen3.5-35B-A3B,structured_summarize_partial,3000,0.5,eval-mteb.hard,structured-summarize-partial,run_3,priority,summary_marker_error,27,,/home/ak58925/agentCtx/ICLR_results/terminalbench/main/qwen35b/d05__b3k__ss-partial/eval-mteb.hard/structured-summarize-partial/run_3/trajectory.json,/home/ak58925/agentCtx-summarization/results/query-error-audit-20260907/details/01822.txt
terminalbench,main,qwen35b,d05__b3k__ss-partial,hosted_vllm/Qwen/Qwen3.5-35B-A3B,structured_summarize_partial,3000,0.5,extract-moves-from-video,structured-summarize-partial,run_1,priority,summary_marker_error,117,,/home/ak58925/agentCtx/ICLR_results/terminalbench/main/qwen35b/d05__b3k__ss-partial/extract-moves-from-video/structured-summarize-partial/run_1/trajectory.json,/home/ak58925/agentCtx-summarization/results/query-error-audit-20260907/details/01823.txt
terminalbench,main,qwen35b,d05__b3k__ss-partial,hosted_vllm/Qwen/Qwen3.5-35B-A3B,structured_summarize_partial,3000,0.5,extract-moves-from-video,structured-summarize-partial,run_2,priority,summary_marker_error,173,,/home/ak58925/agentCtx/ICLR_results/terminalbench/main/qwen35b/d05__b3k__ss-partial/extract-moves-from-video/structured-summarize-partial/run_2/trajectory.json,/home/ak58925/agentCtx-summarization/results/query-error-audit-20260907/details/01824.txt
terminalbench,main,qwen35b,d05__b3k__ss-partial,hosted_vllm/Qwen/Qwen3.5-35B-A3B,structured_summarize_partial,3000,0.5,extract-moves-from-video,structured-summarize-partial,run_3,priority,summary_marker_error,99,,/home/ak58925/agentCtx/ICLR_results/terminalbench/main/qwen35b/d05__b3k__ss-partial/extract-moves-from-video/structured-summarize-partial/run_3/trajectory.json,/home/ak58925/agentCtx-summarization/results/query-error-audit-20260907/details/01825.txt
terminalbench,main,qwen35b,d05__b3k__ss-partial,hosted_vllm/Qwen/Qwen3.5-35B-A3B,structured_summarize_partial,3000,0.5,fibonacci-server,structured-summarize-partial,run_3,priority,summary_marker_error,3,,/home/ak58925/agentCtx/ICLR_results/terminalbench/main/qwen35b/d05__b3k__ss-partial/fibonacci-server/structured-summarize-partial/run_3/trajectory.json,/home/ak58925/agentCtx-summarization/results/query-error-audit-20260907/details/01826.txt
terminalbench,main,qwen35b,d05__b3k__ss-partial,hosted_vllm/Qwen/Qwen3.5-35B-A3B,structured_summarize_partial,3000,0.5,fix-git,structured-summarize-partial,run_1,priority,summary_marker_error,70,,/home/ak58925/agentCtx/ICLR_results/terminalbench/main/qwen35b/d05__b3k__ss-partial/fix-git/structured-summarize-partial/run_1/trajectory.json,/home/ak58925/agentCtx-summarization/results/query-error-audit-20260907/details/01827.txt
terminalbench,main,qwen35b,d05__b3k__ss-partial,hosted_vllm/Qwen/Qwen3.5-35B-A3B,structured_summarize_partial,3000,0.5,fix-git,structured-summarize-partial,run_2,priority,summary_marker_error,36,,/home/ak58925/agentCtx/ICLR_results/terminalbench/main/qwen35b/d05__b3k__ss-partial/fix-git/structured-summarize-partial/run_2/trajectory.json,/home/ak58925/agentCtx-summarization/results/query-error-audit-20260907/details/01828.txt
terminalbench,main,qwen35b,d05__b3k__ss-partial,hosted_vllm/Qwen/Qwen3.5-35B-A3B,structured_summarize_partial,3000,0.5,fix-git,structured-summarize-partial,run_3,priority,summary_marker_error,50,,/home/ak58925/agentCtx/ICLR_results/terminalbench/main/qwen35b/d05__b3k__ss-partial/fix-git/structured-summarize-partial/run_3/trajectory.json,/home/ak58925/agentCtx-summarization/results/query-error-audit-20260907/details/01829.txt
terminalbench,main,qwen35b,d05__b3k__ss-partial,hosted_vllm/Qwen/Qwen3.5-35B-A3B,structured_summarize_partial,3000,0.5,fix-pandas-version,structured-summarize-partial,run_1,priority,summary_marker_error,131,,/home/ak58925/agentCtx/ICLR_results/terminalbench/main/qwen35b/d05__b3k__ss-partial/fix-pandas-version/structured-summarize-partial/run_1/trajectory.json,/home/ak58925/agentCtx-summarization/results/query-error-audit-20260907/details/01830.txt
terminalbench,main,qwen35b,d05__b3k__ss-partial,hosted_vllm/Qwen/Qwen3.5-35B-A3B,structured_summarize_partial,3000,0.5,fix-pandas-version,structured-summarize-partial,run_2,priority,summary_marker_error,3,,/home/ak58925/agentCtx/ICLR_results/terminalbench/main/qwen35b/d05__b3k__ss-partial/fix-pandas-version/structured-summarize-partial/run_2/trajectory.json,/home/ak58925/agentCtx-summarization/results/query-error-audit-20260907/details/01831.txt
terminalbench,main,qwen35b,d05__b3k__ss-partial,hosted_vllm/Qwen/Qwen3.5-35B-A3B,structured_summarize_partial,3000,0.5,fix-pandas-version,structured-summarize-partial,run_3,priority,summary_marker_error,3,,/home/ak58925/agentCtx/ICLR_results/terminalbench/main/qwen35b/d05__b3k__ss-partial/fix-pandas-version/structured-summarize-partial/run_3/trajectory.json,/home/ak58925/agentCtx-summarization/results/query-error-audit-20260907/details/01832.txt
terminalbench,main,qwen35b,d05__b3k__ss-partial,hosted_vllm/Qwen/Qwen3.5-35B-A3B,structured_summarize_partial,3000,0.5,git-workflow-hack,structured-summarize-partial,run_1,priority,summary_marker_error,92,,/home/ak58925/agentCtx/ICLR_results/terminalbench/main/qwen35b/d05__b3k__ss-partial/git-workflow-hack/structured-summarize-partial/run_1/trajectory.json,/home/ak58925/agentCtx-summarization/results/query-error-audit-20260907/details/01833.txt
terminalbench,main,qwen35b,d05__b3k__ss-partial,hosted_vllm/Qwen/Qwen3.5-35B-A3B,structured_summarize_partial,3000,0.5,git-workflow-hack,structured-summarize-partial,run_2,priority,summary_marker_error,145,,/home/ak58925/agentCtx/ICLR_results/terminalbench/main/qwen35b/d05__b3k__ss-partial/git-workflow-hack/structured-summarize-partial/run_2/trajectory.json,/home/ak58925/agentCtx-summarization/results/query-error-audit-20260907/details/01834.txt
terminalbench,main,qwen35b,d05__b3k__ss-partial,hosted_vllm/Qwen/Qwen3.5-35B-A3B,structured_summarize_partial,3000,0.5,git-workflow-hack,structured-summarize-partial,run_3,priority,summary_marker_error,56,,/home/ak58925/agentCtx/ICLR_results/terminalbench/main/qwen35b/d05__b3k__ss-partial/git-workflow-hack/structured-summarize-partial/run_3/trajectory.json,/home/ak58925/agentCtx-summarization/results/query-error-audit-20260907/details/01835.txt
terminalbench,main,qwen35b,d05__b3k__ss-partial,hosted_vllm/Qwen/Qwen3.5-35B-A3B,structured_summarize_partial,3000,0.5,gpt2-codegolf,structured-summarize-partial,run_2,priority,summary_marker_error,153,,/home/ak58925/agentCtx/ICLR_results/terminalbench/main/qwen35b/d05__b3k__ss-partial/gpt2-codegolf/structured-summarize-partial/run_2/trajectory.json,/home/ak58925/agentCtx-summarization/results/query-error-audit-20260907/details/01837.txt
terminalbench,main,qwen35b,d05__b3k__ss-partial,hosted_vllm/Qwen/Qwen3.5-35B-A3B,structured_summarize_partial,3000,0.5,gpt2-codegolf,structured-summarize-partial,run_3,priority,summary_marker_error,47,,/home/ak58925/agentCtx/ICLR_results/terminalbench/main/qwen35b/d05__b3k__ss-partial/gpt2-codegolf/structured-summarize-partial/run_3/trajectory.json,/home/ak58925/agentCtx-summarization/results/query-error-audit-20260907/details/01838.txt
terminalbench,main,qwen35b,d05__b3k__ss-partial,hosted_vllm/Qwen/Qwen3.5-35B-A3B,structured_summarize_partial,3000,0.5,hf-model-inference,structured-summarize-partial,run_1,priority,summary_marker_error,1,,/home/ak58925/agentCtx/ICLR_results/terminalbench/main/qwen35b/d05__b3k__ss-partial/hf-model-inference/structured-summarize-partial/run_1/trajectory.json,/home/ak58925/agentCtx-summarization/results/query-error-audit-20260907/details/01839.txt
terminalbench,main,qwen35b,d05__b3k__ss-partial,hosted_vllm/Qwen/Qwen3.5-35B-A3B,structured_summarize_partial,3000,0.5,hf-model-inference,structured-summarize-partial,run_2,priority,summary_marker_error,199,,/home/ak58925/agentCtx/ICLR_results/terminalbench/main/qwen35b/d05__b3k__ss-partial/hf-model-inference/structured-summarize-partial/run_2/trajectory.json,/home/ak58925/agentCtx-summarization/results/query-error-audit-20260907/details/01840.txt
terminalbench,main,qwen35b,d05__b3k__ss-partial,hosted_vllm/Qwen/Qwen3.5-35B-A3B,structured_summarize_partial,3000,0.5,hf-model-inference,structured-summarize-partial,run_3,priority,summary_marker_error,2,,/home/ak58925/agentCtx/ICLR_results/terminalbench/main/qwen35b/d05__b3k__ss-partial/hf-model-inference/structured-summarize-partial/run_3/trajectory.json,/home/ak58925/agentCtx-summarization/results/query-error-audit-20260907/details/01841.txt
terminalbench,main,qwen35b,d05__b3k__ss-partial,hosted_vllm/Qwen/Qwen3.5-35B-A3B,structured_summarize_partial,3000,0.5,incompatible-python-fasttext,structured-summarize-partial,run_1,priority,summary_marker_error,153,,/home/ak58925/agentCtx/ICLR_results/terminalbench/main/qwen35b/d05__b3k__ss-partial/incompatible-python-fasttext/structured-summarize-partial/run_1/trajectory.json,/home/ak58925/agentCtx-summarization/results/query-error-audit-20260907/details/01842.txt
terminalbench,main,qwen35b,d05__b3k__ss-partial,hosted_vllm/Qwen/Qwen3.5-35B-A3B,structured_summarize_partial,3000,0.5,incompatible-python-fasttext,structured-summarize-partial,run_3,priority,summary_marker_error,104,,/home/ak58925/agentCtx/ICLR_results/terminalbench/main/qwen35b/d05__b3k__ss-partial/incompatible-python-fasttext/structured-summarize-partial/run_3/trajectory.json,/home/ak58925/agentCtx-summarization/results/query-error-audit-20260907/details/01844.txt
terminalbench,main,qwen35b,d05__b3k__ss-partial,hosted_vllm/Qwen/Qwen3.5-35B-A3B,structured_summarize_partial,3000,0.5,intrusion-detection,structured-summarize-partial,run_1,priority,summary_marker_error,71,,/home/ak58925/agentCtx/ICLR_results/terminalbench/main/qwen35b/d05__b3k__ss-partial/intrusion-detection/structured-summarize-partial/run_1/trajectory.json,/home/ak58925/agentCtx-summarization/results/query-error-audit-20260907/details/01845.txt
terminalbench,main,qwen35b,d05__b3k__ss-partial,hosted_vllm/Qwen/Qwen3.5-35B-A3B,structured_summarize_partial,3000,0.5,intrusion-detection,structured-summarize-partial,run_2,priority,summary_marker_error,126,,/home/ak58925/agentCtx/ICLR_results/terminalbench/main/qwen35b/d05__b3k__ss-partial/intrusion-detection/structured-summarize-partial/run_2/trajectory.json,/home/ak58925/agentCtx-summarization/results/query-error-audit-20260907/details/01846.txt
terminalbench,main,qwen35b,d05__b3k__ss-partial,hosted_vllm/Qwen/Qwen3.5-35B-A3B,structured_summarize_partial,3000,0.5,intrusion-detection,structured-summarize-partial,run_3,priority,summary_marker_error,49,,/home/ak58925/agentCtx/ICLR_results/terminalbench/main/qwen35b/d05__b3k__ss-partial/intrusion-detection/structured-summarize-partial/run_3/trajectory.json,/home/ak58925/agentCtx-summarization/results/query-error-audit-20260907/details/01847.txt
terminalbench,main,qwen35b,d05__b3k__ss-partial,hosted_vllm/Qwen/Qwen3.5-35B-A3B,structured_summarize_partial,3000,0.5,modernize-fortran-build,structured-summarize-partial,run_1,priority,summary_marker_error,18,,/home/ak58925/agentCtx/ICLR_results/terminalbench/main/qwen35b/d05__b3k__ss-partial/modernize-fortran-build/structured-summarize-partial/run_1/trajectory.json,/home/ak58925/agentCtx-summarization/results/query-error-audit-20260907/details/01848.txt
terminalbench,main,qwen35b,d05__b3k__ss-partial,hosted_vllm/Qwen/Qwen3.5-35B-A3B,structured_summarize_partial,3000,0.5,modernize-fortran-build,structured-summarize-partial,run_2,priority,summary_marker_error,183,,/home/ak58925/agentCtx/ICLR_results/terminalbench/main/qwen35b/d05__b3k__ss-partial/modernize-fortran-build/structured-summarize-partial/run_2/trajectory.json,/home/ak58925/agentCtx-summarization/results/query-error-audit-20260907/details/01849.txt
terminalbench,main,qwen35b,d05__b3k__ss-partial,hosted_vllm/Qwen/Qwen3.5-35B-A3B,structured_summarize_partial,3000,0.5,modernize-fortran-build,structured-summarize-partial,run_3,priority,summary_marker_error,3,,/home/ak58925/agentCtx/ICLR_results/terminalbench/main/qwen35b/d05__b3k__ss-partial/modernize-fortran-build/structured-summarize-partial/run_3/trajectory.json,/home/ak58925/agentCtx-summarization/results/query-error-audit-20260907/details/01850.txt
terminalbench,main,qwen35b,d05__b3k__ss-partial,hosted_vllm/Qwen/Qwen3.5-35B-A3B,structured_summarize_partial,3000,0.5,new-encrypt-command,structured-summarize-partial,run_1,priority,summary_marker_error,3,,/home/ak58925/agentCtx/ICLR_results/terminalbench/main/qwen35b/d05__b3k__ss-partial/new-encrypt-command/structured-summarize-partial/run_1/trajectory.json,/home/ak58925/agentCtx-summarization/results/query-error-audit-20260907/details/01851.txt
terminalbench,main,qwen35b,d05__b3k__ss-partial,hosted_vllm/Qwen/Qwen3.5-35B-A3B,structured_summarize_partial,3000,0.5,new-encrypt-command,structured-summarize-partial,run_2,priority,summary_marker_error,11,,/home/ak58925/agentCtx/ICLR_results/terminalbench/main/qwen35b/d05__b3k__ss-partial/new-encrypt-command/structured-summarize-partial/run_2/trajectory.json,/home/ak58925/agentCtx-summarization/results/query-error-audit-20260907/details/01852.txt
terminalbench,main,qwen35b,d05__b3k__ss-partial,hosted_vllm/Qwen/Qwen3.5-35B-A3B,structured_summarize_partial,3000,0.5,new-encrypt-command,structured-summarize-partial,run_3,priority,summary_marker_error,58,,/home/ak58925/agentCtx/ICLR_results/terminalbench/main/qwen35b/d05__b3k__ss-partial/new-encrypt-command/structured-summarize-partial/run_3/trajectory.json,/home/ak58925/agentCtx-summarization/results/query-error-audit-20260907/details/01853.txt
terminalbench,main,qwen35b,d05__b3k__ss-partial,hosted_vllm/Qwen/Qwen3.5-35B-A3B,structured_summarize_partial,3000,0.5,password-recovery,structured-summarize-partial,run_1,priority,summary_marker_error,69,,/home/ak58925/agentCtx/ICLR_results/terminalbench/main/qwen35b/d05__b3k__ss-partial/password-recovery/structured-summarize-partial/run_1/trajectory.json,/home/ak58925/agentCtx-summarization/results/query-error-audit-20260907/details/01854.txt
terminalbench,main,qwen35b,d05__b3k__ss-partial,hosted_vllm/Qwen/Qwen3.5-35B-A3B,structured_summarize_partial,3000,0.5,password-recovery,structured-summarize-partial,run_2,priority,summary_marker_error,121,,/home/ak58925/agentCtx/ICLR_results/terminalbench/main/qwen35b/d05__b3k__ss-partial/password-recovery/structured-summarize-partial/run_2/trajectory.json,/home/ak58925/agentCtx-summarization/results/query-error-audit-20260907/details/01855.txt
terminalbench,main,qwen35b,d05__b3k__ss-partial,hosted_vllm/Qwen/Qwen3.5-35B-A3B,structured_summarize_partial,3000,0.5,password-recovery,structured-summarize-partial,run_3,priority,summary_marker_error,34,,/home/ak58925/agentCtx/ICLR_results/terminalbench/main/qwen35b/d05__b3k__ss-partial/password-recovery/structured-summarize-partial/run_3/trajectory.json,/home/ak58925/agentCtx-summarization/results/query-error-audit-20260907/details/01856.txt
terminalbench,main,qwen35b,d05__b3k__ss-partial,hosted_vllm/Qwen/Qwen3.5-35B-A3B,structured_summarize_partial,3000,0.5,path-tracing-reverse,structured-summarize-partial,run_1,priority,summary_marker_error,15,,/home/ak58925/agentCtx/ICLR_results/terminalbench/main/qwen35b/d05__b3k__ss-partial/path-tracing-reverse/structured-summarize-partial/run_1/trajectory.json,/home/ak58925/agentCtx-summarization/results/query-error-audit-20260907/details/01857.txt
terminalbench,main,qwen35b,d05__b3k__ss-partial,hosted_vllm/Qwen/Qwen3.5-35B-A3B,structured_summarize_partial,3000,0.5,path-tracing-reverse,structured-summarize-partial,run_2,priority,summary_marker_error,13,,/home/ak58925/agentCtx/ICLR_results/terminalbench/main/qwen35b/d05__b3k__ss-partial/path-tracing-reverse/structured-summarize-partial/run_2/trajectory.json,/home/ak58925/agentCtx-summarization/results/query-error-audit-20260907/details/01858.txt
terminalbench,main,qwen35b,d05__b3k__ss-partial,hosted_vllm/Qwen/Qwen3.5-35B-A3B,structured_summarize_partial,3000,0.5,path-tracing-reverse,structured-summarize-partial,run_3,priority,summary_marker_error,12,,/home/ak58925/agentCtx/ICLR_results/terminalbench/main/qwen35b/d05__b3k__ss-partial/path-tracing-reverse/structured-summarize-partial/run_3/trajectory.json,/home/ak58925/agentCtx-summarization/results/query-error-audit-20260907/details/01859.txt
terminalbench,main,qwen35b,d05__b3k__ss-partial,hosted_vllm/Qwen/Qwen3.5-35B-A3B,structured_summarize_partial,3000,0.5,processing-pipeline,structured-summarize-partial,run_1,priority,summary_marker_error,3,,/home/ak58925/agentCtx/ICLR_results/terminalbench/main/qwen35b/d05__b3k__ss-partial/processing-pipeline/structured-summarize-partial/run_1/trajectory.json,/home/ak58925/agentCtx-summarization/results/query-error-audit-20260907/details/01860.txt
terminalbench,main,qwen35b,d05__b3k__ss-partial,hosted_vllm/Qwen/Qwen3.5-35B-A3B,structured_summarize_partial,3000,0.5,processing-pipeline,structured-summarize-partial,run_2,priority,summary_marker_error,3,,/home/ak58925/agentCtx/ICLR_results/terminalbench/main/qwen35b/d05__b3k__ss-partial/processing-pipeline/structured-summarize-partial/run_2/trajectory.json,/home/ak58925/agentCtx-summarization/results/query-error-audit-20260907/details/01861.txt
terminalbench,main,qwen35b,d05__b3k__ss-partial,hosted_vllm/Qwen/Qwen3.5-35B-A3B,structured_summarize_partial,3000,0.5,processing-pipeline,structured-summarize-partial,run_3,priority,summary_marker_error,4,,/home/ak58925/agentCtx/ICLR_results/terminalbench/main/qwen35b/d05__b3k__ss-partial/processing-pipeline/structured-summarize-partial/run_3/trajectory.json,/home/ak58925/agentCtx-summarization/results/query-error-audit-20260907/details/01862.txt
terminalbench,main,qwen35b,d05__b3k__ss-partial,hosted_vllm/Qwen/Qwen3.5-35B-A3B,structured_summarize_partial,3000,0.5,prove-plus-comm,structured-summarize-partial,run_1,priority,summary_marker_error,54,,/home/ak58925/agentCtx/ICLR_results/terminalbench/main/qwen35b/d05__b3k__ss-partial/prove-plus-comm/structured-summarize-partial/run_1/trajectory.json,/home/ak58925/agentCtx-summarization/results/query-error-audit-20260907/details/01863.txt
terminalbench,main,qwen35b,d05__b3k__ss-partial,hosted_vllm/Qwen/Qwen3.5-35B-A3B,structured_summarize_partial,3000,0.5,prove-plus-comm,structured-summarize-partial,run_3,priority,summary_marker_error,4,,/home/ak58925/agentCtx/ICLR_results/terminalbench/main/qwen35b/d05__b3k__ss-partial/prove-plus-comm/structured-summarize-partial/run_3/trajectory.json,/home/ak58925/agentCtx-summarization/results/query-error-audit-20260907/details/01864.txt
terminalbench,main,qwen35b,d05__b3k__ss-partial,hosted_vllm/Qwen/Qwen3.5-35B-A3B,structured_summarize_partial,3000,0.5,pytorch-model-cli.hard,structured-summarize-partial,run_1,priority,summary_marker_error,195,,/home/ak58925/agentCtx/ICLR_results/terminalbench/main/qwen35b/d05__b3k__ss-partial/pytorch-model-cli.hard/structured-summarize-partial/run_1/trajectory.json,/home/ak58925/agentCtx-summarization/results/query-error-audit-20260907/details/01865.txt
terminalbench,main,qwen35b,d05__b3k__ss-partial,hosted_vllm/Qwen/Qwen3.5-35B-A3B,structured_summarize_partial,3000,0.5,pytorch-model-cli.hard,structured-summarize-partial,run_2,priority,summary_marker_error,4,,/home/ak58925/agentCtx/ICLR_results/terminalbench/main/qwen35b/d05__b3k__ss-partial/pytorch-model-cli.hard/structured-summarize-partial/run_2/trajectory.json,/home/ak58925/agentCtx-summarization/results/query-error-audit-20260907/details/01866.txt
terminalbench,main,qwen35b,d05__b3k__ss-partial,hosted_vllm/Qwen/Qwen3.5-35B-A3B,structured_summarize_partial,3000,0.5,pytorch-model-cli.hard,structured-summarize-partial,run_3,priority,summary_marker_error,114,,/home/ak58925/agentCtx/ICLR_results/terminalbench/main/qwen35b/d05__b3k__ss-partial/pytorch-model-cli.hard/structured-summarize-partial/run_3/trajectory.json,/home/ak58925/agentCtx-summarization/results/query-error-audit-20260907/details/01867.txt
terminalbench,main,qwen35b,d05__b3k__ss-partial,hosted_vllm/Qwen/Qwen3.5-35B-A3B,structured_summarize_partial,3000,0.5,qemu-alpine-ssh,structured-summarize-partial,run_1,priority,summary_marker_error,176,,/home/ak58925/agentCtx/ICLR_results/terminalbench/main/qwen35b/d05__b3k__ss-partial/qemu-alpine-ssh/structured-summarize-partial/run_1/trajectory.json,/home/ak58925/agentCtx-summarization/results/query-error-audit-20260907/details/01868.txt
terminalbench,main,qwen35b,d05__b3k__ss-partial,hosted_vllm/Qwen/Qwen3.5-35B-A3B,structured_summarize_partial,3000,0.5,qemu-alpine-ssh,structured-summarize-partial,run_2,priority,summary_marker_error,200,,/home/ak58925/agentCtx/ICLR_results/terminalbench/main/qwen35b/d05__b3k__ss-partial/qemu-alpine-ssh/structured-summarize-partial/run_2/trajectory.json,/home/ak58925/agentCtx-summarization/results/query-error-audit-20260907/details/01869.txt
terminalbench,main,qwen35b,d05__b3k__ss-partial,hosted_vllm/Qwen/Qwen3.5-35B-A3B,structured_summarize_partial,3000,0.5,qemu-alpine-ssh,structured-summarize-partial,run_3,priority,summary_marker_error,91,,/home/ak58925/agentCtx/ICLR_results/terminalbench/main/qwen35b/d05__b3k__ss-partial/qemu-alpine-ssh/structured-summarize-partial/run_3/trajectory.json,/home/ak58925/agentCtx-summarization/results/query-error-audit-20260907/details/01870.txt
terminalbench,main,qwen35b,d05__b3k__ss-partial,hosted_vllm/Qwen/Qwen3.5-35B-A3B,structured_summarize_partial,3000,0.5,qemu-startup,structured-summarize-partial,run_1,priority,summary_marker_error,19,,/home/ak58925/agentCtx/ICLR_results/terminalbench/main/qwen35b/d05__b3k__ss-partial/qemu-startup/structured-summarize-partial/run_1/trajectory.json,/home/ak58925/agentCtx-summarization/results/query-error-audit-20260907/details/01871.txt
terminalbench,main,qwen35b,d05__b3k__ss-partial,hosted_vllm/Qwen/Qwen3.5-35B-A3B,structured_summarize_partial,3000,0.5,qemu-startup,structured-summarize-partial,run_2,priority,summary_marker_error,55,,/home/ak58925/agentCtx/ICLR_results/terminalbench/main/qwen35b/d05__b3k__ss-partial/qemu-startup/structured-summarize-partial/run_2/trajectory.json,/home/ak58925/agentCtx-summarization/results/query-error-audit-20260907/details/01872.txt
terminalbench,main,qwen35b,d05__b3k__ss-partial,hosted_vllm/Qwen/Qwen3.5-35B-A3B,structured_summarize_partial,3000,0.5,qemu-startup,structured-summarize-partial,run_3,priority,summary_marker_error,41,,/home/ak58925/agentCtx/ICLR_results/terminalbench/main/qwen35b/d05__b3k__ss-partial/qemu-startup/structured-summarize-partial/run_3/trajectory.json,/home/ak58925/agentCtx-summarization/results/query-error-audit-20260907/details/01873.txt
terminalbench,main,qwen35b,d05__b3k__ss-partial,hosted_vllm/Qwen/Qwen3.5-35B-A3B,structured_summarize_partial,3000,0.5,raman-fitting.easy,structured-summarize-partial,run_1,priority,summary_marker_error,40,,/home/ak58925/agentCtx/ICLR_results/terminalbench/main/qwen35b/d05__b3k__ss-partial/raman-fitting.easy/structured-summarize-partial/run_1/trajectory.json,/home/ak58925/agentCtx-summarization/results/query-error-audit-20260907/details/01874.txt
terminalbench,main,qwen35b,d05__b3k__ss-partial,hosted_vllm/Qwen/Qwen3.5-35B-A3B,structured_summarize_partial,3000,0.5,raman-fitting.easy,structured-summarize-partial,run_2,priority,summary_marker_error,8,,/home/ak58925/agentCtx/ICLR_results/terminalbench/main/qwen35b/d05__b3k__ss-partial/raman-fitting.easy/structured-summarize-partial/run_2/trajectory.json,/home/ak58925/agentCtx-summarization/results/query-error-audit-20260907/details/01875.txt
terminalbench,main,qwen35b,d05__b3k__ss-partial,hosted_vllm/Qwen/Qwen3.5-35B-A3B,structured_summarize_partial,3000,0.5,raman-fitting.easy,structured-summarize-partial,run_3,priority,summary_marker_error,37,,/home/ak58925/agentCtx/ICLR_results/terminalbench/main/qwen35b/d05__b3k__ss-partial/raman-fitting.easy/structured-summarize-partial/run_3/trajectory.json,/home/ak58925/agentCtx-summarization/results/query-error-audit-20260907/details/01876.txt
terminalbench,main,qwen35b,d05__b3k__ss-partial,hosted_vllm/Qwen/Qwen3.5-35B-A3B,structured_summarize_partial,3000,0.5,sanitize-git-repo,structured-summarize-partial,run_1,priority,summary_marker_error,9,,/home/ak58925/agentCtx/ICLR_results/terminalbench/main/qwen35b/d05__b3k__ss-partial/sanitize-git-repo/structured-summarize-partial/run_1/trajectory.json,/home/ak58925/agentCtx-summarization/results/query-error-audit-20260907/details/01877.txt
terminalbench,main,qwen35b,d05__b3k__ss-partial,hosted_vllm/Qwen/Qwen3.5-35B-A3B,structured_summarize_partial,3000,0.5,sanitize-git-repo,structured-summarize-partial,run_2,priority,summary_marker_error,17,,/home/ak58925/agentCtx/ICLR_results/terminalbench/main/qwen35b/d05__b3k__ss-partial/sanitize-git-repo/structured-summarize-partial/run_2/trajectory.json,/home/ak58925/agentCtx-summarization/results/query-error-audit-20260907/details/01878.txt
terminalbench,main,qwen35b,d05__b3k__ss-partial,hosted_vllm/Qwen/Qwen3.5-35B-A3B,structured_summarize_partial,3000,0.5,sanitize-git-repo,structured-summarize-partial,run_3,priority,summary_marker_error,75,,/home/ak58925/agentCtx/ICLR_results/terminalbench/main/qwen35b/d05__b3k__ss-partial/sanitize-git-repo/structured-summarize-partial/run_3/trajectory.json,/home/ak58925/agentCtx-summarization/results/query-error-audit-20260907/details/01879.txt
terminalbench,main,qwen35b,d05__b3k__ss-partial,hosted_vllm/Qwen/Qwen3.5-35B-A3B,structured_summarize_partial,3000,0.5,sanitize-git-repo.hard,structured-summarize-partial,run_1,priority,summary_marker_error,7,,/home/ak58925/agentCtx/ICLR_results/terminalbench/main/qwen35b/d05__b3k__ss-partial/sanitize-git-repo.hard/structured-summarize-partial/run_1/trajectory.json,/home/ak58925/agentCtx-summarization/results/query-error-audit-20260907/details/01880.txt
terminalbench,main,qwen35b,d05__b3k__ss-partial,hosted_vllm/Qwen/Qwen3.5-35B-A3B,structured_summarize_partial,3000,0.5,sanitize-git-repo.hard,structured-summarize-partial,run_2,priority,summary_marker_error,23,,/home/ak58925/agentCtx/ICLR_results/terminalbench/main/qwen35b/d05__b3k__ss-partial/sanitize-git-repo.hard/structured-summarize-partial/run_2/trajectory.json,/home/ak58925/agentCtx-summarization/results/query-error-audit-20260907/details/01881.txt
terminalbench,main,qwen35b,d05__b3k__ss-partial,hosted_vllm/Qwen/Qwen3.5-35B-A3B,structured_summarize_partial,3000,0.5,sanitize-git-repo.hard,structured-summarize-partial,run_3,priority,summary_marker_error,37,,/home/ak58925/agentCtx/ICLR_results/terminalbench/main/qwen35b/d05__b3k__ss-partial/sanitize-git-repo.hard/structured-summarize-partial/run_3/trajectory.json,/home/ak58925/agentCtx-summarization/results/query-error-audit-20260907/details/01882.txt
terminalbench,main,qwen35b,d05__b3k__ss-partial,hosted_vllm/Qwen/Qwen3.5-35B-A3B,structured_summarize_partial,3000,0.5,solana-data,structured-summarize-partial,run_1,priority,summary_marker_error,187,,/home/ak58925/agentCtx/ICLR_results/terminalbench/main/qwen35b/d05__b3k__ss-partial/solana-data/structured-summarize-partial/run_1/trajectory.json,/home/ak58925/agentCtx-summarization/results/query-error-audit-20260907/details/01883.txt
terminalbench,main,qwen35b,d05__b3k__ss-partial,hosted_vllm/Qwen/Qwen3.5-35B-A3B,structured_summarize_partial,3000,0.5,solana-data,structured-summarize-partial,run_2,priority,summary_marker_error,12,,/home/ak58925/agentCtx/ICLR_results/terminalbench/main/qwen35b/d05__b3k__ss-partial/solana-data/structured-summarize-partial/run_2/trajectory.json,/home/ak58925/agentCtx-summarization/results/query-error-audit-20260907/details/01884.txt
terminalbench,main,qwen35b,d05__b3k__ss-partial,hosted_vllm/Qwen/Qwen3.5-35B-A3B,structured_summarize_partial,3000,0.5,solana-data,structured-summarize-partial,run_3,priority,summary_marker_error,93,,/home/ak58925/agentCtx/ICLR_results/terminalbench/main/qwen35b/d05__b3k__ss-partial/solana-data/structured-summarize-partial/run_3/trajectory.json,/home/ak58925/agentCtx-summarization/results/query-error-audit-20260907/details/01885.txt
terminalbench,main,qwen35b,d05__b3k__ss-partial,hosted_vllm/Qwen/Qwen3.5-35B-A3B,structured_summarize_partial,3000,0.5,sqlite-with-gcov,structured-summarize-partial,run_1,priority,summary_marker_error,66,,/home/ak58925/agentCtx/ICLR_results/terminalbench/main/qwen35b/d05__b3k__ss-partial/sqlite-with-gcov/structured-summarize-partial/run_1/trajectory.json,/home/ak58925/agentCtx-summarization/results/query-error-audit-20260907/details/01886.txt
terminalbench,main,qwen35b,d05__b3k__ss-partial,hosted_vllm/Qwen/Qwen3.5-35B-A3B,structured_summarize_partial,3000,0.5,sqlite-with-gcov,structured-summarize-partial,run_2,priority,summary_marker_error,9,,/home/ak58925/agentCtx/ICLR_results/terminalbench/main/qwen35b/d05__b3k__ss-partial/sqlite-with-gcov/structured-summarize-partial/run_2/trajectory.json,/home/ak58925/agentCtx-summarization/results/query-error-audit-20260907/details/01887.txt
terminalbench,main,qwen35b,d05__b3k__ss-partial,hosted_vllm/Qwen/Qwen3.5-35B-A3B,structured_summarize_partial,3000,0.5,sqlite-with-gcov,structured-summarize-partial,run_3,priority,summary_marker_error,15,,/home/ak58925/agentCtx/ICLR_results/terminalbench/main/qwen35b/d05__b3k__ss-partial/sqlite-with-gcov/structured-summarize-partial/run_3/trajectory.json,/home/ak58925/agentCtx-summarization/results/query-error-audit-20260907/details/01888.txt
terminalbench,main,qwen35b,d05__b3k__ss-partial,hosted_vllm/Qwen/Qwen3.5-35B-A3B,structured_summarize_partial,3000,0.5,super-benchmark-upet,structured-summarize-partial,run_1,priority,summary_marker_error,94,,/home/ak58925/agentCtx/ICLR_results/terminalbench/main/qwen35b/d05__b3k__ss-partial/super-benchmark-upet/structured-summarize-partial/run_1/trajectory.json,/home/ak58925/agentCtx-summarization/results/query-error-audit-20260907/details/01889.txt
terminalbench,main,qwen35b,d05__b3k__ss-partial,hosted_vllm/Qwen/Qwen3.5-35B-A3B,structured_summarize_partial,3000,0.5,super-benchmark-upet,structured-summarize-partial,run_2,priority,summary_marker_error,184,,/home/ak58925/agentCtx/ICLR_results/terminalbench/main/qwen35b/d05__b3k__ss-partial/super-benchmark-upet/structured-summarize-partial/run_2/trajectory.json,/home/ak58925/agentCtx-summarization/results/query-error-audit-20260907/details/01890.txt
terminalbench,main,qwen35b,d05__b3k__ss-partial,hosted_vllm/Qwen/Qwen3.5-35B-A3B,structured_summarize_partial,3000,0.5,super-benchmark-upet,structured-summarize-partial,run_3,priority,summary_marker_error,70,,/home/ak58925/agentCtx/ICLR_results/terminalbench/main/qwen35b/d05__b3k__ss-partial/super-benchmark-upet/structured-summarize-partial/run_3/trajectory.json,/home/ak58925/agentCtx-summarization/results/query-error-audit-20260907/details/01891.txt
terminalbench,main,qwen35b,d05__b3k__ss-partial,hosted_vllm/Qwen/Qwen3.5-35B-A3B,structured_summarize_partial,3000,0.5,swe-bench-astropy-2,structured-summarize-partial,run_1,priority,summary_marker_error,18,,/home/ak58925/agentCtx/ICLR_results/terminalbench/main/qwen35b/d05__b3k__ss-partial/swe-bench-astropy-2/structured-summarize-partial/run_1/trajectory.json,/home/ak58925/agentCtx-summarization/results/query-error-audit-20260907/details/01892.txt
terminalbench,main,qwen35b,d05__b3k__ss-partial,hosted_vllm/Qwen/Qwen3.5-35B-A3B,structured_summarize_partial,3000,0.5,swe-bench-astropy-2,structured-summarize-partial,run_2,priority,summary_marker_error,256,,/home/ak58925/agentCtx/ICLR_results/terminalbench/main/qwen35b/d05__b3k__ss-partial/swe-bench-astropy-2/structured-summarize-partial/run_2/trajectory.json,/home/ak58925/agentCtx-summarization/results/query-error-audit-20260907/details/01893.txt
terminalbench,main,qwen35b,d05__b3k__ss-partial,hosted_vllm/Qwen/Qwen3.5-35B-A3B,structured_summarize_partial,3000,0.5,swe-bench-astropy-2,structured-summarize-partial,run_3,priority,summary_marker_error,37,,/home/ak58925/agentCtx/ICLR_results/terminalbench/main/qwen35b/d05__b3k__ss-partial/swe-bench-astropy-2/structured-summarize-partial/run_3/trajectory.json,/home/ak58925/agentCtx-summarization/results/query-error-audit-20260907/details/01894.txt
terminalbench,main,qwen35b,d05__b3k__ss-partial,hosted_vllm/Qwen/Qwen3.5-35B-A3B,structured_summarize_partial,3000,0.5,swe-bench-fsspec,structured-summarize-partial,run_1,priority,summary_marker_error,182,,/home/ak58925/agentCtx/ICLR_results/terminalbench/main/qwen35b/d05__b3k__ss-partial/swe-bench-fsspec/structured-summarize-partial/run_1/trajectory.json,/home/ak58925/agentCtx-summarization/results/query-error-audit-20260907/details/01895.txt
terminalbench,main,qwen35b,d05__b3k__ss-partial,hosted_vllm/Qwen/Qwen3.5-35B-A3B,structured_summarize_partial,3000,0.5,swe-bench-fsspec,structured-summarize-partial,run_2,priority,summary_marker_error,225,,/home/ak58925/agentCtx/ICLR_results/terminalbench/main/qwen35b/d05__b3k__ss-partial/swe-bench-fsspec/structured-summarize-partial/run_2/trajectory.json,/home/ak58925/agentCtx-summarization/results/query-error-audit-20260907/details/01896.txt
terminalbench,main,qwen35b,d05__b3k__ss-partial,hosted_vllm/Qwen/Qwen3.5-35B-A3B,structured_summarize_partial,3000,0.5,swe-bench-fsspec,structured-summarize-partial,run_3,priority,summary_marker_error,114,,/home/ak58925/agentCtx/ICLR_results/terminalbench/main/qwen35b/d05__b3k__ss-partial/swe-bench-fsspec/structured-summarize-partial/run_3/trajectory.json,/home/ak58925/agentCtx-summarization/results/query-error-audit-20260907/details/01897.txt
terminalbench,main,qwen35b,d05__b3k__ss-partial,hosted_vllm/Qwen/Qwen3.5-35B-A3B,structured_summarize_partial,3000,0.5,tmux-advanced-workflow,structured-summarize-partial,run_1,priority,summary_marker_error,8,,/home/ak58925/agentCtx/ICLR_results/terminalbench/main/qwen35b/d05__b3k__ss-partial/tmux-advanced-workflow/structured-summarize-partial/run_1/trajectory.json,/home/ak58925/agentCtx-summarization/results/query-error-audit-20260907/details/01898.txt
terminalbench,main,qwen35b,d05__b3k__ss-partial,hosted_vllm/Qwen/Qwen3.5-35B-A3B,structured_summarize_partial,3000,0.5,tmux-advanced-workflow,structured-summarize-partial,run_2,priority,summary_marker_error,275,,/home/ak58925/agentCtx/ICLR_results/terminalbench/main/qwen35b/d05__b3k__ss-partial/tmux-advanced-workflow/structured-summarize-partial/run_2/trajectory.json,/home/ak58925/agentCtx-summarization/results/query-error-audit-20260907/details/01899.txt
terminalbench,main,qwen35b,d05__b3k__ss-partial,hosted_vllm/Qwen/Qwen3.5-35B-A3B,structured_summarize_partial,3000,0.5,tmux-advanced-workflow,structured-summarize-partial,run_3,priority,summary_marker_error,13,,/home/ak58925/agentCtx/ICLR_results/terminalbench/main/qwen35b/d05__b3k__ss-partial/tmux-advanced-workflow/structured-summarize-partial/run_3/trajectory.json,/home/ak58925/agentCtx-summarization/results/query-error-audit-20260907/details/01900.txt
terminalbench,main,qwen35b,d05__b3k__ss-partial,hosted_vllm/Qwen/Qwen3.5-35B-A3B,structured_summarize_partial,3000,0.5,write-compressor,structured-summarize-partial,run_1,priority,summary_marker_error,117,,/home/ak58925/agentCtx/ICLR_results/terminalbench/main/qwen35b/d05__b3k__ss-partial/write-compressor/structured-summarize-partial/run_1/trajectory.json,/home/ak58925/agentCtx-summarization/results/query-error-audit-20260907/details/01901.txt
terminalbench,main,qwen35b,d05__b3k__ss-partial,hosted_vllm/Qwen/Qwen3.5-35B-A3B,structured_summarize_partial,3000,0.5,write-compressor,structured-summarize-partial,run_2,priority,summary_marker_error,207,,/home/ak58925/agentCtx/ICLR_results/terminalbench/main/qwen35b/d05__b3k__ss-partial/write-compressor/structured-summarize-partial/run_2/trajectory.json,/home/ak58925/agentCtx-summarization/results/query-error-audit-20260907/details/01902.txt
terminalbench,main,qwen35b,d05__b3k__ss-partial,hosted_vllm/Qwen/Qwen3.5-35B-A3B,structured_summarize_partial,3000,0.5,write-compressor,structured-summarize-partial,run_3,priority,summary_marker_error,57,,/home/ak58925/agentCtx/ICLR_results/terminalbench/main/qwen35b/d05__b3k__ss-partial/write-compressor/structured-summarize-partial/run_3/trajectory.json,/home/ak58925/agentCtx-summarization/results/query-error-audit-20260907/details/01903.txt
terminalbench,main,qwen35b,d05__b3k__su-full,hosted_vllm/Qwen/Qwen3.5-35B-A3B,summarization,3000,0.5,blind-maze-explorer-5x5,summarization,run_2,priority,summary_marker_error,1,,/home/ak58925/agentCtx/ICLR_results/terminalbench/main/qwen35b/d05__b3k__su-full/blind-maze-explorer-5x5/summarization/run_2/trajectory.json,/home/ak58925/agentCtx-summarization/results/query-error-audit-20260907/details/01904.txt
terminalbench,main,qwen35b,d05__b3k__su-full,hosted_vllm/Qwen/Qwen3.5-35B-A3B,summarization,3000,0.5,blind-maze-explorer-5x5,summarization,run_3,priority,summary_marker_error,2,,/home/ak58925/agentCtx/ICLR_results/terminalbench/main/qwen35b/d05__b3k__su-full/blind-maze-explorer-5x5/summarization/run_3/trajectory.json,/home/ak58925/agentCtx-summarization/results/query-error-audit-20260907/details/01905.txt
terminalbench,main,qwen35b,d05__b3k__su-full,hosted_vllm/Qwen/Qwen3.5-35B-A3B,summarization,3000,0.5,blind-maze-explorer-algorithm,summarization,run_3,priority,summary_failure_accounting,0,61,/home/ak58925/agentCtx/ICLR_results/terminalbench/main/qwen35b/d05__b3k__su-full/blind-maze-explorer-algorithm/summarization/run_3/trajectory.json,/home/ak58925/agentCtx-summarization/results/query-error-audit-20260907/details/01906.txt
terminalbench,main,qwen35b,d05__b3k__su-full,hosted_vllm/Qwen/Qwen3.5-35B-A3B,summarization,3000,0.5,cartpole-rl-training,summarization,run_2,probable,summary_related_response,0,0,/home/ak58925/agentCtx/ICLR_results/terminalbench/main/qwen35b/d05__b3k__su-full/cartpole-rl-training/summarization/run_2/trajectory.json,/home/ak58925/agentCtx-summarization/results/query-error-audit-20260907/details/01907.txt
terminalbench,main,qwen35b,d05__b3k__su-full,hosted_vllm/Qwen/Qwen3.5-35B-A3B,summarization,3000,0.5,count-dataset-tokens,summarization,run_1,probable,summary_related_response,0,0,/home/ak58925/agentCtx/ICLR_results/terminalbench/main/qwen35b/d05__b3k__su-full/count-dataset-tokens/summarization/run_1/trajectory.json,/home/ak58925/agentCtx-summarization/results/query-error-audit-20260907/details/01908.txt
terminalbench,main,qwen35b,d05__b3k__su-full,hosted_vllm/Qwen/Qwen3.5-35B-A3B,summarization,3000,0.5,count-dataset-tokens,summarization,run_2,priority,summary_failure_accounting,0,105,/home/ak58925/agentCtx/ICLR_results/terminalbench/main/qwen35b/d05__b3k__su-full/count-dataset-tokens/summarization/run_2/trajectory.json,/home/ak58925/agentCtx-summarization/results/query-error-audit-20260907/details/01909.txt
terminalbench,main,qwen35b,d05__b3k__su-full,hosted_vllm/Qwen/Qwen3.5-35B-A3B,summarization,3000,0.5,crack-7z-hash.hard,summarization,run_1,priority,summary_failure_accounting,0,43,/home/ak58925/agentCtx/ICLR_results/terminalbench/main/qwen35b/d05__b3k__su-full/crack-7z-hash.hard/summarization/run_1/trajectory.json,/home/ak58925/agentCtx-summarization/results/query-error-audit-20260907/details/01910.txt
terminalbench,main,qwen35b,d05__b3k__su-full,hosted_vllm/Qwen/Qwen3.5-35B-A3B,summarization,3000,0.5,crack-7z-hash.hard,summarization,run_2,priority,summary_failure_accounting,0,20,/home/ak58925/agentCtx/ICLR_results/terminalbench/main/qwen35b/d05__b3k__su-full/crack-7z-hash.hard/summarization/run_2/trajectory.json,/home/ak58925/agentCtx-summarization/results/query-error-audit-20260907/details/01911.txt
terminalbench,main,qwen35b,d05__b3k__su-full,hosted_vllm/Qwen/Qwen3.5-35B-A3B,summarization,3000,0.5,crack-7z-hash.hard,summarization,run_3,priority,summary_failure_accounting,0,40,/home/ak58925/agentCtx/ICLR_results/terminalbench/main/qwen35b/d05__b3k__su-full/crack-7z-hash.hard/summarization/run_3/trajectory.json,/home/ak58925/agentCtx-summarization/results/query-error-audit-20260907/details/01912.txt
terminalbench,main,qwen35b,d05__b3k__su-full,hosted_vllm/Qwen/Qwen3.5-35B-A3B,summarization,3000,0.5,csv-to-parquet,summarization,run_2,priority,summary_failure_accounting,0,69,/home/ak58925/agentCtx/ICLR_results/terminalbench/main/qwen35b/d05__b3k__su-full/csv-to-parquet/summarization/run_2/trajectory.json,/home/ak58925/agentCtx-summarization/results/query-error-audit-20260907/details/01913.txt
terminalbench,main,qwen35b,d05__b3k__su-full,hosted_vllm/Qwen/Qwen3.5-35B-A3B,summarization,3000,0.5,csv-to-parquet,summarization,run_3,priority,summary_marker_error,1,,/home/ak58925/agentCtx/ICLR_results/terminalbench/main/qwen35b/d05__b3k__su-full/csv-to-parquet/summarization/run_3/trajectory.json,/home/ak58925/agentCtx-summarization/results/query-error-audit-20260907/details/01914.txt
terminalbench,main,qwen35b,d05__b3k__su-full,hosted_vllm/Qwen/Qwen3.5-35B-A3B,summarization,3000,0.5,decommissioning-service-with-sensitive-data,summarization,run_1,priority,summary_failure_accounting,0,30,/home/ak58925/agentCtx/ICLR_results/terminalbench/main/qwen35b/d05__b3k__su-full/decommissioning-service-with-sensitive-data/summarization/run_1/trajectory.json,/home/ak58925/agentCtx-summarization/results/query-error-audit-20260907/details/01915.txt
terminalbench,main,qwen35b,d05__b3k__su-full,hosted_vllm/Qwen/Qwen3.5-35B-A3B,summarization,3000,0.5,download-youtube,summarization,run_1,priority,summary_failure_accounting,0,2,/home/ak58925/agentCtx/ICLR_results/terminalbench/main/qwen35b/d05__b3k__su-full/download-youtube/summarization/run_1/trajectory.json,/home/ak58925/agentCtx-summarization/results/query-error-audit-20260907/details/01916.txt
terminalbench,main,qwen35b,d05__b3k__su-full,hosted_vllm/Qwen/Qwen3.5-35B-A3B,summarization,3000,0.5,download-youtube,summarization,run_2,probable,summary_related_response,0,0,/home/ak58925/agentCtx/ICLR_results/terminalbench/main/qwen35b/d05__b3k__su-full/download-youtube/summarization/run_2/trajectory.json,/home/ak58925/agentCtx-summarization/results/query-error-audit-20260907/details/01917.txt
terminalbench,main,qwen35b,d05__b3k__su-full,hosted_vllm/Qwen/Qwen3.5-35B-A3B,summarization,3000,0.5,download-youtube,summarization,run_3,priority,summary_failure_accounting,0,25,/home/ak58925/agentCtx/ICLR_results/terminalbench/main/qwen35b/d05__b3k__su-full/download-youtube/summarization/run_3/trajectory.json,/home/ak58925/agentCtx-summarization/results/query-error-audit-20260907/details/01918.txt
terminalbench,main,qwen35b,d05__b3k__su-full,hosted_vllm/Qwen/Qwen3.5-35B-A3B,summarization,3000,0.5,eval-mteb,summarization,run_1,priority,summary_failure_accounting,0,57,/home/ak58925/agentCtx/ICLR_results/terminalbench/main/qwen35b/d05__b3k__su-full/eval-mteb/summarization/run_1/trajectory.json,/home/ak58925/agentCtx-summarization/results/query-error-audit-20260907/details/01919.txt
terminalbench,main,qwen35b,d05__b3k__su-full,hosted_vllm/Qwen/Qwen3.5-35B-A3B,summarization,3000,0.5,eval-mteb,summarization,run_2,priority,summary_failure_accounting,0,69,/home/ak58925/agentCtx/ICLR_results/terminalbench/main/qwen35b/d05__b3k__su-full/eval-mteb/summarization/run_2/trajectory.json,/home/ak58925/agentCtx-summarization/results/query-error-audit-20260907/details/01920.txt
terminalbench,main,qwen35b,d05__b3k__su-full,hosted_vllm/Qwen/Qwen3.5-35B-A3B,summarization,3000,0.5,eval-mteb,summarization,run_3,priority,summary_failure_accounting,0,20,/home/ak58925/agentCtx/ICLR_results/terminalbench/main/qwen35b/d05__b3k__su-full/eval-mteb/summarization/run_3/trajectory.json,/home/ak58925/agentCtx-summarization/results/query-error-audit-20260907/details/01921.txt
terminalbench,main,qwen35b,d05__b3k__su-full,hosted_vllm/Qwen/Qwen3.5-35B-A3B,summarization,3000,0.5,eval-mteb.hard,summarization,run_1,priority,summary_failure_accounting,0,28,/home/ak58925/agentCtx/ICLR_results/terminalbench/main/qwen35b/d05__b3k__su-full/eval-mteb.hard/summarization/run_1/trajectory.json,/home/ak58925/agentCtx-summarization/results/query-error-audit-20260907/details/01922.txt
terminalbench,main,qwen35b,d05__b3k__su-full,hosted_vllm/Qwen/Qwen3.5-35B-A3B,summarization,3000,0.5,eval-mteb.hard,summarization,run_2,priority,summary_failure_accounting,0,27,/home/ak58925/agentCtx/ICLR_results/terminalbench/main/qwen35b/d05__b3k__su-full/eval-mteb.hard/summarization/run_2/trajectory.json,/home/ak58925/agentCtx-summarization/results/query-error-audit-20260907/details/01923.txt
terminalbench,main,qwen35b,d05__b3k__su-full,hosted_vllm/Qwen/Qwen3.5-35B-A3B,summarization,3000,0.5,eval-mteb.hard,summarization,run_3,priority,summary_marker_error,1,,/home/ak58925/agentCtx/ICLR_results/terminalbench/main/qwen35b/d05__b3k__su-full/eval-mteb.hard/summarization/run_3/trajectory.json,/home/ak58925/agentCtx-summarization/results/query-error-audit-20260907/details/01924.txt
terminalbench,main,qwen35b,d05__b3k__su-full,hosted_vllm/Qwen/Qwen3.5-35B-A3B,summarization,3000,0.5,extract-moves-from-video,summarization,run_1,probable,summary_related_response,0,0,/home/ak58925/agentCtx/ICLR_results/terminalbench/main/qwen35b/d05__b3k__su-full/extract-moves-from-video/summarization/run_1/trajectory.json,/home/ak58925/agentCtx-summarization/results/query-error-audit-20260907/details/01925.txt
terminalbench,main,qwen35b,d05__b3k__su-full,hosted_vllm/Qwen/Qwen3.5-35B-A3B,summarization,3000,0.5,extract-moves-from-video,summarization,run_2,probable,summary_related_response,0,0,/home/ak58925/agentCtx/ICLR_results/terminalbench/main/qwen35b/d05__b3k__su-full/extract-moves-from-video/summarization/run_2/trajectory.json,/home/ak58925/agentCtx-summarization/results/query-error-audit-20260907/details/01926.txt
terminalbench,main,qwen35b,d05__b3k__su-full,hosted_vllm/Qwen/Qwen3.5-35B-A3B,summarization,3000,0.5,extract-moves-from-video,summarization,run_3,probable,summary_related_response,0,0,/home/ak58925/agentCtx/ICLR_results/terminalbench/main/qwen35b/d05__b3k__su-full/extract-moves-from-video/summarization/run_3/trajectory.json,/home/ak58925/agentCtx-summarization/results/query-error-audit-20260907/details/01927.txt
terminalbench,main,qwen35b,d05__b3k__su-full,hosted_vllm/Qwen/Qwen3.5-35B-A3B,summarization,3000,0.5,fix-git,summarization,run_2,priority,summary_failure_accounting,0,30,/home/ak58925/agentCtx/ICLR_results/terminalbench/main/qwen35b/d05__b3k__su-full/fix-git/summarization/run_2/trajectory.json,/home/ak58925/agentCtx-summarization/results/query-error-audit-20260907/details/01928.txt
terminalbench,main,qwen35b,d05__b3k__su-full,hosted_vllm/Qwen/Qwen3.5-35B-A3B,summarization,3000,0.5,fix-pandas-version,summarization,run_3,priority,summary_failure_accounting,0,67,/home/ak58925/agentCtx/ICLR_results/terminalbench/main/qwen35b/d05__b3k__su-full/fix-pandas-version/summarization/run_3/trajectory.json,/home/ak58925/agentCtx-summarization/results/query-error-audit-20260907/details/01929.txt
terminalbench,main,qwen35b,d05__b3k__su-full,hosted_vllm/Qwen/Qwen3.5-35B-A3B,summarization,3000,0.5,git-workflow-hack,summarization,run_1,probable,summary_related_response,0,0,/home/ak58925/agentCtx/ICLR_results/terminalbench/main/qwen35b/d05__b3k__su-full/git-workflow-hack/summarization/run_1/trajectory.json,/home/ak58925/agentCtx-summarization/results/query-error-audit-20260907/details/01930.txt
terminalbench,main,qwen35b,d05__b3k__su-full,hosted_vllm/Qwen/Qwen3.5-35B-A3B,summarization,3000,0.5,git-workflow-hack,summarization,run_3,priority,summary_failure_accounting,0,47,/home/ak58925/agentCtx/ICLR_results/terminalbench/main/qwen35b/d05__b3k__su-full/git-workflow-hack/summarization/run_3/trajectory.json,/home/ak58925/agentCtx-summarization/results/query-error-audit-20260907/details/01931.txt
terminalbench,main,qwen35b,d05__b3k__su-full,hosted_vllm/Qwen/Qwen3.5-35B-A3B,summarization,3000,0.5,heterogeneous-dates,summarization,run_2,probable,summary_related_response,0,0,/home/ak58925/agentCtx/ICLR_results/terminalbench/main/qwen35b/d05__b3k__su-full/heterogeneous-dates/summarization/run_2/trajectory.json,/home/ak58925/agentCtx-summarization/results/query-error-audit-20260907/details/01933.txt
terminalbench,main,qwen35b,d05__b3k__su-full,hosted_vllm/Qwen/Qwen3.5-35B-A3B,summarization,3000,0.5,hf-model-inference,summarization,run_1,probable,summary_related_response,0,0,/home/ak58925/agentCtx/ICLR_results/terminalbench/main/qwen35b/d05__b3k__su-full/hf-model-inference/summarization/run_1/trajectory.json,/home/ak58925/agentCtx-summarization/results/query-error-audit-20260907/details/01934.txt
terminalbench,main,qwen35b,d05__b3k__su-full,hosted_vllm/Qwen/Qwen3.5-35B-A3B,summarization,3000,0.5,hf-model-inference,summarization,run_2,probable,summary_related_response,0,0,/home/ak58925/agentCtx/ICLR_results/terminalbench/main/qwen35b/d05__b3k__su-full/hf-model-inference/summarization/run_2/trajectory.json,/home/ak58925/agentCtx-summarization/results/query-error-audit-20260907/details/01935.txt
terminalbench,main,qwen35b,d05__b3k__su-full,hosted_vllm/Qwen/Qwen3.5-35B-A3B,summarization,3000,0.5,incompatible-python-fasttext,summarization,run_1,priority,summary_failure_accounting,0,101,/home/ak58925/agentCtx/ICLR_results/terminalbench/main/qwen35b/d05__b3k__su-full/incompatible-python-fasttext/summarization/run_1/trajectory.json,/home/ak58925/agentCtx-summarization/results/query-error-audit-20260907/details/01936.txt
terminalbench,main,qwen35b,d05__b3k__su-full,hosted_vllm/Qwen/Qwen3.5-35B-A3B,summarization,3000,0.5,intrusion-detection,summarization,run_1,probable,summary_related_response,0,0,/home/ak58925/agentCtx/ICLR_results/terminalbench/main/qwen35b/d05__b3k__su-full/intrusion-detection/summarization/run_1/trajectory.json,/home/ak58925/agentCtx-summarization/results/query-error-audit-20260907/details/01937.txt
terminalbench,main,qwen35b,d05__b3k__su-full,hosted_vllm/Qwen/Qwen3.5-35B-A3B,summarization,3000,0.5,intrusion-detection,summarization,run_3,priority,summary_marker_error,1,,/home/ak58925/agentCtx/ICLR_results/terminalbench/main/qwen35b/d05__b3k__su-full/intrusion-detection/summarization/run_3/trajectory.json,/home/ak58925/agentCtx-summarization/results/query-error-audit-20260907/details/01938.txt
terminalbench,main,qwen35b,d05__b3k__su-full,hosted_vllm/Qwen/Qwen3.5-35B-A3B,summarization,3000,0.5,modernize-fortran-build,summarization,run_1,priority,summary_failure_accounting,0,53,/home/ak58925/agentCtx/ICLR_results/terminalbench/main/qwen35b/d05__b3k__su-full/modernize-fortran-build/summarization/run_1/trajectory.json,/home/ak58925/agentCtx-summarization/results/query-error-audit-20260907/details/01939.txt
terminalbench,main,qwen35b,d05__b3k__su-full,hosted_vllm/Qwen/Qwen3.5-35B-A3B,summarization,3000,0.5,modernize-fortran-build,summarization,run_2,probable,summary_related_response,0,0,/home/ak58925/agentCtx/ICLR_results/terminalbench/main/qwen35b/d05__b3k__su-full/modernize-fortran-build/summarization/run_2/trajectory.json,/home/ak58925/agentCtx-summarization/results/query-error-audit-20260907/details/01940.txt
terminalbench,main,qwen35b,d05__b3k__su-full,hosted_vllm/Qwen/Qwen3.5-35B-A3B,summarization,3000,0.5,modernize-fortran-build,summarization,run_3,priority,summary_failure_accounting,0,57,/home/ak58925/agentCtx/ICLR_results/terminalbench/main/qwen35b/d05__b3k__su-full/modernize-fortran-build/summarization/run_3/trajectory.json,/home/ak58925/agentCtx-summarization/results/query-error-audit-20260907/details/01941.txt
terminalbench,main,qwen35b,d05__b3k__su-full,hosted_vllm/Qwen/Qwen3.5-35B-A3B,summarization,3000,0.5,new-encrypt-command,summarization,run_3,priority,summary_failure_accounting,0,49,/home/ak58925/agentCtx/ICLR_results/terminalbench/main/qwen35b/d05__b3k__su-full/new-encrypt-command/summarization/run_3/trajectory.json,/home/ak58925/agentCtx-summarization/results/query-error-audit-20260907/details/01942.txt
terminalbench,main,qwen35b,d05__b3k__su-full,hosted_vllm/Qwen/Qwen3.5-35B-A3B,summarization,3000,0.5,password-recovery,summarization,run_1,priority,summary_failure_accounting,0,39,/home/ak58925/agentCtx/ICLR_results/terminalbench/main/qwen35b/d05__b3k__su-full/password-recovery/summarization/run_1/trajectory.json,/home/ak58925/agentCtx-summarization/results/query-error-audit-20260907/details/01943.txt
terminalbench,main,qwen35b,d05__b3k__su-full,hosted_vllm/Qwen/Qwen3.5-35B-A3B,summarization,3000,0.5,password-recovery,summarization,run_2,priority,summary_failure_accounting,0,38,/home/ak58925/agentCtx/ICLR_results/terminalbench/main/qwen35b/d05__b3k__su-full/password-recovery/summarization/run_2/trajectory.json,/home/ak58925/agentCtx-summarization/results/query-error-audit-20260907/details/01944.txt
terminalbench,main,qwen35b,d05__b3k__su-full,hosted_vllm/Qwen/Qwen3.5-35B-A3B,summarization,3000,0.5,password-recovery,summarization,run_3,priority,summary_marker_error,2,,/home/ak58925/agentCtx/ICLR_results/terminalbench/main/qwen35b/d05__b3k__su-full/password-recovery/summarization/run_3/trajectory.json,/home/ak58925/agentCtx-summarization/results/query-error-audit-20260907/details/01945.txt
terminalbench,main,qwen35b,d05__b3k__su-full,hosted_vllm/Qwen/Qwen3.5-35B-A3B,summarization,3000,0.5,processing-pipeline,summarization,run_1,priority,summary_failure_accounting,0,30,/home/ak58925/agentCtx/ICLR_results/terminalbench/main/qwen35b/d05__b3k__su-full/processing-pipeline/summarization/run_1/trajectory.json,/home/ak58925/agentCtx-summarization/results/query-error-audit-20260907/details/01946.txt
terminalbench,main,qwen35b,d05__b3k__su-full,hosted_vllm/Qwen/Qwen3.5-35B-A3B,summarization,3000,0.5,processing-pipeline,summarization,run_3,priority,summary_failure_accounting,0,65,/home/ak58925/agentCtx/ICLR_results/terminalbench/main/qwen35b/d05__b3k__su-full/processing-pipeline/summarization/run_3/trajectory.json,/home/ak58925/agentCtx-summarization/results/query-error-audit-20260907/details/01947.txt
terminalbench,main,qwen35b,d05__b3k__su-full,hosted_vllm/Qwen/Qwen3.5-35B-A3B,summarization,3000,0.5,pytorch-model-cli.hard,summarization,run_1,priority,summary_failure_accounting,0,74,/home/ak58925/agentCtx/ICLR_results/terminalbench/main/qwen35b/d05__b3k__su-full/pytorch-model-cli.hard/summarization/run_1/trajectory.json,/home/ak58925/agentCtx-summarization/results/query-error-audit-20260907/details/01948.txt
terminalbench,main,qwen35b,d05__b3k__su-full,hosted_vllm/Qwen/Qwen3.5-35B-A3B,summarization,3000,0.5,qemu-alpine-ssh,summarization,run_2,priority,summary_failure_accounting,0,82,/home/ak58925/agentCtx/ICLR_results/terminalbench/main/qwen35b/d05__b3k__su-full/qemu-alpine-ssh/summarization/run_2/trajectory.json,/home/ak58925/agentCtx-summarization/results/query-error-audit-20260907/details/01949.txt
terminalbench,main,qwen35b,d05__b3k__su-full,hosted_vllm/Qwen/Qwen3.5-35B-A3B,summarization,3000,0.5,qemu-alpine-ssh,summarization,run_3,priority,summary_failure_accounting,0,71,/home/ak58925/agentCtx/ICLR_results/terminalbench/main/qwen35b/d05__b3k__su-full/qemu-alpine-ssh/summarization/run_3/trajectory.json,/home/ak58925/agentCtx-summarization/results/query-error-audit-20260907/details/01950.txt
terminalbench,main,qwen35b,d05__b3k__su-full,hosted_vllm/Qwen/Qwen3.5-35B-A3B,summarization,3000,0.5,qemu-startup,summarization,run_1,priority,summary_failure_accounting,0,30,/home/ak58925/agentCtx/ICLR_results/terminalbench/main/qwen35b/d05__b3k__su-full/qemu-startup/summarization/run_1/trajectory.json,/home/ak58925/agentCtx-summarization/results/query-error-audit-20260907/details/01951.txt
terminalbench,main,qwen35b,d05__b3k__su-full,hosted_vllm/Qwen/Qwen3.5-35B-A3B,summarization,3000,0.5,qemu-startup,summarization,run_2,priority,summary_failure_accounting,0,29,/home/ak58925/agentCtx/ICLR_results/terminalbench/main/qwen35b/d05__b3k__su-full/qemu-startup/summarization/run_2/trajectory.json,/home/ak58925/agentCtx-summarization/results/query-error-audit-20260907/details/01952.txt
terminalbench,main,qwen35b,d05__b3k__su-full,hosted_vllm/Qwen/Qwen3.5-35B-A3B,summarization,3000,0.5,qemu-startup,summarization,run_3,priority,summary_failure_accounting,0,35,/home/ak58925/agentCtx/ICLR_results/terminalbench/main/qwen35b/d05__b3k__su-full/qemu-startup/summarization/run_3/trajectory.json,/home/ak58925/agentCtx-summarization/results/query-error-audit-20260907/details/01953.txt
terminalbench,main,qwen35b,d05__b3k__su-full,hosted_vllm/Qwen/Qwen3.5-35B-A3B,summarization,3000,0.5,raman-fitting.easy,summarization,run_3,priority,summary_failure_accounting,0,53,/home/ak58925/agentCtx/ICLR_results/terminalbench/main/qwen35b/d05__b3k__su-full/raman-fitting.easy/summarization/run_3/trajectory.json,/home/ak58925/agentCtx-summarization/results/query-error-audit-20260907/details/01954.txt
terminalbench,main,qwen35b,d05__b3k__su-full,hosted_vllm/Qwen/Qwen3.5-35B-A3B,summarization,3000,0.5,sanitize-git-repo,summarization,run_3,probable,summary_related_response,0,0,/home/ak58925/agentCtx/ICLR_results/terminalbench/main/qwen35b/d05__b3k__su-full/sanitize-git-repo/summarization/run_3/trajectory.json,/home/ak58925/agentCtx-summarization/results/query-error-audit-20260907/details/01955.txt
terminalbench,main,qwen35b,d05__b3k__su-full,hosted_vllm/Qwen/Qwen3.5-35B-A3B,summarization,3000,0.5,sanitize-git-repo.hard,summarization,run_1,probable,summary_related_response,0,0,/home/ak58925/agentCtx/ICLR_results/terminalbench/main/qwen35b/d05__b3k__su-full/sanitize-git-repo.hard/summarization/run_1/trajectory.json,/home/ak58925/agentCtx-summarization/results/query-error-audit-20260907/details/01956.txt
terminalbench,main,qwen35b,d05__b3k__su-full,hosted_vllm/Qwen/Qwen3.5-35B-A3B,summarization,3000,0.5,solana-data,summarization,run_1,priority,summary_marker_error,1,,/home/ak58925/agentCtx/ICLR_results/terminalbench/main/qwen35b/d05__b3k__su-full/solana-data/summarization/run_1/trajectory.json,/home/ak58925/agentCtx-summarization/results/query-error-audit-20260907/details/01957.txt
terminalbench,main,qwen35b,d05__b3k__su-full,hosted_vllm/Qwen/Qwen3.5-35B-A3B,summarization,3000,0.5,solana-data,summarization,run_2,priority,summary_marker_error,1,,/home/ak58925/agentCtx/ICLR_results/terminalbench/main/qwen35b/d05__b3k__su-full/solana-data/summarization/run_2/trajectory.json,/home/ak58925/agentCtx-summarization/results/query-error-audit-20260907/details/01958.txt
terminalbench,main,qwen35b,d05__b3k__su-full,hosted_vllm/Qwen/Qwen3.5-35B-A3B,summarization,3000,0.5,super-benchmark-upet,summarization,run_1,priority,summary_failure_accounting,0,46,/home/ak58925/agentCtx/ICLR_results/terminalbench/main/qwen35b/d05__b3k__su-full/super-benchmark-upet/summarization/run_1/trajectory.json,/home/ak58925/agentCtx-summarization/results/query-error-audit-20260907/details/01959.txt
terminalbench,main,qwen35b,d05__b3k__su-full,hosted_vllm/Qwen/Qwen3.5-35B-A3B,summarization,3000,0.5,super-benchmark-upet,summarization,run_2,priority,summary_failure_accounting,0,47,/home/ak58925/agentCtx/ICLR_results/terminalbench/main/qwen35b/d05__b3k__su-full/super-benchmark-upet/summarization/run_2/trajectory.json,/home/ak58925/agentCtx-summarization/results/query-error-audit-20260907/details/01960.txt
terminalbench,main,qwen35b,d05__b3k__su-full,hosted_vllm/Qwen/Qwen3.5-35B-A3B,summarization,3000,0.5,super-benchmark-upet,summarization,run_3,probable,summary_related_response,0,0,/home/ak58925/agentCtx/ICLR_results/terminalbench/main/qwen35b/d05__b3k__su-full/super-benchmark-upet/summarization/run_3/trajectory.json,/home/ak58925/agentCtx-summarization/results/query-error-audit-20260907/details/01961.txt
terminalbench,main,qwen35b,d05__b3k__su-full,hosted_vllm/Qwen/Qwen3.5-35B-A3B,summarization,3000,0.5,swe-bench-astropy-2,summarization,run_1,priority,summary_failure_accounting,0,36,/home/ak58925/agentCtx/ICLR_results/terminalbench/main/qwen35b/d05__b3k__su-full/swe-bench-astropy-2/summarization/run_1/trajectory.json,/home/ak58925/agentCtx-summarization/results/query-error-audit-20260907/details/01962.txt
terminalbench,main,qwen35b,d05__b3k__su-full,hosted_vllm/Qwen/Qwen3.5-35B-A3B,summarization,3000,0.5,swe-bench-astropy-2,summarization,run_3,priority,summary_failure_accounting,0,40,/home/ak58925/agentCtx/ICLR_results/terminalbench/main/qwen35b/d05__b3k__su-full/swe-bench-astropy-2/summarization/run_3/trajectory.json,/home/ak58925/agentCtx-summarization/results/query-error-audit-20260907/details/01963.txt
terminalbench,main,qwen35b,d05__b3k__su-full,hosted_vllm/Qwen/Qwen3.5-35B-A3B,summarization,3000,0.5,swe-bench-fsspec,summarization,run_3,priority,summary_marker_error,3,,/home/ak58925/agentCtx/ICLR_results/terminalbench/main/qwen35b/d05__b3k__su-full/swe-bench-fsspec/summarization/run_3/trajectory.json,/home/ak58925/agentCtx-summarization/results/query-error-audit-20260907/details/01964.txt
terminalbench,main,qwen35b,d05__b3k__su-full,hosted_vllm/Qwen/Qwen3.5-35B-A3B,summarization,3000,0.5,tmux-advanced-workflow,summarization,run_2,priority,summary_failure_accounting,0,36,/home/ak58925/agentCtx/ICLR_results/terminalbench/main/qwen35b/d05__b3k__su-full/tmux-advanced-workflow/summarization/run_2/trajectory.json,/home/ak58925/agentCtx-summarization/results/query-error-audit-20260907/details/01965.txt
terminalbench,main,qwen35b,d05__b3k__su-partial,hosted_vllm/Qwen/Qwen3.5-35B-A3B,summarization_partial,3000,0.5,blind-maze-explorer-5x5,summarization-partial,run_1,priority,summary_failure_accounting,0,16,/home/ak58925/agentCtx/ICLR_results/terminalbench/main/qwen35b/d05__b3k__su-partial/blind-maze-explorer-5x5/summarization-partial/run_1/trajectory.json,/home/ak58925/agentCtx-summarization/results/query-error-audit-20260907/details/01966.txt
terminalbench,main,qwen35b,d05__b3k__su-partial,hosted_vllm/Qwen/Qwen3.5-35B-A3B,summarization_partial,3000,0.5,blind-maze-explorer-5x5,summarization-partial,run_2,priority,summary_failure_accounting,0,7,/home/ak58925/agentCtx/ICLR_results/terminalbench/main/qwen35b/d05__b3k__su-partial/blind-maze-explorer-5x5/summarization-partial/run_2/trajectory.json,/home/ak58925/agentCtx-summarization/results/query-error-audit-20260907/details/01967.txt
terminalbench,main,qwen35b,d05__b3k__su-partial,hosted_vllm/Qwen/Qwen3.5-35B-A3B,summarization_partial,3000,0.5,blind-maze-explorer-5x5,summarization-partial,run_3,priority,summary_failure_accounting,0,1,/home/ak58925/agentCtx/ICLR_results/terminalbench/main/qwen35b/d05__b3k__su-partial/blind-maze-explorer-5x5/summarization-partial/run_3/trajectory.json,/home/ak58925/agentCtx-summarization/results/query-error-audit-20260907/details/01968.txt
terminalbench,main,qwen35b,d05__b3k__su-partial,hosted_vllm/Qwen/Qwen3.5-35B-A3B,summarization_partial,3000,0.5,blind-maze-explorer-algorithm,summarization-partial,run_1,probable,summary_related_response,0,0,/home/ak58925/agentCtx/ICLR_results/terminalbench/main/qwen35b/d05__b3k__su-partial/blind-maze-explorer-algorithm/summarization-partial/run_1/trajectory.json,/home/ak58925/agentCtx-summarization/results/query-error-audit-20260907/details/01969.txt
terminalbench,main,qwen35b,d05__b3k__su-partial,hosted_vllm/Qwen/Qwen3.5-35B-A3B,summarization_partial,3000,0.5,blind-maze-explorer-algorithm,summarization-partial,run_2,probable,summary_related_response,0,0,/home/ak58925/agentCtx/ICLR_results/terminalbench/main/qwen35b/d05__b3k__su-partial/blind-maze-explorer-algorithm/summarization-partial/run_2/trajectory.json,/home/ak58925/agentCtx-summarization/results/query-error-audit-20260907/details/01970.txt
terminalbench,main,qwen35b,d05__b3k__su-partial,hosted_vllm/Qwen/Qwen3.5-35B-A3B,summarization_partial,3000,0.5,blind-maze-explorer-algorithm,summarization-partial,run_3,probable,summary_related_response,0,0,/home/ak58925/agentCtx/ICLR_results/terminalbench/main/qwen35b/d05__b3k__su-partial/blind-maze-explorer-algorithm/summarization-partial/run_3/trajectory.json,/home/ak58925/agentCtx-summarization/results/query-error-audit-20260907/details/01971.txt
terminalbench,main,qwen35b,d05__b3k__su-partial,hosted_vllm/Qwen/Qwen3.5-35B-A3B,summarization_partial,3000,0.5,cartpole-rl-training,summarization-partial,run_1,probable,summary_related_response,0,0,/home/ak58925/agentCtx/ICLR_results/terminalbench/main/qwen35b/d05__b3k__su-partial/cartpole-rl-training/summarization-partial/run_1/trajectory.json,/home/ak58925/agentCtx-summarization/results/query-error-audit-20260907/details/01972.txt
terminalbench,main,qwen35b,d05__b3k__su-partial,hosted_vllm/Qwen/Qwen3.5-35B-A3B,summarization_partial,3000,0.5,cartpole-rl-training,summarization-partial,run_3,probable,summary_related_response,0,0,/home/ak58925/agentCtx/ICLR_results/terminalbench/main/qwen35b/d05__b3k__su-partial/cartpole-rl-training/summarization-partial/run_3/trajectory.json,/home/ak58925/agentCtx-summarization/results/query-error-audit-20260907/details/01973.txt
terminalbench,main,qwen35b,d05__b3k__su-partial,hosted_vllm/Qwen/Qwen3.5-35B-A3B,summarization_partial,3000,0.5,count-dataset-tokens,summarization-partial,run_1,probable,summary_related_response,0,0,/home/ak58925/agentCtx/ICLR_results/terminalbench/main/qwen35b/d05__b3k__su-partial/count-dataset-tokens/summarization-partial/run_1/trajectory.json,/home/ak58925/agentCtx-summarization/results/query-error-audit-20260907/details/01974.txt
terminalbench,main,qwen35b,d05__b3k__su-partial,hosted_vllm/Qwen/Qwen3.5-35B-A3B,summarization_partial,3000,0.5,count-dataset-tokens,summarization-partial,run_2,priority,summary_failure_accounting,0,148,/home/ak58925/agentCtx/ICLR_results/terminalbench/main/qwen35b/d05__b3k__su-partial/count-dataset-tokens/summarization-partial/run_2/trajectory.json,/home/ak58925/agentCtx-summarization/results/query-error-audit-20260907/details/01975.txt
terminalbench,main,qwen35b,d05__b3k__su-partial,hosted_vllm/Qwen/Qwen3.5-35B-A3B,summarization_partial,3000,0.5,count-dataset-tokens,summarization-partial,run_3,priority,summary_failure_accounting,0,137,/home/ak58925/agentCtx/ICLR_results/terminalbench/main/qwen35b/d05__b3k__su-partial/count-dataset-tokens/summarization-partial/run_3/trajectory.json,/home/ak58925/agentCtx-summarization/results/query-error-audit-20260907/details/01976.txt
terminalbench,main,qwen35b,d05__b3k__su-partial,hosted_vllm/Qwen/Qwen3.5-35B-A3B,summarization_partial,3000,0.5,crack-7z-hash.hard,summarization-partial,run_1,priority,summary_failure_accounting,0,45,/home/ak58925/agentCtx/ICLR_results/terminalbench/main/qwen35b/d05__b3k__su-partial/crack-7z-hash.hard/summarization-partial/run_1/trajectory.json,/home/ak58925/agentCtx-summarization/results/query-error-audit-20260907/details/01977.txt
terminalbench,main,qwen35b,d05__b3k__su-partial,hosted_vllm/Qwen/Qwen3.5-35B-A3B,summarization_partial,3000,0.5,crack-7z-hash.hard,summarization-partial,run_2,priority,summary_failure_accounting,0,96,/home/ak58925/agentCtx/ICLR_results/terminalbench/main/qwen35b/d05__b3k__su-partial/crack-7z-hash.hard/summarization-partial/run_2/trajectory.json,/home/ak58925/agentCtx-summarization/results/query-error-audit-20260907/details/01978.txt
terminalbench,main,qwen35b,d05__b3k__su-partial,hosted_vllm/Qwen/Qwen3.5-35B-A3B,summarization_partial,3000,0.5,crack-7z-hash.hard,summarization-partial,run_3,priority,summary_failure_accounting,0,85,/home/ak58925/agentCtx/ICLR_results/terminalbench/main/qwen35b/d05__b3k__su-partial/crack-7z-hash.hard/summarization-partial/run_3/trajectory.json,/home/ak58925/agentCtx-summarization/results/query-error-audit-20260907/details/01979.txt
terminalbench,main,qwen35b,d05__b3k__su-partial,hosted_vllm/Qwen/Qwen3.5-35B-A3B,summarization_partial,3000,0.5,csv-to-parquet,summarization-partial,run_1,priority,summary_failure_accounting,0,6,/home/ak58925/agentCtx/ICLR_results/terminalbench/main/qwen35b/d05__b3k__su-partial/csv-to-parquet/summarization-partial/run_1/trajectory.json,/home/ak58925/agentCtx-summarization/results/query-error-audit-20260907/details/01980.txt
terminalbench,main,qwen35b,d05__b3k__su-partial,hosted_vllm/Qwen/Qwen3.5-35B-A3B,summarization_partial,3000,0.5,csv-to-parquet,summarization-partial,run_2,priority,summary_failure_accounting,0,4,/home/ak58925/agentCtx/ICLR_results/terminalbench/main/qwen35b/d05__b3k__su-partial/csv-to-parquet/summarization-partial/run_2/trajectory.json,/home/ak58925/agentCtx-summarization/results/query-error-audit-20260907/details/01981.txt
terminalbench,main,qwen35b,d05__b3k__su-partial,hosted_vllm/Qwen/Qwen3.5-35B-A3B,summarization_partial,3000,0.5,csv-to-parquet,summarization-partial,run_3,priority,summary_failure_accounting,0,23,/home/ak58925/agentCtx/ICLR_results/terminalbench/main/qwen35b/d05__b3k__su-partial/csv-to-parquet/summarization-partial/run_3/trajectory.json,/home/ak58925/agentCtx-summarization/results/query-error-audit-20260907/details/01982.txt
terminalbench,main,qwen35b,d05__b3k__su-partial,hosted_vllm/Qwen/Qwen3.5-35B-A3B,summarization_partial,3000,0.5,decommissioning-service-with-sensitive-data,summarization-partial,run_2,priority,summary_failure_accounting,0,85,/home/ak58925/agentCtx/ICLR_results/terminalbench/main/qwen35b/d05__b3k__su-partial/decommissioning-service-with-sensitive-data/summarization-partial/run_2/trajectory.json,/home/ak58925/agentCtx-summarization/results/query-error-audit-20260907/details/01983.txt
terminalbench,main,qwen35b,d05__b3k__su-partial,hosted_vllm/Qwen/Qwen3.5-35B-A3B,summarization_partial,3000,0.5,decommissioning-service-with-sensitive-data,summarization-partial,run_3,priority,summary_failure_accounting,0,78,/home/ak58925/agentCtx/ICLR_results/terminalbench/main/qwen35b/d05__b3k__su-partial/decommissioning-service-with-sensitive-data/summarization-partial/run_3/trajectory.json,/home/ak58925/agentCtx-summarization/results/query-error-audit-20260907/details/01984.txt
terminalbench,main,qwen35b,d05__b3k__su-partial,hosted_vllm/Qwen/Qwen3.5-35B-A3B,summarization_partial,3000,0.5,download-youtube,summarization-partial,run_1,priority,summary_marker_error,2,,/home/ak58925/agentCtx/ICLR_results/terminalbench/main/qwen35b/d05__b3k__su-partial/download-youtube/summarization-partial/run_1/trajectory.json,/home/ak58925/agentCtx-summarization/results/query-error-audit-20260907/details/01985.txt
terminalbench,main,qwen35b,d05__b3k__su-partial,hosted_vllm/Qwen/Qwen3.5-35B-A3B,summarization_partial,3000,0.5,download-youtube,summarization-partial,run_2,probable,summary_related_response,0,0,/home/ak58925/agentCtx/ICLR_results/terminalbench/main/qwen35b/d05__b3k__su-partial/download-youtube/summarization-partial/run_2/trajectory.json,/home/ak58925/agentCtx-summarization/results/query-error-audit-20260907/details/01986.txt
terminalbench,main,qwen35b,d05__b3k__su-partial,hosted_vllm/Qwen/Qwen3.5-35B-A3B,summarization_partial,3000,0.5,download-youtube,summarization-partial,run_3,priority,summary_marker_error,5,,/home/ak58925/agentCtx/ICLR_results/terminalbench/main/qwen35b/d05__b3k__su-partial/download-youtube/summarization-partial/run_3/trajectory.json,/home/ak58925/agentCtx-summarization/results/query-error-audit-20260907/details/01987.txt
terminalbench,main,qwen35b,d05__b3k__su-partial,hosted_vllm/Qwen/Qwen3.5-35B-A3B,summarization_partial,3000,0.5,eval-mteb,summarization-partial,run_1,priority,summary_failure_accounting,0,3,/home/ak58925/agentCtx/ICLR_results/terminalbench/main/qwen35b/d05__b3k__su-partial/eval-mteb/summarization-partial/run_1/trajectory.json,/home/ak58925/agentCtx-summarization/results/query-error-audit-20260907/details/01988.txt
terminalbench,main,qwen35b,d05__b3k__su-partial,hosted_vllm/Qwen/Qwen3.5-35B-A3B,summarization_partial,3000,0.5,eval-mteb,summarization-partial,run_2,priority,summary_failure_accounting,0,107,/home/ak58925/agentCtx/ICLR_results/terminalbench/main/qwen35b/d05__b3k__su-partial/eval-mteb/summarization-partial/run_2/trajectory.json,/home/ak58925/agentCtx-summarization/results/query-error-audit-20260907/details/01989.txt
terminalbench,main,qwen35b,d05__b3k__su-partial,hosted_vllm/Qwen/Qwen3.5-35B-A3B,summarization_partial,3000,0.5,eval-mteb,summarization-partial,run_3,priority,summary_failure_accounting,0,106,/home/ak58925/agentCtx/ICLR_results/terminalbench/main/qwen35b/d05__b3k__su-partial/eval-mteb/summarization-partial/run_3/trajectory.json,/home/ak58925/agentCtx-summarization/results/query-error-audit-20260907/details/01990.txt
terminalbench,main,qwen35b,d05__b3k__su-partial,hosted_vllm/Qwen/Qwen3.5-35B-A3B,summarization_partial,3000,0.5,eval-mteb.hard,summarization-partial,run_1,priority,summary_failure_accounting,0,13,/home/ak58925/agentCtx/ICLR_results/terminalbench/main/qwen35b/d05__b3k__su-partial/eval-mteb.hard/summarization-partial/run_1/trajectory.json,/home/ak58925/agentCtx-summarization/results/query-error-audit-20260907/details/01991.txt
terminalbench,main,qwen35b,d05__b3k__su-partial,hosted_vllm/Qwen/Qwen3.5-35B-A3B,summarization_partial,3000,0.5,eval-mteb.hard,summarization-partial,run_2,priority,summary_failure_accounting,0,87,/home/ak58925/agentCtx/ICLR_results/terminalbench/main/qwen35b/d05__b3k__su-partial/eval-mteb.hard/summarization-partial/run_2/trajectory.json,/home/ak58925/agentCtx-summarization/results/query-error-audit-20260907/details/01992.txt
terminalbench,main,qwen35b,d05__b3k__su-partial,hosted_vllm/Qwen/Qwen3.5-35B-A3B,summarization_partial,3000,0.5,eval-mteb.hard,summarization-partial,run_3,priority,summary_marker_error,1,,/home/ak58925/agentCtx/ICLR_results/terminalbench/main/qwen35b/d05__b3k__su-partial/eval-mteb.hard/summarization-partial/run_3/trajectory.json,/home/ak58925/agentCtx-summarization/results/query-error-audit-20260907/details/01993.txt
terminalbench,main,qwen35b,d05__b3k__su-partial,hosted_vllm/Qwen/Qwen3.5-35B-A3B,summarization_partial,3000,0.5,extract-moves-from-video,summarization-partial,run_1,priority,summary_failure_accounting,0,19,/home/ak58925/agentCtx/ICLR_results/terminalbench/main/qwen35b/d05__b3k__su-partial/extract-moves-from-video/summarization-partial/run_1/trajectory.json,/home/ak58925/agentCtx-summarization/results/query-error-audit-20260907/details/01994.txt
terminalbench,main,qwen35b,d05__b3k__su-partial,hosted_vllm/Qwen/Qwen3.5-35B-A3B,summarization_partial,3000,0.5,extract-moves-from-video,summarization-partial,run_2,priority,summary_marker_error,6,,/home/ak58925/agentCtx/ICLR_results/terminalbench/main/qwen35b/d05__b3k__su-partial/extract-moves-from-video/summarization-partial/run_2/trajectory.json,/home/ak58925/agentCtx-summarization/results/query-error-audit-20260907/details/01995.txt
terminalbench,main,qwen35b,d05__b3k__su-partial,hosted_vllm/Qwen/Qwen3.5-35B-A3B,summarization_partial,3000,0.5,extract-moves-from-video,summarization-partial,run_3,priority,summary_marker_error,6,,/home/ak58925/agentCtx/ICLR_results/terminalbench/main/qwen35b/d05__b3k__su-partial/extract-moves-from-video/summarization-partial/run_3/trajectory.json,/home/ak58925/agentCtx-summarization/results/query-error-audit-20260907/details/01996.txt
terminalbench,main,qwen35b,d05__b3k__su-partial,hosted_vllm/Qwen/Qwen3.5-35B-A3B,summarization_partial,3000,0.5,fibonacci-server,summarization-partial,run_2,probable,summary_related_response,0,0,/home/ak58925/agentCtx/ICLR_results/terminalbench/main/qwen35b/d05__b3k__su-partial/fibonacci-server/summarization-partial/run_2/trajectory.json,/home/ak58925/agentCtx-summarization/results/query-error-audit-20260907/details/01997.txt
terminalbench,main,qwen35b,d05__b3k__su-partial,hosted_vllm/Qwen/Qwen3.5-35B-A3B,summarization_partial,3000,0.5,fix-git,summarization-partial,run_1,priority,summary_failure_accounting,0,3,/home/ak58925/agentCtx/ICLR_results/terminalbench/main/qwen35b/d05__b3k__su-partial/fix-git/summarization-partial/run_1/trajectory.json,/home/ak58925/agentCtx-summarization/results/query-error-audit-20260907/details/01998.txt
terminalbench,main,qwen35b,d05__b3k__su-partial,hosted_vllm/Qwen/Qwen3.5-35B-A3B,summarization_partial,3000,0.5,fix-git,summarization-partial,run_3,probable,summary_related_response,0,0,/home/ak58925/agentCtx/ICLR_results/terminalbench/main/qwen35b/d05__b3k__su-partial/fix-git/summarization-partial/run_3/trajectory.json,/home/ak58925/agentCtx-summarization/results/query-error-audit-20260907/details/01999.txt
terminalbench,main,qwen35b,d05__b3k__su-partial,hosted_vllm/Qwen/Qwen3.5-35B-A3B,summarization_partial,3000,0.5,fix-pandas-version,summarization-partial,run_1,probable,summary_related_response,0,0,/home/ak58925/agentCtx/ICLR_results/terminalbench/main/qwen35b/d05__b3k__su-partial/fix-pandas-version/summarization-partial/run_1/trajectory.json,/home/ak58925/agentCtx-summarization/results/query-error-audit-20260907/details/02000.txt
terminalbench,main,qwen35b,d05__b3k__su-partial,hosted_vllm/Qwen/Qwen3.5-35B-A3B,summarization_partial,3000,0.5,fix-pandas-version,summarization-partial,run_2,priority,summary_marker_error,3,,/home/ak58925/agentCtx/ICLR_results/terminalbench/main/qwen35b/d05__b3k__su-partial/fix-pandas-version/summarization-partial/run_2/trajectory.json,/home/ak58925/agentCtx-summarization/results/query-error-audit-20260907/details/02001.txt
terminalbench,main,qwen35b,d05__b3k__su-partial,hosted_vllm/Qwen/Qwen3.5-35B-A3B,summarization_partial,3000,0.5,fix-pandas-version,summarization-partial,run_3,probable,summary_related_response,0,0,/home/ak58925/agentCtx/ICLR_results/terminalbench/main/qwen35b/d05__b3k__su-partial/fix-pandas-version/summarization-partial/run_3/trajectory.json,/home/ak58925/agentCtx-summarization/results/query-error-audit-20260907/details/02002.txt
terminalbench,main,qwen35b,d05__b3k__su-partial,hosted_vllm/Qwen/Qwen3.5-35B-A3B,summarization_partial,3000,0.5,git-workflow-hack,summarization-partial,run_1,priority,summary_failure_accounting,0,12,/home/ak58925/agentCtx/ICLR_results/terminalbench/main/qwen35b/d05__b3k__su-partial/git-workflow-hack/summarization-partial/run_1/trajectory.json,/home/ak58925/agentCtx-summarization/results/query-error-audit-20260907/details/02003.txt
terminalbench,main,qwen35b,d05__b3k__su-partial,hosted_vllm/Qwen/Qwen3.5-35B-A3B,summarization_partial,3000,0.5,git-workflow-hack,summarization-partial,run_2,priority,summary_marker_error,1,,/home/ak58925/agentCtx/ICLR_results/terminalbench/main/qwen35b/d05__b3k__su-partial/git-workflow-hack/summarization-partial/run_2/trajectory.json,/home/ak58925/agentCtx-summarization/results/query-error-audit-20260907/details/02004.txt
terminalbench,main,qwen35b,d05__b3k__su-partial,hosted_vllm/Qwen/Qwen3.5-35B-A3B,summarization_partial,3000,0.5,git-workflow-hack,summarization-partial,run_3,priority,summary_marker_error,1,,/home/ak58925/agentCtx/ICLR_results/terminalbench/main/qwen35b/d05__b3k__su-partial/git-workflow-hack/summarization-partial/run_3/trajectory.json,/home/ak58925/agentCtx-summarization/results/query-error-audit-20260907/details/02005.txt
terminalbench,main,qwen35b,d05__b3k__su-partial,hosted_vllm/Qwen/Qwen3.5-35B-A3B,summarization_partial,3000,0.5,gpt2-codegolf,summarization-partial,run_1,probable,summary_related_response,0,0,/home/ak58925/agentCtx/ICLR_results/terminalbench/main/qwen35b/d05__b3k__su-partial/gpt2-codegolf/summarization-partial/run_1/trajectory.json,/home/ak58925/agentCtx-summarization/results/query-error-audit-20260907/details/02006.txt
terminalbench,main,qwen35b,d05__b3k__su-partial,hosted_vllm/Qwen/Qwen3.5-35B-A3B,summarization_partial,3000,0.5,gpt2-codegolf,summarization-partial,run_2,probable,summary_related_response,0,0,/home/ak58925/agentCtx/ICLR_results/terminalbench/main/qwen35b/d05__b3k__su-partial/gpt2-codegolf/summarization-partial/run_2/trajectory.json,/home/ak58925/agentCtx-summarization/results/query-error-audit-20260907/details/02007.txt
terminalbench,main,qwen35b,d05__b3k__su-partial,hosted_vllm/Qwen/Qwen3.5-35B-A3B,summarization_partial,3000,0.5,gpt2-codegolf,summarization-partial,run_3,probable,summary_related_response,0,0,/home/ak58925/agentCtx/ICLR_results/terminalbench/main/qwen35b/d05__b3k__su-partial/gpt2-codegolf/summarization-partial/run_3/trajectory.json,/home/ak58925/agentCtx-summarization/results/query-error-audit-20260907/details/02008.txt
terminalbench,main,qwen35b,d05__b3k__su-partial,hosted_vllm/Qwen/Qwen3.5-35B-A3B,summarization_partial,3000,0.5,hf-model-inference,summarization-partial,run_1,probable,summary_related_response,0,0,/home/ak58925/agentCtx/ICLR_results/terminalbench/main/qwen35b/d05__b3k__su-partial/hf-model-inference/summarization-partial/run_1/trajectory.json,/home/ak58925/agentCtx-summarization/results/query-error-audit-20260907/details/02009.txt
terminalbench,main,qwen35b,d05__b3k__su-partial,hosted_vllm/Qwen/Qwen3.5-35B-A3B,summarization_partial,3000,0.5,hf-model-inference,summarization-partial,run_2,probable,summary_related_response,0,0,/home/ak58925/agentCtx/ICLR_results/terminalbench/main/qwen35b/d05__b3k__su-partial/hf-model-inference/summarization-partial/run_2/trajectory.json,/home/ak58925/agentCtx-summarization/results/query-error-audit-20260907/details/02010.txt
terminalbench,main,qwen35b,d05__b3k__su-partial,hosted_vllm/Qwen/Qwen3.5-35B-A3B,summarization_partial,3000,0.5,hf-model-inference,summarization-partial,run_3,priority,summary_marker_error,2,,/home/ak58925/agentCtx/ICLR_results/terminalbench/main/qwen35b/d05__b3k__su-partial/hf-model-inference/summarization-partial/run_3/trajectory.json,/home/ak58925/agentCtx-summarization/results/query-error-audit-20260907/details/02011.txt
terminalbench,main,qwen35b,d05__b3k__su-partial,hosted_vllm/Qwen/Qwen3.5-35B-A3B,summarization_partial,3000,0.5,incompatible-python-fasttext,summarization-partial,run_1,priority,summary_failure_accounting,0,3,/home/ak58925/agentCtx/ICLR_results/terminalbench/main/qwen35b/d05__b3k__su-partial/incompatible-python-fasttext/summarization-partial/run_1/trajectory.json,/home/ak58925/agentCtx-summarization/results/query-error-audit-20260907/details/02012.txt
terminalbench,main,qwen35b,d05__b3k__su-partial,hosted_vllm/Qwen/Qwen3.5-35B-A3B,summarization_partial,3000,0.5,incompatible-python-fasttext,summarization-partial,run_2,priority,summary_failure_accounting,0,3,/home/ak58925/agentCtx/ICLR_results/terminalbench/main/qwen35b/d05__b3k__su-partial/incompatible-python-fasttext/summarization-partial/run_2/trajectory.json,/home/ak58925/agentCtx-summarization/results/query-error-audit-20260907/details/02013.txt
terminalbench,main,qwen35b,d05__b3k__su-partial,hosted_vllm/Qwen/Qwen3.5-35B-A3B,summarization_partial,3000,0.5,incompatible-python-fasttext,summarization-partial,run_3,priority,summary_failure_accounting,0,161,/home/ak58925/agentCtx/ICLR_results/terminalbench/main/qwen35b/d05__b3k__su-partial/incompatible-python-fasttext/summarization-partial/run_3/trajectory.json,/home/ak58925/agentCtx-summarization/results/query-error-audit-20260907/details/02014.txt
terminalbench,main,qwen35b,d05__b3k__su-partial,hosted_vllm/Qwen/Qwen3.5-35B-A3B,summarization_partial,3000,0.5,intrusion-detection,summarization-partial,run_1,priority,summary_marker_error,2,,/home/ak58925/agentCtx/ICLR_results/terminalbench/main/qwen35b/d05__b3k__su-partial/intrusion-detection/summarization-partial/run_1/trajectory.json,/home/ak58925/agentCtx-summarization/results/query-error-audit-20260907/details/02015.txt
terminalbench,main,qwen35b,d05__b3k__su-partial,hosted_vllm/Qwen/Qwen3.5-35B-A3B,summarization_partial,3000,0.5,intrusion-detection,summarization-partial,run_3,priority,summary_failure_accounting,0,6,/home/ak58925/agentCtx/ICLR_results/terminalbench/main/qwen35b/d05__b3k__su-partial/intrusion-detection/summarization-partial/run_3/trajectory.json,/home/ak58925/agentCtx-summarization/results/query-error-audit-20260907/details/02016.txt
terminalbench,main,qwen35b,d05__b3k__su-partial,hosted_vllm/Qwen/Qwen3.5-35B-A3B,summarization_partial,3000,0.5,modernize-fortran-build,summarization-partial,run_1,priority,summary_marker_error,4,,/home/ak58925/agentCtx/ICLR_results/terminalbench/main/qwen35b/d05__b3k__su-partial/modernize-fortran-build/summarization-partial/run_1/trajectory.json,/home/ak58925/agentCtx-summarization/results/query-error-audit-20260907/details/02017.txt
terminalbench,main,qwen35b,d05__b3k__su-partial,hosted_vllm/Qwen/Qwen3.5-35B-A3B,summarization_partial,3000,0.5,modernize-fortran-build,summarization-partial,run_2,priority,summary_failure_accounting,0,2,/home/ak58925/agentCtx/ICLR_results/terminalbench/main/qwen35b/d05__b3k__su-partial/modernize-fortran-build/summarization-partial/run_2/trajectory.json,/home/ak58925/agentCtx-summarization/results/query-error-audit-20260907/details/02018.txt
terminalbench,main,qwen35b,d05__b3k__su-partial,hosted_vllm/Qwen/Qwen3.5-35B-A3B,summarization_partial,3000,0.5,modernize-fortran-build,summarization-partial,run_3,priority,summary_failure_accounting,0,3,/home/ak58925/agentCtx/ICLR_results/terminalbench/main/qwen35b/d05__b3k__su-partial/modernize-fortran-build/summarization-partial/run_3/trajectory.json,/home/ak58925/agentCtx-summarization/results/query-error-audit-20260907/details/02019.txt
terminalbench,main,qwen35b,d05__b3k__su-partial,hosted_vllm/Qwen/Qwen3.5-35B-A3B,summarization_partial,3000,0.5,password-recovery,summarization-partial,run_1,priority,summary_failure_accounting,0,48,/home/ak58925/agentCtx/ICLR_results/terminalbench/main/qwen35b/d05__b3k__su-partial/password-recovery/summarization-partial/run_1/trajectory.json,/home/ak58925/agentCtx-summarization/results/query-error-audit-20260907/details/02020.txt
terminalbench,main,qwen35b,d05__b3k__su-partial,hosted_vllm/Qwen/Qwen3.5-35B-A3B,summarization_partial,3000,0.5,password-recovery,summarization-partial,run_2,probable,summary_related_response,0,0,/home/ak58925/agentCtx/ICLR_results/terminalbench/main/qwen35b/d05__b3k__su-partial/password-recovery/summarization-partial/run_2/trajectory.json,/home/ak58925/agentCtx-summarization/results/query-error-audit-20260907/details/02021.txt
terminalbench,main,qwen35b,d05__b3k__su-partial,hosted_vllm/Qwen/Qwen3.5-35B-A3B,summarization_partial,3000,0.5,password-recovery,summarization-partial,run_3,priority,summary_failure_accounting,0,7,/home/ak58925/agentCtx/ICLR_results/terminalbench/main/qwen35b/d05__b3k__su-partial/password-recovery/summarization-partial/run_3/trajectory.json,/home/ak58925/agentCtx-summarization/results/query-error-audit-20260907/details/02022.txt
terminalbench,main,qwen35b,d05__b3k__su-partial,hosted_vllm/Qwen/Qwen3.5-35B-A3B,summarization_partial,3000,0.5,path-tracing-reverse,summarization-partial,run_1,priority,summary_marker_error,5,,/home/ak58925/agentCtx/ICLR_results/terminalbench/main/qwen35b/d05__b3k__su-partial/path-tracing-reverse/summarization-partial/run_1/trajectory.json,/home/ak58925/agentCtx-summarization/results/query-error-audit-20260907/details/02023.txt
terminalbench,main,qwen35b,d05__b3k__su-partial,hosted_vllm/Qwen/Qwen3.5-35B-A3B,summarization_partial,3000,0.5,path-tracing-reverse,summarization-partial,run_2,priority,summary_marker_error,2,,/home/ak58925/agentCtx/ICLR_results/terminalbench/main/qwen35b/d05__b3k__su-partial/path-tracing-reverse/summarization-partial/run_2/trajectory.json,/home/ak58925/agentCtx-summarization/results/query-error-audit-20260907/details/02024.txt
terminalbench,main,qwen35b,d05__b3k__su-partial,hosted_vllm/Qwen/Qwen3.5-35B-A3B,summarization_partial,3000,0.5,path-tracing-reverse,summarization-partial,run_3,priority,summary_marker_error,1,,/home/ak58925/agentCtx/ICLR_results/terminalbench/main/qwen35b/d05__b3k__su-partial/path-tracing-reverse/summarization-partial/run_3/trajectory.json,/home/ak58925/agentCtx-summarization/results/query-error-audit-20260907/details/02025.txt
terminalbench,main,qwen35b,d05__b3k__su-partial,hosted_vllm/Qwen/Qwen3.5-35B-A3B,summarization_partial,3000,0.5,processing-pipeline,summarization-partial,run_1,priority,summary_failure_accounting,0,28,/home/ak58925/agentCtx/ICLR_results/terminalbench/main/qwen35b/d05__b3k__su-partial/processing-pipeline/summarization-partial/run_1/trajectory.json,/home/ak58925/agentCtx-summarization/results/query-error-audit-20260907/details/02026.txt
terminalbench,main,qwen35b,d05__b3k__su-partial,hosted_vllm/Qwen/Qwen3.5-35B-A3B,summarization_partial,3000,0.5,processing-pipeline,summarization-partial,run_2,priority,summary_failure_accounting,0,112,/home/ak58925/agentCtx/ICLR_results/terminalbench/main/qwen35b/d05__b3k__su-partial/processing-pipeline/summarization-partial/run_2/trajectory.json,/home/ak58925/agentCtx-summarization/results/query-error-audit-20260907/details/02027.txt
terminalbench,main,qwen35b,d05__b3k__su-partial,hosted_vllm/Qwen/Qwen3.5-35B-A3B,summarization_partial,3000,0.5,prove-plus-comm,summarization-partial,run_2,probable,summary_related_response,0,0,/home/ak58925/agentCtx/ICLR_results/terminalbench/main/qwen35b/d05__b3k__su-partial/prove-plus-comm/summarization-partial/run_2/trajectory.json,/home/ak58925/agentCtx-summarization/results/query-error-audit-20260907/details/02028.txt
terminalbench,main,qwen35b,d05__b3k__su-partial,hosted_vllm/Qwen/Qwen3.5-35B-A3B,summarization_partial,3000,0.5,pytorch-model-cli.hard,summarization-partial,run_1,priority,summary_marker_error,1,,/home/ak58925/agentCtx/ICLR_results/terminalbench/main/qwen35b/d05__b3k__su-partial/pytorch-model-cli.hard/summarization-partial/run_1/trajectory.json,/home/ak58925/agentCtx-summarization/results/query-error-audit-20260907/details/02030.txt
terminalbench,main,qwen35b,d05__b3k__su-partial,hosted_vllm/Qwen/Qwen3.5-35B-A3B,summarization_partial,3000,0.5,pytorch-model-cli.hard,summarization-partial,run_2,probable,summary_related_response,0,0,/home/ak58925/agentCtx/ICLR_results/terminalbench/main/qwen35b/d05__b3k__su-partial/pytorch-model-cli.hard/summarization-partial/run_2/trajectory.json,/home/ak58925/agentCtx-summarization/results/query-error-audit-20260907/details/02031.txt
terminalbench,main,qwen35b,d05__b3k__su-partial,hosted_vllm/Qwen/Qwen3.5-35B-A3B,summarization_partial,3000,0.5,pytorch-model-cli.hard,summarization-partial,run_3,priority,summary_marker_error,3,,/home/ak58925/agentCtx/ICLR_results/terminalbench/main/qwen35b/d05__b3k__su-partial/pytorch-model-cli.hard/summarization-partial/run_3/trajectory.json,/home/ak58925/agentCtx-summarization/results/query-error-audit-20260907/details/02032.txt
terminalbench,main,qwen35b,d05__b3k__su-partial,hosted_vllm/Qwen/Qwen3.5-35B-A3B,summarization_partial,3000,0.5,qemu-alpine-ssh,summarization-partial,run_1,priority,summary_failure_accounting,0,34,/home/ak58925/agentCtx/ICLR_results/terminalbench/main/qwen35b/d05__b3k__su-partial/qemu-alpine-ssh/summarization-partial/run_1/trajectory.json,/home/ak58925/agentCtx-summarization/results/query-error-audit-20260907/details/02033.txt
terminalbench,main,qwen35b,d05__b3k__su-partial,hosted_vllm/Qwen/Qwen3.5-35B-A3B,summarization_partial,3000,0.5,qemu-alpine-ssh,summarization-partial,run_2,priority,summary_failure_accounting,0,125,/home/ak58925/agentCtx/ICLR_results/terminalbench/main/qwen35b/d05__b3k__su-partial/qemu-alpine-ssh/summarization-partial/run_2/trajectory.json,/home/ak58925/agentCtx-summarization/results/query-error-audit-20260907/details/02034.txt
terminalbench,main,qwen35b,d05__b3k__su-partial,hosted_vllm/Qwen/Qwen3.5-35B-A3B,summarization_partial,3000,0.5,qemu-alpine-ssh,summarization-partial,run_3,priority,summary_failure_accounting,0,129,/home/ak58925/agentCtx/ICLR_results/terminalbench/main/qwen35b/d05__b3k__su-partial/qemu-alpine-ssh/summarization-partial/run_3/trajectory.json,/home/ak58925/agentCtx-summarization/results/query-error-audit-20260907/details/02035.txt
terminalbench,main,qwen35b,d05__b3k__su-partial,hosted_vllm/Qwen/Qwen3.5-35B-A3B,summarization_partial,3000,0.5,qemu-startup,summarization-partial,run_1,priority,summary_failure_accounting,0,46,/home/ak58925/agentCtx/ICLR_results/terminalbench/main/qwen35b/d05__b3k__su-partial/qemu-startup/summarization-partial/run_1/trajectory.json,/home/ak58925/agentCtx-summarization/results/query-error-audit-20260907/details/02036.txt
terminalbench,main,qwen35b,d05__b3k__su-partial,hosted_vllm/Qwen/Qwen3.5-35B-A3B,summarization_partial,3000,0.5,qemu-startup,summarization-partial,run_2,priority,summary_failure_accounting,0,81,/home/ak58925/agentCtx/ICLR_results/terminalbench/main/qwen35b/d05__b3k__su-partial/qemu-startup/summarization-partial/run_2/trajectory.json,/home/ak58925/agentCtx-summarization/results/query-error-audit-20260907/details/02037.txt
terminalbench,main,qwen35b,d05__b3k__su-partial,hosted_vllm/Qwen/Qwen3.5-35B-A3B,summarization_partial,3000,0.5,qemu-startup,summarization-partial,run_3,priority,summary_failure_accounting,0,1,/home/ak58925/agentCtx/ICLR_results/terminalbench/main/qwen35b/d05__b3k__su-partial/qemu-startup/summarization-partial/run_3/trajectory.json,/home/ak58925/agentCtx-summarization/results/query-error-audit-20260907/details/02038.txt
terminalbench,main,qwen35b,d05__b3k__su-partial,hosted_vllm/Qwen/Qwen3.5-35B-A3B,summarization_partial,3000,0.5,raman-fitting.easy,summarization-partial,run_1,priority,summary_marker_error,3,,/home/ak58925/agentCtx/ICLR_results/terminalbench/main/qwen35b/d05__b3k__su-partial/raman-fitting.easy/summarization-partial/run_1/trajectory.json,/home/ak58925/agentCtx-summarization/results/query-error-audit-20260907/details/02039.txt
terminalbench,main,qwen35b,d05__b3k__su-partial,hosted_vllm/Qwen/Qwen3.5-35B-A3B,summarization_partial,3000,0.5,raman-fitting.easy,summarization-partial,run_2,priority,summary_marker_error,5,,/home/ak58925/agentCtx/ICLR_results/terminalbench/main/qwen35b/d05__b3k__su-partial/raman-fitting.easy/summarization-partial/run_2/trajectory.json,/home/ak58925/agentCtx-summarization/results/query-error-audit-20260907/details/02040.txt
terminalbench,main,qwen35b,d05__b3k__su-partial,hosted_vllm/Qwen/Qwen3.5-35B-A3B,summarization_partial,3000,0.5,raman-fitting.easy,summarization-partial,run_3,priority,summary_marker_error,1,,/home/ak58925/agentCtx/ICLR_results/terminalbench/main/qwen35b/d05__b3k__su-partial/raman-fitting.easy/summarization-partial/run_3/trajectory.json,/home/ak58925/agentCtx-summarization/results/query-error-audit-20260907/details/02041.txt
terminalbench,main,qwen35b,d05__b3k__su-partial,hosted_vllm/Qwen/Qwen3.5-35B-A3B,summarization_partial,3000,0.5,sanitize-git-repo,summarization-partial,run_1,priority,summary_failure_accounting,0,5,/home/ak58925/agentCtx/ICLR_results/terminalbench/main/qwen35b/d05__b3k__su-partial/sanitize-git-repo/summarization-partial/run_1/trajectory.json,/home/ak58925/agentCtx-summarization/results/query-error-audit-20260907/details/02042.txt
terminalbench,main,qwen35b,d05__b3k__su-partial,hosted_vllm/Qwen/Qwen3.5-35B-A3B,summarization_partial,3000,0.5,sanitize-git-repo,summarization-partial,run_2,priority,summary_marker_error,6,,/home/ak58925/agentCtx/ICLR_results/terminalbench/main/qwen35b/d05__b3k__su-partial/sanitize-git-repo/summarization-partial/run_2/trajectory.json,/home/ak58925/agentCtx-summarization/results/query-error-audit-20260907/details/02043.txt
terminalbench,main,qwen35b,d05__b3k__su-partial,hosted_vllm/Qwen/Qwen3.5-35B-A3B,summarization_partial,3000,0.5,sanitize-git-repo,summarization-partial,run_3,priority,summary_marker_error,2,,/home/ak58925/agentCtx/ICLR_results/terminalbench/main/qwen35b/d05__b3k__su-partial/sanitize-git-repo/summarization-partial/run_3/trajectory.json,/home/ak58925/agentCtx-summarization/results/query-error-audit-20260907/details/02044.txt
terminalbench,main,qwen35b,d05__b3k__su-partial,hosted_vllm/Qwen/Qwen3.5-35B-A3B,summarization_partial,3000,0.5,sanitize-git-repo.hard,summarization-partial,run_1,probable,summary_related_response,0,0,/home/ak58925/agentCtx/ICLR_results/terminalbench/main/qwen35b/d05__b3k__su-partial/sanitize-git-repo.hard/summarization-partial/run_1/trajectory.json,/home/ak58925/agentCtx-summarization/results/query-error-audit-20260907/details/02045.txt
terminalbench,main,qwen35b,d05__b3k__su-partial,hosted_vllm/Qwen/Qwen3.5-35B-A3B,summarization_partial,3000,0.5,sanitize-git-repo.hard,summarization-partial,run_2,probable,summary_related_response,0,0,/home/ak58925/agentCtx/ICLR_results/terminalbench/main/qwen35b/d05__b3k__su-partial/sanitize-git-repo.hard/summarization-partial/run_2/trajectory.json,/home/ak58925/agentCtx-summarization/results/query-error-audit-20260907/details/02046.txt
terminalbench,main,qwen35b,d05__b3k__su-partial,hosted_vllm/Qwen/Qwen3.5-35B-A3B,summarization_partial,3000,0.5,sanitize-git-repo.hard,summarization-partial,run_3,probable,summary_related_response,0,0,/home/ak58925/agentCtx/ICLR_results/terminalbench/main/qwen35b/d05__b3k__su-partial/sanitize-git-repo.hard/summarization-partial/run_3/trajectory.json,/home/ak58925/agentCtx-summarization/results/query-error-audit-20260907/details/02047.txt
terminalbench,main,qwen35b,d05__b3k__su-partial,hosted_vllm/Qwen/Qwen3.5-35B-A3B,summarization_partial,3000,0.5,solana-data,summarization-partial,run_1,priority,summary_marker_error,1,,/home/ak58925/agentCtx/ICLR_results/terminalbench/main/qwen35b/d05__b3k__su-partial/solana-data/summarization-partial/run_1/trajectory.json,/home/ak58925/agentCtx-summarization/results/query-error-audit-20260907/details/02048.txt
terminalbench,main,qwen35b,d05__b3k__su-partial,hosted_vllm/Qwen/Qwen3.5-35B-A3B,summarization_partial,3000,0.5,solana-data,summarization-partial,run_2,probable,summary_related_response,0,0,/home/ak58925/agentCtx/ICLR_results/terminalbench/main/qwen35b/d05__b3k__su-partial/solana-data/summarization-partial/run_2/trajectory.json,/home/ak58925/agentCtx-summarization/results/query-error-audit-20260907/details/02049.txt
terminalbench,main,qwen35b,d05__b3k__su-partial,hosted_vllm/Qwen/Qwen3.5-35B-A3B,summarization_partial,3000,0.5,solana-data,summarization-partial,run_3,probable,summary_related_response,0,0,/home/ak58925/agentCtx/ICLR_results/terminalbench/main/qwen35b/d05__b3k__su-partial/solana-data/summarization-partial/run_3/trajectory.json,/home/ak58925/agentCtx-summarization/results/query-error-audit-20260907/details/02050.txt
terminalbench,main,qwen35b,d05__b3k__su-partial,hosted_vllm/Qwen/Qwen3.5-35B-A3B,summarization_partial,3000,0.5,sqlite-with-gcov,summarization-partial,run_1,probable,summary_related_response,0,0,/home/ak58925/agentCtx/ICLR_results/terminalbench/main/qwen35b/d05__b3k__su-partial/sqlite-with-gcov/summarization-partial/run_1/trajectory.json,/home/ak58925/agentCtx-summarization/results/query-error-audit-20260907/details/02051.txt
terminalbench,main,qwen35b,d05__b3k__su-partial,hosted_vllm/Qwen/Qwen3.5-35B-A3B,summarization_partial,3000,0.5,sqlite-with-gcov,summarization-partial,run_2,probable,summary_related_response,0,0,/home/ak58925/agentCtx/ICLR_results/terminalbench/main/qwen35b/d05__b3k__su-partial/sqlite-with-gcov/summarization-partial/run_2/trajectory.json,/home/ak58925/agentCtx-summarization/results/query-error-audit-20260907/details/02052.txt
terminalbench,main,qwen35b,d05__b3k__su-partial,hosted_vllm/Qwen/Qwen3.5-35B-A3B,summarization_partial,3000,0.5,sqlite-with-gcov,summarization-partial,run_3,priority,summary_marker_error,4,,/home/ak58925/agentCtx/ICLR_results/terminalbench/main/qwen35b/d05__b3k__su-partial/sqlite-with-gcov/summarization-partial/run_3/trajectory.json,/home/ak58925/agentCtx-summarization/results/query-error-audit-20260907/details/02053.txt
terminalbench,main,qwen35b,d05__b3k__su-partial,hosted_vllm/Qwen/Qwen3.5-35B-A3B,summarization_partial,3000,0.5,super-benchmark-upet,summarization-partial,run_1,priority,summary_failure_accounting,0,18,/home/ak58925/agentCtx/ICLR_results/terminalbench/main/qwen35b/d05__b3k__su-partial/super-benchmark-upet/summarization-partial/run_1/trajectory.json,/home/ak58925/agentCtx-summarization/results/query-error-audit-20260907/details/02054.txt
terminalbench,main,qwen35b,d05__b3k__su-partial,hosted_vllm/Qwen/Qwen3.5-35B-A3B,summarization_partial,3000,0.5,super-benchmark-upet,summarization-partial,run_2,priority,summary_failure_accounting,0,9,/home/ak58925/agentCtx/ICLR_results/terminalbench/main/qwen35b/d05__b3k__su-partial/super-benchmark-upet/summarization-partial/run_2/trajectory.json,/home/ak58925/agentCtx-summarization/results/query-error-audit-20260907/details/02055.txt
terminalbench,main,qwen35b,d05__b3k__su-partial,hosted_vllm/Qwen/Qwen3.5-35B-A3B,summarization_partial,3000,0.5,super-benchmark-upet,summarization-partial,run_3,priority,summary_marker_error,4,,/home/ak58925/agentCtx/ICLR_results/terminalbench/main/qwen35b/d05__b3k__su-partial/super-benchmark-upet/summarization-partial/run_3/trajectory.json,/home/ak58925/agentCtx-summarization/results/query-error-audit-20260907/details/02056.txt
terminalbench,main,qwen35b,d05__b3k__su-partial,hosted_vllm/Qwen/Qwen3.5-35B-A3B,summarization_partial,3000,0.5,swe-bench-astropy-2,summarization-partial,run_1,priority,summary_failure_accounting,0,16,/home/ak58925/agentCtx/ICLR_results/terminalbench/main/qwen35b/d05__b3k__su-partial/swe-bench-astropy-2/summarization-partial/run_1/trajectory.json,/home/ak58925/agentCtx-summarization/results/query-error-audit-20260907/details/02057.txt
terminalbench,main,qwen35b,d05__b3k__su-partial,hosted_vllm/Qwen/Qwen3.5-35B-A3B,summarization_partial,3000,0.5,swe-bench-astropy-2,summarization-partial,run_2,priority,summary_marker_error,4,,/home/ak58925/agentCtx/ICLR_results/terminalbench/main/qwen35b/d05__b3k__su-partial/swe-bench-astropy-2/summarization-partial/run_2/trajectory.json,/home/ak58925/agentCtx-summarization/results/query-error-audit-20260907/details/02058.txt
terminalbench,main,qwen35b,d05__b3k__su-partial,hosted_vllm/Qwen/Qwen3.5-35B-A3B,summarization_partial,3000,0.5,swe-bench-astropy-2,summarization-partial,run_3,priority,summary_marker_error,2,,/home/ak58925/agentCtx/ICLR_results/terminalbench/main/qwen35b/d05__b3k__su-partial/swe-bench-astropy-2/summarization-partial/run_3/trajectory.json,/home/ak58925/agentCtx-summarization/results/query-error-audit-20260907/details/02059.txt
terminalbench,main,qwen35b,d05__b3k__su-partial,hosted_vllm/Qwen/Qwen3.5-35B-A3B,summarization_partial,3000,0.5,swe-bench-fsspec,summarization-partial,run_1,priority,summary_failure_accounting,0,90,/home/ak58925/agentCtx/ICLR_results/terminalbench/main/qwen35b/d05__b3k__su-partial/swe-bench-fsspec/summarization-partial/run_1/trajectory.json,/home/ak58925/agentCtx-summarization/results/query-error-audit-20260907/details/02060.txt
terminalbench,main,qwen35b,d05__b3k__su-partial,hosted_vllm/Qwen/Qwen3.5-35B-A3B,summarization_partial,3000,0.5,swe-bench-fsspec,summarization-partial,run_2,probable,summary_related_response,0,0,/home/ak58925/agentCtx/ICLR_results/terminalbench/main/qwen35b/d05__b3k__su-partial/swe-bench-fsspec/summarization-partial/run_2/trajectory.json,/home/ak58925/agentCtx-summarization/results/query-error-audit-20260907/details/02061.txt
terminalbench,main,qwen35b,d05__b3k__su-partial,hosted_vllm/Qwen/Qwen3.5-35B-A3B,summarization_partial,3000,0.5,swe-bench-fsspec,summarization-partial,run_3,priority,summary_failure_accounting,0,134,/home/ak58925/agentCtx/ICLR_results/terminalbench/main/qwen35b/d05__b3k__su-partial/swe-bench-fsspec/summarization-partial/run_3/trajectory.json,/home/ak58925/agentCtx-summarization/results/query-error-audit-20260907/details/02062.txt
terminalbench,main,qwen35b,d05__b3k__su-partial,hosted_vllm/Qwen/Qwen3.5-35B-A3B,summarization_partial,3000,0.5,tmux-advanced-workflow,summarization-partial,run_1,probable,summary_related_response,0,0,/home/ak58925/agentCtx/ICLR_results/terminalbench/main/qwen35b/d05__b3k__su-partial/tmux-advanced-workflow/summarization-partial/run_1/trajectory.json,/home/ak58925/agentCtx-summarization/results/query-error-audit-20260907/details/02063.txt
terminalbench,main,qwen35b,d05__b3k__su-partial,hosted_vllm/Qwen/Qwen3.5-35B-A3B,summarization_partial,3000,0.5,tmux-advanced-workflow,summarization-partial,run_2,priority,summary_marker_error,1,,/home/ak58925/agentCtx/ICLR_results/terminalbench/main/qwen35b/d05__b3k__su-partial/tmux-advanced-workflow/summarization-partial/run_2/trajectory.json,/home/ak58925/agentCtx-summarization/results/query-error-audit-20260907/details/02064.txt
terminalbench,main,qwen35b,d05__b3k__su-partial,hosted_vllm/Qwen/Qwen3.5-35B-A3B,summarization_partial,3000,0.5,tmux-advanced-workflow,summarization-partial,run_3,probable,summary_related_response,0,0,/home/ak58925/agentCtx/ICLR_results/terminalbench/main/qwen35b/d05__b3k__su-partial/tmux-advanced-workflow/summarization-partial/run_3/trajectory.json,/home/ak58925/agentCtx-summarization/results/query-error-audit-20260907/details/02065.txt
terminalbench,main,qwen35b,d05__b3k__su-partial,hosted_vllm/Qwen/Qwen3.5-35B-A3B,summarization_partial,3000,0.5,write-compressor,summarization-partial,run_1,priority,summary_failure_accounting,0,52,/home/ak58925/agentCtx/ICLR_results/terminalbench/main/qwen35b/d05__b3k__su-partial/write-compressor/summarization-partial/run_1/trajectory.json,/home/ak58925/agentCtx-summarization/results/query-error-audit-20260907/details/02066.txt
terminalbench,main,qwen35b,d05__b3k__su-partial,hosted_vllm/Qwen/Qwen3.5-35B-A3B,summarization_partial,3000,0.5,write-compressor,summarization-partial,run_2,probable,summary_related_response,0,0,/home/ak58925/agentCtx/ICLR_results/terminalbench/main/qwen35b/d05__b3k__su-partial/write-compressor/summarization-partial/run_2/trajectory.json,/home/ak58925/agentCtx-summarization/results/query-error-audit-20260907/details/02067.txt
terminalbench,main,qwen35b,d05__b3k__su-partial,hosted_vllm/Qwen/Qwen3.5-35B-A3B,summarization_partial,3000,0.5,write-compressor,summarization-partial,run_3,probable,summary_related_response,0,0,/home/ak58925/agentCtx/ICLR_results/terminalbench/main/qwen35b/d05__b3k__su-partial/write-compressor/summarization-partial/run_3/trajectory.json,/home/ak58925/agentCtx-summarization/results/query-error-audit-20260907/details/02068.txt
terminalbench,main,qwen35b,di__b3k__otrc-ss-partial,hosted_vllm/Qwen/Qwen3.5-35B-A3B,online_trc_structured_summarize_partial,3000,0.5,blind-maze-explorer-5x5,otrc-ss-partial,run_1,priority,summary_marker_error,21,,/home/ak58925/agentCtx/ICLR_results/terminalbench/main/qwen35b/di__b3k__otrc-ss-partial/blind-maze-explorer-5x5/otrc-ss-partial/run_1/trajectory.json,/home/ak58925/agentCtx-summarization/results/query-error-audit-20260907/details/02123.txt
terminalbench,main,qwen35b,di__b3k__otrc-ss-partial,hosted_vllm/Qwen/Qwen3.5-35B-A3B,online_trc_structured_summarize_partial,3000,0.5,blind-maze-explorer-5x5,otrc-ss-partial,run_2,priority,summary_marker_error,13,,/home/ak58925/agentCtx/ICLR_results/terminalbench/main/qwen35b/di__b3k__otrc-ss-partial/blind-maze-explorer-5x5/otrc-ss-partial/run_2/trajectory.json,/home/ak58925/agentCtx-summarization/results/query-error-audit-20260907/details/02124.txt
terminalbench,main,qwen35b,di__b3k__otrc-ss-partial,hosted_vllm/Qwen/Qwen3.5-35B-A3B,online_trc_structured_summarize_partial,3000,0.5,blind-maze-explorer-5x5,otrc-ss-partial,run_3,priority,summary_marker_error,15,,/home/ak58925/agentCtx/ICLR_results/terminalbench/main/qwen35b/di__b3k__otrc-ss-partial/blind-maze-explorer-5x5/otrc-ss-partial/run_3/trajectory.json,/home/ak58925/agentCtx-summarization/results/query-error-audit-20260907/details/02125.txt
terminalbench,main,qwen35b,di__b3k__otrc-ss-partial,hosted_vllm/Qwen/Qwen3.5-35B-A3B,online_trc_structured_summarize_partial,3000,0.5,blind-maze-explorer-algorithm,otrc-ss-partial,run_1,priority,summary_marker_error,35,,/home/ak58925/agentCtx/ICLR_results/terminalbench/main/qwen35b/di__b3k__otrc-ss-partial/blind-maze-explorer-algorithm/otrc-ss-partial/run_1/trajectory.json,/home/ak58925/agentCtx-summarization/results/query-error-audit-20260907/details/02126.txt
terminalbench,main,qwen35b,di__b3k__otrc-ss-partial,hosted_vllm/Qwen/Qwen3.5-35B-A3B,online_trc_structured_summarize_partial,3000,0.5,blind-maze-explorer-algorithm,otrc-ss-partial,run_2,priority,summary_marker_error,36,,/home/ak58925/agentCtx/ICLR_results/terminalbench/main/qwen35b/di__b3k__otrc-ss-partial/blind-maze-explorer-algorithm/otrc-ss-partial/run_2/trajectory.json,/home/ak58925/agentCtx-summarization/results/query-error-audit-20260907/details/02127.txt
terminalbench,main,qwen35b,di__b3k__otrc-ss-partial,hosted_vllm/Qwen/Qwen3.5-35B-A3B,online_trc_structured_summarize_partial,3000,0.5,blind-maze-explorer-algorithm,otrc-ss-partial,run_3,priority,summary_marker_error,78,,/home/ak58925/agentCtx/ICLR_results/terminalbench/main/qwen35b/di__b3k__otrc-ss-partial/blind-maze-explorer-algorithm/otrc-ss-partial/run_3/trajectory.json,/home/ak58925/agentCtx-summarization/results/query-error-audit-20260907/details/02128.txt
terminalbench,main,qwen35b,di__b3k__otrc-ss-partial,hosted_vllm/Qwen/Qwen3.5-35B-A3B,online_trc_structured_summarize_partial,3000,0.5,cartpole-rl-training,otrc-ss-partial,run_1,priority,summary_marker_error,6,,/home/ak58925/agentCtx/ICLR_results/terminalbench/main/qwen35b/di__b3k__otrc-ss-partial/cartpole-rl-training/otrc-ss-partial/run_1/trajectory.json,/home/ak58925/agentCtx-summarization/results/query-error-audit-20260907/details/02129.txt
terminalbench,main,qwen35b,di__b3k__otrc-ss-partial,hosted_vllm/Qwen/Qwen3.5-35B-A3B,online_trc_structured_summarize_partial,3000,0.5,cartpole-rl-training,otrc-ss-partial,run_2,priority,summary_marker_error,26,,/home/ak58925/agentCtx/ICLR_results/terminalbench/main/qwen35b/di__b3k__otrc-ss-partial/cartpole-rl-training/otrc-ss-partial/run_2/trajectory.json,/home/ak58925/agentCtx-summarization/results/query-error-audit-20260907/details/02130.txt
terminalbench,main,qwen35b,di__b3k__otrc-ss-partial,hosted_vllm/Qwen/Qwen3.5-35B-A3B,online_trc_structured_summarize_partial,3000,0.5,cartpole-rl-training,otrc-ss-partial,run_3,priority,summary_marker_error,24,,/home/ak58925/agentCtx/ICLR_results/terminalbench/main/qwen35b/di__b3k__otrc-ss-partial/cartpole-rl-training/otrc-ss-partial/run_3/trajectory.json,/home/ak58925/agentCtx-summarization/results/query-error-audit-20260907/details/02131.txt
terminalbench,main,qwen35b,di__b3k__otrc-ss-partial,hosted_vllm/Qwen/Qwen3.5-35B-A3B,online_trc_structured_summarize_partial,3000,0.5,count-dataset-tokens,otrc-ss-partial,run_1,priority,summary_marker_error,88,,/home/ak58925/agentCtx/ICLR_results/terminalbench/main/qwen35b/di__b3k__otrc-ss-partial/count-dataset-tokens/otrc-ss-partial/run_1/trajectory.json,/home/ak58925/agentCtx-summarization/results/query-error-audit-20260907/details/02132.txt
terminalbench,main,qwen35b,di__b3k__otrc-ss-partial,hosted_vllm/Qwen/Qwen3.5-35B-A3B,online_trc_structured_summarize_partial,3000,0.5,count-dataset-tokens,otrc-ss-partial,run_2,priority,summary_marker_error,110,,/home/ak58925/agentCtx/ICLR_results/terminalbench/main/qwen35b/di__b3k__otrc-ss-partial/count-dataset-tokens/otrc-ss-partial/run_2/trajectory.json,/home/ak58925/agentCtx-summarization/results/query-error-audit-20260907/details/02133.txt
terminalbench,main,qwen35b,di__b3k__otrc-ss-partial,hosted_vllm/Qwen/Qwen3.5-35B-A3B,online_trc_structured_summarize_partial,3000,0.5,count-dataset-tokens,otrc-ss-partial,run_3,priority,summary_marker_error,154,,/home/ak58925/agentCtx/ICLR_results/terminalbench/main/qwen35b/di__b3k__otrc-ss-partial/count-dataset-tokens/otrc-ss-partial/run_3/trajectory.json,/home/ak58925/agentCtx-summarization/results/query-error-audit-20260907/details/02134.txt
terminalbench,main,qwen35b,di__b3k__otrc-ss-partial,hosted_vllm/Qwen/Qwen3.5-35B-A3B,online_trc_structured_summarize_partial,3000,0.5,crack-7z-hash.hard,otrc-ss-partial,run_1,priority,summary_marker_error,35,,/home/ak58925/agentCtx/ICLR_results/terminalbench/main/qwen35b/di__b3k__otrc-ss-partial/crack-7z-hash.hard/otrc-ss-partial/run_1/trajectory.json,/home/ak58925/agentCtx-summarization/results/query-error-audit-20260907/details/02135.txt
terminalbench,main,qwen35b,di__b3k__otrc-ss-partial,hosted_vllm/Qwen/Qwen3.5-35B-A3B,online_trc_structured_summarize_partial,3000,0.5,crack-7z-hash.hard,otrc-ss-partial,run_2,priority,summary_marker_error,29,,/home/ak58925/agentCtx/ICLR_results/terminalbench/main/qwen35b/di__b3k__otrc-ss-partial/crack-7z-hash.hard/otrc-ss-partial/run_2/trajectory.json,/home/ak58925/agentCtx-summarization/results/query-error-audit-20260907/details/02136.txt
terminalbench,main,qwen35b,di__b3k__otrc-ss-partial,hosted_vllm/Qwen/Qwen3.5-35B-A3B,online_trc_structured_summarize_partial,3000,0.5,crack-7z-hash.hard,otrc-ss-partial,run_3,priority,summary_marker_error,56,,/home/ak58925/agentCtx/ICLR_results/terminalbench/main/qwen35b/di__b3k__otrc-ss-partial/crack-7z-hash.hard/otrc-ss-partial/run_3/trajectory.json,/home/ak58925/agentCtx-summarization/results/query-error-audit-20260907/details/02137.txt
terminalbench,main,qwen35b,di__b3k__otrc-ss-partial,hosted_vllm/Qwen/Qwen3.5-35B-A3B,online_trc_structured_summarize_partial,3000,0.5,csv-to-parquet,otrc-ss-partial,run_1,priority,summary_marker_error,59,,/home/ak58925/agentCtx/ICLR_results/terminalbench/main/qwen35b/di__b3k__otrc-ss-partial/csv-to-parquet/otrc-ss-partial/run_1/trajectory.json,/home/ak58925/agentCtx-summarization/results/query-error-audit-20260907/details/02138.txt
terminalbench,main,qwen35b,di__b3k__otrc-ss-partial,hosted_vllm/Qwen/Qwen3.5-35B-A3B,online_trc_structured_summarize_partial,3000,0.5,csv-to-parquet,otrc-ss-partial,run_2,priority,summary_marker_error,8,,/home/ak58925/agentCtx/ICLR_results/terminalbench/main/qwen35b/di__b3k__otrc-ss-partial/csv-to-parquet/otrc-ss-partial/run_2/trajectory.json,/home/ak58925/agentCtx-summarization/results/query-error-audit-20260907/details/02139.txt
terminalbench,main,qwen35b,di__b3k__otrc-ss-partial,hosted_vllm/Qwen/Qwen3.5-35B-A3B,online_trc_structured_summarize_partial,3000,0.5,csv-to-parquet,otrc-ss-partial,run_3,priority,summary_marker_error,46,,/home/ak58925/agentCtx/ICLR_results/terminalbench/main/qwen35b/di__b3k__otrc-ss-partial/csv-to-parquet/otrc-ss-partial/run_3/trajectory.json,/home/ak58925/agentCtx-summarization/results/query-error-audit-20260907/details/02140.txt
terminalbench,main,qwen35b,di__b3k__otrc-ss-partial,hosted_vllm/Qwen/Qwen3.5-35B-A3B,online_trc_structured_summarize_partial,3000,0.5,download-youtube,otrc-ss-partial,run_1,priority,summary_marker_error,11,,/home/ak58925/agentCtx/ICLR_results/terminalbench/main/qwen35b/di__b3k__otrc-ss-partial/download-youtube/otrc-ss-partial/run_1/trajectory.json,/home/ak58925/agentCtx-summarization/results/query-error-audit-20260907/details/02141.txt
terminalbench,main,qwen35b,di__b3k__otrc-ss-partial,hosted_vllm/Qwen/Qwen3.5-35B-A3B,online_trc_structured_summarize_partial,3000,0.5,download-youtube,otrc-ss-partial,run_2,priority,summary_marker_error,22,,/home/ak58925/agentCtx/ICLR_results/terminalbench/main/qwen35b/di__b3k__otrc-ss-partial/download-youtube/otrc-ss-partial/run_2/trajectory.json,/home/ak58925/agentCtx-summarization/results/query-error-audit-20260907/details/02142.txt
terminalbench,main,qwen35b,di__b3k__otrc-ss-partial,hosted_vllm/Qwen/Qwen3.5-35B-A3B,online_trc_structured_summarize_partial,3000,0.5,download-youtube,otrc-ss-partial,run_3,priority,summary_marker_error,34,,/home/ak58925/agentCtx/ICLR_results/terminalbench/main/qwen35b/di__b3k__otrc-ss-partial/download-youtube/otrc-ss-partial/run_3/trajectory.json,/home/ak58925/agentCtx-summarization/results/query-error-audit-20260907/details/02143.txt
terminalbench,main,qwen35b,di__b3k__otrc-ss-partial,hosted_vllm/Qwen/Qwen3.5-35B-A3B,online_trc_structured_summarize_partial,3000,0.5,eval-mteb,otrc-ss-partial,run_1,priority,summary_marker_error,81,,/home/ak58925/agentCtx/ICLR_results/terminalbench/main/qwen35b/di__b3k__otrc-ss-partial/eval-mteb/otrc-ss-partial/run_1/trajectory.json,/home/ak58925/agentCtx-summarization/results/query-error-audit-20260907/details/02144.txt
terminalbench,main,qwen35b,di__b3k__otrc-ss-partial,hosted_vllm/Qwen/Qwen3.5-35B-A3B,online_trc_structured_summarize_partial,3000,0.5,eval-mteb,otrc-ss-partial,run_2,priority,summary_marker_error,4,,/home/ak58925/agentCtx/ICLR_results/terminalbench/main/qwen35b/di__b3k__otrc-ss-partial/eval-mteb/otrc-ss-partial/run_2/trajectory.json,/home/ak58925/agentCtx-summarization/results/query-error-audit-20260907/details/02145.txt
terminalbench,main,qwen35b,di__b3k__otrc-ss-partial,hosted_vllm/Qwen/Qwen3.5-35B-A3B,online_trc_structured_summarize_partial,3000,0.5,eval-mteb,otrc-ss-partial,run_3,priority,summary_marker_error,7,,/home/ak58925/agentCtx/ICLR_results/terminalbench/main/qwen35b/di__b3k__otrc-ss-partial/eval-mteb/otrc-ss-partial/run_3/trajectory.json,/home/ak58925/agentCtx-summarization/results/query-error-audit-20260907/details/02146.txt
terminalbench,main,qwen35b,di__b3k__otrc-ss-partial,hosted_vllm/Qwen/Qwen3.5-35B-A3B,online_trc_structured_summarize_partial,3000,0.5,eval-mteb.hard,otrc-ss-partial,run_1,priority,summary_marker_error,20,,/home/ak58925/agentCtx/ICLR_results/terminalbench/main/qwen35b/di__b3k__otrc-ss-partial/eval-mteb.hard/otrc-ss-partial/run_1/trajectory.json,/home/ak58925/agentCtx-summarization/results/query-error-audit-20260907/details/02147.txt
terminalbench,main,qwen35b,di__b3k__otrc-ss-partial,hosted_vllm/Qwen/Qwen3.5-35B-A3B,online_trc_structured_summarize_partial,3000,0.5,eval-mteb.hard,otrc-ss-partial,run_2,priority,summary_marker_error,28,,/home/ak58925/agentCtx/ICLR_results/terminalbench/main/qwen35b/di__b3k__otrc-ss-partial/eval-mteb.hard/otrc-ss-partial/run_2/trajectory.json,/home/ak58925/agentCtx-summarization/results/query-error-audit-20260907/details/02148.txt
terminalbench,main,qwen35b,di__b3k__otrc-ss-partial,hosted_vllm/Qwen/Qwen3.5-35B-A3B,online_trc_structured_summarize_partial,3000,0.5,eval-mteb.hard,otrc-ss-partial,run_3,priority,summary_marker_error,53,,/home/ak58925/agentCtx/ICLR_results/terminalbench/main/qwen35b/di__b3k__otrc-ss-partial/eval-mteb.hard/otrc-ss-partial/run_3/trajectory.json,/home/ak58925/agentCtx-summarization/results/query-error-audit-20260907/details/02149.txt
terminalbench,main,qwen35b,di__b3k__otrc-ss-partial,hosted_vllm/Qwen/Qwen3.5-35B-A3B,online_trc_structured_summarize_partial,3000,0.5,extract-moves-from-video,otrc-ss-partial,run_1,priority,summary_marker_error,34,,/home/ak58925/agentCtx/ICLR_results/terminalbench/main/qwen35b/di__b3k__otrc-ss-partial/extract-moves-from-video/otrc-ss-partial/run_1/trajectory.json,/home/ak58925/agentCtx-summarization/results/query-error-audit-20260907/details/02150.txt
terminalbench,main,qwen35b,di__b3k__otrc-ss-partial,hosted_vllm/Qwen/Qwen3.5-35B-A3B,online_trc_structured_summarize_partial,3000,0.5,extract-moves-from-video,otrc-ss-partial,run_2,priority,summary_marker_error,70,,/home/ak58925/agentCtx/ICLR_results/terminalbench/main/qwen35b/di__b3k__otrc-ss-partial/extract-moves-from-video/otrc-ss-partial/run_2/trajectory.json,/home/ak58925/agentCtx-summarization/results/query-error-audit-20260907/details/02151.txt
terminalbench,main,qwen35b,di__b3k__otrc-ss-partial,hosted_vllm/Qwen/Qwen3.5-35B-A3B,online_trc_structured_summarize_partial,3000,0.5,extract-moves-from-video,otrc-ss-partial,run_3,priority,summary_marker_error,31,,/home/ak58925/agentCtx/ICLR_results/terminalbench/main/qwen35b/di__b3k__otrc-ss-partial/extract-moves-from-video/otrc-ss-partial/run_3/trajectory.json,/home/ak58925/agentCtx-summarization/results/query-error-audit-20260907/details/02152.txt
terminalbench,main,qwen35b,di__b3k__otrc-ss-partial,hosted_vllm/Qwen/Qwen3.5-35B-A3B,online_trc_structured_summarize_partial,3000,0.5,fix-git,otrc-ss-partial,run_1,priority,summary_marker_error,64,,/home/ak58925/agentCtx/ICLR_results/terminalbench/main/qwen35b/di__b3k__otrc-ss-partial/fix-git/otrc-ss-partial/run_1/trajectory.json,/home/ak58925/agentCtx-summarization/results/query-error-audit-20260907/details/02153.txt
terminalbench,main,qwen35b,di__b3k__otrc-ss-partial,hosted_vllm/Qwen/Qwen3.5-35B-A3B,online_trc_structured_summarize_partial,3000,0.5,fix-pandas-version,otrc-ss-partial,run_1,priority,summary_marker_error,4,,/home/ak58925/agentCtx/ICLR_results/terminalbench/main/qwen35b/di__b3k__otrc-ss-partial/fix-pandas-version/otrc-ss-partial/run_1/trajectory.json,/home/ak58925/agentCtx-summarization/results/query-error-audit-20260907/details/02155.txt
terminalbench,main,qwen35b,di__b3k__otrc-ss-partial,hosted_vllm/Qwen/Qwen3.5-35B-A3B,online_trc_structured_summarize_partial,3000,0.5,fix-pandas-version,otrc-ss-partial,run_3,priority,summary_marker_error,77,,/home/ak58925/agentCtx/ICLR_results/terminalbench/main/qwen35b/di__b3k__otrc-ss-partial/fix-pandas-version/otrc-ss-partial/run_3/trajectory.json,/home/ak58925/agentCtx-summarization/results/query-error-audit-20260907/details/02156.txt
terminalbench,main,qwen35b,di__b3k__otrc-ss-partial,hosted_vllm/Qwen/Qwen3.5-35B-A3B,online_trc_structured_summarize_partial,3000,0.5,git-workflow-hack,otrc-ss-partial,run_1,priority,summary_marker_error,94,,/home/ak58925/agentCtx/ICLR_results/terminalbench/main/qwen35b/di__b3k__otrc-ss-partial/git-workflow-hack/otrc-ss-partial/run_1/trajectory.json,/home/ak58925/agentCtx-summarization/results/query-error-audit-20260907/details/02157.txt
terminalbench,main,qwen35b,di__b3k__otrc-ss-partial,hosted_vllm/Qwen/Qwen3.5-35B-A3B,online_trc_structured_summarize_partial,3000,0.5,git-workflow-hack,otrc-ss-partial,run_2,priority,summary_marker_error,52,,/home/ak58925/agentCtx/ICLR_results/terminalbench/main/qwen35b/di__b3k__otrc-ss-partial/git-workflow-hack/otrc-ss-partial/run_2/trajectory.json,/home/ak58925/agentCtx-summarization/results/query-error-audit-20260907/details/02158.txt
terminalbench,main,qwen35b,di__b3k__otrc-ss-partial,hosted_vllm/Qwen/Qwen3.5-35B-A3B,online_trc_structured_summarize_partial,3000,0.5,git-workflow-hack,otrc-ss-partial,run_3,priority,summary_marker_error,84,,/home/ak58925/agentCtx/ICLR_results/terminalbench/main/qwen35b/di__b3k__otrc-ss-partial/git-workflow-hack/otrc-ss-partial/run_3/trajectory.json,/home/ak58925/agentCtx-summarization/results/query-error-audit-20260907/details/02159.txt
terminalbench,main,qwen35b,di__b3k__otrc-ss-partial,hosted_vllm/Qwen/Qwen3.5-35B-A3B,online_trc_structured_summarize_partial,3000,0.5,gpt2-codegolf,otrc-ss-partial,run_1,priority,summary_marker_error,117,,/home/ak58925/agentCtx/ICLR_results/terminalbench/main/qwen35b/di__b3k__otrc-ss-partial/gpt2-codegolf/otrc-ss-partial/run_1/trajectory.json,/home/ak58925/agentCtx-summarization/results/query-error-audit-20260907/details/02160.txt
terminalbench,main,qwen35b,di__b3k__otrc-ss-partial,hosted_vllm/Qwen/Qwen3.5-35B-A3B,online_trc_structured_summarize_partial,3000,0.5,gpt2-codegolf,otrc-ss-partial,run_2,priority,summary_marker_error,26,,/home/ak58925/agentCtx/ICLR_results/terminalbench/main/qwen35b/di__b3k__otrc-ss-partial/gpt2-codegolf/otrc-ss-partial/run_2/trajectory.json,/home/ak58925/agentCtx-summarization/results/query-error-audit-20260907/details/02161.txt
terminalbench,main,qwen35b,di__b3k__otrc-ss-partial,hosted_vllm/Qwen/Qwen3.5-35B-A3B,online_trc_structured_summarize_partial,3000,0.5,gpt2-codegolf,otrc-ss-partial,run_3,priority,summary_marker_error,53,,/home/ak58925/agentCtx/ICLR_results/terminalbench/main/qwen35b/di__b3k__otrc-ss-partial/gpt2-codegolf/otrc-ss-partial/run_3/trajectory.json,/home/ak58925/agentCtx-summarization/results/query-error-audit-20260907/details/02162.txt
terminalbench,main,qwen35b,di__b3k__otrc-ss-partial,hosted_vllm/Qwen/Qwen3.5-35B-A3B,online_trc_structured_summarize_partial,3000,0.5,heterogeneous-dates,otrc-ss-partial,run_2,priority,summary_marker_error,31,,/home/ak58925/agentCtx/ICLR_results/terminalbench/main/qwen35b/di__b3k__otrc-ss-partial/heterogeneous-dates/otrc-ss-partial/run_2/trajectory.json,/home/ak58925/agentCtx-summarization/results/query-error-audit-20260907/details/02163.txt
terminalbench,main,qwen35b,di__b3k__otrc-ss-partial,hosted_vllm/Qwen/Qwen3.5-35B-A3B,online_trc_structured_summarize_partial,3000,0.5,hf-model-inference,otrc-ss-partial,run_2,priority,summary_marker_error,150,,/home/ak58925/agentCtx/ICLR_results/terminalbench/main/qwen35b/di__b3k__otrc-ss-partial/hf-model-inference/otrc-ss-partial/run_2/trajectory.json,/home/ak58925/agentCtx-summarization/results/query-error-audit-20260907/details/02164.txt
terminalbench,main,qwen35b,di__b3k__otrc-ss-partial,hosted_vllm/Qwen/Qwen3.5-35B-A3B,online_trc_structured_summarize_partial,3000,0.5,hf-model-inference,otrc-ss-partial,run_3,priority,summary_marker_error,95,,/home/ak58925/agentCtx/ICLR_results/terminalbench/main/qwen35b/di__b3k__otrc-ss-partial/hf-model-inference/otrc-ss-partial/run_3/trajectory.json,/home/ak58925/agentCtx-summarization/results/query-error-audit-20260907/details/02165.txt
terminalbench,main,qwen35b,di__b3k__otrc-ss-partial,hosted_vllm/Qwen/Qwen3.5-35B-A3B,online_trc_structured_summarize_partial,3000,0.5,incompatible-python-fasttext,otrc-ss-partial,run_1,priority,summary_marker_error,173,,/home/ak58925/agentCtx/ICLR_results/terminalbench/main/qwen35b/di__b3k__otrc-ss-partial/incompatible-python-fasttext/otrc-ss-partial/run_1/trajectory.json,/home/ak58925/agentCtx-summarization/results/query-error-audit-20260907/details/02166.txt
terminalbench,main,qwen35b,di__b3k__otrc-ss-partial,hosted_vllm/Qwen/Qwen3.5-35B-A3B,online_trc_structured_summarize_partial,3000,0.5,incompatible-python-fasttext,otrc-ss-partial,run_2,priority,summary_marker_error,192,,/home/ak58925/agentCtx/ICLR_results/terminalbench/main/qwen35b/di__b3k__otrc-ss-partial/incompatible-python-fasttext/otrc-ss-partial/run_2/trajectory.json,/home/ak58925/agentCtx-summarization/results/query-error-audit-20260907/details/02167.txt
terminalbench,main,qwen35b,di__b3k__otrc-ss-partial,hosted_vllm/Qwen/Qwen3.5-35B-A3B,online_trc_structured_summarize_partial,3000,0.5,incompatible-python-fasttext,otrc-ss-partial,run_3,priority,summary_marker_error,109,,/home/ak58925/agentCtx/ICLR_results/terminalbench/main/qwen35b/di__b3k__otrc-ss-partial/incompatible-python-fasttext/otrc-ss-partial/run_3/trajectory.json,/home/ak58925/agentCtx-summarization/results/query-error-audit-20260907/details/02168.txt
terminalbench,main,qwen35b,di__b3k__otrc-ss-partial,hosted_vllm/Qwen/Qwen3.5-35B-A3B,online_trc_structured_summarize_partial,3000,0.5,intrusion-detection,otrc-ss-partial,run_1,priority,summary_marker_error,57,,/home/ak58925/agentCtx/ICLR_results/terminalbench/main/qwen35b/di__b3k__otrc-ss-partial/intrusion-detection/otrc-ss-partial/run_1/trajectory.json,/home/ak58925/agentCtx-summarization/results/query-error-audit-20260907/details/02169.txt
terminalbench,main,qwen35b,di__b3k__otrc-ss-partial,hosted_vllm/Qwen/Qwen3.5-35B-A3B,online_trc_structured_summarize_partial,3000,0.5,intrusion-detection,otrc-ss-partial,run_2,priority,summary_marker_error,83,,/home/ak58925/agentCtx/ICLR_results/terminalbench/main/qwen35b/di__b3k__otrc-ss-partial/intrusion-detection/otrc-ss-partial/run_2/trajectory.json,/home/ak58925/agentCtx-summarization/results/query-error-audit-20260907/details/02170.txt
terminalbench,main,qwen35b,di__b3k__otrc-ss-partial,hosted_vllm/Qwen/Qwen3.5-35B-A3B,online_trc_structured_summarize_partial,3000,0.5,intrusion-detection,otrc-ss-partial,run_3,priority,summary_marker_error,100,,/home/ak58925/agentCtx/ICLR_results/terminalbench/main/qwen35b/di__b3k__otrc-ss-partial/intrusion-detection/otrc-ss-partial/run_3/trajectory.json,/home/ak58925/agentCtx-summarization/results/query-error-audit-20260907/details/02171.txt
terminalbench,main,qwen35b,di__b3k__otrc-ss-partial,hosted_vllm/Qwen/Qwen3.5-35B-A3B,online_trc_structured_summarize_partial,3000,0.5,password-recovery,otrc-ss-partial,run_1,priority,summary_marker_error,27,,/home/ak58925/agentCtx/ICLR_results/terminalbench/main/qwen35b/di__b3k__otrc-ss-partial/password-recovery/otrc-ss-partial/run_1/trajectory.json,/home/ak58925/agentCtx-summarization/results/query-error-audit-20260907/details/02173.txt
terminalbench,main,qwen35b,di__b3k__otrc-ss-partial,hosted_vllm/Qwen/Qwen3.5-35B-A3B,online_trc_structured_summarize_partial,3000,0.5,password-recovery,otrc-ss-partial,run_2,priority,summary_marker_error,62,,/home/ak58925/agentCtx/ICLR_results/terminalbench/main/qwen35b/di__b3k__otrc-ss-partial/password-recovery/otrc-ss-partial/run_2/trajectory.json,/home/ak58925/agentCtx-summarization/results/query-error-audit-20260907/details/02174.txt
terminalbench,main,qwen35b,di__b3k__otrc-ss-partial,hosted_vllm/Qwen/Qwen3.5-35B-A3B,online_trc_structured_summarize_partial,3000,0.5,password-recovery,otrc-ss-partial,run_3,priority,summary_marker_error,49,,/home/ak58925/agentCtx/ICLR_results/terminalbench/main/qwen35b/di__b3k__otrc-ss-partial/password-recovery/otrc-ss-partial/run_3/trajectory.json,/home/ak58925/agentCtx-summarization/results/query-error-audit-20260907/details/02175.txt
terminalbench,main,qwen35b,di__b3k__otrc-ss-partial,hosted_vllm/Qwen/Qwen3.5-35B-A3B,online_trc_structured_summarize_partial,3000,0.5,path-tracing-reverse,otrc-ss-partial,run_1,priority,summary_marker_error,29,,/home/ak58925/agentCtx/ICLR_results/terminalbench/main/qwen35b/di__b3k__otrc-ss-partial/path-tracing-reverse/otrc-ss-partial/run_1/trajectory.json,/home/ak58925/agentCtx-summarization/results/query-error-audit-20260907/details/02176.txt
terminalbench,main,qwen35b,di__b3k__otrc-ss-partial,hosted_vllm/Qwen/Qwen3.5-35B-A3B,online_trc_structured_summarize_partial,3000,0.5,path-tracing-reverse,otrc-ss-partial,run_2,priority,summary_marker_error,100,,/home/ak58925/agentCtx/ICLR_results/terminalbench/main/qwen35b/di__b3k__otrc-ss-partial/path-tracing-reverse/otrc-ss-partial/run_2/trajectory.json,/home/ak58925/agentCtx-summarization/results/query-error-audit-20260907/details/02177.txt
terminalbench,main,qwen35b,di__b3k__otrc-ss-partial,hosted_vllm/Qwen/Qwen3.5-35B-A3B,online_trc_structured_summarize_partial,3000,0.5,path-tracing-reverse,otrc-ss-partial,run_3,priority,summary_marker_error,84,,/home/ak58925/agentCtx/ICLR_results/terminalbench/main/qwen35b/di__b3k__otrc-ss-partial/path-tracing-reverse/otrc-ss-partial/run_3/trajectory.json,/home/ak58925/agentCtx-summarization/results/query-error-audit-20260907/details/02178.txt
terminalbench,main,qwen35b,di__b3k__otrc-ss-partial,hosted_vllm/Qwen/Qwen3.5-35B-A3B,online_trc_structured_summarize_partial,3000,0.5,pytorch-model-cli.hard,otrc-ss-partial,run_1,priority,summary_marker_error,111,,/home/ak58925/agentCtx/ICLR_results/terminalbench/main/qwen35b/di__b3k__otrc-ss-partial/pytorch-model-cli.hard/otrc-ss-partial/run_1/trajectory.json,/home/ak58925/agentCtx-summarization/results/query-error-audit-20260907/details/02181.txt
terminalbench,main,qwen35b,di__b3k__otrc-ss-partial,hosted_vllm/Qwen/Qwen3.5-35B-A3B,online_trc_structured_summarize_partial,3000,0.5,pytorch-model-cli.hard,otrc-ss-partial,run_2,priority,summary_marker_error,9,,/home/ak58925/agentCtx/ICLR_results/terminalbench/main/qwen35b/di__b3k__otrc-ss-partial/pytorch-model-cli.hard/otrc-ss-partial/run_2/trajectory.json,/home/ak58925/agentCtx-summarization/results/query-error-audit-20260907/details/02182.txt
terminalbench,main,qwen35b,di__b3k__otrc-ss-partial,hosted_vllm/Qwen/Qwen3.5-35B-A3B,online_trc_structured_summarize_partial,3000,0.5,pytorch-model-cli.hard,otrc-ss-partial,run_3,priority,summary_marker_error,172,,/home/ak58925/agentCtx/ICLR_results/terminalbench/main/qwen35b/di__b3k__otrc-ss-partial/pytorch-model-cli.hard/otrc-ss-partial/run_3/trajectory.json,/home/ak58925/agentCtx-summarization/results/query-error-audit-20260907/details/02183.txt
terminalbench,main,qwen35b,di__b3k__otrc-ss-partial,hosted_vllm/Qwen/Qwen3.5-35B-A3B,online_trc_structured_summarize_partial,3000,0.5,qemu-alpine-ssh,otrc-ss-partial,run_1,priority,summary_marker_error,119,,/home/ak58925/agentCtx/ICLR_results/terminalbench/main/qwen35b/di__b3k__otrc-ss-partial/qemu-alpine-ssh/otrc-ss-partial/run_1/trajectory.json,/home/ak58925/agentCtx-summarization/results/query-error-audit-20260907/details/02184.txt
terminalbench,main,qwen35b,di__b3k__otrc-ss-partial,hosted_vllm/Qwen/Qwen3.5-35B-A3B,online_trc_structured_summarize_partial,3000,0.5,qemu-alpine-ssh,otrc-ss-partial,run_2,priority,summary_marker_error,9,,/home/ak58925/agentCtx/ICLR_results/terminalbench/main/qwen35b/di__b3k__otrc-ss-partial/qemu-alpine-ssh/otrc-ss-partial/run_2/trajectory.json,/home/ak58925/agentCtx-summarization/results/query-error-audit-20260907/details/02185.txt
terminalbench,main,qwen35b,di__b3k__otrc-ss-partial,hosted_vllm/Qwen/Qwen3.5-35B-A3B,online_trc_structured_summarize_partial,3000,0.5,qemu-alpine-ssh,otrc-ss-partial,run_3,priority,summary_marker_error,93,,/home/ak58925/agentCtx/ICLR_results/terminalbench/main/qwen35b/di__b3k__otrc-ss-partial/qemu-alpine-ssh/otrc-ss-partial/run_3/trajectory.json,/home/ak58925/agentCtx-summarization/results/query-error-audit-20260907/details/02186.txt
terminalbench,main,qwen35b,di__b3k__otrc-ss-partial,hosted_vllm/Qwen/Qwen3.5-35B-A3B,online_trc_structured_summarize_partial,3000,0.5,qemu-startup,otrc-ss-partial,run_2,priority,summary_marker_error,55,,/home/ak58925/agentCtx/ICLR_results/terminalbench/main/qwen35b/di__b3k__otrc-ss-partial/qemu-startup/otrc-ss-partial/run_2/trajectory.json,/home/ak58925/agentCtx-summarization/results/query-error-audit-20260907/details/02187.txt
terminalbench,main,qwen35b,di__b3k__otrc-ss-partial,hosted_vllm/Qwen/Qwen3.5-35B-A3B,online_trc_structured_summarize_partial,3000,0.5,raman-fitting.easy,otrc-ss-partial,run_1,priority,summary_marker_error,47,,/home/ak58925/agentCtx/ICLR_results/terminalbench/main/qwen35b/di__b3k__otrc-ss-partial/raman-fitting.easy/otrc-ss-partial/run_1/trajectory.json,/home/ak58925/agentCtx-summarization/results/query-error-audit-20260907/details/02188.txt
terminalbench,main,qwen35b,di__b3k__otrc-ss-partial,hosted_vllm/Qwen/Qwen3.5-35B-A3B,online_trc_structured_summarize_partial,3000,0.5,raman-fitting.easy,otrc-ss-partial,run_2,priority,summary_marker_error,59,,/home/ak58925/agentCtx/ICLR_results/terminalbench/main/qwen35b/di__b3k__otrc-ss-partial/raman-fitting.easy/otrc-ss-partial/run_2/trajectory.json,/home/ak58925/agentCtx-summarization/results/query-error-audit-20260907/details/02189.txt
terminalbench,main,qwen35b,di__b3k__otrc-ss-partial,hosted_vllm/Qwen/Qwen3.5-35B-A3B,online_trc_structured_summarize_partial,3000,0.5,raman-fitting.easy,otrc-ss-partial,run_3,priority,summary_marker_error,75,,/home/ak58925/agentCtx/ICLR_results/terminalbench/main/qwen35b/di__b3k__otrc-ss-partial/raman-fitting.easy/otrc-ss-partial/run_3/trajectory.json,/home/ak58925/agentCtx-summarization/results/query-error-audit-20260907/details/02190.txt
terminalbench,main,qwen35b,di__b3k__otrc-ss-partial,hosted_vllm/Qwen/Qwen3.5-35B-A3B,online_trc_structured_summarize_partial,3000,0.5,sanitize-git-repo,otrc-ss-partial,run_1,priority,summary_marker_error,52,,/home/ak58925/agentCtx/ICLR_results/terminalbench/main/qwen35b/di__b3k__otrc-ss-partial/sanitize-git-repo/otrc-ss-partial/run_1/trajectory.json,/home/ak58925/agentCtx-summarization/results/query-error-audit-20260907/details/02191.txt
terminalbench,main,qwen35b,di__b3k__otrc-ss-partial,hosted_vllm/Qwen/Qwen3.5-35B-A3B,online_trc_structured_summarize_partial,3000,0.5,sanitize-git-repo,otrc-ss-partial,run_2,priority,summary_marker_error,94,,/home/ak58925/agentCtx/ICLR_results/terminalbench/main/qwen35b/di__b3k__otrc-ss-partial/sanitize-git-repo/otrc-ss-partial/run_2/trajectory.json,/home/ak58925/agentCtx-summarization/results/query-error-audit-20260907/details/02192.txt
terminalbench,main,qwen35b,di__b3k__otrc-ss-partial,hosted_vllm/Qwen/Qwen3.5-35B-A3B,online_trc_structured_summarize_partial,3000,0.5,sanitize-git-repo,otrc-ss-partial,run_3,priority,summary_marker_error,118,,/home/ak58925/agentCtx/ICLR_results/terminalbench/main/qwen35b/di__b3k__otrc-ss-partial/sanitize-git-repo/otrc-ss-partial/run_3/trajectory.json,/home/ak58925/agentCtx-summarization/results/query-error-audit-20260907/details/02193.txt
terminalbench,main,qwen35b,di__b3k__otrc-ss-partial,hosted_vllm/Qwen/Qwen3.5-35B-A3B,online_trc_structured_summarize_partial,3000,0.5,sanitize-git-repo.hard,otrc-ss-partial,run_1,priority,summary_marker_error,37,,/home/ak58925/agentCtx/ICLR_results/terminalbench/main/qwen35b/di__b3k__otrc-ss-partial/sanitize-git-repo.hard/otrc-ss-partial/run_1/trajectory.json,/home/ak58925/agentCtx-summarization/results/query-error-audit-20260907/details/02194.txt
terminalbench,main,qwen35b,di__b3k__otrc-ss-partial,hosted_vllm/Qwen/Qwen3.5-35B-A3B,online_trc_structured_summarize_partial,3000,0.5,sanitize-git-repo.hard,otrc-ss-partial,run_2,priority,summary_marker_error,34,,/home/ak58925/agentCtx/ICLR_results/terminalbench/main/qwen35b/di__b3k__otrc-ss-partial/sanitize-git-repo.hard/otrc-ss-partial/run_2/trajectory.json,/home/ak58925/agentCtx-summarization/results/query-error-audit-20260907/details/02195.txt
terminalbench,main,qwen35b,di__b3k__otrc-ss-partial,hosted_vllm/Qwen/Qwen3.5-35B-A3B,online_trc_structured_summarize_partial,3000,0.5,sanitize-git-repo.hard,otrc-ss-partial,run_3,priority,summary_marker_error,45,,/home/ak58925/agentCtx/ICLR_results/terminalbench/main/qwen35b/di__b3k__otrc-ss-partial/sanitize-git-repo.hard/otrc-ss-partial/run_3/trajectory.json,/home/ak58925/agentCtx-summarization/results/query-error-audit-20260907/details/02196.txt
terminalbench,main,qwen35b,di__b3k__otrc-ss-partial,hosted_vllm/Qwen/Qwen3.5-35B-A3B,online_trc_structured_summarize_partial,3000,0.5,solana-data,otrc-ss-partial,run_1,priority,summary_marker_error,32,,/home/ak58925/agentCtx/ICLR_results/terminalbench/main/qwen35b/di__b3k__otrc-ss-partial/solana-data/otrc-ss-partial/run_1/trajectory.json,/home/ak58925/agentCtx-summarization/results/query-error-audit-20260907/details/02197.txt
terminalbench,main,qwen35b,di__b3k__otrc-ss-partial,hosted_vllm/Qwen/Qwen3.5-35B-A3B,online_trc_structured_summarize_partial,3000,0.5,solana-data,otrc-ss-partial,run_2,priority,summary_marker_error,133,,/home/ak58925/agentCtx/ICLR_results/terminalbench/main/qwen35b/di__b3k__otrc-ss-partial/solana-data/otrc-ss-partial/run_2/trajectory.json,/home/ak58925/agentCtx-summarization/results/query-error-audit-20260907/details/02198.txt
terminalbench,main,qwen35b,di__b3k__otrc-ss-partial,hosted_vllm/Qwen/Qwen3.5-35B-A3B,online_trc_structured_summarize_partial,3000,0.5,solana-data,otrc-ss-partial,run_3,priority,summary_marker_error,128,,/home/ak58925/agentCtx/ICLR_results/terminalbench/main/qwen35b/di__b3k__otrc-ss-partial/solana-data/otrc-ss-partial/run_3/trajectory.json,/home/ak58925/agentCtx-summarization/results/query-error-audit-20260907/details/02199.txt
terminalbench,main,qwen35b,di__b3k__otrc-ss-partial,hosted_vllm/Qwen/Qwen3.5-35B-A3B,online_trc_structured_summarize_partial,3000,0.5,sqlite-with-gcov,otrc-ss-partial,run_1,priority,summary_marker_error,11,,/home/ak58925/agentCtx/ICLR_results/terminalbench/main/qwen35b/di__b3k__otrc-ss-partial/sqlite-with-gcov/otrc-ss-partial/run_1/trajectory.json,/home/ak58925/agentCtx-summarization/results/query-error-audit-20260907/details/02200.txt
terminalbench,main,qwen35b,di__b3k__otrc-ss-partial,hosted_vllm/Qwen/Qwen3.5-35B-A3B,online_trc_structured_summarize_partial,3000,0.5,sqlite-with-gcov,otrc-ss-partial,run_2,priority,summary_marker_error,129,,/home/ak58925/agentCtx/ICLR_results/terminalbench/main/qwen35b/di__b3k__otrc-ss-partial/sqlite-with-gcov/otrc-ss-partial/run_2/trajectory.json,/home/ak58925/agentCtx-summarization/results/query-error-audit-20260907/details/02201.txt
terminalbench,main,qwen35b,di__b3k__otrc-ss-partial,hosted_vllm/Qwen/Qwen3.5-35B-A3B,online_trc_structured_summarize_partial,3000,0.5,sqlite-with-gcov,otrc-ss-partial,run_3,priority,summary_marker_error,101,,/home/ak58925/agentCtx/ICLR_results/terminalbench/main/qwen35b/di__b3k__otrc-ss-partial/sqlite-with-gcov/otrc-ss-partial/run_3/trajectory.json,/home/ak58925/agentCtx-summarization/results/query-error-audit-20260907/details/02202.txt
terminalbench,main,qwen35b,di__b3k__otrc-ss-partial,hosted_vllm/Qwen/Qwen3.5-35B-A3B,online_trc_structured_summarize_partial,3000,0.5,super-benchmark-upet,otrc-ss-partial,run_1,priority,summary_marker_error,23,,/home/ak58925/agentCtx/ICLR_results/terminalbench/main/qwen35b/di__b3k__otrc-ss-partial/super-benchmark-upet/otrc-ss-partial/run_1/trajectory.json,/home/ak58925/agentCtx-summarization/results/query-error-audit-20260907/details/02203.txt
terminalbench,main,qwen35b,di__b3k__otrc-ss-partial,hosted_vllm/Qwen/Qwen3.5-35B-A3B,online_trc_structured_summarize_partial,3000,0.5,super-benchmark-upet,otrc-ss-partial,run_2,priority,summary_marker_error,30,,/home/ak58925/agentCtx/ICLR_results/terminalbench/main/qwen35b/di__b3k__otrc-ss-partial/super-benchmark-upet/otrc-ss-partial/run_2/trajectory.json,/home/ak58925/agentCtx-summarization/results/query-error-audit-20260907/details/02204.txt
terminalbench,main,qwen35b,di__b3k__otrc-ss-partial,hosted_vllm/Qwen/Qwen3.5-35B-A3B,online_trc_structured_summarize_partial,3000,0.5,super-benchmark-upet,otrc-ss-partial,run_3,priority,summary_marker_error,58,,/home/ak58925/agentCtx/ICLR_results/terminalbench/main/qwen35b/di__b3k__otrc-ss-partial/super-benchmark-upet/otrc-ss-partial/run_3/trajectory.json,/home/ak58925/agentCtx-summarization/results/query-error-audit-20260907/details/02205.txt
terminalbench,main,qwen35b,di__b3k__otrc-ss-partial,hosted_vllm/Qwen/Qwen3.5-35B-A3B,online_trc_structured_summarize_partial,3000,0.5,swe-bench-astropy-2,otrc-ss-partial,run_1,priority,summary_marker_error,40,,/home/ak58925/agentCtx/ICLR_results/terminalbench/main/qwen35b/di__b3k__otrc-ss-partial/swe-bench-astropy-2/otrc-ss-partial/run_1/trajectory.json,/home/ak58925/agentCtx-summarization/results/query-error-audit-20260907/details/02206.txt
terminalbench,main,qwen35b,di__b3k__otrc-ss-partial,hosted_vllm/Qwen/Qwen3.5-35B-A3B,online_trc_structured_summarize_partial,3000,0.5,swe-bench-astropy-2,otrc-ss-partial,run_2,priority,summary_marker_error,48,,/home/ak58925/agentCtx/ICLR_results/terminalbench/main/qwen35b/di__b3k__otrc-ss-partial/swe-bench-astropy-2/otrc-ss-partial/run_2/trajectory.json,/home/ak58925/agentCtx-summarization/results/query-error-audit-20260907/details/02207.txt
terminalbench,main,qwen35b,di__b3k__otrc-ss-partial,hosted_vllm/Qwen/Qwen3.5-35B-A3B,online_trc_structured_summarize_partial,3000,0.5,swe-bench-astropy-2,otrc-ss-partial,run_3,priority,summary_marker_error,14,,/home/ak58925/agentCtx/ICLR_results/terminalbench/main/qwen35b/di__b3k__otrc-ss-partial/swe-bench-astropy-2/otrc-ss-partial/run_3/trajectory.json,/home/ak58925/agentCtx-summarization/results/query-error-audit-20260907/details/02208.txt
terminalbench,main,qwen35b,di__b3k__otrc-ss-partial,hosted_vllm/Qwen/Qwen3.5-35B-A3B,online_trc_structured_summarize_partial,3000,0.5,swe-bench-fsspec,otrc-ss-partial,run_1,priority,summary_marker_error,96,,/home/ak58925/agentCtx/ICLR_results/terminalbench/main/qwen35b/di__b3k__otrc-ss-partial/swe-bench-fsspec/otrc-ss-partial/run_1/trajectory.json,/home/ak58925/agentCtx-summarization/results/query-error-audit-20260907/details/02209.txt
terminalbench,main,qwen35b,di__b3k__otrc-ss-partial,hosted_vllm/Qwen/Qwen3.5-35B-A3B,online_trc_structured_summarize_partial,3000,0.5,swe-bench-fsspec,otrc-ss-partial,run_2,priority,summary_marker_error,26,,/home/ak58925/agentCtx/ICLR_results/terminalbench/main/qwen35b/di__b3k__otrc-ss-partial/swe-bench-fsspec/otrc-ss-partial/run_2/trajectory.json,/home/ak58925/agentCtx-summarization/results/query-error-audit-20260907/details/02210.txt
terminalbench,main,qwen35b,di__b3k__otrc-ss-partial,hosted_vllm/Qwen/Qwen3.5-35B-A3B,online_trc_structured_summarize_partial,3000,0.5,swe-bench-fsspec,otrc-ss-partial,run_3,priority,summary_marker_error,97,,/home/ak58925/agentCtx/ICLR_results/terminalbench/main/qwen35b/di__b3k__otrc-ss-partial/swe-bench-fsspec/otrc-ss-partial/run_3/trajectory.json,/home/ak58925/agentCtx-summarization/results/query-error-audit-20260907/details/02211.txt
terminalbench,main,qwen35b,di__b3k__otrc-ss-partial,hosted_vllm/Qwen/Qwen3.5-35B-A3B,online_trc_structured_summarize_partial,3000,0.5,tmux-advanced-workflow,otrc-ss-partial,run_1,priority,summary_marker_error,139,,/home/ak58925/agentCtx/ICLR_results/terminalbench/main/qwen35b/di__b3k__otrc-ss-partial/tmux-advanced-workflow/otrc-ss-partial/run_1/trajectory.json,/home/ak58925/agentCtx-summarization/results/query-error-audit-20260907/details/02212.txt
terminalbench,main,qwen35b,di__b3k__otrc-ss-partial,hosted_vllm/Qwen/Qwen3.5-35B-A3B,online_trc_structured_summarize_partial,3000,0.5,tmux-advanced-workflow,otrc-ss-partial,run_2,priority,summary_marker_error,7,,/home/ak58925/agentCtx/ICLR_results/terminalbench/main/qwen35b/di__b3k__otrc-ss-partial/tmux-advanced-workflow/otrc-ss-partial/run_2/trajectory.json,/home/ak58925/agentCtx-summarization/results/query-error-audit-20260907/details/02213.txt
terminalbench,main,qwen35b,di__b3k__otrc-ss-partial,hosted_vllm/Qwen/Qwen3.5-35B-A3B,online_trc_structured_summarize_partial,3000,0.5,write-compressor,otrc-ss-partial,run_1,priority,summary_marker_error,69,,/home/ak58925/agentCtx/ICLR_results/terminalbench/main/qwen35b/di__b3k__otrc-ss-partial/write-compressor/otrc-ss-partial/run_1/trajectory.json,/home/ak58925/agentCtx-summarization/results/query-error-audit-20260907/details/02214.txt
terminalbench,main,qwen35b,di__b3k__otrc-ss-partial,hosted_vllm/Qwen/Qwen3.5-35B-A3B,online_trc_structured_summarize_partial,3000,0.5,write-compressor,otrc-ss-partial,run_2,priority,summary_marker_error,70,,/home/ak58925/agentCtx/ICLR_results/terminalbench/main/qwen35b/di__b3k__otrc-ss-partial/write-compressor/otrc-ss-partial/run_2/trajectory.json,/home/ak58925/agentCtx-summarization/results/query-error-audit-20260907/details/02215.txt
terminalbench,main,qwen35b,di__b3k__otrc-ss-partial,hosted_vllm/Qwen/Qwen3.5-35B-A3B,online_trc_structured_summarize_partial,3000,0.5,write-compressor,otrc-ss-partial,run_3,priority,summary_marker_error,65,,/home/ak58925/agentCtx/ICLR_results/terminalbench/main/qwen35b/di__b3k__otrc-ss-partial/write-compressor/otrc-ss-partial/run_3/trajectory.json,/home/ak58925/agentCtx-summarization/results/query-error-audit-20260907/details/02216.txt
terminalbench,main,qwen35b,di__b3k__otrc-su-partial,hosted_vllm/Qwen/Qwen3.5-35B-A3B,online_trc_summarize_partial,3000,0.5,blind-maze-explorer-5x5,otrc-su-partial,run_1,priority,summary_failure_accounting,0,11,/home/ak58925/agentCtx/ICLR_results/terminalbench/main/qwen35b/di__b3k__otrc-su-partial/blind-maze-explorer-5x5/otrc-su-partial/run_1/trajectory.json,/home/ak58925/agentCtx-summarization/results/query-error-audit-20260907/details/02217.txt
terminalbench,main,qwen35b,di__b3k__otrc-su-partial,hosted_vllm/Qwen/Qwen3.5-35B-A3B,online_trc_summarize_partial,3000,0.5,blind-maze-explorer-5x5,otrc-su-partial,run_2,priority,summary_failure_accounting,0,12,/home/ak58925/agentCtx/ICLR_results/terminalbench/main/qwen35b/di__b3k__otrc-su-partial/blind-maze-explorer-5x5/otrc-su-partial/run_2/trajectory.json,/home/ak58925/agentCtx-summarization/results/query-error-audit-20260907/details/02218.txt
terminalbench,main,qwen35b,di__b3k__otrc-su-partial,hosted_vllm/Qwen/Qwen3.5-35B-A3B,online_trc_summarize_partial,3000,0.5,blind-maze-explorer-5x5,otrc-su-partial,run_3,priority,summary_marker_error,1,,/home/ak58925/agentCtx/ICLR_results/terminalbench/main/qwen35b/di__b3k__otrc-su-partial/blind-maze-explorer-5x5/otrc-su-partial/run_3/trajectory.json,/home/ak58925/agentCtx-summarization/results/query-error-audit-20260907/details/02219.txt
terminalbench,main,qwen35b,di__b3k__otrc-su-partial,hosted_vllm/Qwen/Qwen3.5-35B-A3B,online_trc_summarize_partial,3000,0.5,blind-maze-explorer-algorithm,otrc-su-partial,run_1,priority,summary_failure_accounting,0,59,/home/ak58925/agentCtx/ICLR_results/terminalbench/main/qwen35b/di__b3k__otrc-su-partial/blind-maze-explorer-algorithm/otrc-su-partial/run_1/trajectory.json,/home/ak58925/agentCtx-summarization/results/query-error-audit-20260907/details/02220.txt
terminalbench,main,qwen35b,di__b3k__otrc-su-partial,hosted_vllm/Qwen/Qwen3.5-35B-A3B,online_trc_summarize_partial,3000,0.5,blind-maze-explorer-algorithm,otrc-su-partial,run_2,priority,summary_failure_accounting,0,40,/home/ak58925/agentCtx/ICLR_results/terminalbench/main/qwen35b/di__b3k__otrc-su-partial/blind-maze-explorer-algorithm/otrc-su-partial/run_2/trajectory.json,/home/ak58925/agentCtx-summarization/results/query-error-audit-20260907/details/02221.txt
terminalbench,main,qwen35b,di__b3k__otrc-su-partial,hosted_vllm/Qwen/Qwen3.5-35B-A3B,online_trc_summarize_partial,3000,0.5,blind-maze-explorer-algorithm,otrc-su-partial,run_3,probable,summary_related_response,0,0,/home/ak58925/agentCtx/ICLR_results/terminalbench/main/qwen35b/di__b3k__otrc-su-partial/blind-maze-explorer-algorithm/otrc-su-partial/run_3/trajectory.json,/home/ak58925/agentCtx-summarization/results/query-error-audit-20260907/details/02222.txt
terminalbench,main,qwen35b,di__b3k__otrc-su-partial,hosted_vllm/Qwen/Qwen3.5-35B-A3B,online_trc_summarize_partial,3000,0.5,cartpole-rl-training,otrc-su-partial,run_1,priority,summary_failure_accounting,0,19,/home/ak58925/agentCtx/ICLR_results/terminalbench/main/qwen35b/di__b3k__otrc-su-partial/cartpole-rl-training/otrc-su-partial/run_1/trajectory.json,/home/ak58925/agentCtx-summarization/results/query-error-audit-20260907/details/02223.txt
terminalbench,main,qwen35b,di__b3k__otrc-su-partial,hosted_vllm/Qwen/Qwen3.5-35B-A3B,online_trc_summarize_partial,3000,0.5,cartpole-rl-training,otrc-su-partial,run_2,probable,summary_related_response,0,0,/home/ak58925/agentCtx/ICLR_results/terminalbench/main/qwen35b/di__b3k__otrc-su-partial/cartpole-rl-training/otrc-su-partial/run_2/trajectory.json,/home/ak58925/agentCtx-summarization/results/query-error-audit-20260907/details/02224.txt
terminalbench,main,qwen35b,di__b3k__otrc-su-partial,hosted_vllm/Qwen/Qwen3.5-35B-A3B,online_trc_summarize_partial,3000,0.5,cartpole-rl-training,otrc-su-partial,run_3,probable,summary_related_response,0,0,/home/ak58925/agentCtx/ICLR_results/terminalbench/main/qwen35b/di__b3k__otrc-su-partial/cartpole-rl-training/otrc-su-partial/run_3/trajectory.json,/home/ak58925/agentCtx-summarization/results/query-error-audit-20260907/details/02225.txt
terminalbench,main,qwen35b,di__b3k__otrc-su-partial,hosted_vllm/Qwen/Qwen3.5-35B-A3B,online_trc_summarize_partial,3000,0.5,count-dataset-tokens,otrc-su-partial,run_1,priority,summary_failure_accounting,0,181,/home/ak58925/agentCtx/ICLR_results/terminalbench/main/qwen35b/di__b3k__otrc-su-partial/count-dataset-tokens/otrc-su-partial/run_1/trajectory.json,/home/ak58925/agentCtx-summarization/results/query-error-audit-20260907/details/02226.txt
terminalbench,main,qwen35b,di__b3k__otrc-su-partial,hosted_vllm/Qwen/Qwen3.5-35B-A3B,online_trc_summarize_partial,3000,0.5,count-dataset-tokens,otrc-su-partial,run_2,priority,summary_marker_error,3,,/home/ak58925/agentCtx/ICLR_results/terminalbench/main/qwen35b/di__b3k__otrc-su-partial/count-dataset-tokens/otrc-su-partial/run_2/trajectory.json,/home/ak58925/agentCtx-summarization/results/query-error-audit-20260907/details/02227.txt
terminalbench,main,qwen35b,di__b3k__otrc-su-partial,hosted_vllm/Qwen/Qwen3.5-35B-A3B,online_trc_summarize_partial,3000,0.5,count-dataset-tokens,otrc-su-partial,run_3,priority,summary_failure_accounting,0,108,/home/ak58925/agentCtx/ICLR_results/terminalbench/main/qwen35b/di__b3k__otrc-su-partial/count-dataset-tokens/otrc-su-partial/run_3/trajectory.json,/home/ak58925/agentCtx-summarization/results/query-error-audit-20260907/details/02228.txt
terminalbench,main,qwen35b,di__b3k__otrc-su-partial,hosted_vllm/Qwen/Qwen3.5-35B-A3B,online_trc_summarize_partial,3000,0.5,crack-7z-hash.hard,otrc-su-partial,run_1,priority,summary_failure_accounting,0,9,/home/ak58925/agentCtx/ICLR_results/terminalbench/main/qwen35b/di__b3k__otrc-su-partial/crack-7z-hash.hard/otrc-su-partial/run_1/trajectory.json,/home/ak58925/agentCtx-summarization/results/query-error-audit-20260907/details/02229.txt
terminalbench,main,qwen35b,di__b3k__otrc-su-partial,hosted_vllm/Qwen/Qwen3.5-35B-A3B,online_trc_summarize_partial,3000,0.5,crack-7z-hash.hard,otrc-su-partial,run_2,probable,summary_related_response,0,0,/home/ak58925/agentCtx/ICLR_results/terminalbench/main/qwen35b/di__b3k__otrc-su-partial/crack-7z-hash.hard/otrc-su-partial/run_2/trajectory.json,/home/ak58925/agentCtx-summarization/results/query-error-audit-20260907/details/02230.txt
terminalbench,main,qwen35b,di__b3k__otrc-su-partial,hosted_vllm/Qwen/Qwen3.5-35B-A3B,online_trc_summarize_partial,3000,0.5,crack-7z-hash.hard,otrc-su-partial,run_3,priority,summary_failure_accounting,0,23,/home/ak58925/agentCtx/ICLR_results/terminalbench/main/qwen35b/di__b3k__otrc-su-partial/crack-7z-hash.hard/otrc-su-partial/run_3/trajectory.json,/home/ak58925/agentCtx-summarization/results/query-error-audit-20260907/details/02231.txt
terminalbench,main,qwen35b,di__b3k__otrc-su-partial,hosted_vllm/Qwen/Qwen3.5-35B-A3B,online_trc_summarize_partial,3000,0.5,csv-to-parquet,otrc-su-partial,run_2,priority,summary_failure_accounting,0,107,/home/ak58925/agentCtx/ICLR_results/terminalbench/main/qwen35b/di__b3k__otrc-su-partial/csv-to-parquet/otrc-su-partial/run_2/trajectory.json,/home/ak58925/agentCtx-summarization/results/query-error-audit-20260907/details/02232.txt
terminalbench,main,qwen35b,di__b3k__otrc-su-partial,hosted_vllm/Qwen/Qwen3.5-35B-A3B,online_trc_summarize_partial,3000,0.5,csv-to-parquet,otrc-su-partial,run_3,priority,summary_failure_accounting,0,65,/home/ak58925/agentCtx/ICLR_results/terminalbench/main/qwen35b/di__b3k__otrc-su-partial/csv-to-parquet/otrc-su-partial/run_3/trajectory.json,/home/ak58925/agentCtx-summarization/results/query-error-audit-20260907/details/02233.txt
terminalbench,main,qwen35b,di__b3k__otrc-su-partial,hosted_vllm/Qwen/Qwen3.5-35B-A3B,online_trc_summarize_partial,3000,0.5,download-youtube,otrc-su-partial,run_1,priority,summary_failure_accounting,0,38,/home/ak58925/agentCtx/ICLR_results/terminalbench/main/qwen35b/di__b3k__otrc-su-partial/download-youtube/otrc-su-partial/run_1/trajectory.json,/home/ak58925/agentCtx-summarization/results/query-error-audit-20260907/details/02235.txt
terminalbench,main,qwen35b,di__b3k__otrc-su-partial,hosted_vllm/Qwen/Qwen3.5-35B-A3B,online_trc_summarize_partial,3000,0.5,download-youtube,otrc-su-partial,run_2,priority,summary_failure_accounting,0,13,/home/ak58925/agentCtx/ICLR_results/terminalbench/main/qwen35b/di__b3k__otrc-su-partial/download-youtube/otrc-su-partial/run_2/trajectory.json,/home/ak58925/agentCtx-summarization/results/query-error-audit-20260907/details/02236.txt
terminalbench,main,qwen35b,di__b3k__otrc-su-partial,hosted_vllm/Qwen/Qwen3.5-35B-A3B,online_trc_summarize_partial,3000,0.5,download-youtube,otrc-su-partial,run_3,priority,summary_marker_error,2,,/home/ak58925/agentCtx/ICLR_results/terminalbench/main/qwen35b/di__b3k__otrc-su-partial/download-youtube/otrc-su-partial/run_3/trajectory.json,/home/ak58925/agentCtx-summarization/results/query-error-audit-20260907/details/02237.txt
terminalbench,main,qwen35b,di__b3k__otrc-su-partial,hosted_vllm/Qwen/Qwen3.5-35B-A3B,online_trc_summarize_partial,3000,0.5,eval-mteb,otrc-su-partial,run_1,priority,summary_failure_accounting,0,81,/home/ak58925/agentCtx/ICLR_results/terminalbench/main/qwen35b/di__b3k__otrc-su-partial/eval-mteb/otrc-su-partial/run_1/trajectory.json,/home/ak58925/agentCtx-summarization/results/query-error-audit-20260907/details/02238.txt
terminalbench,main,qwen35b,di__b3k__otrc-su-partial,hosted_vllm/Qwen/Qwen3.5-35B-A3B,online_trc_summarize_partial,3000,0.5,eval-mteb,otrc-su-partial,run_2,priority,summary_failure_accounting,0,85,/home/ak58925/agentCtx/ICLR_results/terminalbench/main/qwen35b/di__b3k__otrc-su-partial/eval-mteb/otrc-su-partial/run_2/trajectory.json,/home/ak58925/agentCtx-summarization/results/query-error-audit-20260907/details/02239.txt
terminalbench,main,qwen35b,di__b3k__otrc-su-partial,hosted_vllm/Qwen/Qwen3.5-35B-A3B,online_trc_summarize_partial,3000,0.5,eval-mteb,otrc-su-partial,run_3,priority,summary_failure_accounting,0,79,/home/ak58925/agentCtx/ICLR_results/terminalbench/main/qwen35b/di__b3k__otrc-su-partial/eval-mteb/otrc-su-partial/run_3/trajectory.json,/home/ak58925/agentCtx-summarization/results/query-error-audit-20260907/details/02240.txt
terminalbench,main,qwen35b,di__b3k__otrc-su-partial,hosted_vllm/Qwen/Qwen3.5-35B-A3B,online_trc_summarize_partial,3000,0.5,eval-mteb.hard,otrc-su-partial,run_1,probable,summary_related_response,0,0,/home/ak58925/agentCtx/ICLR_results/terminalbench/main/qwen35b/di__b3k__otrc-su-partial/eval-mteb.hard/otrc-su-partial/run_1/trajectory.json,/home/ak58925/agentCtx-summarization/results/query-error-audit-20260907/details/02241.txt
terminalbench,main,qwen35b,di__b3k__otrc-su-partial,hosted_vllm/Qwen/Qwen3.5-35B-A3B,online_trc_summarize_partial,3000,0.5,eval-mteb.hard,otrc-su-partial,run_2,priority,summary_failure_accounting,0,28,/home/ak58925/agentCtx/ICLR_results/terminalbench/main/qwen35b/di__b3k__otrc-su-partial/eval-mteb.hard/otrc-su-partial/run_2/trajectory.json,/home/ak58925/agentCtx-summarization/results/query-error-audit-20260907/details/02242.txt
terminalbench,main,qwen35b,di__b3k__otrc-su-partial,hosted_vllm/Qwen/Qwen3.5-35B-A3B,online_trc_summarize_partial,3000,0.5,eval-mteb.hard,otrc-su-partial,run_3,priority,summary_failure_accounting,0,19,/home/ak58925/agentCtx/ICLR_results/terminalbench/main/qwen35b/di__b3k__otrc-su-partial/eval-mteb.hard/otrc-su-partial/run_3/trajectory.json,/home/ak58925/agentCtx-summarization/results/query-error-audit-20260907/details/02243.txt
terminalbench,main,qwen35b,di__b3k__otrc-su-partial,hosted_vllm/Qwen/Qwen3.5-35B-A3B,online_trc_summarize_partial,3000,0.5,extract-moves-from-video,otrc-su-partial,run_1,priority,summary_failure_accounting,0,28,/home/ak58925/agentCtx/ICLR_results/terminalbench/main/qwen35b/di__b3k__otrc-su-partial/extract-moves-from-video/otrc-su-partial/run_1/trajectory.json,/home/ak58925/agentCtx-summarization/results/query-error-audit-20260907/details/02244.txt
terminalbench,main,qwen35b,di__b3k__otrc-su-partial,hosted_vllm/Qwen/Qwen3.5-35B-A3B,online_trc_summarize_partial,3000,0.5,extract-moves-from-video,otrc-su-partial,run_2,priority,summary_marker_error,5,,/home/ak58925/agentCtx/ICLR_results/terminalbench/main/qwen35b/di__b3k__otrc-su-partial/extract-moves-from-video/otrc-su-partial/run_2/trajectory.json,/home/ak58925/agentCtx-summarization/results/query-error-audit-20260907/details/02245.txt
terminalbench,main,qwen35b,di__b3k__otrc-su-partial,hosted_vllm/Qwen/Qwen3.5-35B-A3B,online_trc_summarize_partial,3000,0.5,extract-moves-from-video,otrc-su-partial,run_3,priority,summary_failure_accounting,0,38,/home/ak58925/agentCtx/ICLR_results/terminalbench/main/qwen35b/di__b3k__otrc-su-partial/extract-moves-from-video/otrc-su-partial/run_3/trajectory.json,/home/ak58925/agentCtx-summarization/results/query-error-audit-20260907/details/02246.txt
terminalbench,main,qwen35b,di__b3k__otrc-su-partial,hosted_vllm/Qwen/Qwen3.5-35B-A3B,online_trc_summarize_partial,3000,0.5,fibonacci-server,otrc-su-partial,run_2,priority,summary_failure_accounting,0,3,/home/ak58925/agentCtx/ICLR_results/terminalbench/main/qwen35b/di__b3k__otrc-su-partial/fibonacci-server/otrc-su-partial/run_2/trajectory.json,/home/ak58925/agentCtx-summarization/results/query-error-audit-20260907/details/02247.txt
terminalbench,main,qwen35b,di__b3k__otrc-su-partial,hosted_vllm/Qwen/Qwen3.5-35B-A3B,online_trc_summarize_partial,3000,0.5,git-workflow-hack,otrc-su-partial,run_1,priority,summary_failure_accounting,0,96,/home/ak58925/agentCtx/ICLR_results/terminalbench/main/qwen35b/di__b3k__otrc-su-partial/git-workflow-hack/otrc-su-partial/run_1/trajectory.json,/home/ak58925/agentCtx-summarization/results/query-error-audit-20260907/details/02250.txt
terminalbench,main,qwen35b,di__b3k__otrc-su-partial,hosted_vllm/Qwen/Qwen3.5-35B-A3B,online_trc_summarize_partial,3000,0.5,git-workflow-hack,otrc-su-partial,run_2,priority,summary_failure_accounting,0,93,/home/ak58925/agentCtx/ICLR_results/terminalbench/main/qwen35b/di__b3k__otrc-su-partial/git-workflow-hack/otrc-su-partial/run_2/trajectory.json,/home/ak58925/agentCtx-summarization/results/query-error-audit-20260907/details/02251.txt
terminalbench,main,qwen35b,di__b3k__otrc-su-partial,hosted_vllm/Qwen/Qwen3.5-35B-A3B,online_trc_summarize_partial,3000,0.5,git-workflow-hack,otrc-su-partial,run_3,probable,summary_related_response,0,0,/home/ak58925/agentCtx/ICLR_results/terminalbench/main/qwen35b/di__b3k__otrc-su-partial/git-workflow-hack/otrc-su-partial/run_3/trajectory.json,/home/ak58925/agentCtx-summarization/results/query-error-audit-20260907/details/02252.txt
terminalbench,main,qwen35b,di__b3k__otrc-su-partial,hosted_vllm/Qwen/Qwen3.5-35B-A3B,online_trc_summarize_partial,3000,0.5,gpt2-codegolf,otrc-su-partial,run_1,probable,summary_related_response,0,0,/home/ak58925/agentCtx/ICLR_results/terminalbench/main/qwen35b/di__b3k__otrc-su-partial/gpt2-codegolf/otrc-su-partial/run_1/trajectory.json,/home/ak58925/agentCtx-summarization/results/query-error-audit-20260907/details/02253.txt
terminalbench,main,qwen35b,di__b3k__otrc-su-partial,hosted_vllm/Qwen/Qwen3.5-35B-A3B,online_trc_summarize_partial,3000,0.5,gpt2-codegolf,otrc-su-partial,run_2,probable,summary_related_response,0,0,/home/ak58925/agentCtx/ICLR_results/terminalbench/main/qwen35b/di__b3k__otrc-su-partial/gpt2-codegolf/otrc-su-partial/run_2/trajectory.json,/home/ak58925/agentCtx-summarization/results/query-error-audit-20260907/details/02254.txt
terminalbench,main,qwen35b,di__b3k__otrc-su-partial,hosted_vllm/Qwen/Qwen3.5-35B-A3B,online_trc_summarize_partial,3000,0.5,gpt2-codegolf,otrc-su-partial,run_3,probable,summary_related_response,0,0,/home/ak58925/agentCtx/ICLR_results/terminalbench/main/qwen35b/di__b3k__otrc-su-partial/gpt2-codegolf/otrc-su-partial/run_3/trajectory.json,/home/ak58925/agentCtx-summarization/results/query-error-audit-20260907/details/02255.txt
terminalbench,main,qwen35b,di__b3k__otrc-su-partial,hosted_vllm/Qwen/Qwen3.5-35B-A3B,online_trc_summarize_partial,3000,0.5,heterogeneous-dates,otrc-su-partial,run_3,priority,summary_failure_accounting,0,4,/home/ak58925/agentCtx/ICLR_results/terminalbench/main/qwen35b/di__b3k__otrc-su-partial/heterogeneous-dates/otrc-su-partial/run_3/trajectory.json,/home/ak58925/agentCtx-summarization/results/query-error-audit-20260907/details/02256.txt
terminalbench,main,qwen35b,di__b3k__otrc-su-partial,hosted_vllm/Qwen/Qwen3.5-35B-A3B,online_trc_summarize_partial,3000,0.5,hf-model-inference,otrc-su-partial,run_1,priority,summary_failure_accounting,0,173,/home/ak58925/agentCtx/ICLR_results/terminalbench/main/qwen35b/di__b3k__otrc-su-partial/hf-model-inference/otrc-su-partial/run_1/trajectory.json,/home/ak58925/agentCtx-summarization/results/query-error-audit-20260907/details/02257.txt
terminalbench,main,qwen35b,di__b3k__otrc-su-partial,hosted_vllm/Qwen/Qwen3.5-35B-A3B,online_trc_summarize_partial,3000,0.5,hf-model-inference,otrc-su-partial,run_2,priority,summary_failure_accounting,0,87,/home/ak58925/agentCtx/ICLR_results/terminalbench/main/qwen35b/di__b3k__otrc-su-partial/hf-model-inference/otrc-su-partial/run_2/trajectory.json,/home/ak58925/agentCtx-summarization/results/query-error-audit-20260907/details/02258.txt
terminalbench,main,qwen35b,di__b3k__otrc-su-partial,hosted_vllm/Qwen/Qwen3.5-35B-A3B,online_trc_summarize_partial,3000,0.5,hf-model-inference,otrc-su-partial,run_3,priority,summary_failure_accounting,0,155,/home/ak58925/agentCtx/ICLR_results/terminalbench/main/qwen35b/di__b3k__otrc-su-partial/hf-model-inference/otrc-su-partial/run_3/trajectory.json,/home/ak58925/agentCtx-summarization/results/query-error-audit-20260907/details/02259.txt
terminalbench,main,qwen35b,di__b3k__otrc-su-partial,hosted_vllm/Qwen/Qwen3.5-35B-A3B,online_trc_summarize_partial,3000,0.5,incompatible-python-fasttext,otrc-su-partial,run_1,probable,summary_related_response,0,0,/home/ak58925/agentCtx/ICLR_results/terminalbench/main/qwen35b/di__b3k__otrc-su-partial/incompatible-python-fasttext/otrc-su-partial/run_1/trajectory.json,/home/ak58925/agentCtx-summarization/results/query-error-audit-20260907/details/02260.txt
terminalbench,main,qwen35b,di__b3k__otrc-su-partial,hosted_vllm/Qwen/Qwen3.5-35B-A3B,online_trc_summarize_partial,3000,0.5,incompatible-python-fasttext,otrc-su-partial,run_2,priority,summary_failure_accounting,0,30,/home/ak58925/agentCtx/ICLR_results/terminalbench/main/qwen35b/di__b3k__otrc-su-partial/incompatible-python-fasttext/otrc-su-partial/run_2/trajectory.json,/home/ak58925/agentCtx-summarization/results/query-error-audit-20260907/details/02261.txt
terminalbench,main,qwen35b,di__b3k__otrc-su-partial,hosted_vllm/Qwen/Qwen3.5-35B-A3B,online_trc_summarize_partial,3000,0.5,incompatible-python-fasttext,otrc-su-partial,run_3,priority,summary_failure_accounting,0,200,/home/ak58925/agentCtx/ICLR_results/terminalbench/main/qwen35b/di__b3k__otrc-su-partial/incompatible-python-fasttext/otrc-su-partial/run_3/trajectory.json,/home/ak58925/agentCtx-summarization/results/query-error-audit-20260907/details/02262.txt
terminalbench,main,qwen35b,di__b3k__otrc-su-partial,hosted_vllm/Qwen/Qwen3.5-35B-A3B,online_trc_summarize_partial,3000,0.5,intrusion-detection,otrc-su-partial,run_1,priority,summary_failure_accounting,0,44,/home/ak58925/agentCtx/ICLR_results/terminalbench/main/qwen35b/di__b3k__otrc-su-partial/intrusion-detection/otrc-su-partial/run_1/trajectory.json,/home/ak58925/agentCtx-summarization/results/query-error-audit-20260907/details/02263.txt
terminalbench,main,qwen35b,di__b3k__otrc-su-partial,hosted_vllm/Qwen/Qwen3.5-35B-A3B,online_trc_summarize_partial,3000,0.5,intrusion-detection,otrc-su-partial,run_2,priority,summary_failure_accounting,0,9,/home/ak58925/agentCtx/ICLR_results/terminalbench/main/qwen35b/di__b3k__otrc-su-partial/intrusion-detection/otrc-su-partial/run_2/trajectory.json,/home/ak58925/agentCtx-summarization/results/query-error-audit-20260907/details/02264.txt
terminalbench,main,qwen35b,di__b3k__otrc-su-partial,hosted_vllm/Qwen/Qwen3.5-35B-A3B,online_trc_summarize_partial,3000,0.5,intrusion-detection,otrc-su-partial,run_3,priority,summary_failure_accounting,0,32,/home/ak58925/agentCtx/ICLR_results/terminalbench/main/qwen35b/di__b3k__otrc-su-partial/intrusion-detection/otrc-su-partial/run_3/trajectory.json,/home/ak58925/agentCtx-summarization/results/query-error-audit-20260907/details/02265.txt
terminalbench,main,qwen35b,di__b3k__otrc-su-partial,hosted_vllm/Qwen/Qwen3.5-35B-A3B,online_trc_summarize_partial,3000,0.5,modernize-fortran-build,otrc-su-partial,run_1,probable,summary_related_response,0,0,/home/ak58925/agentCtx/ICLR_results/terminalbench/main/qwen35b/di__b3k__otrc-su-partial/modernize-fortran-build/otrc-su-partial/run_1/trajectory.json,/home/ak58925/agentCtx-summarization/results/query-error-audit-20260907/details/02266.txt
terminalbench,main,qwen35b,di__b3k__otrc-su-partial,hosted_vllm/Qwen/Qwen3.5-35B-A3B,online_trc_summarize_partial,3000,0.5,modernize-fortran-build,otrc-su-partial,run_3,priority,summary_failure_accounting,0,3,/home/ak58925/agentCtx/ICLR_results/terminalbench/main/qwen35b/di__b3k__otrc-su-partial/modernize-fortran-build/otrc-su-partial/run_3/trajectory.json,/home/ak58925/agentCtx-summarization/results/query-error-audit-20260907/details/02268.txt
terminalbench,main,qwen35b,di__b3k__otrc-su-partial,hosted_vllm/Qwen/Qwen3.5-35B-A3B,online_trc_summarize_partial,3000,0.5,new-encrypt-command,otrc-su-partial,run_1,priority,summary_failure_accounting,0,2,/home/ak58925/agentCtx/ICLR_results/terminalbench/main/qwen35b/di__b3k__otrc-su-partial/new-encrypt-command/otrc-su-partial/run_1/trajectory.json,/home/ak58925/agentCtx-summarization/results/query-error-audit-20260907/details/02269.txt
terminalbench,main,qwen35b,di__b3k__otrc-su-partial,hosted_vllm/Qwen/Qwen3.5-35B-A3B,online_trc_summarize_partial,3000,0.5,new-encrypt-command,otrc-su-partial,run_2,priority,summary_failure_accounting,0,4,/home/ak58925/agentCtx/ICLR_results/terminalbench/main/qwen35b/di__b3k__otrc-su-partial/new-encrypt-command/otrc-su-partial/run_2/trajectory.json,/home/ak58925/agentCtx-summarization/results/query-error-audit-20260907/details/02270.txt
terminalbench,main,qwen35b,di__b3k__otrc-su-partial,hosted_vllm/Qwen/Qwen3.5-35B-A3B,online_trc_summarize_partial,3000,0.5,password-recovery,otrc-su-partial,run_1,priority,summary_failure_accounting,0,59,/home/ak58925/agentCtx/ICLR_results/terminalbench/main/qwen35b/di__b3k__otrc-su-partial/password-recovery/otrc-su-partial/run_1/trajectory.json,/home/ak58925/agentCtx-summarization/results/query-error-audit-20260907/details/02271.txt
terminalbench,main,qwen35b,di__b3k__otrc-su-partial,hosted_vllm/Qwen/Qwen3.5-35B-A3B,online_trc_summarize_partial,3000,0.5,password-recovery,otrc-su-partial,run_2,priority,summary_failure_accounting,0,49,/home/ak58925/agentCtx/ICLR_results/terminalbench/main/qwen35b/di__b3k__otrc-su-partial/password-recovery/otrc-su-partial/run_2/trajectory.json,/home/ak58925/agentCtx-summarization/results/query-error-audit-20260907/details/02272.txt
terminalbench,main,qwen35b,di__b3k__otrc-su-partial,hosted_vllm/Qwen/Qwen3.5-35B-A3B,online_trc_summarize_partial,3000,0.5,password-recovery,otrc-su-partial,run_3,probable,summary_related_response,0,0,/home/ak58925/agentCtx/ICLR_results/terminalbench/main/qwen35b/di__b3k__otrc-su-partial/password-recovery/otrc-su-partial/run_3/trajectory.json,/home/ak58925/agentCtx-summarization/results/query-error-audit-20260907/details/02273.txt
terminalbench,main,qwen35b,di__b3k__otrc-su-partial,hosted_vllm/Qwen/Qwen3.5-35B-A3B,online_trc_summarize_partial,3000,0.5,path-tracing-reverse,otrc-su-partial,run_1,priority,summary_failure_accounting,0,68,/home/ak58925/agentCtx/ICLR_results/terminalbench/main/qwen35b/di__b3k__otrc-su-partial/path-tracing-reverse/otrc-su-partial/run_1/trajectory.json,/home/ak58925/agentCtx-summarization/results/query-error-audit-20260907/details/02274.txt
terminalbench,main,qwen35b,di__b3k__otrc-su-partial,hosted_vllm/Qwen/Qwen3.5-35B-A3B,online_trc_summarize_partial,3000,0.5,path-tracing-reverse,otrc-su-partial,run_2,priority,summary_failure_accounting,0,9,/home/ak58925/agentCtx/ICLR_results/terminalbench/main/qwen35b/di__b3k__otrc-su-partial/path-tracing-reverse/otrc-su-partial/run_2/trajectory.json,/home/ak58925/agentCtx-summarization/results/query-error-audit-20260907/details/02275.txt
terminalbench,main,qwen35b,di__b3k__otrc-su-partial,hosted_vllm/Qwen/Qwen3.5-35B-A3B,online_trc_summarize_partial,3000,0.5,path-tracing-reverse,otrc-su-partial,run_3,priority,summary_marker_error,2,,/home/ak58925/agentCtx/ICLR_results/terminalbench/main/qwen35b/di__b3k__otrc-su-partial/path-tracing-reverse/otrc-su-partial/run_3/trajectory.json,/home/ak58925/agentCtx-summarization/results/query-error-audit-20260907/details/02276.txt
terminalbench,main,qwen35b,di__b3k__otrc-su-partial,hosted_vllm/Qwen/Qwen3.5-35B-A3B,online_trc_summarize_partial,3000,0.5,processing-pipeline,otrc-su-partial,run_3,probable,summary_related_response,0,0,/home/ak58925/agentCtx/ICLR_results/terminalbench/main/qwen35b/di__b3k__otrc-su-partial/processing-pipeline/otrc-su-partial/run_3/trajectory.json,/home/ak58925/agentCtx-summarization/results/query-error-audit-20260907/details/02278.txt
terminalbench,main,qwen35b,di__b3k__otrc-su-partial,hosted_vllm/Qwen/Qwen3.5-35B-A3B,online_trc_summarize_partial,3000,0.5,pytorch-model-cli.hard,otrc-su-partial,run_1,priority,summary_failure_accounting,0,104,/home/ak58925/agentCtx/ICLR_results/terminalbench/main/qwen35b/di__b3k__otrc-su-partial/pytorch-model-cli.hard/otrc-su-partial/run_1/trajectory.json,/home/ak58925/agentCtx-summarization/results/query-error-audit-20260907/details/02280.txt
terminalbench,main,qwen35b,di__b3k__otrc-su-partial,hosted_vllm/Qwen/Qwen3.5-35B-A3B,online_trc_summarize_partial,3000,0.5,pytorch-model-cli.hard,otrc-su-partial,run_2,priority,summary_failure_accounting,0,2,/home/ak58925/agentCtx/ICLR_results/terminalbench/main/qwen35b/di__b3k__otrc-su-partial/pytorch-model-cli.hard/otrc-su-partial/run_2/trajectory.json,/home/ak58925/agentCtx-summarization/results/query-error-audit-20260907/details/02281.txt
terminalbench,main,qwen35b,di__b3k__otrc-su-partial,hosted_vllm/Qwen/Qwen3.5-35B-A3B,online_trc_summarize_partial,3000,0.5,pytorch-model-cli.hard,otrc-su-partial,run_3,priority,summary_failure_accounting,0,182,/home/ak58925/agentCtx/ICLR_results/terminalbench/main/qwen35b/di__b3k__otrc-su-partial/pytorch-model-cli.hard/otrc-su-partial/run_3/trajectory.json,/home/ak58925/agentCtx-summarization/results/query-error-audit-20260907/details/02282.txt
terminalbench,main,qwen35b,di__b3k__otrc-su-partial,hosted_vllm/Qwen/Qwen3.5-35B-A3B,online_trc_summarize_partial,3000,0.5,qemu-alpine-ssh,otrc-su-partial,run_1,priority,summary_failure_accounting,0,44,/home/ak58925/agentCtx/ICLR_results/terminalbench/main/qwen35b/di__b3k__otrc-su-partial/qemu-alpine-ssh/otrc-su-partial/run_1/trajectory.json,/home/ak58925/agentCtx-summarization/results/query-error-audit-20260907/details/02283.txt
terminalbench,main,qwen35b,di__b3k__otrc-su-partial,hosted_vllm/Qwen/Qwen3.5-35B-A3B,online_trc_summarize_partial,3000,0.5,qemu-alpine-ssh,otrc-su-partial,run_2,probable,summary_related_response,0,0,/home/ak58925/agentCtx/ICLR_results/terminalbench/main/qwen35b/di__b3k__otrc-su-partial/qemu-alpine-ssh/otrc-su-partial/run_2/trajectory.json,/home/ak58925/agentCtx-summarization/results/query-error-audit-20260907/details/02284.txt
terminalbench,main,qwen35b,di__b3k__otrc-su-partial,hosted_vllm/Qwen/Qwen3.5-35B-A3B,online_trc_summarize_partial,3000,0.5,qemu-alpine-ssh,otrc-su-partial,run_3,priority,summary_failure_accounting,0,32,/home/ak58925/agentCtx/ICLR_results/terminalbench/main/qwen35b/di__b3k__otrc-su-partial/qemu-alpine-ssh/otrc-su-partial/run_3/trajectory.json,/home/ak58925/agentCtx-summarization/results/query-error-audit-20260907/details/02285.txt
terminalbench,main,qwen35b,di__b3k__otrc-su-partial,hosted_vllm/Qwen/Qwen3.5-35B-A3B,online_trc_summarize_partial,3000,0.5,qemu-startup,otrc-su-partial,run_1,priority,summary_failure_accounting,0,69,/home/ak58925/agentCtx/ICLR_results/terminalbench/main/qwen35b/di__b3k__otrc-su-partial/qemu-startup/otrc-su-partial/run_1/trajectory.json,/home/ak58925/agentCtx-summarization/results/query-error-audit-20260907/details/02286.txt
terminalbench,main,qwen35b,di__b3k__otrc-su-partial,hosted_vllm/Qwen/Qwen3.5-35B-A3B,online_trc_summarize_partial,3000,0.5,qemu-startup,otrc-su-partial,run_2,priority,summary_failure_accounting,0,63,/home/ak58925/agentCtx/ICLR_results/terminalbench/main/qwen35b/di__b3k__otrc-su-partial/qemu-startup/otrc-su-partial/run_2/trajectory.json,/home/ak58925/agentCtx-summarization/results/query-error-audit-20260907/details/02287.txt
terminalbench,main,qwen35b,di__b3k__otrc-su-partial,hosted_vllm/Qwen/Qwen3.5-35B-A3B,online_trc_summarize_partial,3000,0.5,qemu-startup,otrc-su-partial,run_3,priority,summary_failure_accounting,0,67,/home/ak58925/agentCtx/ICLR_results/terminalbench/main/qwen35b/di__b3k__otrc-su-partial/qemu-startup/otrc-su-partial/run_3/trajectory.json,/home/ak58925/agentCtx-summarization/results/query-error-audit-20260907/details/02288.txt
terminalbench,main,qwen35b,di__b3k__otrc-su-partial,hosted_vllm/Qwen/Qwen3.5-35B-A3B,online_trc_summarize_partial,3000,0.5,raman-fitting.easy,otrc-su-partial,run_1,priority,summary_failure_accounting,0,4,/home/ak58925/agentCtx/ICLR_results/terminalbench/main/qwen35b/di__b3k__otrc-su-partial/raman-fitting.easy/otrc-su-partial/run_1/trajectory.json,/home/ak58925/agentCtx-summarization/results/query-error-audit-20260907/details/02289.txt
terminalbench,main,qwen35b,di__b3k__otrc-su-partial,hosted_vllm/Qwen/Qwen3.5-35B-A3B,online_trc_summarize_partial,3000,0.5,raman-fitting.easy,otrc-su-partial,run_2,priority,summary_failure_accounting,0,12,/home/ak58925/agentCtx/ICLR_results/terminalbench/main/qwen35b/di__b3k__otrc-su-partial/raman-fitting.easy/otrc-su-partial/run_2/trajectory.json,/home/ak58925/agentCtx-summarization/results/query-error-audit-20260907/details/02290.txt
terminalbench,main,qwen35b,di__b3k__otrc-su-partial,hosted_vllm/Qwen/Qwen3.5-35B-A3B,online_trc_summarize_partial,3000,0.5,raman-fitting.easy,otrc-su-partial,run_3,priority,summary_failure_accounting,0,4,/home/ak58925/agentCtx/ICLR_results/terminalbench/main/qwen35b/di__b3k__otrc-su-partial/raman-fitting.easy/otrc-su-partial/run_3/trajectory.json,/home/ak58925/agentCtx-summarization/results/query-error-audit-20260907/details/02291.txt
terminalbench,main,qwen35b,di__b3k__otrc-su-partial,hosted_vllm/Qwen/Qwen3.5-35B-A3B,online_trc_summarize_partial,3000,0.5,sanitize-git-repo,otrc-su-partial,run_1,priority,summary_failure_accounting,0,30,/home/ak58925/agentCtx/ICLR_results/terminalbench/main/qwen35b/di__b3k__otrc-su-partial/sanitize-git-repo/otrc-su-partial/run_1/trajectory.json,/home/ak58925/agentCtx-summarization/results/query-error-audit-20260907/details/02292.txt
terminalbench,main,qwen35b,di__b3k__otrc-su-partial,hosted_vllm/Qwen/Qwen3.5-35B-A3B,online_trc_summarize_partial,3000,0.5,sanitize-git-repo,otrc-su-partial,run_2,priority,summary_failure_accounting,0,72,/home/ak58925/agentCtx/ICLR_results/terminalbench/main/qwen35b/di__b3k__otrc-su-partial/sanitize-git-repo/otrc-su-partial/run_2/trajectory.json,/home/ak58925/agentCtx-summarization/results/query-error-audit-20260907/details/02293.txt
terminalbench,main,qwen35b,di__b3k__otrc-su-partial,hosted_vllm/Qwen/Qwen3.5-35B-A3B,online_trc_summarize_partial,3000,0.5,sanitize-git-repo,otrc-su-partial,run_3,priority,summary_failure_accounting,0,24,/home/ak58925/agentCtx/ICLR_results/terminalbench/main/qwen35b/di__b3k__otrc-su-partial/sanitize-git-repo/otrc-su-partial/run_3/trajectory.json,/home/ak58925/agentCtx-summarization/results/query-error-audit-20260907/details/02294.txt
terminalbench,main,qwen35b,di__b3k__otrc-su-partial,hosted_vllm/Qwen/Qwen3.5-35B-A3B,online_trc_summarize_partial,3000,0.5,sanitize-git-repo.hard,otrc-su-partial,run_1,priority,summary_failure_accounting,0,28,/home/ak58925/agentCtx/ICLR_results/terminalbench/main/qwen35b/di__b3k__otrc-su-partial/sanitize-git-repo.hard/otrc-su-partial/run_1/trajectory.json,/home/ak58925/agentCtx-summarization/results/query-error-audit-20260907/details/02295.txt
terminalbench,main,qwen35b,di__b3k__otrc-su-partial,hosted_vllm/Qwen/Qwen3.5-35B-A3B,online_trc_summarize_partial,3000,0.5,sanitize-git-repo.hard,otrc-su-partial,run_2,priority,summary_failure_accounting,0,15,/home/ak58925/agentCtx/ICLR_results/terminalbench/main/qwen35b/di__b3k__otrc-su-partial/sanitize-git-repo.hard/otrc-su-partial/run_2/trajectory.json,/home/ak58925/agentCtx-summarization/results/query-error-audit-20260907/details/02296.txt
terminalbench,main,qwen35b,di__b3k__otrc-su-partial,hosted_vllm/Qwen/Qwen3.5-35B-A3B,online_trc_summarize_partial,3000,0.5,sanitize-git-repo.hard,otrc-su-partial,run_3,probable,summary_related_response,0,0,/home/ak58925/agentCtx/ICLR_results/terminalbench/main/qwen35b/di__b3k__otrc-su-partial/sanitize-git-repo.hard/otrc-su-partial/run_3/trajectory.json,/home/ak58925/agentCtx-summarization/results/query-error-audit-20260907/details/02297.txt
terminalbench,main,qwen35b,di__b3k__otrc-su-partial,hosted_vllm/Qwen/Qwen3.5-35B-A3B,online_trc_summarize_partial,3000,0.5,solana-data,otrc-su-partial,run_1,priority,summary_failure_accounting,0,118,/home/ak58925/agentCtx/ICLR_results/terminalbench/main/qwen35b/di__b3k__otrc-su-partial/solana-data/otrc-su-partial/run_1/trajectory.json,/home/ak58925/agentCtx-summarization/results/query-error-audit-20260907/details/02298.txt
terminalbench,main,qwen35b,di__b3k__otrc-su-partial,hosted_vllm/Qwen/Qwen3.5-35B-A3B,online_trc_summarize_partial,3000,0.5,solana-data,otrc-su-partial,run_2,priority,summary_failure_accounting,0,13,/home/ak58925/agentCtx/ICLR_results/terminalbench/main/qwen35b/di__b3k__otrc-su-partial/solana-data/otrc-su-partial/run_2/trajectory.json,/home/ak58925/agentCtx-summarization/results/query-error-audit-20260907/details/02299.txt
terminalbench,main,qwen35b,di__b3k__otrc-su-partial,hosted_vllm/Qwen/Qwen3.5-35B-A3B,online_trc_summarize_partial,3000,0.5,solana-data,otrc-su-partial,run_3,priority,summary_failure_accounting,0,48,/home/ak58925/agentCtx/ICLR_results/terminalbench/main/qwen35b/di__b3k__otrc-su-partial/solana-data/otrc-su-partial/run_3/trajectory.json,/home/ak58925/agentCtx-summarization/results/query-error-audit-20260907/details/02300.txt
terminalbench,main,qwen35b,di__b3k__otrc-su-partial,hosted_vllm/Qwen/Qwen3.5-35B-A3B,online_trc_summarize_partial,3000,0.5,sqlite-with-gcov,otrc-su-partial,run_1,priority,summary_failure_accounting,0,40,/home/ak58925/agentCtx/ICLR_results/terminalbench/main/qwen35b/di__b3k__otrc-su-partial/sqlite-with-gcov/otrc-su-partial/run_1/trajectory.json,/home/ak58925/agentCtx-summarization/results/query-error-audit-20260907/details/02301.txt
terminalbench,main,qwen35b,di__b3k__otrc-su-partial,hosted_vllm/Qwen/Qwen3.5-35B-A3B,online_trc_summarize_partial,3000,0.5,sqlite-with-gcov,otrc-su-partial,run_2,priority,summary_failure_accounting,0,17,/home/ak58925/agentCtx/ICLR_results/terminalbench/main/qwen35b/di__b3k__otrc-su-partial/sqlite-with-gcov/otrc-su-partial/run_2/trajectory.json,/home/ak58925/agentCtx-summarization/results/query-error-audit-20260907/details/02302.txt
terminalbench,main,qwen35b,di__b3k__otrc-su-partial,hosted_vllm/Qwen/Qwen3.5-35B-A3B,online_trc_summarize_partial,3000,0.5,sqlite-with-gcov,otrc-su-partial,run_3,probable,summary_related_response,0,0,/home/ak58925/agentCtx/ICLR_results/terminalbench/main/qwen35b/di__b3k__otrc-su-partial/sqlite-with-gcov/otrc-su-partial/run_3/trajectory.json,/home/ak58925/agentCtx-summarization/results/query-error-audit-20260907/details/02303.txt
terminalbench,main,qwen35b,di__b3k__otrc-su-partial,hosted_vllm/Qwen/Qwen3.5-35B-A3B,online_trc_summarize_partial,3000,0.5,super-benchmark-upet,otrc-su-partial,run_1,priority,summary_failure_accounting,0,48,/home/ak58925/agentCtx/ICLR_results/terminalbench/main/qwen35b/di__b3k__otrc-su-partial/super-benchmark-upet/otrc-su-partial/run_1/trajectory.json,/home/ak58925/agentCtx-summarization/results/query-error-audit-20260907/details/02304.txt
terminalbench,main,qwen35b,di__b3k__otrc-su-partial,hosted_vllm/Qwen/Qwen3.5-35B-A3B,online_trc_summarize_partial,3000,0.5,super-benchmark-upet,otrc-su-partial,run_2,priority,summary_failure_accounting,0,71,/home/ak58925/agentCtx/ICLR_results/terminalbench/main/qwen35b/di__b3k__otrc-su-partial/super-benchmark-upet/otrc-su-partial/run_2/trajectory.json,/home/ak58925/agentCtx-summarization/results/query-error-audit-20260907/details/02305.txt
terminalbench,main,qwen35b,di__b3k__otrc-su-partial,hosted_vllm/Qwen/Qwen3.5-35B-A3B,online_trc_summarize_partial,3000,0.5,super-benchmark-upet,otrc-su-partial,run_3,probable,summary_related_response,0,0,/home/ak58925/agentCtx/ICLR_results/terminalbench/main/qwen35b/di__b3k__otrc-su-partial/super-benchmark-upet/otrc-su-partial/run_3/trajectory.json,/home/ak58925/agentCtx-summarization/results/query-error-audit-20260907/details/02306.txt
terminalbench,main,qwen35b,di__b3k__otrc-su-partial,hosted_vllm/Qwen/Qwen3.5-35B-A3B,online_trc_summarize_partial,3000,0.5,swe-bench-astropy-2,otrc-su-partial,run_1,probable,summary_related_response,0,0,/home/ak58925/agentCtx/ICLR_results/terminalbench/main/qwen35b/di__b3k__otrc-su-partial/swe-bench-astropy-2/otrc-su-partial/run_1/trajectory.json,/home/ak58925/agentCtx-summarization/results/query-error-audit-20260907/details/02307.txt
terminalbench,main,qwen35b,di__b3k__otrc-su-partial,hosted_vllm/Qwen/Qwen3.5-35B-A3B,online_trc_summarize_partial,3000,0.5,swe-bench-astropy-2,otrc-su-partial,run_2,priority,summary_failure_accounting,0,61,/home/ak58925/agentCtx/ICLR_results/terminalbench/main/qwen35b/di__b3k__otrc-su-partial/swe-bench-astropy-2/otrc-su-partial/run_2/trajectory.json,/home/ak58925/agentCtx-summarization/results/query-error-audit-20260907/details/02308.txt
terminalbench,main,qwen35b,di__b3k__otrc-su-partial,hosted_vllm/Qwen/Qwen3.5-35B-A3B,online_trc_summarize_partial,3000,0.5,swe-bench-astropy-2,otrc-su-partial,run_3,priority,summary_failure_accounting,0,48,/home/ak58925/agentCtx/ICLR_results/terminalbench/main/qwen35b/di__b3k__otrc-su-partial/swe-bench-astropy-2/otrc-su-partial/run_3/trajectory.json,/home/ak58925/agentCtx-summarization/results/query-error-audit-20260907/details/02309.txt
terminalbench,main,qwen35b,di__b3k__otrc-su-partial,hosted_vllm/Qwen/Qwen3.5-35B-A3B,online_trc_summarize_partial,3000,0.5,swe-bench-fsspec,otrc-su-partial,run_1,priority,summary_failure_accounting,0,9,/home/ak58925/agentCtx/ICLR_results/terminalbench/main/qwen35b/di__b3k__otrc-su-partial/swe-bench-fsspec/otrc-su-partial/run_1/trajectory.json,/home/ak58925/agentCtx-summarization/results/query-error-audit-20260907/details/02310.txt
terminalbench,main,qwen35b,di__b3k__otrc-su-partial,hosted_vllm/Qwen/Qwen3.5-35B-A3B,online_trc_summarize_partial,3000,0.5,swe-bench-fsspec,otrc-su-partial,run_2,priority,summary_failure_accounting,0,87,/home/ak58925/agentCtx/ICLR_results/terminalbench/main/qwen35b/di__b3k__otrc-su-partial/swe-bench-fsspec/otrc-su-partial/run_2/trajectory.json,/home/ak58925/agentCtx-summarization/results/query-error-audit-20260907/details/02311.txt
terminalbench,main,qwen35b,di__b3k__otrc-su-partial,hosted_vllm/Qwen/Qwen3.5-35B-A3B,online_trc_summarize_partial,3000,0.5,swe-bench-fsspec,otrc-su-partial,run_3,priority,summary_failure_accounting,0,97,/home/ak58925/agentCtx/ICLR_results/terminalbench/main/qwen35b/di__b3k__otrc-su-partial/swe-bench-fsspec/otrc-su-partial/run_3/trajectory.json,/home/ak58925/agentCtx-summarization/results/query-error-audit-20260907/details/02312.txt
terminalbench,main,qwen35b,di__b3k__otrc-su-partial,hosted_vllm/Qwen/Qwen3.5-35B-A3B,online_trc_summarize_partial,3000,0.5,tmux-advanced-workflow,otrc-su-partial,run_1,probable,summary_related_response,0,0,/home/ak58925/agentCtx/ICLR_results/terminalbench/main/qwen35b/di__b3k__otrc-su-partial/tmux-advanced-workflow/otrc-su-partial/run_1/trajectory.json,/home/ak58925/agentCtx-summarization/results/query-error-audit-20260907/details/02313.txt
terminalbench,main,qwen35b,di__b3k__otrc-su-partial,hosted_vllm/Qwen/Qwen3.5-35B-A3B,online_trc_summarize_partial,3000,0.5,tmux-advanced-workflow,otrc-su-partial,run_2,probable,summary_related_response,0,0,/home/ak58925/agentCtx/ICLR_results/terminalbench/main/qwen35b/di__b3k__otrc-su-partial/tmux-advanced-workflow/otrc-su-partial/run_2/trajectory.json,/home/ak58925/agentCtx-summarization/results/query-error-audit-20260907/details/02314.txt
terminalbench,main,qwen35b,di__b3k__otrc-su-partial,hosted_vllm/Qwen/Qwen3.5-35B-A3B,online_trc_summarize_partial,3000,0.5,tmux-advanced-workflow,otrc-su-partial,run_3,probable,summary_related_response,0,0,/home/ak58925/agentCtx/ICLR_results/terminalbench/main/qwen35b/di__b3k__otrc-su-partial/tmux-advanced-workflow/otrc-su-partial/run_3/trajectory.json,/home/ak58925/agentCtx-summarization/results/query-error-audit-20260907/details/02315.txt
terminalbench,main,qwen35b,di__b3k__otrc-su-partial,hosted_vllm/Qwen/Qwen3.5-35B-A3B,online_trc_summarize_partial,3000,0.5,write-compressor,otrc-su-partial,run_1,priority,summary_failure_accounting,0,58,/home/ak58925/agentCtx/ICLR_results/terminalbench/main/qwen35b/di__b3k__otrc-su-partial/write-compressor/otrc-su-partial/run_1/trajectory.json,/home/ak58925/agentCtx-summarization/results/query-error-audit-20260907/details/02316.txt
terminalbench,main,qwen35b,di__b3k__otrc-su-partial,hosted_vllm/Qwen/Qwen3.5-35B-A3B,online_trc_summarize_partial,3000,0.5,write-compressor,otrc-su-partial,run_2,probable,summary_related_response,0,0,/home/ak58925/agentCtx/ICLR_results/terminalbench/main/qwen35b/di__b3k__otrc-su-partial/write-compressor/otrc-su-partial/run_2/trajectory.json,/home/ak58925/agentCtx-summarization/results/query-error-audit-20260907/details/02317.txt
terminalbench,main,qwen35b,di__b3k__otrc-su-partial,hosted_vllm/Qwen/Qwen3.5-35B-A3B,online_trc_summarize_partial,3000,0.5,write-compressor,otrc-su-partial,run_3,priority,summary_failure_accounting,0,18,/home/ak58925/agentCtx/ICLR_results/terminalbench/main/qwen35b/di__b3k__otrc-su-partial/write-compressor/otrc-su-partial/run_3/trajectory.json,/home/ak58925/agentCtx-summarization/results/query-error-audit-20260907/details/02318.txt
terminalbench,main,qwen35b,di__b3k__trc-ss,hosted_vllm/Qwen/Qwen3.5-35B-A3B,trc_structured_summarize,3000,0.5,blind-maze-explorer-5x5,trc-ss,run_1,priority,summary_marker_error,17,,/home/ak58925/agentCtx/ICLR_results/terminalbench/main/qwen35b/di__b3k__trc-ss/blind-maze-explorer-5x5/trc-ss/run_1/trajectory.json,/home/ak58925/agentCtx-summarization/results/query-error-audit-20260907/details/02345.txt
terminalbench,main,qwen35b,di__b3k__trc-ss,hosted_vllm/Qwen/Qwen3.5-35B-A3B,trc_structured_summarize,3000,0.5,blind-maze-explorer-5x5,trc-ss,run_2,priority,summary_marker_error,6,,/home/ak58925/agentCtx/ICLR_results/terminalbench/main/qwen35b/di__b3k__trc-ss/blind-maze-explorer-5x5/trc-ss/run_2/trajectory.json,/home/ak58925/agentCtx-summarization/results/query-error-audit-20260907/details/02346.txt
terminalbench,main,qwen35b,di__b3k__trc-ss,hosted_vllm/Qwen/Qwen3.5-35B-A3B,trc_structured_summarize,3000,0.5,blind-maze-explorer-5x5,trc-ss,run_3,priority,summary_marker_error,22,,/home/ak58925/agentCtx/ICLR_results/terminalbench/main/qwen35b/di__b3k__trc-ss/blind-maze-explorer-5x5/trc-ss/run_3/trajectory.json,/home/ak58925/agentCtx-summarization/results/query-error-audit-20260907/details/02347.txt
terminalbench,main,qwen35b,di__b3k__trc-ss,hosted_vllm/Qwen/Qwen3.5-35B-A3B,trc_structured_summarize,3000,0.5,blind-maze-explorer-algorithm,trc-ss,run_1,priority,summary_marker_error,92,,/home/ak58925/agentCtx/ICLR_results/terminalbench/main/qwen35b/di__b3k__trc-ss/blind-maze-explorer-algorithm/trc-ss/run_1/trajectory.json,/home/ak58925/agentCtx-summarization/results/query-error-audit-20260907/details/02348.txt
terminalbench,main,qwen35b,di__b3k__trc-ss,hosted_vllm/Qwen/Qwen3.5-35B-A3B,trc_structured_summarize,3000,0.5,blind-maze-explorer-algorithm,trc-ss,run_2,priority,summary_marker_error,41,,/home/ak58925/agentCtx/ICLR_results/terminalbench/main/qwen35b/di__b3k__trc-ss/blind-maze-explorer-algorithm/trc-ss/run_2/trajectory.json,/home/ak58925/agentCtx-summarization/results/query-error-audit-20260907/details/02349.txt
terminalbench,main,qwen35b,di__b3k__trc-ss,hosted_vllm/Qwen/Qwen3.5-35B-A3B,trc_structured_summarize,3000,0.5,blind-maze-explorer-algorithm,trc-ss,run_3,priority,summary_marker_error,96,,/home/ak58925/agentCtx/ICLR_results/terminalbench/main/qwen35b/di__b3k__trc-ss/blind-maze-explorer-algorithm/trc-ss/run_3/trajectory.json,/home/ak58925/agentCtx-summarization/results/query-error-audit-20260907/details/02350.txt
terminalbench,main,qwen35b,di__b3k__trc-ss,hosted_vllm/Qwen/Qwen3.5-35B-A3B,trc_structured_summarize,3000,0.5,cartpole-rl-training,trc-ss,run_1,priority,summary_marker_error,29,,/home/ak58925/agentCtx/ICLR_results/terminalbench/main/qwen35b/di__b3k__trc-ss/cartpole-rl-training/trc-ss/run_1/trajectory.json,/home/ak58925/agentCtx-summarization/results/query-error-audit-20260907/details/02351.txt
terminalbench,main,qwen35b,di__b3k__trc-ss,hosted_vllm/Qwen/Qwen3.5-35B-A3B,trc_structured_summarize,3000,0.5,cartpole-rl-training,trc-ss,run_3,priority,summary_marker_error,44,,/home/ak58925/agentCtx/ICLR_results/terminalbench/main/qwen35b/di__b3k__trc-ss/cartpole-rl-training/trc-ss/run_3/trajectory.json,/home/ak58925/agentCtx-summarization/results/query-error-audit-20260907/details/02352.txt
terminalbench,main,qwen35b,di__b3k__trc-ss,hosted_vllm/Qwen/Qwen3.5-35B-A3B,trc_structured_summarize,3000,0.5,count-dataset-tokens,trc-ss,run_1,priority,summary_marker_error,213,,/home/ak58925/agentCtx/ICLR_results/terminalbench/main/qwen35b/di__b3k__trc-ss/count-dataset-tokens/trc-ss/run_1/trajectory.json,/home/ak58925/agentCtx-summarization/results/query-error-audit-20260907/details/02353.txt
terminalbench,main,qwen35b,di__b3k__trc-ss,hosted_vllm/Qwen/Qwen3.5-35B-A3B,trc_structured_summarize,3000,0.5,count-dataset-tokens,trc-ss,run_2,priority,summary_marker_error,49,,/home/ak58925/agentCtx/ICLR_results/terminalbench/main/qwen35b/di__b3k__trc-ss/count-dataset-tokens/trc-ss/run_2/trajectory.json,/home/ak58925/agentCtx-summarization/results/query-error-audit-20260907/details/02354.txt
terminalbench,main,qwen35b,di__b3k__trc-ss,hosted_vllm/Qwen/Qwen3.5-35B-A3B,trc_structured_summarize,3000,0.5,count-dataset-tokens,trc-ss,run_3,priority,summary_marker_error,170,,/home/ak58925/agentCtx/ICLR_results/terminalbench/main/qwen35b/di__b3k__trc-ss/count-dataset-tokens/trc-ss/run_3/trajectory.json,/home/ak58925/agentCtx-summarization/results/query-error-audit-20260907/details/02355.txt
terminalbench,main,qwen35b,di__b3k__trc-ss,hosted_vllm/Qwen/Qwen3.5-35B-A3B,trc_structured_summarize,3000,0.5,crack-7z-hash.hard,trc-ss,run_1,priority,summary_marker_error,70,,/home/ak58925/agentCtx/ICLR_results/terminalbench/main/qwen35b/di__b3k__trc-ss/crack-7z-hash.hard/trc-ss/run_1/trajectory.json,/home/ak58925/agentCtx-summarization/results/query-error-audit-20260907/details/02356.txt
terminalbench,main,qwen35b,di__b3k__trc-ss,hosted_vllm/Qwen/Qwen3.5-35B-A3B,trc_structured_summarize,3000,0.5,crack-7z-hash.hard,trc-ss,run_2,priority,summary_marker_error,70,,/home/ak58925/agentCtx/ICLR_results/terminalbench/main/qwen35b/di__b3k__trc-ss/crack-7z-hash.hard/trc-ss/run_2/trajectory.json,/home/ak58925/agentCtx-summarization/results/query-error-audit-20260907/details/02357.txt
terminalbench,main,qwen35b,di__b3k__trc-ss,hosted_vllm/Qwen/Qwen3.5-35B-A3B,trc_structured_summarize,3000,0.5,csv-to-parquet,trc-ss,run_2,priority,summary_marker_error,3,,/home/ak58925/agentCtx/ICLR_results/terminalbench/main/qwen35b/di__b3k__trc-ss/csv-to-parquet/trc-ss/run_2/trajectory.json,/home/ak58925/agentCtx-summarization/results/query-error-audit-20260907/details/02358.txt
terminalbench,main,qwen35b,di__b3k__trc-ss,hosted_vllm/Qwen/Qwen3.5-35B-A3B,trc_structured_summarize,3000,0.5,csv-to-parquet,trc-ss,run_3,priority,summary_marker_error,6,,/home/ak58925/agentCtx/ICLR_results/terminalbench/main/qwen35b/di__b3k__trc-ss/csv-to-parquet/trc-ss/run_3/trajectory.json,/home/ak58925/agentCtx-summarization/results/query-error-audit-20260907/details/02359.txt
terminalbench,main,qwen35b,di__b3k__trc-ss,hosted_vllm/Qwen/Qwen3.5-35B-A3B,trc_structured_summarize,3000,0.5,download-youtube,trc-ss,run_1,priority,summary_marker_error,36,,/home/ak58925/agentCtx/ICLR_results/terminalbench/main/qwen35b/di__b3k__trc-ss/download-youtube/trc-ss/run_1/trajectory.json,/home/ak58925/agentCtx-summarization/results/query-error-audit-20260907/details/02361.txt
terminalbench,main,qwen35b,di__b3k__trc-ss,hosted_vllm/Qwen/Qwen3.5-35B-A3B,trc_structured_summarize,3000,0.5,download-youtube,trc-ss,run_2,priority,summary_marker_error,48,,/home/ak58925/agentCtx/ICLR_results/terminalbench/main/qwen35b/di__b3k__trc-ss/download-youtube/trc-ss/run_2/trajectory.json,/home/ak58925/agentCtx-summarization/results/query-error-audit-20260907/details/02362.txt
terminalbench,main,qwen35b,di__b3k__trc-ss,hosted_vllm/Qwen/Qwen3.5-35B-A3B,trc_structured_summarize,3000,0.5,download-youtube,trc-ss,run_3,priority,summary_marker_error,58,,/home/ak58925/agentCtx/ICLR_results/terminalbench/main/qwen35b/di__b3k__trc-ss/download-youtube/trc-ss/run_3/trajectory.json,/home/ak58925/agentCtx-summarization/results/query-error-audit-20260907/details/02363.txt
terminalbench,main,qwen35b,di__b3k__trc-ss,hosted_vllm/Qwen/Qwen3.5-35B-A3B,trc_structured_summarize,3000,0.5,eval-mteb,trc-ss,run_2,priority,summary_marker_error,125,,/home/ak58925/agentCtx/ICLR_results/terminalbench/main/qwen35b/di__b3k__trc-ss/eval-mteb/trc-ss/run_2/trajectory.json,/home/ak58925/agentCtx-summarization/results/query-error-audit-20260907/details/02364.txt
terminalbench,main,qwen35b,di__b3k__trc-ss,hosted_vllm/Qwen/Qwen3.5-35B-A3B,trc_structured_summarize,3000,0.5,eval-mteb,trc-ss,run_3,priority,summary_marker_error,8,,/home/ak58925/agentCtx/ICLR_results/terminalbench/main/qwen35b/di__b3k__trc-ss/eval-mteb/trc-ss/run_3/trajectory.json,/home/ak58925/agentCtx-summarization/results/query-error-audit-20260907/details/02365.txt
terminalbench,main,qwen35b,di__b3k__trc-ss,hosted_vllm/Qwen/Qwen3.5-35B-A3B,trc_structured_summarize,3000,0.5,eval-mteb.hard,trc-ss,run_1,priority,summary_marker_error,55,,/home/ak58925/agentCtx/ICLR_results/terminalbench/main/qwen35b/di__b3k__trc-ss/eval-mteb.hard/trc-ss/run_1/trajectory.json,/home/ak58925/agentCtx-summarization/results/query-error-audit-20260907/details/02366.txt
terminalbench,main,qwen35b,di__b3k__trc-ss,hosted_vllm/Qwen/Qwen3.5-35B-A3B,trc_structured_summarize,3000,0.5,eval-mteb.hard,trc-ss,run_2,priority,summary_marker_error,53,,/home/ak58925/agentCtx/ICLR_results/terminalbench/main/qwen35b/di__b3k__trc-ss/eval-mteb.hard/trc-ss/run_2/trajectory.json,/home/ak58925/agentCtx-summarization/results/query-error-audit-20260907/details/02367.txt
terminalbench,main,qwen35b,di__b3k__trc-ss,hosted_vllm/Qwen/Qwen3.5-35B-A3B,trc_structured_summarize,3000,0.5,eval-mteb.hard,trc-ss,run_3,priority,summary_marker_error,44,,/home/ak58925/agentCtx/ICLR_results/terminalbench/main/qwen35b/di__b3k__trc-ss/eval-mteb.hard/trc-ss/run_3/trajectory.json,/home/ak58925/agentCtx-summarization/results/query-error-audit-20260907/details/02368.txt
terminalbench,main,qwen35b,di__b3k__trc-ss,hosted_vllm/Qwen/Qwen3.5-35B-A3B,trc_structured_summarize,3000,0.5,extract-moves-from-video,trc-ss,run_1,priority,summary_marker_error,96,,/home/ak58925/agentCtx/ICLR_results/terminalbench/main/qwen35b/di__b3k__trc-ss/extract-moves-from-video/trc-ss/run_1/trajectory.json,/home/ak58925/agentCtx-summarization/results/query-error-audit-20260907/details/02369.txt
terminalbench,main,qwen35b,di__b3k__trc-ss,hosted_vllm/Qwen/Qwen3.5-35B-A3B,trc_structured_summarize,3000,0.5,extract-moves-from-video,trc-ss,run_2,priority,summary_marker_error,95,,/home/ak58925/agentCtx/ICLR_results/terminalbench/main/qwen35b/di__b3k__trc-ss/extract-moves-from-video/trc-ss/run_2/trajectory.json,/home/ak58925/agentCtx-summarization/results/query-error-audit-20260907/details/02370.txt
terminalbench,main,qwen35b,di__b3k__trc-ss,hosted_vllm/Qwen/Qwen3.5-35B-A3B,trc_structured_summarize,3000,0.5,extract-moves-from-video,trc-ss,run_3,priority,summary_marker_error,91,,/home/ak58925/agentCtx/ICLR_results/terminalbench/main/qwen35b/di__b3k__trc-ss/extract-moves-from-video/trc-ss/run_3/trajectory.json,/home/ak58925/agentCtx-summarization/results/query-error-audit-20260907/details/02371.txt
terminalbench,main,qwen35b,di__b3k__trc-ss,hosted_vllm/Qwen/Qwen3.5-35B-A3B,trc_structured_summarize,3000,0.5,fix-git,trc-ss,run_3,priority,summary_marker_error,3,,/home/ak58925/agentCtx/ICLR_results/terminalbench/main/qwen35b/di__b3k__trc-ss/fix-git/trc-ss/run_3/trajectory.json,/home/ak58925/agentCtx-summarization/results/query-error-audit-20260907/details/02372.txt
terminalbench,main,qwen35b,di__b3k__trc-ss,hosted_vllm/Qwen/Qwen3.5-35B-A3B,trc_structured_summarize,3000,0.5,fix-pandas-version,trc-ss,run_2,priority,summary_marker_error,1,,/home/ak58925/agentCtx/ICLR_results/terminalbench/main/qwen35b/di__b3k__trc-ss/fix-pandas-version/trc-ss/run_2/trajectory.json,/home/ak58925/agentCtx-summarization/results/query-error-audit-20260907/details/02373.txt
terminalbench,main,qwen35b,di__b3k__trc-ss,hosted_vllm/Qwen/Qwen3.5-35B-A3B,trc_structured_summarize,3000,0.5,fix-pandas-version,trc-ss,run_3,priority,summary_marker_error,1,,/home/ak58925/agentCtx/ICLR_results/terminalbench/main/qwen35b/di__b3k__trc-ss/fix-pandas-version/trc-ss/run_3/trajectory.json,/home/ak58925/agentCtx-summarization/results/query-error-audit-20260907/details/02374.txt
terminalbench,main,qwen35b,di__b3k__trc-ss,hosted_vllm/Qwen/Qwen3.5-35B-A3B,trc_structured_summarize,3000,0.5,git-workflow-hack,trc-ss,run_1,priority,summary_marker_error,72,,/home/ak58925/agentCtx/ICLR_results/terminalbench/main/qwen35b/di__b3k__trc-ss/git-workflow-hack/trc-ss/run_1/trajectory.json,/home/ak58925/agentCtx-summarization/results/query-error-audit-20260907/details/02375.txt
terminalbench,main,qwen35b,di__b3k__trc-ss,hosted_vllm/Qwen/Qwen3.5-35B-A3B,trc_structured_summarize,3000,0.5,git-workflow-hack,trc-ss,run_2,priority,summary_marker_error,97,,/home/ak58925/agentCtx/ICLR_results/terminalbench/main/qwen35b/di__b3k__trc-ss/git-workflow-hack/trc-ss/run_2/trajectory.json,/home/ak58925/agentCtx-summarization/results/query-error-audit-20260907/details/02376.txt
terminalbench,main,qwen35b,di__b3k__trc-ss,hosted_vllm/Qwen/Qwen3.5-35B-A3B,trc_structured_summarize,3000,0.5,git-workflow-hack,trc-ss,run_3,priority,summary_marker_error,83,,/home/ak58925/agentCtx/ICLR_results/terminalbench/main/qwen35b/di__b3k__trc-ss/git-workflow-hack/trc-ss/run_3/trajectory.json,/home/ak58925/agentCtx-summarization/results/query-error-audit-20260907/details/02377.txt
terminalbench,main,qwen35b,di__b3k__trc-ss,hosted_vllm/Qwen/Qwen3.5-35B-A3B,trc_structured_summarize,3000,0.5,gpt2-codegolf,trc-ss,run_1,priority,summary_marker_error,126,,/home/ak58925/agentCtx/ICLR_results/terminalbench/main/qwen35b/di__b3k__trc-ss/gpt2-codegolf/trc-ss/run_1/trajectory.json,/home/ak58925/agentCtx-summarization/results/query-error-audit-20260907/details/02378.txt
terminalbench,main,qwen35b,di__b3k__trc-ss,hosted_vllm/Qwen/Qwen3.5-35B-A3B,trc_structured_summarize,3000,0.5,gpt2-codegolf,trc-ss,run_2,priority,summary_marker_error,149,,/home/ak58925/agentCtx/ICLR_results/terminalbench/main/qwen35b/di__b3k__trc-ss/gpt2-codegolf/trc-ss/run_2/trajectory.json,/home/ak58925/agentCtx-summarization/results/query-error-audit-20260907/details/02379.txt
terminalbench,main,qwen35b,di__b3k__trc-ss,hosted_vllm/Qwen/Qwen3.5-35B-A3B,trc_structured_summarize,3000,0.5,hf-model-inference,trc-ss,run_1,priority,summary_marker_error,141,,/home/ak58925/agentCtx/ICLR_results/terminalbench/main/qwen35b/di__b3k__trc-ss/hf-model-inference/trc-ss/run_1/trajectory.json,/home/ak58925/agentCtx-summarization/results/query-error-audit-20260907/details/02380.txt
terminalbench,main,qwen35b,di__b3k__trc-ss,hosted_vllm/Qwen/Qwen3.5-35B-A3B,trc_structured_summarize,3000,0.5,hf-model-inference,trc-ss,run_2,priority,summary_marker_error,156,,/home/ak58925/agentCtx/ICLR_results/terminalbench/main/qwen35b/di__b3k__trc-ss/hf-model-inference/trc-ss/run_2/trajectory.json,/home/ak58925/agentCtx-summarization/results/query-error-audit-20260907/details/02381.txt
terminalbench,main,qwen35b,di__b3k__trc-ss,hosted_vllm/Qwen/Qwen3.5-35B-A3B,trc_structured_summarize,3000,0.5,hf-model-inference,trc-ss,run_3,priority,summary_marker_error,110,,/home/ak58925/agentCtx/ICLR_results/terminalbench/main/qwen35b/di__b3k__trc-ss/hf-model-inference/trc-ss/run_3/trajectory.json,/home/ak58925/agentCtx-summarization/results/query-error-audit-20260907/details/02382.txt
terminalbench,main,qwen35b,di__b3k__trc-ss,hosted_vllm/Qwen/Qwen3.5-35B-A3B,trc_structured_summarize,3000,0.5,incompatible-python-fasttext,trc-ss,run_1,priority,summary_marker_error,3,,/home/ak58925/agentCtx/ICLR_results/terminalbench/main/qwen35b/di__b3k__trc-ss/incompatible-python-fasttext/trc-ss/run_1/trajectory.json,/home/ak58925/agentCtx-summarization/results/query-error-audit-20260907/details/02383.txt
terminalbench,main,qwen35b,di__b3k__trc-ss,hosted_vllm/Qwen/Qwen3.5-35B-A3B,trc_structured_summarize,3000,0.5,incompatible-python-fasttext,trc-ss,run_2,priority,summary_marker_error,144,,/home/ak58925/agentCtx/ICLR_results/terminalbench/main/qwen35b/di__b3k__trc-ss/incompatible-python-fasttext/trc-ss/run_2/trajectory.json,/home/ak58925/agentCtx-summarization/results/query-error-audit-20260907/details/02384.txt
terminalbench,main,qwen35b,di__b3k__trc-ss,hosted_vllm/Qwen/Qwen3.5-35B-A3B,trc_structured_summarize,3000,0.5,intrusion-detection,trc-ss,run_1,priority,summary_marker_error,11,,/home/ak58925/agentCtx/ICLR_results/terminalbench/main/qwen35b/di__b3k__trc-ss/intrusion-detection/trc-ss/run_1/trajectory.json,/home/ak58925/agentCtx-summarization/results/query-error-audit-20260907/details/02386.txt
terminalbench,main,qwen35b,di__b3k__trc-ss,hosted_vllm/Qwen/Qwen3.5-35B-A3B,trc_structured_summarize,3000,0.5,intrusion-detection,trc-ss,run_2,priority,summary_marker_error,83,,/home/ak58925/agentCtx/ICLR_results/terminalbench/main/qwen35b/di__b3k__trc-ss/intrusion-detection/trc-ss/run_2/trajectory.json,/home/ak58925/agentCtx-summarization/results/query-error-audit-20260907/details/02387.txt
terminalbench,main,qwen35b,di__b3k__trc-ss,hosted_vllm/Qwen/Qwen3.5-35B-A3B,trc_structured_summarize,3000,0.5,intrusion-detection,trc-ss,run_3,priority,summary_marker_error,59,,/home/ak58925/agentCtx/ICLR_results/terminalbench/main/qwen35b/di__b3k__trc-ss/intrusion-detection/trc-ss/run_3/trajectory.json,/home/ak58925/agentCtx-summarization/results/query-error-audit-20260907/details/02388.txt
terminalbench,main,qwen35b,di__b3k__trc-ss,hosted_vllm/Qwen/Qwen3.5-35B-A3B,trc_structured_summarize,3000,0.5,new-encrypt-command,trc-ss,run_2,priority,summary_marker_error,1,,/home/ak58925/agentCtx/ICLR_results/terminalbench/main/qwen35b/di__b3k__trc-ss/new-encrypt-command/trc-ss/run_2/trajectory.json,/home/ak58925/agentCtx-summarization/results/query-error-audit-20260907/details/02389.txt
terminalbench,main,qwen35b,di__b3k__trc-ss,hosted_vllm/Qwen/Qwen3.5-35B-A3B,trc_structured_summarize,3000,0.5,password-recovery,trc-ss,run_1,priority,summary_marker_error,75,,/home/ak58925/agentCtx/ICLR_results/terminalbench/main/qwen35b/di__b3k__trc-ss/password-recovery/trc-ss/run_1/trajectory.json,/home/ak58925/agentCtx-summarization/results/query-error-audit-20260907/details/02390.txt
terminalbench,main,qwen35b,di__b3k__trc-ss,hosted_vllm/Qwen/Qwen3.5-35B-A3B,trc_structured_summarize,3000,0.5,password-recovery,trc-ss,run_2,priority,summary_marker_error,49,,/home/ak58925/agentCtx/ICLR_results/terminalbench/main/qwen35b/di__b3k__trc-ss/password-recovery/trc-ss/run_2/trajectory.json,/home/ak58925/agentCtx-summarization/results/query-error-audit-20260907/details/02391.txt
terminalbench,main,qwen35b,di__b3k__trc-ss,hosted_vllm/Qwen/Qwen3.5-35B-A3B,trc_structured_summarize,3000,0.5,password-recovery,trc-ss,run_3,priority,summary_marker_error,58,,/home/ak58925/agentCtx/ICLR_results/terminalbench/main/qwen35b/di__b3k__trc-ss/password-recovery/trc-ss/run_3/trajectory.json,/home/ak58925/agentCtx-summarization/results/query-error-audit-20260907/details/02392.txt
terminalbench,main,qwen35b,di__b3k__trc-ss,hosted_vllm/Qwen/Qwen3.5-35B-A3B,trc_structured_summarize,3000,0.5,path-tracing-reverse,trc-ss,run_1,priority,summary_marker_error,44,,/home/ak58925/agentCtx/ICLR_results/terminalbench/main/qwen35b/di__b3k__trc-ss/path-tracing-reverse/trc-ss/run_1/trajectory.json,/home/ak58925/agentCtx-summarization/results/query-error-audit-20260907/details/02393.txt
terminalbench,main,qwen35b,di__b3k__trc-ss,hosted_vllm/Qwen/Qwen3.5-35B-A3B,trc_structured_summarize,3000,0.5,path-tracing-reverse,trc-ss,run_2,priority,summary_marker_error,146,,/home/ak58925/agentCtx/ICLR_results/terminalbench/main/qwen35b/di__b3k__trc-ss/path-tracing-reverse/trc-ss/run_2/trajectory.json,/home/ak58925/agentCtx-summarization/results/query-error-audit-20260907/details/02394.txt
terminalbench,main,qwen35b,di__b3k__trc-ss,hosted_vllm/Qwen/Qwen3.5-35B-A3B,trc_structured_summarize,3000,0.5,path-tracing-reverse,trc-ss,run_3,priority,summary_marker_error,148,,/home/ak58925/agentCtx/ICLR_results/terminalbench/main/qwen35b/di__b3k__trc-ss/path-tracing-reverse/trc-ss/run_3/trajectory.json,/home/ak58925/agentCtx-summarization/results/query-error-audit-20260907/details/02395.txt
terminalbench,main,qwen35b,di__b3k__trc-ss,hosted_vllm/Qwen/Qwen3.5-35B-A3B,trc_structured_summarize,3000,0.5,pytorch-model-cli.hard,trc-ss,run_1,priority,summary_marker_error,127,,/home/ak58925/agentCtx/ICLR_results/terminalbench/main/qwen35b/di__b3k__trc-ss/pytorch-model-cli.hard/trc-ss/run_1/trajectory.json,/home/ak58925/agentCtx-summarization/results/query-error-audit-20260907/details/02396.txt
terminalbench,main,qwen35b,di__b3k__trc-ss,hosted_vllm/Qwen/Qwen3.5-35B-A3B,trc_structured_summarize,3000,0.5,qemu-alpine-ssh,trc-ss,run_1,priority,summary_marker_error,125,,/home/ak58925/agentCtx/ICLR_results/terminalbench/main/qwen35b/di__b3k__trc-ss/qemu-alpine-ssh/trc-ss/run_1/trajectory.json,/home/ak58925/agentCtx-summarization/results/query-error-audit-20260907/details/02398.txt
terminalbench,main,qwen35b,di__b3k__trc-ss,hosted_vllm/Qwen/Qwen3.5-35B-A3B,trc_structured_summarize,3000,0.5,qemu-alpine-ssh,trc-ss,run_2,priority,summary_marker_error,106,,/home/ak58925/agentCtx/ICLR_results/terminalbench/main/qwen35b/di__b3k__trc-ss/qemu-alpine-ssh/trc-ss/run_2/trajectory.json,/home/ak58925/agentCtx-summarization/results/query-error-audit-20260907/details/02399.txt
terminalbench,main,qwen35b,di__b3k__trc-ss,hosted_vllm/Qwen/Qwen3.5-35B-A3B,trc_structured_summarize,3000,0.5,qemu-alpine-ssh,trc-ss,run_3,priority,summary_marker_error,114,,/home/ak58925/agentCtx/ICLR_results/terminalbench/main/qwen35b/di__b3k__trc-ss/qemu-alpine-ssh/trc-ss/run_3/trajectory.json,/home/ak58925/agentCtx-summarization/results/query-error-audit-20260907/details/02400.txt
terminalbench,main,qwen35b,di__b3k__trc-ss,hosted_vllm/Qwen/Qwen3.5-35B-A3B,trc_structured_summarize,3000,0.5,qemu-startup,trc-ss,run_1,priority,summary_marker_error,58,,/home/ak58925/agentCtx/ICLR_results/terminalbench/main/qwen35b/di__b3k__trc-ss/qemu-startup/trc-ss/run_1/trajectory.json,/home/ak58925/agentCtx-summarization/results/query-error-audit-20260907/details/02401.txt
terminalbench,main,qwen35b,di__b3k__trc-ss,hosted_vllm/Qwen/Qwen3.5-35B-A3B,trc_structured_summarize,3000,0.5,qemu-startup,trc-ss,run_2,priority,summary_marker_error,45,,/home/ak58925/agentCtx/ICLR_results/terminalbench/main/qwen35b/di__b3k__trc-ss/qemu-startup/trc-ss/run_2/trajectory.json,/home/ak58925/agentCtx-summarization/results/query-error-audit-20260907/details/02402.txt
terminalbench,main,qwen35b,di__b3k__trc-ss,hosted_vllm/Qwen/Qwen3.5-35B-A3B,trc_structured_summarize,3000,0.5,qemu-startup,trc-ss,run_3,priority,summary_marker_error,57,,/home/ak58925/agentCtx/ICLR_results/terminalbench/main/qwen35b/di__b3k__trc-ss/qemu-startup/trc-ss/run_3/trajectory.json,/home/ak58925/agentCtx-summarization/results/query-error-audit-20260907/details/02403.txt
terminalbench,main,qwen35b,di__b3k__trc-ss,hosted_vllm/Qwen/Qwen3.5-35B-A3B,trc_structured_summarize,3000,0.5,raman-fitting.easy,trc-ss,run_1,priority,summary_marker_error,1,,/home/ak58925/agentCtx/ICLR_results/terminalbench/main/qwen35b/di__b3k__trc-ss/raman-fitting.easy/trc-ss/run_1/trajectory.json,/home/ak58925/agentCtx-summarization/results/query-error-audit-20260907/details/02404.txt
terminalbench,main,qwen35b,di__b3k__trc-ss,hosted_vllm/Qwen/Qwen3.5-35B-A3B,trc_structured_summarize,3000,0.5,raman-fitting.easy,trc-ss,run_2,priority,summary_marker_error,56,,/home/ak58925/agentCtx/ICLR_results/terminalbench/main/qwen35b/di__b3k__trc-ss/raman-fitting.easy/trc-ss/run_2/trajectory.json,/home/ak58925/agentCtx-summarization/results/query-error-audit-20260907/details/02405.txt
terminalbench,main,qwen35b,di__b3k__trc-ss,hosted_vllm/Qwen/Qwen3.5-35B-A3B,trc_structured_summarize,3000,0.5,raman-fitting.easy,trc-ss,run_3,priority,summary_marker_error,162,,/home/ak58925/agentCtx/ICLR_results/terminalbench/main/qwen35b/di__b3k__trc-ss/raman-fitting.easy/trc-ss/run_3/trajectory.json,/home/ak58925/agentCtx-summarization/results/query-error-audit-20260907/details/02406.txt
terminalbench,main,qwen35b,di__b3k__trc-ss,hosted_vllm/Qwen/Qwen3.5-35B-A3B,trc_structured_summarize,3000,0.5,sanitize-git-repo,trc-ss,run_1,priority,summary_marker_error,118,,/home/ak58925/agentCtx/ICLR_results/terminalbench/main/qwen35b/di__b3k__trc-ss/sanitize-git-repo/trc-ss/run_1/trajectory.json,/home/ak58925/agentCtx-summarization/results/query-error-audit-20260907/details/02407.txt
terminalbench,main,qwen35b,di__b3k__trc-ss,hosted_vllm/Qwen/Qwen3.5-35B-A3B,trc_structured_summarize,3000,0.5,sanitize-git-repo,trc-ss,run_2,priority,summary_marker_error,142,,/home/ak58925/agentCtx/ICLR_results/terminalbench/main/qwen35b/di__b3k__trc-ss/sanitize-git-repo/trc-ss/run_2/trajectory.json,/home/ak58925/agentCtx-summarization/results/query-error-audit-20260907/details/02408.txt
terminalbench,main,qwen35b,di__b3k__trc-ss,hosted_vllm/Qwen/Qwen3.5-35B-A3B,trc_structured_summarize,3000,0.5,sanitize-git-repo,trc-ss,run_3,priority,summary_marker_error,49,,/home/ak58925/agentCtx/ICLR_results/terminalbench/main/qwen35b/di__b3k__trc-ss/sanitize-git-repo/trc-ss/run_3/trajectory.json,/home/ak58925/agentCtx-summarization/results/query-error-audit-20260907/details/02409.txt
terminalbench,main,qwen35b,di__b3k__trc-ss,hosted_vllm/Qwen/Qwen3.5-35B-A3B,trc_structured_summarize,3000,0.5,sanitize-git-repo.hard,trc-ss,run_1,priority,summary_marker_error,47,,/home/ak58925/agentCtx/ICLR_results/terminalbench/main/qwen35b/di__b3k__trc-ss/sanitize-git-repo.hard/trc-ss/run_1/trajectory.json,/home/ak58925/agentCtx-summarization/results/query-error-audit-20260907/details/02410.txt
terminalbench,main,qwen35b,di__b3k__trc-ss,hosted_vllm/Qwen/Qwen3.5-35B-A3B,trc_structured_summarize,3000,0.5,sanitize-git-repo.hard,trc-ss,run_2,priority,summary_marker_error,44,,/home/ak58925/agentCtx/ICLR_results/terminalbench/main/qwen35b/di__b3k__trc-ss/sanitize-git-repo.hard/trc-ss/run_2/trajectory.json,/home/ak58925/agentCtx-summarization/results/query-error-audit-20260907/details/02411.txt
terminalbench,main,qwen35b,di__b3k__trc-ss,hosted_vllm/Qwen/Qwen3.5-35B-A3B,trc_structured_summarize,3000,0.5,sanitize-git-repo.hard,trc-ss,run_3,priority,summary_marker_error,43,,/home/ak58925/agentCtx/ICLR_results/terminalbench/main/qwen35b/di__b3k__trc-ss/sanitize-git-repo.hard/trc-ss/run_3/trajectory.json,/home/ak58925/agentCtx-summarization/results/query-error-audit-20260907/details/02412.txt
terminalbench,main,qwen35b,di__b3k__trc-ss,hosted_vllm/Qwen/Qwen3.5-35B-A3B,trc_structured_summarize,3000,0.5,solana-data,trc-ss,run_2,priority,summary_marker_error,162,,/home/ak58925/agentCtx/ICLR_results/terminalbench/main/qwen35b/di__b3k__trc-ss/solana-data/trc-ss/run_2/trajectory.json,/home/ak58925/agentCtx-summarization/results/query-error-audit-20260907/details/02413.txt
terminalbench,main,qwen35b,di__b3k__trc-ss,hosted_vllm/Qwen/Qwen3.5-35B-A3B,trc_structured_summarize,3000,0.5,solana-data,trc-ss,run_3,priority,summary_marker_error,167,,/home/ak58925/agentCtx/ICLR_results/terminalbench/main/qwen35b/di__b3k__trc-ss/solana-data/trc-ss/run_3/trajectory.json,/home/ak58925/agentCtx-summarization/results/query-error-audit-20260907/details/02414.txt
terminalbench,main,qwen35b,di__b3k__trc-ss,hosted_vllm/Qwen/Qwen3.5-35B-A3B,trc_structured_summarize,3000,0.5,sqlite-with-gcov,trc-ss,run_2,priority,summary_marker_error,148,,/home/ak58925/agentCtx/ICLR_results/terminalbench/main/qwen35b/di__b3k__trc-ss/sqlite-with-gcov/trc-ss/run_2/trajectory.json,/home/ak58925/agentCtx-summarization/results/query-error-audit-20260907/details/02415.txt
terminalbench,main,qwen35b,di__b3k__trc-ss,hosted_vllm/Qwen/Qwen3.5-35B-A3B,trc_structured_summarize,3000,0.5,super-benchmark-upet,trc-ss,run_1,priority,summary_marker_error,5,,/home/ak58925/agentCtx/ICLR_results/terminalbench/main/qwen35b/di__b3k__trc-ss/super-benchmark-upet/trc-ss/run_1/trajectory.json,/home/ak58925/agentCtx-summarization/results/query-error-audit-20260907/details/02416.txt
terminalbench,main,qwen35b,di__b3k__trc-ss,hosted_vllm/Qwen/Qwen3.5-35B-A3B,trc_structured_summarize,3000,0.5,super-benchmark-upet,trc-ss,run_2,priority,summary_marker_error,130,,/home/ak58925/agentCtx/ICLR_results/terminalbench/main/qwen35b/di__b3k__trc-ss/super-benchmark-upet/trc-ss/run_2/trajectory.json,/home/ak58925/agentCtx-summarization/results/query-error-audit-20260907/details/02417.txt
terminalbench,main,qwen35b,di__b3k__trc-ss,hosted_vllm/Qwen/Qwen3.5-35B-A3B,trc_structured_summarize,3000,0.5,super-benchmark-upet,trc-ss,run_3,priority,summary_marker_error,87,,/home/ak58925/agentCtx/ICLR_results/terminalbench/main/qwen35b/di__b3k__trc-ss/super-benchmark-upet/trc-ss/run_3/trajectory.json,/home/ak58925/agentCtx-summarization/results/query-error-audit-20260907/details/02418.txt
terminalbench,main,qwen35b,di__b3k__trc-ss,hosted_vllm/Qwen/Qwen3.5-35B-A3B,trc_structured_summarize,3000,0.5,swe-bench-astropy-2,trc-ss,run_1,priority,summary_marker_error,66,,/home/ak58925/agentCtx/ICLR_results/terminalbench/main/qwen35b/di__b3k__trc-ss/swe-bench-astropy-2/trc-ss/run_1/trajectory.json,/home/ak58925/agentCtx-summarization/results/query-error-audit-20260907/details/02419.txt
terminalbench,main,qwen35b,di__b3k__trc-ss,hosted_vllm/Qwen/Qwen3.5-35B-A3B,trc_structured_summarize,3000,0.5,swe-bench-astropy-2,trc-ss,run_2,priority,summary_marker_error,54,,/home/ak58925/agentCtx/ICLR_results/terminalbench/main/qwen35b/di__b3k__trc-ss/swe-bench-astropy-2/trc-ss/run_2/trajectory.json,/home/ak58925/agentCtx-summarization/results/query-error-audit-20260907/details/02420.txt
terminalbench,main,qwen35b,di__b3k__trc-ss,hosted_vllm/Qwen/Qwen3.5-35B-A3B,trc_structured_summarize,3000,0.5,swe-bench-astropy-2,trc-ss,run_3,priority,summary_marker_error,38,,/home/ak58925/agentCtx/ICLR_results/terminalbench/main/qwen35b/di__b3k__trc-ss/swe-bench-astropy-2/trc-ss/run_3/trajectory.json,/home/ak58925/agentCtx-summarization/results/query-error-audit-20260907/details/02421.txt
terminalbench,main,qwen35b,di__b3k__trc-ss,hosted_vllm/Qwen/Qwen3.5-35B-A3B,trc_structured_summarize,3000,0.5,swe-bench-fsspec,trc-ss,run_1,priority,summary_marker_error,118,,/home/ak58925/agentCtx/ICLR_results/terminalbench/main/qwen35b/di__b3k__trc-ss/swe-bench-fsspec/trc-ss/run_1/trajectory.json,/home/ak58925/agentCtx-summarization/results/query-error-audit-20260907/details/02422.txt
terminalbench,main,qwen35b,di__b3k__trc-ss,hosted_vllm/Qwen/Qwen3.5-35B-A3B,trc_structured_summarize,3000,0.5,swe-bench-fsspec,trc-ss,run_2,priority,summary_marker_error,105,,/home/ak58925/agentCtx/ICLR_results/terminalbench/main/qwen35b/di__b3k__trc-ss/swe-bench-fsspec/trc-ss/run_2/trajectory.json,/home/ak58925/agentCtx-summarization/results/query-error-audit-20260907/details/02423.txt
terminalbench,main,qwen35b,di__b3k__trc-ss,hosted_vllm/Qwen/Qwen3.5-35B-A3B,trc_structured_summarize,3000,0.5,swe-bench-fsspec,trc-ss,run_3,priority,summary_marker_error,197,,/home/ak58925/agentCtx/ICLR_results/terminalbench/main/qwen35b/di__b3k__trc-ss/swe-bench-fsspec/trc-ss/run_3/trajectory.json,/home/ak58925/agentCtx-summarization/results/query-error-audit-20260907/details/02424.txt
terminalbench,main,qwen35b,di__b3k__trc-ss,hosted_vllm/Qwen/Qwen3.5-35B-A3B,trc_structured_summarize,3000,0.5,write-compressor,trc-ss,run_1,priority,summary_marker_error,79,,/home/ak58925/agentCtx/ICLR_results/terminalbench/main/qwen35b/di__b3k__trc-ss/write-compressor/trc-ss/run_1/trajectory.json,/home/ak58925/agentCtx-summarization/results/query-error-audit-20260907/details/02425.txt
terminalbench,main,qwen35b,di__b3k__trc-ss,hosted_vllm/Qwen/Qwen3.5-35B-A3B,trc_structured_summarize,3000,0.5,write-compressor,trc-ss,run_2,priority,summary_marker_error,82,,/home/ak58925/agentCtx/ICLR_results/terminalbench/main/qwen35b/di__b3k__trc-ss/write-compressor/trc-ss/run_2/trajectory.json,/home/ak58925/agentCtx-summarization/results/query-error-audit-20260907/details/02426.txt
terminalbench,main,qwen35b,di__b3k__trc-ss,hosted_vllm/Qwen/Qwen3.5-35B-A3B,trc_structured_summarize,3000,0.5,write-compressor,trc-ss,run_3,priority,summary_marker_error,83,,/home/ak58925/agentCtx/ICLR_results/terminalbench/main/qwen35b/di__b3k__trc-ss/write-compressor/trc-ss/run_3/trajectory.json,/home/ak58925/agentCtx-summarization/results/query-error-audit-20260907/details/02427.txt
terminalbench,main,qwen35b,di__b3k__trc-su,hosted_vllm/Qwen/Qwen3.5-35B-A3B,trc_summarize,3000,0.5,blind-maze-explorer-5x5,trc-su,run_1,priority,summary_failure_accounting,0,12,/home/ak58925/agentCtx/ICLR_results/terminalbench/main/qwen35b/di__b3k__trc-su/blind-maze-explorer-5x5/trc-su/run_1/trajectory.json,/home/ak58925/agentCtx-summarization/results/query-error-audit-20260907/details/02428.txt
terminalbench,main,qwen35b,di__b3k__trc-su,hosted_vllm/Qwen/Qwen3.5-35B-A3B,trc_summarize,3000,0.5,blind-maze-explorer-5x5,trc-su,run_2,priority,summary_failure_accounting,0,46,/home/ak58925/agentCtx/ICLR_results/terminalbench/main/qwen35b/di__b3k__trc-su/blind-maze-explorer-5x5/trc-su/run_2/trajectory.json,/home/ak58925/agentCtx-summarization/results/query-error-audit-20260907/details/02429.txt
terminalbench,main,qwen35b,di__b3k__trc-su,hosted_vllm/Qwen/Qwen3.5-35B-A3B,trc_summarize,3000,0.5,blind-maze-explorer-5x5,trc-su,run_3,priority,summary_marker_error,3,,/home/ak58925/agentCtx/ICLR_results/terminalbench/main/qwen35b/di__b3k__trc-su/blind-maze-explorer-5x5/trc-su/run_3/trajectory.json,/home/ak58925/agentCtx-summarization/results/query-error-audit-20260907/details/02430.txt
terminalbench,main,qwen35b,di__b3k__trc-su,hosted_vllm/Qwen/Qwen3.5-35B-A3B,trc_summarize,3000,0.5,blind-maze-explorer-algorithm,trc-su,run_1,priority,summary_marker_error,29,,/home/ak58925/agentCtx/ICLR_results/terminalbench/main/qwen35b/di__b3k__trc-su/blind-maze-explorer-algorithm/trc-su/run_1/trajectory.json,/home/ak58925/agentCtx-summarization/results/query-error-audit-20260907/details/02431.txt
terminalbench,main,qwen35b,di__b3k__trc-su,hosted_vllm/Qwen/Qwen3.5-35B-A3B,trc_summarize,3000,0.5,blind-maze-explorer-algorithm,trc-su,run_2,priority,summary_marker_error,10,,/home/ak58925/agentCtx/ICLR_results/terminalbench/main/qwen35b/di__b3k__trc-su/blind-maze-explorer-algorithm/trc-su/run_2/trajectory.json,/home/ak58925/agentCtx-summarization/results/query-error-audit-20260907/details/02432.txt
terminalbench,main,qwen35b,di__b3k__trc-su,hosted_vllm/Qwen/Qwen3.5-35B-A3B,trc_summarize,3000,0.5,cartpole-rl-training,trc-su,run_1,probable,summary_related_response,0,0,/home/ak58925/agentCtx/ICLR_results/terminalbench/main/qwen35b/di__b3k__trc-su/cartpole-rl-training/trc-su/run_1/trajectory.json,/home/ak58925/agentCtx-summarization/results/query-error-audit-20260907/details/02433.txt
terminalbench,main,qwen35b,di__b3k__trc-su,hosted_vllm/Qwen/Qwen3.5-35B-A3B,trc_summarize,3000,0.5,cartpole-rl-training,trc-su,run_3,priority,summary_failure_accounting,0,4,/home/ak58925/agentCtx/ICLR_results/terminalbench/main/qwen35b/di__b3k__trc-su/cartpole-rl-training/trc-su/run_3/trajectory.json,/home/ak58925/agentCtx-summarization/results/query-error-audit-20260907/details/02434.txt
terminalbench,main,qwen35b,di__b3k__trc-su,hosted_vllm/Qwen/Qwen3.5-35B-A3B,trc_summarize,3000,0.5,count-dataset-tokens,trc-su,run_1,probable,summary_related_response,0,0,/home/ak58925/agentCtx/ICLR_results/terminalbench/main/qwen35b/di__b3k__trc-su/count-dataset-tokens/trc-su/run_1/trajectory.json,/home/ak58925/agentCtx-summarization/results/query-error-audit-20260907/details/02435.txt
terminalbench,main,qwen35b,di__b3k__trc-su,hosted_vllm/Qwen/Qwen3.5-35B-A3B,trc_summarize,3000,0.5,count-dataset-tokens,trc-su,run_2,priority,summary_failure_accounting,0,122,/home/ak58925/agentCtx/ICLR_results/terminalbench/main/qwen35b/di__b3k__trc-su/count-dataset-tokens/trc-su/run_2/trajectory.json,/home/ak58925/agentCtx-summarization/results/query-error-audit-20260907/details/02436.txt
terminalbench,main,qwen35b,di__b3k__trc-su,hosted_vllm/Qwen/Qwen3.5-35B-A3B,trc_summarize,3000,0.5,count-dataset-tokens,trc-su,run_3,priority,summary_failure_accounting,0,169,/home/ak58925/agentCtx/ICLR_results/terminalbench/main/qwen35b/di__b3k__trc-su/count-dataset-tokens/trc-su/run_3/trajectory.json,/home/ak58925/agentCtx-summarization/results/query-error-audit-20260907/details/02437.txt
terminalbench,main,qwen35b,di__b3k__trc-su,hosted_vllm/Qwen/Qwen3.5-35B-A3B,trc_summarize,3000,0.5,crack-7z-hash.hard,trc-su,run_2,priority,summary_failure_accounting,0,55,/home/ak58925/agentCtx/ICLR_results/terminalbench/main/qwen35b/di__b3k__trc-su/crack-7z-hash.hard/trc-su/run_2/trajectory.json,/home/ak58925/agentCtx-summarization/results/query-error-audit-20260907/details/02438.txt
terminalbench,main,qwen35b,di__b3k__trc-su,hosted_vllm/Qwen/Qwen3.5-35B-A3B,trc_summarize,3000,0.5,crack-7z-hash.hard,trc-su,run_3,priority,summary_failure_accounting,0,49,/home/ak58925/agentCtx/ICLR_results/terminalbench/main/qwen35b/di__b3k__trc-su/crack-7z-hash.hard/trc-su/run_3/trajectory.json,/home/ak58925/agentCtx-summarization/results/query-error-audit-20260907/details/02439.txt
terminalbench,main,qwen35b,di__b3k__trc-su,hosted_vllm/Qwen/Qwen3.5-35B-A3B,trc_summarize,3000,0.5,csv-to-parquet,trc-su,run_2,probable,summary_related_response,0,0,/home/ak58925/agentCtx/ICLR_results/terminalbench/main/qwen35b/di__b3k__trc-su/csv-to-parquet/trc-su/run_2/trajectory.json,/home/ak58925/agentCtx-summarization/results/query-error-audit-20260907/details/02440.txt
terminalbench,main,qwen35b,di__b3k__trc-su,hosted_vllm/Qwen/Qwen3.5-35B-A3B,trc_summarize,3000,0.5,download-youtube,trc-su,run_1,priority,summary_failure_accounting,0,37,/home/ak58925/agentCtx/ICLR_results/terminalbench/main/qwen35b/di__b3k__trc-su/download-youtube/trc-su/run_1/trajectory.json,/home/ak58925/agentCtx-summarization/results/query-error-audit-20260907/details/02441.txt
terminalbench,main,qwen35b,di__b3k__trc-su,hosted_vllm/Qwen/Qwen3.5-35B-A3B,trc_summarize,3000,0.5,download-youtube,trc-su,run_2,priority,summary_failure_accounting,0,43,/home/ak58925/agentCtx/ICLR_results/terminalbench/main/qwen35b/di__b3k__trc-su/download-youtube/trc-su/run_2/trajectory.json,/home/ak58925/agentCtx-summarization/results/query-error-audit-20260907/details/02442.txt
terminalbench,main,qwen35b,di__b3k__trc-su,hosted_vllm/Qwen/Qwen3.5-35B-A3B,trc_summarize,3000,0.5,download-youtube,trc-su,run_3,priority,summary_failure_accounting,0,6,/home/ak58925/agentCtx/ICLR_results/terminalbench/main/qwen35b/di__b3k__trc-su/download-youtube/trc-su/run_3/trajectory.json,/home/ak58925/agentCtx-summarization/results/query-error-audit-20260907/details/02443.txt
terminalbench,main,qwen35b,di__b3k__trc-su,hosted_vllm/Qwen/Qwen3.5-35B-A3B,trc_summarize,3000,0.5,eval-mteb,trc-su,run_1,priority,summary_failure_accounting,0,115,/home/ak58925/agentCtx/ICLR_results/terminalbench/main/qwen35b/di__b3k__trc-su/eval-mteb/trc-su/run_1/trajectory.json,/home/ak58925/agentCtx-summarization/results/query-error-audit-20260907/details/02444.txt
terminalbench,main,qwen35b,di__b3k__trc-su,hosted_vllm/Qwen/Qwen3.5-35B-A3B,trc_summarize,3000,0.5,eval-mteb.hard,trc-su,run_1,probable,summary_related_response,0,0,/home/ak58925/agentCtx/ICLR_results/terminalbench/main/qwen35b/di__b3k__trc-su/eval-mteb.hard/trc-su/run_1/trajectory.json,/home/ak58925/agentCtx-summarization/results/query-error-audit-20260907/details/02445.txt
terminalbench,main,qwen35b,di__b3k__trc-su,hosted_vllm/Qwen/Qwen3.5-35B-A3B,trc_summarize,3000,0.5,eval-mteb.hard,trc-su,run_2,priority,summary_failure_accounting,0,6,/home/ak58925/agentCtx/ICLR_results/terminalbench/main/qwen35b/di__b3k__trc-su/eval-mteb.hard/trc-su/run_2/trajectory.json,/home/ak58925/agentCtx-summarization/results/query-error-audit-20260907/details/02446.txt
terminalbench,main,qwen35b,di__b3k__trc-su,hosted_vllm/Qwen/Qwen3.5-35B-A3B,trc_summarize,3000,0.5,extract-moves-from-video,trc-su,run_1,probable,summary_related_response,0,0,/home/ak58925/agentCtx/ICLR_results/terminalbench/main/qwen35b/di__b3k__trc-su/extract-moves-from-video/trc-su/run_1/trajectory.json,/home/ak58925/agentCtx-summarization/results/query-error-audit-20260907/details/02447.txt
terminalbench,main,qwen35b,di__b3k__trc-su,hosted_vllm/Qwen/Qwen3.5-35B-A3B,trc_summarize,3000,0.5,extract-moves-from-video,trc-su,run_2,priority,summary_failure_accounting,0,84,/home/ak58925/agentCtx/ICLR_results/terminalbench/main/qwen35b/di__b3k__trc-su/extract-moves-from-video/trc-su/run_2/trajectory.json,/home/ak58925/agentCtx-summarization/results/query-error-audit-20260907/details/02448.txt
terminalbench,main,qwen35b,di__b3k__trc-su,hosted_vllm/Qwen/Qwen3.5-35B-A3B,trc_summarize,3000,0.5,extract-moves-from-video,trc-su,run_3,priority,summary_failure_accounting,0,94,/home/ak58925/agentCtx/ICLR_results/terminalbench/main/qwen35b/di__b3k__trc-su/extract-moves-from-video/trc-su/run_3/trajectory.json,/home/ak58925/agentCtx-summarization/results/query-error-audit-20260907/details/02449.txt
terminalbench,main,qwen35b,di__b3k__trc-su,hosted_vllm/Qwen/Qwen3.5-35B-A3B,trc_summarize,3000,0.5,fix-git,trc-su,run_2,probable,summary_related_response,0,0,/home/ak58925/agentCtx/ICLR_results/terminalbench/main/qwen35b/di__b3k__trc-su/fix-git/trc-su/run_2/trajectory.json,/home/ak58925/agentCtx-summarization/results/query-error-audit-20260907/details/02451.txt
terminalbench,main,qwen35b,di__b3k__trc-su,hosted_vllm/Qwen/Qwen3.5-35B-A3B,trc_summarize,3000,0.5,fix-pandas-version,trc-su,run_3,priority,summary_failure_accounting,0,1,/home/ak58925/agentCtx/ICLR_results/terminalbench/main/qwen35b/di__b3k__trc-su/fix-pandas-version/trc-su/run_3/trajectory.json,/home/ak58925/agentCtx-summarization/results/query-error-audit-20260907/details/02453.txt
terminalbench,main,qwen35b,di__b3k__trc-su,hosted_vllm/Qwen/Qwen3.5-35B-A3B,trc_summarize,3000,0.5,git-workflow-hack,trc-su,run_1,priority,summary_failure_accounting,0,71,/home/ak58925/agentCtx/ICLR_results/terminalbench/main/qwen35b/di__b3k__trc-su/git-workflow-hack/trc-su/run_1/trajectory.json,/home/ak58925/agentCtx-summarization/results/query-error-audit-20260907/details/02454.txt
terminalbench,main,qwen35b,di__b3k__trc-su,hosted_vllm/Qwen/Qwen3.5-35B-A3B,trc_summarize,3000,0.5,git-workflow-hack,trc-su,run_2,probable,summary_related_response,0,0,/home/ak58925/agentCtx/ICLR_results/terminalbench/main/qwen35b/di__b3k__trc-su/git-workflow-hack/trc-su/run_2/trajectory.json,/home/ak58925/agentCtx-summarization/results/query-error-audit-20260907/details/02455.txt
terminalbench,main,qwen35b,di__b3k__trc-su,hosted_vllm/Qwen/Qwen3.5-35B-A3B,trc_summarize,3000,0.5,gpt2-codegolf,trc-su,run_3,priority,summary_failure_accounting,0,102,/home/ak58925/agentCtx/ICLR_results/terminalbench/main/qwen35b/di__b3k__trc-su/gpt2-codegolf/trc-su/run_3/trajectory.json,/home/ak58925/agentCtx-summarization/results/query-error-audit-20260907/details/02456.txt
terminalbench,main,qwen35b,di__b3k__trc-su,hosted_vllm/Qwen/Qwen3.5-35B-A3B,trc_summarize,3000,0.5,hf-model-inference,trc-su,run_1,probable,summary_related_response,0,0,/home/ak58925/agentCtx/ICLR_results/terminalbench/main/qwen35b/di__b3k__trc-su/hf-model-inference/trc-su/run_1/trajectory.json,/home/ak58925/agentCtx-summarization/results/query-error-audit-20260907/details/02457.txt
terminalbench,main,qwen35b,di__b3k__trc-su,hosted_vllm/Qwen/Qwen3.5-35B-A3B,trc_summarize,3000,0.5,hf-model-inference,trc-su,run_3,priority,summary_failure_accounting,0,125,/home/ak58925/agentCtx/ICLR_results/terminalbench/main/qwen35b/di__b3k__trc-su/hf-model-inference/trc-su/run_3/trajectory.json,/home/ak58925/agentCtx-summarization/results/query-error-audit-20260907/details/02458.txt
terminalbench,main,qwen35b,di__b3k__trc-su,hosted_vllm/Qwen/Qwen3.5-35B-A3B,trc_summarize,3000,0.5,incompatible-python-fasttext,trc-su,run_1,priority,summary_failure_accounting,0,119,/home/ak58925/agentCtx/ICLR_results/terminalbench/main/qwen35b/di__b3k__trc-su/incompatible-python-fasttext/trc-su/run_1/trajectory.json,/home/ak58925/agentCtx-summarization/results/query-error-audit-20260907/details/02459.txt
terminalbench,main,qwen35b,di__b3k__trc-su,hosted_vllm/Qwen/Qwen3.5-35B-A3B,trc_summarize,3000,0.5,incompatible-python-fasttext,trc-su,run_2,priority,summary_failure_accounting,0,143,/home/ak58925/agentCtx/ICLR_results/terminalbench/main/qwen35b/di__b3k__trc-su/incompatible-python-fasttext/trc-su/run_2/trajectory.json,/home/ak58925/agentCtx-summarization/results/query-error-audit-20260907/details/02460.txt
terminalbench,main,qwen35b,di__b3k__trc-su,hosted_vllm/Qwen/Qwen3.5-35B-A3B,trc_summarize,3000,0.5,intrusion-detection,trc-su,run_1,priority,summary_failure_accounting,0,88,/home/ak58925/agentCtx/ICLR_results/terminalbench/main/qwen35b/di__b3k__trc-su/intrusion-detection/trc-su/run_1/trajectory.json,/home/ak58925/agentCtx-summarization/results/query-error-audit-20260907/details/02462.txt
terminalbench,main,qwen35b,di__b3k__trc-su,hosted_vllm/Qwen/Qwen3.5-35B-A3B,trc_summarize,3000,0.5,intrusion-detection,trc-su,run_2,priority,summary_failure_accounting,0,88,/home/ak58925/agentCtx/ICLR_results/terminalbench/main/qwen35b/di__b3k__trc-su/intrusion-detection/trc-su/run_2/trajectory.json,/home/ak58925/agentCtx-summarization/results/query-error-audit-20260907/details/02463.txt
terminalbench,main,qwen35b,di__b3k__trc-su,hosted_vllm/Qwen/Qwen3.5-35B-A3B,trc_summarize,3000,0.5,intrusion-detection,trc-su,run_3,priority,summary_failure_accounting,0,105,/home/ak58925/agentCtx/ICLR_results/terminalbench/main/qwen35b/di__b3k__trc-su/intrusion-detection/trc-su/run_3/trajectory.json,/home/ak58925/agentCtx-summarization/results/query-error-audit-20260907/details/02464.txt
terminalbench,main,qwen35b,di__b3k__trc-su,hosted_vllm/Qwen/Qwen3.5-35B-A3B,trc_summarize,3000,0.5,new-encrypt-command,trc-su,run_2,priority,summary_failure_accounting,0,1,/home/ak58925/agentCtx/ICLR_results/terminalbench/main/qwen35b/di__b3k__trc-su/new-encrypt-command/trc-su/run_2/trajectory.json,/home/ak58925/agentCtx-summarization/results/query-error-audit-20260907/details/02465.txt
terminalbench,main,qwen35b,di__b3k__trc-su,hosted_vllm/Qwen/Qwen3.5-35B-A3B,trc_summarize,3000,0.5,password-recovery,trc-su,run_1,priority,summary_failure_accounting,0,57,/home/ak58925/agentCtx/ICLR_results/terminalbench/main/qwen35b/di__b3k__trc-su/password-recovery/trc-su/run_1/trajectory.json,/home/ak58925/agentCtx-summarization/results/query-error-audit-20260907/details/02466.txt
terminalbench,main,qwen35b,di__b3k__trc-su,hosted_vllm/Qwen/Qwen3.5-35B-A3B,trc_summarize,3000,0.5,password-recovery,trc-su,run_2,priority,summary_failure_accounting,0,47,/home/ak58925/agentCtx/ICLR_results/terminalbench/main/qwen35b/di__b3k__trc-su/password-recovery/trc-su/run_2/trajectory.json,/home/ak58925/agentCtx-summarization/results/query-error-audit-20260907/details/02467.txt
terminalbench,main,qwen35b,di__b3k__trc-su,hosted_vllm/Qwen/Qwen3.5-35B-A3B,trc_summarize,3000,0.5,password-recovery,trc-su,run_3,priority,summary_failure_accounting,0,59,/home/ak58925/agentCtx/ICLR_results/terminalbench/main/qwen35b/di__b3k__trc-su/password-recovery/trc-su/run_3/trajectory.json,/home/ak58925/agentCtx-summarization/results/query-error-audit-20260907/details/02468.txt
terminalbench,main,qwen35b,di__b3k__trc-su,hosted_vllm/Qwen/Qwen3.5-35B-A3B,trc_summarize,3000,0.5,path-tracing-reverse,trc-su,run_1,probable,summary_related_response,0,0,/home/ak58925/agentCtx/ICLR_results/terminalbench/main/qwen35b/di__b3k__trc-su/path-tracing-reverse/trc-su/run_1/trajectory.json,/home/ak58925/agentCtx-summarization/results/query-error-audit-20260907/details/02469.txt
terminalbench,main,qwen35b,di__b3k__trc-su,hosted_vllm/Qwen/Qwen3.5-35B-A3B,trc_summarize,3000,0.5,processing-pipeline,trc-su,run_3,priority,summary_failure_accounting,0,113,/home/ak58925/agentCtx/ICLR_results/terminalbench/main/qwen35b/di__b3k__trc-su/processing-pipeline/trc-su/run_3/trajectory.json,/home/ak58925/agentCtx-summarization/results/query-error-audit-20260907/details/02471.txt
terminalbench,main,qwen35b,di__b3k__trc-su,hosted_vllm/Qwen/Qwen3.5-35B-A3B,trc_summarize,3000,0.5,pytorch-model-cli.hard,trc-su,run_1,priority,summary_failure_accounting,0,120,/home/ak58925/agentCtx/ICLR_results/terminalbench/main/qwen35b/di__b3k__trc-su/pytorch-model-cli.hard/trc-su/run_1/trajectory.json,/home/ak58925/agentCtx-summarization/results/query-error-audit-20260907/details/02472.txt
terminalbench,main,qwen35b,di__b3k__trc-su,hosted_vllm/Qwen/Qwen3.5-35B-A3B,trc_summarize,3000,0.5,qemu-alpine-ssh,trc-su,run_1,priority,summary_failure_accounting,0,109,/home/ak58925/agentCtx/ICLR_results/terminalbench/main/qwen35b/di__b3k__trc-su/qemu-alpine-ssh/trc-su/run_1/trajectory.json,/home/ak58925/agentCtx-summarization/results/query-error-audit-20260907/details/02473.txt
terminalbench,main,qwen35b,di__b3k__trc-su,hosted_vllm/Qwen/Qwen3.5-35B-A3B,trc_summarize,3000,0.5,qemu-alpine-ssh,trc-su,run_2,probable,summary_related_response,0,0,/home/ak58925/agentCtx/ICLR_results/terminalbench/main/qwen35b/di__b3k__trc-su/qemu-alpine-ssh/trc-su/run_2/trajectory.json,/home/ak58925/agentCtx-summarization/results/query-error-audit-20260907/details/02474.txt
terminalbench,main,qwen35b,di__b3k__trc-su,hosted_vllm/Qwen/Qwen3.5-35B-A3B,trc_summarize,3000,0.5,qemu-alpine-ssh,trc-su,run_3,priority,summary_failure_accounting,0,124,/home/ak58925/agentCtx/ICLR_results/terminalbench/main/qwen35b/di__b3k__trc-su/qemu-alpine-ssh/trc-su/run_3/trajectory.json,/home/ak58925/agentCtx-summarization/results/query-error-audit-20260907/details/02475.txt
terminalbench,main,qwen35b,di__b3k__trc-su,hosted_vllm/Qwen/Qwen3.5-35B-A3B,trc_summarize,3000,0.5,qemu-startup,trc-su,run_1,priority,summary_failure_accounting,0,46,/home/ak58925/agentCtx/ICLR_results/terminalbench/main/qwen35b/di__b3k__trc-su/qemu-startup/trc-su/run_1/trajectory.json,/home/ak58925/agentCtx-summarization/results/query-error-audit-20260907/details/02476.txt
terminalbench,main,qwen35b,di__b3k__trc-su,hosted_vllm/Qwen/Qwen3.5-35B-A3B,trc_summarize,3000,0.5,qemu-startup,trc-su,run_2,priority,summary_failure_accounting,0,36,/home/ak58925/agentCtx/ICLR_results/terminalbench/main/qwen35b/di__b3k__trc-su/qemu-startup/trc-su/run_2/trajectory.json,/home/ak58925/agentCtx-summarization/results/query-error-audit-20260907/details/02477.txt
terminalbench,main,qwen35b,di__b3k__trc-su,hosted_vllm/Qwen/Qwen3.5-35B-A3B,trc_summarize,3000,0.5,raman-fitting.easy,trc-su,run_1,priority,summary_failure_accounting,0,148,/home/ak58925/agentCtx/ICLR_results/terminalbench/main/qwen35b/di__b3k__trc-su/raman-fitting.easy/trc-su/run_1/trajectory.json,/home/ak58925/agentCtx-summarization/results/query-error-audit-20260907/details/02478.txt
terminalbench,main,qwen35b,di__b3k__trc-su,hosted_vllm/Qwen/Qwen3.5-35B-A3B,trc_summarize,3000,0.5,sanitize-git-repo,trc-su,run_2,priority,summary_failure_accounting,0,105,/home/ak58925/agentCtx/ICLR_results/terminalbench/main/qwen35b/di__b3k__trc-su/sanitize-git-repo/trc-su/run_2/trajectory.json,/home/ak58925/agentCtx-summarization/results/query-error-audit-20260907/details/02479.txt
terminalbench,main,qwen35b,di__b3k__trc-su,hosted_vllm/Qwen/Qwen3.5-35B-A3B,trc_summarize,3000,0.5,sanitize-git-repo,trc-su,run_3,priority,summary_failure_accounting,0,92,/home/ak58925/agentCtx/ICLR_results/terminalbench/main/qwen35b/di__b3k__trc-su/sanitize-git-repo/trc-su/run_3/trajectory.json,/home/ak58925/agentCtx-summarization/results/query-error-audit-20260907/details/02480.txt
terminalbench,main,qwen35b,di__b3k__trc-su,hosted_vllm/Qwen/Qwen3.5-35B-A3B,trc_summarize,3000,0.5,sanitize-git-repo.hard,trc-su,run_1,priority,summary_failure_accounting,0,51,/home/ak58925/agentCtx/ICLR_results/terminalbench/main/qwen35b/di__b3k__trc-su/sanitize-git-repo.hard/trc-su/run_1/trajectory.json,/home/ak58925/agentCtx-summarization/results/query-error-audit-20260907/details/02481.txt
terminalbench,main,qwen35b,di__b3k__trc-su,hosted_vllm/Qwen/Qwen3.5-35B-A3B,trc_summarize,3000,0.5,sanitize-git-repo.hard,trc-su,run_2,priority,summary_failure_accounting,0,46,/home/ak58925/agentCtx/ICLR_results/terminalbench/main/qwen35b/di__b3k__trc-su/sanitize-git-repo.hard/trc-su/run_2/trajectory.json,/home/ak58925/agentCtx-summarization/results/query-error-audit-20260907/details/02482.txt
terminalbench,main,qwen35b,di__b3k__trc-su,hosted_vllm/Qwen/Qwen3.5-35B-A3B,trc_summarize,3000,0.5,sanitize-git-repo.hard,trc-su,run_3,priority,summary_failure_accounting,0,55,/home/ak58925/agentCtx/ICLR_results/terminalbench/main/qwen35b/di__b3k__trc-su/sanitize-git-repo.hard/trc-su/run_3/trajectory.json,/home/ak58925/agentCtx-summarization/results/query-error-audit-20260907/details/02483.txt
terminalbench,main,qwen35b,di__b3k__trc-su,hosted_vllm/Qwen/Qwen3.5-35B-A3B,trc_summarize,3000,0.5,solana-data,trc-su,run_1,priority,summary_marker_error,3,,/home/ak58925/agentCtx/ICLR_results/terminalbench/main/qwen35b/di__b3k__trc-su/solana-data/trc-su/run_1/trajectory.json,/home/ak58925/agentCtx-summarization/results/query-error-audit-20260907/details/02484.txt
terminalbench,main,qwen35b,di__b3k__trc-su,hosted_vllm/Qwen/Qwen3.5-35B-A3B,trc_summarize,3000,0.5,solana-data,trc-su,run_2,priority,summary_failure_accounting,0,158,/home/ak58925/agentCtx/ICLR_results/terminalbench/main/qwen35b/di__b3k__trc-su/solana-data/trc-su/run_2/trajectory.json,/home/ak58925/agentCtx-summarization/results/query-error-audit-20260907/details/02485.txt
terminalbench,main,qwen35b,di__b3k__trc-su,hosted_vllm/Qwen/Qwen3.5-35B-A3B,trc_summarize,3000,0.5,solana-data,trc-su,run_3,priority,summary_marker_error,1,,/home/ak58925/agentCtx/ICLR_results/terminalbench/main/qwen35b/di__b3k__trc-su/solana-data/trc-su/run_3/trajectory.json,/home/ak58925/agentCtx-summarization/results/query-error-audit-20260907/details/02486.txt
terminalbench,main,qwen35b,di__b3k__trc-su,hosted_vllm/Qwen/Qwen3.5-35B-A3B,trc_summarize,3000,0.5,sqlite-with-gcov,trc-su,run_1,priority,summary_failure_accounting,0,91,/home/ak58925/agentCtx/ICLR_results/terminalbench/main/qwen35b/di__b3k__trc-su/sqlite-with-gcov/trc-su/run_1/trajectory.json,/home/ak58925/agentCtx-summarization/results/query-error-audit-20260907/details/02487.txt
terminalbench,main,qwen35b,di__b3k__trc-su,hosted_vllm/Qwen/Qwen3.5-35B-A3B,trc_summarize,3000,0.5,super-benchmark-upet,trc-su,run_1,priority,summary_failure_accounting,0,93,/home/ak58925/agentCtx/ICLR_results/terminalbench/main/qwen35b/di__b3k__trc-su/super-benchmark-upet/trc-su/run_1/trajectory.json,/home/ak58925/agentCtx-summarization/results/query-error-audit-20260907/details/02488.txt
terminalbench,main,qwen35b,di__b3k__trc-su,hosted_vllm/Qwen/Qwen3.5-35B-A3B,trc_summarize,3000,0.5,super-benchmark-upet,trc-su,run_2,priority,summary_failure_accounting,0,97,/home/ak58925/agentCtx/ICLR_results/terminalbench/main/qwen35b/di__b3k__trc-su/super-benchmark-upet/trc-su/run_2/trajectory.json,/home/ak58925/agentCtx-summarization/results/query-error-audit-20260907/details/02489.txt
terminalbench,main,qwen35b,di__b3k__trc-su,hosted_vllm/Qwen/Qwen3.5-35B-A3B,trc_summarize,3000,0.5,super-benchmark-upet,trc-su,run_3,priority,summary_failure_accounting,0,101,/home/ak58925/agentCtx/ICLR_results/terminalbench/main/qwen35b/di__b3k__trc-su/super-benchmark-upet/trc-su/run_3/trajectory.json,/home/ak58925/agentCtx-summarization/results/query-error-audit-20260907/details/02490.txt
terminalbench,main,qwen35b,di__b3k__trc-su,hosted_vllm/Qwen/Qwen3.5-35B-A3B,trc_summarize,3000,0.5,swe-bench-astropy-2,trc-su,run_1,priority,summary_failure_accounting,0,92,/home/ak58925/agentCtx/ICLR_results/terminalbench/main/qwen35b/di__b3k__trc-su/swe-bench-astropy-2/trc-su/run_1/trajectory.json,/home/ak58925/agentCtx-summarization/results/query-error-audit-20260907/details/02491.txt
terminalbench,main,qwen35b,di__b3k__trc-su,hosted_vllm/Qwen/Qwen3.5-35B-A3B,trc_summarize,3000,0.5,swe-bench-astropy-2,trc-su,run_2,priority,summary_marker_error,5,,/home/ak58925/agentCtx/ICLR_results/terminalbench/main/qwen35b/di__b3k__trc-su/swe-bench-astropy-2/trc-su/run_2/trajectory.json,/home/ak58925/agentCtx-summarization/results/query-error-audit-20260907/details/02492.txt
terminalbench,main,qwen35b,di__b3k__trc-su,hosted_vllm/Qwen/Qwen3.5-35B-A3B,trc_summarize,3000,0.5,swe-bench-astropy-2,trc-su,run_3,priority,summary_marker_error,2,,/home/ak58925/agentCtx/ICLR_results/terminalbench/main/qwen35b/di__b3k__trc-su/swe-bench-astropy-2/trc-su/run_3/trajectory.json,/home/ak58925/agentCtx-summarization/results/query-error-audit-20260907/details/02493.txt
terminalbench,main,qwen35b,di__b3k__trc-su,hosted_vllm/Qwen/Qwen3.5-35B-A3B,trc_summarize,3000,0.5,swe-bench-fsspec,trc-su,run_1,priority,summary_marker_error,5,,/home/ak58925/agentCtx/ICLR_results/terminalbench/main/qwen35b/di__b3k__trc-su/swe-bench-fsspec/trc-su/run_1/trajectory.json,/home/ak58925/agentCtx-summarization/results/query-error-audit-20260907/details/02494.txt
terminalbench,main,qwen35b,di__b3k__trc-su,hosted_vllm/Qwen/Qwen3.5-35B-A3B,trc_summarize,3000,0.5,swe-bench-fsspec,trc-su,run_2,priority,summary_failure_accounting,0,44,/home/ak58925/agentCtx/ICLR_results/terminalbench/main/qwen35b/di__b3k__trc-su/swe-bench-fsspec/trc-su/run_2/trajectory.json,/home/ak58925/agentCtx-summarization/results/query-error-audit-20260907/details/02495.txt
terminalbench,main,qwen35b,di__b3k__trc-su,hosted_vllm/Qwen/Qwen3.5-35B-A3B,trc_summarize,3000,0.5,swe-bench-fsspec,trc-su,run_3,priority,summary_failure_accounting,0,51,/home/ak58925/agentCtx/ICLR_results/terminalbench/main/qwen35b/di__b3k__trc-su/swe-bench-fsspec/trc-su/run_3/trajectory.json,/home/ak58925/agentCtx-summarization/results/query-error-audit-20260907/details/02496.txt
terminalbench,main,qwen35b,di__b3k__trc-su,hosted_vllm/Qwen/Qwen3.5-35B-A3B,trc_summarize,3000,0.5,tmux-advanced-workflow,trc-su,run_2,priority,summary_failure_accounting,0,152,/home/ak58925/agentCtx/ICLR_results/terminalbench/main/qwen35b/di__b3k__trc-su/tmux-advanced-workflow/trc-su/run_2/trajectory.json,/home/ak58925/agentCtx-summarization/results/query-error-audit-20260907/details/02497.txt
terminalbench,main,qwen35b,di__b3k__trc-su,hosted_vllm/Qwen/Qwen3.5-35B-A3B,trc_summarize,3000,0.5,tmux-advanced-workflow,trc-su,run_3,priority,summary_failure_accounting,0,174,/home/ak58925/agentCtx/ICLR_results/terminalbench/main/qwen35b/di__b3k__trc-su/tmux-advanced-workflow/trc-su/run_3/trajectory.json,/home/ak58925/agentCtx-summarization/results/query-error-audit-20260907/details/02498.txt
terminalbench,main,qwen35b,di__b3k__trc-su,hosted_vllm/Qwen/Qwen3.5-35B-A3B,trc_summarize,3000,0.5,write-compressor,trc-su,run_1,priority,summary_failure_accounting,0,70,/home/ak58925/agentCtx/ICLR_results/terminalbench/main/qwen35b/di__b3k__trc-su/write-compressor/trc-su/run_1/trajectory.json,/home/ak58925/agentCtx-summarization/results/query-error-audit-20260907/details/02499.txt
terminalbench,main,qwen35b,di__b3k__trc-su,hosted_vllm/Qwen/Qwen3.5-35B-A3B,trc_summarize,3000,0.5,write-compressor,trc-su,run_2,priority,summary_failure_accounting,0,60,/home/ak58925/agentCtx/ICLR_results/terminalbench/main/qwen35b/di__b3k__trc-su/write-compressor/trc-su/run_2/trajectory.json,/home/ak58925/agentCtx-summarization/results/query-error-audit-20260907/details/02500.txt
terminalbench,main,qwen35b,di__b3k__trc-su,hosted_vllm/Qwen/Qwen3.5-35B-A3B,trc_summarize,3000,0.5,write-compressor,trc-su,run_3,priority,summary_failure_accounting,0,62,/home/ak58925/agentCtx/ICLR_results/terminalbench/main/qwen35b/di__b3k__trc-su/write-compressor/trc-su/run_3/trajectory.json,/home/ak58925/agentCtx-summarization/results/query-error-audit-20260907/details/02501.txt
