benchmark,section,cohort_model_path,cell,model,primitive,budget_tokens,depth,task,condition,run,rerun_priority,rerun_reason,summary_marker_errors,summary_failure_lower_bound,trajectory,error_response_details,seed_source_section,seed_source_trajectory,seed_archive
swebench,ablation,qwen35b,d05__b10k__ss,hosted_vllm/Qwen/Qwen3.5-35B-A3B,structured_summarize,10000,0.5,django__django-11066,structured-summarize,run_3,priority,agentlog_summary_failure,0,1,/home/ak58925/agentCtx/ICLR_results/swebench/ablation/qwen35b/d05__b10k__ss/django__django-11066/structured-summarize/run_3/trajectory.json,details/06871.txt,main,/home/ak58925/agentCtx/ICLR_results/swebench/main/qwen35b/d05__b10k__ss/django__django-11066/structured-summarize/run_3/trajectory.json,swebench_summary_bug_remaining_20260908_162042_CDT
swebench,ablation,qwen35b,d05__b10k__ss,hosted_vllm/Qwen/Qwen3.5-35B-A3B,structured_summarize,10000,0.5,django__django-11292,structured-summarize,run_2,priority,agentlog_summary_failure,0,32,/home/ak58925/agentCtx/ICLR_results/swebench/ablation/qwen35b/d05__b10k__ss/django__django-11292/structured-summarize/run_2/trajectory.json,details/06878.txt,main,/home/ak58925/agentCtx/ICLR_results/swebench/main/qwen35b/d05__b10k__ss/django__django-11292/structured-summarize/run_2/trajectory.json,swebench_summary_bug_remaining_20260908_162042_CDT
swebench,ablation,qwen35b,d05__b10k__ss,hosted_vllm/Qwen/Qwen3.5-35B-A3B,structured_summarize,10000,0.5,django__django-13012,structured-summarize,run_3,priority,agentlog_summary_failure,0,44,/home/ak58925/agentCtx/ICLR_results/swebench/ablation/qwen35b/d05__b10k__ss/django__django-13012/structured-summarize/run_3/trajectory.json,,main,/home/ak58925/agentCtx/ICLR_results/swebench/main/qwen35b/d05__b10k__ss/django__django-13012/structured-summarize/run_3/trajectory.json,swebench_summary_bug_remaining_20260908_162042_CDT
swebench,ablation,qwen35b,d05__b10k__ss,hosted_vllm/Qwen/Qwen3.5-35B-A3B,structured_summarize,10000,0.5,django__django-14580,structured-summarize,run_2,priority,agentlog_summary_failure,0,1,/home/ak58925/agentCtx/ICLR_results/swebench/ablation/qwen35b/d05__b10k__ss/django__django-14580/structured-summarize/run_2/trajectory.json,,main,/home/ak58925/agentCtx/ICLR_results/swebench/main/qwen35b/d05__b10k__ss/django__django-14580/structured-summarize/run_2/trajectory.json,swebench_summary_bug_remaining_20260908_162042_CDT
swebench,ablation,qwen35b,d05__b10k__ss,hosted_vllm/Qwen/Qwen3.5-35B-A3B,structured_summarize,10000,0.5,django__django-14915,structured-summarize,run_2,priority,agentlog_summary_failure,0,7,/home/ak58925/agentCtx/ICLR_results/swebench/ablation/qwen35b/d05__b10k__ss/django__django-14915/structured-summarize/run_2/trajectory.json,,main,/home/ak58925/agentCtx/ICLR_results/swebench/main/qwen35b/d05__b10k__ss/django__django-14915/structured-summarize/run_2/trajectory.json,swebench_summary_bug_remaining_20260908_162042_CDT
swebench,ablation,qwen35b,d05__b10k__ss,hosted_vllm/Qwen/Qwen3.5-35B-A3B,structured_summarize,10000,0.5,django__django-17087,structured-summarize,run_1,priority,agentlog_summary_failure,0,1,/home/ak58925/agentCtx/ICLR_results/swebench/ablation/qwen35b/d05__b10k__ss/django__django-17087/structured-summarize/run_1/trajectory.json,,main,/home/ak58925/agentCtx/ICLR_results/swebench/main/qwen35b/d05__b10k__ss/django__django-17087/structured-summarize/run_1/trajectory.json,swebench_summary_bug_remaining_20260908_162042_CDT
swebench,ablation,qwen35b,d05__b10k__ss,hosted_vllm/Qwen/Qwen3.5-35B-A3B,structured_summarize,10000,0.5,django__django-17087,structured-summarize,run_3,priority,agentlog_summary_failure,0,1,/home/ak58925/agentCtx/ICLR_results/swebench/ablation/qwen35b/d05__b10k__ss/django__django-17087/structured-summarize/run_3/trajectory.json,details/06950.txt,main,/home/ak58925/agentCtx/ICLR_results/swebench/main/qwen35b/d05__b10k__ss/django__django-17087/structured-summarize/run_3/trajectory.json,swebench_summary_bug_remaining_20260908_162042_CDT
swebench,ablation,qwen35b,d05__b10k__ss,hosted_vllm/Qwen/Qwen3.5-35B-A3B,structured_summarize,10000,0.5,scikit-learn__scikit-learn-10908,structured-summarize,run_2,priority,agentlog_summary_failure,0,2,/home/ak58925/agentCtx/ICLR_results/swebench/ablation/qwen35b/d05__b10k__ss/scikit-learn__scikit-learn-10908/structured-summarize/run_2/trajectory.json,,main,/home/ak58925/agentCtx/ICLR_results/swebench/main/qwen35b/d05__b10k__ss/scikit-learn__scikit-learn-10908/structured-summarize/run_2/trajectory.json,swebench_summary_bug_remaining_20260908_162042_CDT
swebench,ablation,qwen35b,d05__b10k__ss,hosted_vllm/Qwen/Qwen3.5-35B-A3B,structured_summarize,10000,0.5,scikit-learn__scikit-learn-11578,structured-summarize,run_1,priority,agentlog_summary_failure,0,9,/home/ak58925/agentCtx/ICLR_results/swebench/ablation/qwen35b/d05__b10k__ss/scikit-learn__scikit-learn-11578/structured-summarize/run_1/trajectory.json,,main,/home/ak58925/agentCtx/ICLR_results/swebench/main/qwen35b/d05__b10k__ss/scikit-learn__scikit-learn-11578/structured-summarize/run_1/trajectory.json,swebench_summary_bug_remaining_20260908_162042_CDT
swebench,ablation,qwen35b,d05__b10k__ss,hosted_vllm/Qwen/Qwen3.5-35B-A3B,structured_summarize,10000,0.5,scikit-learn__scikit-learn-11578,structured-summarize,run_2,priority,agentlog_summary_failure,0,2,/home/ak58925/agentCtx/ICLR_results/swebench/ablation/qwen35b/d05__b10k__ss/scikit-learn__scikit-learn-11578/structured-summarize/run_2/trajectory.json,,main,/home/ak58925/agentCtx/ICLR_results/swebench/main/qwen35b/d05__b10k__ss/scikit-learn__scikit-learn-11578/structured-summarize/run_2/trajectory.json,swebench_summary_bug_remaining_20260908_162042_CDT
swebench,ablation,qwen35b,d05__b10k__ss,hosted_vllm/Qwen/Qwen3.5-35B-A3B,structured_summarize,10000,0.5,scikit-learn__scikit-learn-11578,structured-summarize,run_3,priority,agentlog_summary_failure,0,4,/home/ak58925/agentCtx/ICLR_results/swebench/ablation/qwen35b/d05__b10k__ss/scikit-learn__scikit-learn-11578/structured-summarize/run_3/trajectory.json,,main,/home/ak58925/agentCtx/ICLR_results/swebench/main/qwen35b/d05__b10k__ss/scikit-learn__scikit-learn-11578/structured-summarize/run_3/trajectory.json,swebench_summary_bug_remaining_20260908_162042_CDT
swebench,ablation,qwen35b,d05__b10k__ss,hosted_vllm/Qwen/Qwen3.5-35B-A3B,structured_summarize,10000,0.5,scikit-learn__scikit-learn-13328,structured-summarize,run_1,priority,agentlog_summary_failure,0,7,/home/ak58925/agentCtx/ICLR_results/swebench/ablation/qwen35b/d05__b10k__ss/scikit-learn__scikit-learn-13328/structured-summarize/run_1/trajectory.json,,main,/home/ak58925/agentCtx/ICLR_results/swebench/main/qwen35b/d05__b10k__ss/scikit-learn__scikit-learn-13328/structured-summarize/run_1/trajectory.json,swebench_summary_bug_remaining_20260908_162042_CDT
swebench,ablation,qwen35b,d05__b10k__ss,hosted_vllm/Qwen/Qwen3.5-35B-A3B,structured_summarize,10000,0.5,scikit-learn__scikit-learn-13779,structured-summarize,run_2,priority,agentlog_summary_failure,0,2,/home/ak58925/agentCtx/ICLR_results/swebench/ablation/qwen35b/d05__b10k__ss/scikit-learn__scikit-learn-13779/structured-summarize/run_2/trajectory.json,,main,/home/ak58925/agentCtx/ICLR_results/swebench/main/qwen35b/d05__b10k__ss/scikit-learn__scikit-learn-13779/structured-summarize/run_2/trajectory.json,swebench_summary_bug_remaining_20260908_162042_CDT
swebench,ablation,qwen35b,d05__b10k__ss,hosted_vllm/Qwen/Qwen3.5-35B-A3B,structured_summarize,10000,0.5,scikit-learn__scikit-learn-13779,structured-summarize,run_3,priority,agentlog_summary_failure,0,1,/home/ak58925/agentCtx/ICLR_results/swebench/ablation/qwen35b/d05__b10k__ss/scikit-learn__scikit-learn-13779/structured-summarize/run_3/trajectory.json,,main,/home/ak58925/agentCtx/ICLR_results/swebench/main/qwen35b/d05__b10k__ss/scikit-learn__scikit-learn-13779/structured-summarize/run_3/trajectory.json,swebench_summary_bug_remaining_20260908_162042_CDT
swebench,ablation,qwen35b,d05__b10k__ss,hosted_vllm/Qwen/Qwen3.5-35B-A3B,structured_summarize,10000,0.5,scikit-learn__scikit-learn-14496,structured-summarize,run_3,priority,agentlog_summary_failure,0,2,/home/ak58925/agentCtx/ICLR_results/swebench/ablation/qwen35b/d05__b10k__ss/scikit-learn__scikit-learn-14496/structured-summarize/run_3/trajectory.json,details/06987.txt,main,/home/ak58925/agentCtx/ICLR_results/swebench/main/qwen35b/d05__b10k__ss/scikit-learn__scikit-learn-14496/structured-summarize/run_3/trajectory.json,swebench_summary_bug_remaining_20260908_162042_CDT
swebench,ablation,qwen35b,d05__b10k__ss,hosted_vllm/Qwen/Qwen3.5-35B-A3B,structured_summarize,10000,0.5,scikit-learn__scikit-learn-15100,structured-summarize,run_1,priority,agentlog_summary_failure,0,1,/home/ak58925/agentCtx/ICLR_results/swebench/ablation/qwen35b/d05__b10k__ss/scikit-learn__scikit-learn-15100/structured-summarize/run_1/trajectory.json,,main,/home/ak58925/agentCtx/ICLR_results/swebench/main/qwen35b/d05__b10k__ss/scikit-learn__scikit-learn-15100/structured-summarize/run_1/trajectory.json,swebench_summary_bug_remaining_20260908_162042_CDT
swebench,ablation,qwen35b,d05__b10k__ss,hosted_vllm/Qwen/Qwen3.5-35B-A3B,structured_summarize,10000,0.5,scikit-learn__scikit-learn-15100,structured-summarize,run_2,priority,agentlog_summary_failure,0,1,/home/ak58925/agentCtx/ICLR_results/swebench/ablation/qwen35b/d05__b10k__ss/scikit-learn__scikit-learn-15100/structured-summarize/run_2/trajectory.json,,main,/home/ak58925/agentCtx/ICLR_results/swebench/main/qwen35b/d05__b10k__ss/scikit-learn__scikit-learn-15100/structured-summarize/run_2/trajectory.json,swebench_summary_bug_remaining_20260908_162042_CDT
swebench,ablation,qwen35b,d05__b10k__ss,hosted_vllm/Qwen/Qwen3.5-35B-A3B,structured_summarize,10000,0.5,scikit-learn__scikit-learn-26323,structured-summarize,run_2,priority,agentlog_summary_failure,0,1,/home/ak58925/agentCtx/ICLR_results/swebench/ablation/qwen35b/d05__b10k__ss/scikit-learn__scikit-learn-26323/structured-summarize/run_2/trajectory.json,details/07017.txt,main,/home/ak58925/agentCtx/ICLR_results/swebench/main/qwen35b/d05__b10k__ss/scikit-learn__scikit-learn-26323/structured-summarize/run_2/trajectory.json,swebench_summary_bug_remaining_20260908_162042_CDT
swebench,ablation,qwen35b,d05__b10k__ss,hosted_vllm/Qwen/Qwen3.5-35B-A3B,structured_summarize,10000,0.5,sympy__sympy-13031,structured-summarize,run_3,priority,agentlog_summary_failure,0,9,/home/ak58925/agentCtx/ICLR_results/swebench/ablation/qwen35b/d05__b10k__ss/sympy__sympy-13031/structured-summarize/run_3/trajectory.json,,main,/home/ak58925/agentCtx/ICLR_results/swebench/main/qwen35b/d05__b10k__ss/sympy__sympy-13031/structured-summarize/run_3/trajectory.json,swebench_summary_bug_remaining_20260908_162042_CDT
swebench,ablation,qwen35b,d05__b10k__ss,hosted_vllm/Qwen/Qwen3.5-35B-A3B,structured_summarize,10000,0.5,sympy__sympy-13757,structured-summarize,run_3,priority,agentlog_summary_failure,0,6,/home/ak58925/agentCtx/ICLR_results/swebench/ablation/qwen35b/d05__b10k__ss/sympy__sympy-13757/structured-summarize/run_3/trajectory.json,,main,/home/ak58925/agentCtx/ICLR_results/swebench/main/qwen35b/d05__b10k__ss/sympy__sympy-13757/structured-summarize/run_3/trajectory.json,swebench_summary_bug_remaining_20260908_162042_CDT
swebench,ablation,qwen35b,d05__b10k__ss,hosted_vllm/Qwen/Qwen3.5-35B-A3B,structured_summarize,10000,0.5,sympy__sympy-15017,structured-summarize,run_1,priority,agentlog_summary_failure,0,2,/home/ak58925/agentCtx/ICLR_results/swebench/ablation/qwen35b/d05__b10k__ss/sympy__sympy-15017/structured-summarize/run_1/trajectory.json,,main,/home/ak58925/agentCtx/ICLR_results/swebench/main/qwen35b/d05__b10k__ss/sympy__sympy-15017/structured-summarize/run_1/trajectory.json,swebench_summary_bug_remaining_20260908_162042_CDT
swebench,ablation,qwen35b,d05__b10k__ss,hosted_vllm/Qwen/Qwen3.5-35B-A3B,structured_summarize,10000,0.5,sympy__sympy-15017,structured-summarize,run_3,priority,agentlog_summary_failure,0,1,/home/ak58925/agentCtx/ICLR_results/swebench/ablation/qwen35b/d05__b10k__ss/sympy__sympy-15017/structured-summarize/run_3/trajectory.json,,main,/home/ak58925/agentCtx/ICLR_results/swebench/main/qwen35b/d05__b10k__ss/sympy__sympy-15017/structured-summarize/run_3/trajectory.json,swebench_summary_bug_remaining_20260908_162042_CDT
swebench,ablation,qwen35b,d05__b10k__ss,hosted_vllm/Qwen/Qwen3.5-35B-A3B,structured_summarize,10000,0.5,sympy__sympy-15345,structured-summarize,run_1,priority,agentlog_summary_failure,0,4,/home/ak58925/agentCtx/ICLR_results/swebench/ablation/qwen35b/d05__b10k__ss/sympy__sympy-15345/structured-summarize/run_1/trajectory.json,,main,/home/ak58925/agentCtx/ICLR_results/swebench/main/qwen35b/d05__b10k__ss/sympy__sympy-15345/structured-summarize/run_1/trajectory.json,swebench_summary_bug_remaining_20260908_162042_CDT
swebench,ablation,qwen35b,d05__b10k__ss,hosted_vllm/Qwen/Qwen3.5-35B-A3B,structured_summarize,10000,0.5,sympy__sympy-15345,structured-summarize,run_3,priority,agentlog_summary_failure,0,5,/home/ak58925/agentCtx/ICLR_results/swebench/ablation/qwen35b/d05__b10k__ss/sympy__sympy-15345/structured-summarize/run_3/trajectory.json,,main,/home/ak58925/agentCtx/ICLR_results/swebench/main/qwen35b/d05__b10k__ss/sympy__sympy-15345/structured-summarize/run_3/trajectory.json,swebench_summary_bug_remaining_20260908_162042_CDT
swebench,ablation,qwen35b,d05__b10k__ss,hosted_vllm/Qwen/Qwen3.5-35B-A3B,structured_summarize,10000,0.5,sympy__sympy-17630,structured-summarize,run_1,priority,agentlog_summary_failure,0,4,/home/ak58925/agentCtx/ICLR_results/swebench/ablation/qwen35b/d05__b10k__ss/sympy__sympy-17630/structured-summarize/run_1/trajectory.json,,main,/home/ak58925/agentCtx/ICLR_results/swebench/main/qwen35b/d05__b10k__ss/sympy__sympy-17630/structured-summarize/run_1/trajectory.json,swebench_summary_bug_remaining_20260908_162042_CDT
swebench,ablation,qwen35b,d05__b10k__ss,hosted_vllm/Qwen/Qwen3.5-35B-A3B,structured_summarize,10000,0.5,sympy__sympy-17630,structured-summarize,run_3,priority,agentlog_summary_failure,0,1,/home/ak58925/agentCtx/ICLR_results/swebench/ablation/qwen35b/d05__b10k__ss/sympy__sympy-17630/structured-summarize/run_3/trajectory.json,,main,/home/ak58925/agentCtx/ICLR_results/swebench/main/qwen35b/d05__b10k__ss/sympy__sympy-17630/structured-summarize/run_3/trajectory.json,swebench_summary_bug_remaining_20260908_162042_CDT
swebench,ablation,qwen35b,d05__b10k__ss,hosted_vllm/Qwen/Qwen3.5-35B-A3B,structured_summarize,10000,0.5,sympy__sympy-19637,structured-summarize,run_1,priority,agentlog_summary_failure,0,1,/home/ak58925/agentCtx/ICLR_results/swebench/ablation/qwen35b/d05__b10k__ss/sympy__sympy-19637/structured-summarize/run_1/trajectory.json,,main,/home/ak58925/agentCtx/ICLR_results/swebench/main/qwen35b/d05__b10k__ss/sympy__sympy-19637/structured-summarize/run_1/trajectory.json,swebench_summary_bug_remaining_20260908_162042_CDT
swebench,ablation,qwen35b,d05__b10k__ss,hosted_vllm/Qwen/Qwen3.5-35B-A3B,structured_summarize,10000,0.5,sympy__sympy-19637,structured-summarize,run_3,priority,agentlog_summary_failure,0,1,/home/ak58925/agentCtx/ICLR_results/swebench/ablation/qwen35b/d05__b10k__ss/sympy__sympy-19637/structured-summarize/run_3/trajectory.json,,main,/home/ak58925/agentCtx/ICLR_results/swebench/main/qwen35b/d05__b10k__ss/sympy__sympy-19637/structured-summarize/run_3/trajectory.json,swebench_summary_bug_remaining_20260908_162042_CDT
swebench,ablation,qwen35b,d05__b10k__ss,hosted_vllm/Qwen/Qwen3.5-35B-A3B,structured_summarize,10000,0.5,sympy__sympy-24066,structured-summarize,run_1,priority,agentlog_summary_failure,0,2,/home/ak58925/agentCtx/ICLR_results/swebench/ablation/qwen35b/d05__b10k__ss/sympy__sympy-24066/structured-summarize/run_1/trajectory.json,,main,/home/ak58925/agentCtx/ICLR_results/swebench/main/qwen35b/d05__b10k__ss/sympy__sympy-24066/structured-summarize/run_1/trajectory.json,swebench_summary_bug_remaining_20260908_162042_CDT
swebench,ablation,qwen35b,d05__b10k__ss,hosted_vllm/Qwen/Qwen3.5-35B-A3B,structured_summarize,10000,0.5,sympy__sympy-24066,structured-summarize,run_3,priority,agentlog_summary_failure,0,5,/home/ak58925/agentCtx/ICLR_results/swebench/ablation/qwen35b/d05__b10k__ss/sympy__sympy-24066/structured-summarize/run_3/trajectory.json,,main,/home/ak58925/agentCtx/ICLR_results/swebench/main/qwen35b/d05__b10k__ss/sympy__sympy-24066/structured-summarize/run_3/trajectory.json,swebench_summary_bug_remaining_20260908_162042_CDT
swebench,ablation,qwen35b,d05__b10k__ss,hosted_vllm/Qwen/Qwen3.5-35B-A3B,structured_summarize,10000,0.5,sympy__sympy-24443,structured-summarize,run_3,priority,agentlog_summary_failure,0,1,/home/ak58925/agentCtx/ICLR_results/swebench/ablation/qwen35b/d05__b10k__ss/sympy__sympy-24443/structured-summarize/run_3/trajectory.json,,main,/home/ak58925/agentCtx/ICLR_results/swebench/main/qwen35b/d05__b10k__ss/sympy__sympy-24443/structured-summarize/run_3/trajectory.json,swebench_summary_bug_remaining_20260908_162042_CDT
swebench,ablation,qwen35b,d05__b10k__ss-partial,hosted_vllm/Qwen/Qwen3.5-35B-A3B,structured_summarize_partial,10000,0.5,django__django-14915,structured-summarize-partial,run_1,priority,summary_failure_accounting,0,4,/home/ak58925/agentCtx/ICLR_results/swebench/ablation/qwen35b/d05__b10k__ss-partial/django__django-14915/structured-summarize-partial/run_1/trajectory.json,/home/ak58925/agentCtx/archives/summary-bug-audit-20260907_185802_CDT/audit-swebench/details/07127.txt,main,/home/ak58925/agentCtx/ICLR_results/swebench/main/qwen35b/d05__b10k__ss-partial/django__django-14915/structured-summarize-partial/run_1/trajectory.json,swebench_summary_bug_remaining_20260908_162042_CDT
swebench,ablation,qwen35b,d05__b10k__ss-partial,hosted_vllm/Qwen/Qwen3.5-35B-A3B,structured_summarize_partial,10000,0.5,scikit-learn__scikit-learn-25747,structured-summarize-partial,run_2,priority,summary_failure_accounting,0,1,/home/ak58925/agentCtx/ICLR_results/swebench/ablation/qwen35b/d05__b10k__ss-partial/scikit-learn__scikit-learn-25747/structured-summarize-partial/run_2/trajectory.json,/home/ak58925/agentCtx/archives/summary-bug-audit-20260907_185802_CDT/audit-swebench/details/07236.txt,main,/home/ak58925/agentCtx/ICLR_results/swebench/main/qwen35b/d05__b10k__ss-partial/scikit-learn__scikit-learn-25747/structured-summarize-partial/run_2/trajectory.json,swebench_summary_bug_remaining_20260908_162042_CDT
swebench,ablation,qwen35b,d05__b10k__ss-partial,hosted_vllm/Qwen/Qwen3.5-35B-A3B,structured_summarize_partial,10000,0.5,django__django-13964,structured-summarize-partial,run_2,priority,agentlog_summary_failure,0,22,/home/ak58925/agentCtx/ICLR_results/swebench/ablation/qwen35b/d05__b10k__ss-partial/django__django-13964/structured-summarize-partial/run_2/trajectory.json,,main,/home/ak58925/agentCtx/ICLR_results/swebench/main/qwen35b/d05__b10k__ss-partial/django__django-13964/structured-summarize-partial/run_2/trajectory.json,swebench_summary_bug_remaining_20260908_162042_CDT
swebench,ablation,qwen35b,d05__b10k__ss-partial,hosted_vllm/Qwen/Qwen3.5-35B-A3B,structured_summarize_partial,10000,0.5,django__django-14580,structured-summarize-partial,run_3,priority,agentlog_summary_failure,0,10,/home/ak58925/agentCtx/ICLR_results/swebench/ablation/qwen35b/d05__b10k__ss-partial/django__django-14580/structured-summarize-partial/run_3/trajectory.json,details/07123.txt,main,/home/ak58925/agentCtx/ICLR_results/swebench/main/qwen35b/d05__b10k__ss-partial/django__django-14580/structured-summarize-partial/run_3/trajectory.json,swebench_summary_bug_remaining_20260908_162042_CDT
swebench,ablation,qwen35b,d05__b10k__ss-partial,hosted_vllm/Qwen/Qwen3.5-35B-A3B,structured_summarize_partial,10000,0.5,django__django-14999,structured-summarize-partial,run_1,priority,agentlog_summary_failure,0,31,/home/ak58925/agentCtx/ICLR_results/swebench/ablation/qwen35b/d05__b10k__ss-partial/django__django-14999/structured-summarize-partial/run_1/trajectory.json,details/07130.txt,main,/home/ak58925/agentCtx/ICLR_results/swebench/main/qwen35b/d05__b10k__ss-partial/django__django-14999/structured-summarize-partial/run_1/trajectory.json,swebench_summary_bug_remaining_20260908_162042_CDT
swebench,ablation,qwen35b,d05__b10k__ss-partial,hosted_vllm/Qwen/Qwen3.5-35B-A3B,structured_summarize_partial,10000,0.5,scikit-learn__scikit-learn-10297,structured-summarize-partial,run_1,priority,agentlog_summary_failure,0,3,/home/ak58925/agentCtx/ICLR_results/swebench/ablation/qwen35b/d05__b10k__ss-partial/scikit-learn__scikit-learn-10297/structured-summarize-partial/run_1/trajectory.json,,main,/home/ak58925/agentCtx/ICLR_results/swebench/main/qwen35b/d05__b10k__ss-partial/scikit-learn__scikit-learn-10297/structured-summarize-partial/run_1/trajectory.json,swebench_summary_bug_remaining_20260908_162042_CDT
swebench,ablation,qwen35b,d05__b10k__ss-partial,hosted_vllm/Qwen/Qwen3.5-35B-A3B,structured_summarize_partial,10000,0.5,scikit-learn__scikit-learn-10297,structured-summarize-partial,run_3,priority,agentlog_summary_failure,0,14,/home/ak58925/agentCtx/ICLR_results/swebench/ablation/qwen35b/d05__b10k__ss-partial/scikit-learn__scikit-learn-10297/structured-summarize-partial/run_3/trajectory.json,,main,/home/ak58925/agentCtx/ICLR_results/swebench/main/qwen35b/d05__b10k__ss-partial/scikit-learn__scikit-learn-10297/structured-summarize-partial/run_3/trajectory.json,swebench_summary_bug_remaining_20260908_162042_CDT
swebench,ablation,qwen35b,d05__b10k__ss-partial,hosted_vllm/Qwen/Qwen3.5-35B-A3B,structured_summarize_partial,10000,0.5,scikit-learn__scikit-learn-13779,structured-summarize-partial,run_2,priority,agentlog_summary_failure,0,9,/home/ak58925/agentCtx/ICLR_results/swebench/ablation/qwen35b/d05__b10k__ss-partial/scikit-learn__scikit-learn-13779/structured-summarize-partial/run_2/trajectory.json,,main,/home/ak58925/agentCtx/ICLR_results/swebench/main/qwen35b/d05__b10k__ss-partial/scikit-learn__scikit-learn-13779/structured-summarize-partial/run_2/trajectory.json,swebench_summary_bug_remaining_20260908_162042_CDT
swebench,ablation,qwen35b,d05__b10k__ss-partial,hosted_vllm/Qwen/Qwen3.5-35B-A3B,structured_summarize_partial,10000,0.5,sympy__sympy-13091,structured-summarize-partial,run_3,priority,agentlog_summary_failure,0,2,/home/ak58925/agentCtx/ICLR_results/swebench/ablation/qwen35b/d05__b10k__ss-partial/sympy__sympy-13091/structured-summarize-partial/run_3/trajectory.json,,main,/home/ak58925/agentCtx/ICLR_results/swebench/main/qwen35b/d05__b10k__ss-partial/sympy__sympy-13091/structured-summarize-partial/run_3/trajectory.json,swebench_summary_bug_remaining_20260908_162042_CDT
swebench,ablation,qwen35b,d05__b10k__ss-partial,hosted_vllm/Qwen/Qwen3.5-35B-A3B,structured_summarize_partial,10000,0.5,sympy__sympy-24443,structured-summarize-partial,run_3,priority,agentlog_summary_failure,0,18,/home/ak58925/agentCtx/ICLR_results/swebench/ablation/qwen35b/d05__b10k__ss-partial/sympy__sympy-24443/structured-summarize-partial/run_3/trajectory.json,,main,/home/ak58925/agentCtx/ICLR_results/swebench/main/qwen35b/d05__b10k__ss-partial/sympy__sympy-24443/structured-summarize-partial/run_3/trajectory.json,swebench_summary_bug_remaining_20260908_162042_CDT
swebench,ablation,qwen35b,d05__b10k__su-full,hosted_vllm/Qwen/Qwen3.5-35B-A3B,summarization,10000,0.5,django__django-11292,summarization,run_3,priority,summary_failure_accounting,0,27,/home/ak58925/agentCtx/ICLR_results/swebench/ablation/qwen35b/d05__b10k__su-full/django__django-11292/summarization/run_3/trajectory.json,/home/ak58925/agentCtx/archives/summary-bug-audit-20260907_185802_CDT/audit-swebench/details/07345.txt,main,/home/ak58925/agentCtx/ICLR_results/swebench/main/qwen35b/d05__b10k__su-full/django__django-11292/summarization/run_3/trajectory.json,swebench_summary_bug_remaining_20260908_162042_CDT
swebench,ablation,qwen35b,d05__b10k__su-full,hosted_vllm/Qwen/Qwen3.5-35B-A3B,summarization,10000,0.5,django__django-11299,summarization,run_1,priority,summary_failure_accounting,0,36,/home/ak58925/agentCtx/ICLR_results/swebench/ablation/qwen35b/d05__b10k__su-full/django__django-11299/summarization/run_1/trajectory.json,/home/ak58925/agentCtx/archives/summary-bug-audit-20260907_185802_CDT/audit-swebench/details/07346.txt,main,/home/ak58925/agentCtx/ICLR_results/swebench/main/qwen35b/d05__b10k__su-full/django__django-11299/summarization/run_1/trajectory.json,swebench_summary_bug_remaining_20260908_162042_CDT
swebench,ablation,qwen35b,d05__b10k__su-full,hosted_vllm/Qwen/Qwen3.5-35B-A3B,summarization,10000,0.5,django__django-11299,summarization,run_2,priority,summary_failure_accounting,0,1,/home/ak58925/agentCtx/ICLR_results/swebench/ablation/qwen35b/d05__b10k__su-full/django__django-11299/summarization/run_2/trajectory.json,/home/ak58925/agentCtx/archives/summary-bug-audit-20260907_185802_CDT/audit-swebench/details/07347.txt,main,/home/ak58925/agentCtx/ICLR_results/swebench/main/qwen35b/d05__b10k__su-full/django__django-11299/summarization/run_2/trajectory.json,swebench_summary_bug_remaining_20260908_162042_CDT
swebench,ablation,qwen35b,d05__b10k__su-full,hosted_vllm/Qwen/Qwen3.5-35B-A3B,summarization,10000,0.5,django__django-11299,summarization,run_3,priority,summary_failure_accounting,0,12,/home/ak58925/agentCtx/ICLR_results/swebench/ablation/qwen35b/d05__b10k__su-full/django__django-11299/summarization/run_3/trajectory.json,/home/ak58925/agentCtx/archives/summary-bug-audit-20260907_185802_CDT/audit-swebench/details/07348.txt,main,/home/ak58925/agentCtx/ICLR_results/swebench/main/qwen35b/d05__b10k__su-full/django__django-11299/summarization/run_3/trajectory.json,swebench_summary_bug_remaining_20260908_162042_CDT
swebench,ablation,qwen35b,d05__b10k__su-full,hosted_vllm/Qwen/Qwen3.5-35B-A3B,summarization,10000,0.5,django__django-12273,summarization,run_1,priority,summary_failure_accounting,0,3,/home/ak58925/agentCtx/ICLR_results/swebench/ablation/qwen35b/d05__b10k__su-full/django__django-12273/summarization/run_1/trajectory.json,/home/ak58925/agentCtx/archives/summary-bug-audit-20260907_185802_CDT/audit-swebench/details/07356.txt,main,/home/ak58925/agentCtx/ICLR_results/swebench/main/qwen35b/d05__b10k__su-full/django__django-12273/summarization/run_1/trajectory.json,swebench_summary_bug_remaining_20260908_162042_CDT
swebench,ablation,qwen35b,d05__b10k__su-full,hosted_vllm/Qwen/Qwen3.5-35B-A3B,summarization,10000,0.5,django__django-12273,summarization,run_2,priority,summary_failure_accounting,0,1,/home/ak58925/agentCtx/ICLR_results/swebench/ablation/qwen35b/d05__b10k__su-full/django__django-12273/summarization/run_2/trajectory.json,/home/ak58925/agentCtx/archives/summary-bug-audit-20260907_185802_CDT/audit-swebench/details/07357.txt,main,/home/ak58925/agentCtx/ICLR_results/swebench/main/qwen35b/d05__b10k__su-full/django__django-12273/summarization/run_2/trajectory.json,swebench_summary_bug_remaining_20260908_162042_CDT
swebench,ablation,qwen35b,d05__b10k__su-full,hosted_vllm/Qwen/Qwen3.5-35B-A3B,summarization,10000,0.5,django__django-12273,summarization,run_3,priority,summary_failure_accounting,0,8,/home/ak58925/agentCtx/ICLR_results/swebench/ablation/qwen35b/d05__b10k__su-full/django__django-12273/summarization/run_3/trajectory.json,/home/ak58925/agentCtx/archives/summary-bug-audit-20260907_185802_CDT/audit-swebench/details/07358.txt,main,/home/ak58925/agentCtx/ICLR_results/swebench/main/qwen35b/d05__b10k__su-full/django__django-12273/summarization/run_3/trajectory.json,swebench_summary_bug_remaining_20260908_162042_CDT
swebench,ablation,qwen35b,d05__b10k__su-full,hosted_vllm/Qwen/Qwen3.5-35B-A3B,summarization,10000,0.5,django__django-13012,summarization,run_2,priority,summary_failure_accounting,0,18,/home/ak58925/agentCtx/ICLR_results/swebench/ablation/qwen35b/d05__b10k__su-full/django__django-13012/summarization/run_2/trajectory.json,/home/ak58925/agentCtx/archives/summary-bug-audit-20260907_185802_CDT/audit-swebench/details/07367.txt,main,/home/ak58925/agentCtx/ICLR_results/swebench/main/qwen35b/d05__b10k__su-full/django__django-13012/summarization/run_2/trajectory.json,swebench_summary_bug_remaining_20260908_162042_CDT
swebench,ablation,qwen35b,d05__b10k__su-full,hosted_vllm/Qwen/Qwen3.5-35B-A3B,summarization,10000,0.5,django__django-13964,summarization,run_1,priority,summary_failure_accounting,0,43,/home/ak58925/agentCtx/ICLR_results/swebench/ablation/qwen35b/d05__b10k__su-full/django__django-13964/summarization/run_1/trajectory.json,/home/ak58925/agentCtx/archives/summary-bug-audit-20260907_185802_CDT/audit-swebench/details/07372.txt,main,/home/ak58925/agentCtx/ICLR_results/swebench/main/qwen35b/d05__b10k__su-full/django__django-13964/summarization/run_1/trajectory.json,swebench_summary_bug_remaining_20260908_162042_CDT
swebench,ablation,qwen35b,d05__b10k__su-full,hosted_vllm/Qwen/Qwen3.5-35B-A3B,summarization,10000,0.5,django__django-13964,summarization,run_2,priority,summary_failure_accounting,0,34,/home/ak58925/agentCtx/ICLR_results/swebench/ablation/qwen35b/d05__b10k__su-full/django__django-13964/summarization/run_2/trajectory.json,/home/ak58925/agentCtx/archives/summary-bug-audit-20260907_185802_CDT/audit-swebench/details/07373.txt,main,/home/ak58925/agentCtx/ICLR_results/swebench/main/qwen35b/d05__b10k__su-full/django__django-13964/summarization/run_2/trajectory.json,swebench_summary_bug_remaining_20260908_162042_CDT
swebench,ablation,qwen35b,d05__b10k__su-full,hosted_vllm/Qwen/Qwen3.5-35B-A3B,summarization,10000,0.5,django__django-13964,summarization,run_3,priority,summary_failure_accounting,0,20,/home/ak58925/agentCtx/ICLR_results/swebench/ablation/qwen35b/d05__b10k__su-full/django__django-13964/summarization/run_3/trajectory.json,/home/ak58925/agentCtx/archives/summary-bug-audit-20260907_185802_CDT/audit-swebench/details/07374.txt,main,/home/ak58925/agentCtx/ICLR_results/swebench/main/qwen35b/d05__b10k__su-full/django__django-13964/summarization/run_3/trajectory.json,swebench_summary_bug_remaining_20260908_162042_CDT
swebench,ablation,qwen35b,d05__b10k__su-full,hosted_vllm/Qwen/Qwen3.5-35B-A3B,summarization,10000,0.5,django__django-14580,summarization,run_1,priority,summary_failure_accounting,0,17,/home/ak58925/agentCtx/ICLR_results/swebench/ablation/qwen35b/d05__b10k__su-full/django__django-14580/summarization/run_1/trajectory.json,/home/ak58925/agentCtx/archives/summary-bug-audit-20260907_185802_CDT/audit-swebench/details/07378.txt,main,/home/ak58925/agentCtx/ICLR_results/swebench/main/qwen35b/d05__b10k__su-full/django__django-14580/summarization/run_1/trajectory.json,swebench_summary_bug_remaining_20260908_162042_CDT
swebench,ablation,qwen35b,d05__b10k__su-full,hosted_vllm/Qwen/Qwen3.5-35B-A3B,summarization,10000,0.5,django__django-14915,summarization,run_1,probable,summary_related_response,0,0,/home/ak58925/agentCtx/ICLR_results/swebench/ablation/qwen35b/d05__b10k__su-full/django__django-14915/summarization/run_1/trajectory.json,/home/ak58925/agentCtx/archives/summary-bug-audit-20260907_185802_CDT/audit-swebench/details/07383.txt,main,/home/ak58925/agentCtx/ICLR_results/swebench/main/qwen35b/d05__b10k__su-full/django__django-14915/summarization/run_1/trajectory.json,swebench_summary_bug_remaining_20260908_162042_CDT
swebench,ablation,qwen35b,d05__b10k__su-full,hosted_vllm/Qwen/Qwen3.5-35B-A3B,summarization,10000,0.5,django__django-14999,summarization,run_1,priority,summary_failure_accounting,0,8,/home/ak58925/agentCtx/ICLR_results/swebench/ablation/qwen35b/d05__b10k__su-full/django__django-14999/summarization/run_1/trajectory.json,/home/ak58925/agentCtx/archives/summary-bug-audit-20260907_185802_CDT/audit-swebench/details/07385.txt,main,/home/ak58925/agentCtx/ICLR_results/swebench/main/qwen35b/d05__b10k__su-full/django__django-14999/summarization/run_1/trajectory.json,swebench_summary_bug_remaining_20260908_162042_CDT
swebench,ablation,qwen35b,d05__b10k__su-full,hosted_vllm/Qwen/Qwen3.5-35B-A3B,summarization,10000,0.5,django__django-17087,summarization,run_1,priority,summary_failure_accounting,0,32,/home/ak58925/agentCtx/ICLR_results/swebench/ablation/qwen35b/d05__b10k__su-full/django__django-17087/summarization/run_1/trajectory.json,/home/ak58925/agentCtx/archives/summary-bug-audit-20260907_185802_CDT/audit-swebench/details/07407.txt,main,/home/ak58925/agentCtx/ICLR_results/swebench/main/qwen35b/d05__b10k__su-full/django__django-17087/summarization/run_1/trajectory.json,swebench_summary_bug_remaining_20260908_162042_CDT
swebench,ablation,qwen35b,d05__b10k__su-full,hosted_vllm/Qwen/Qwen3.5-35B-A3B,summarization,10000,0.5,scikit-learn__scikit-learn-10908,summarization,run_2,priority,summary_failure_accounting,0,38,/home/ak58925/agentCtx/ICLR_results/swebench/ablation/qwen35b/d05__b10k__su-full/scikit-learn__scikit-learn-10908/summarization/run_2/trajectory.json,/home/ak58925/agentCtx/archives/summary-bug-audit-20260907_185802_CDT/audit-swebench/details/07412.txt,main,/home/ak58925/agentCtx/ICLR_results/swebench/main/qwen35b/d05__b10k__su-full/scikit-learn__scikit-learn-10908/summarization/run_2/trajectory.json,swebench_summary_bug_remaining_20260908_162042_CDT
swebench,ablation,qwen35b,d05__b10k__su-full,hosted_vllm/Qwen/Qwen3.5-35B-A3B,summarization,10000,0.5,scikit-learn__scikit-learn-11310,summarization,run_1,priority,summary_failure_accounting,0,38,/home/ak58925/agentCtx/ICLR_results/swebench/ablation/qwen35b/d05__b10k__su-full/scikit-learn__scikit-learn-11310/summarization/run_1/trajectory.json,/home/ak58925/agentCtx/archives/summary-bug-audit-20260907_185802_CDT/audit-swebench/details/07414.txt,main,/home/ak58925/agentCtx/ICLR_results/swebench/main/qwen35b/d05__b10k__su-full/scikit-learn__scikit-learn-11310/summarization/run_1/trajectory.json,swebench_summary_bug_remaining_20260908_162042_CDT
swebench,ablation,qwen35b,d05__b10k__su-full,hosted_vllm/Qwen/Qwen3.5-35B-A3B,summarization,10000,0.5,scikit-learn__scikit-learn-11310,summarization,run_2,priority,summary_failure_accounting,0,16,/home/ak58925/agentCtx/ICLR_results/swebench/ablation/qwen35b/d05__b10k__su-full/scikit-learn__scikit-learn-11310/summarization/run_2/trajectory.json,/home/ak58925/agentCtx/archives/summary-bug-audit-20260907_185802_CDT/audit-swebench/details/07415.txt,main,/home/ak58925/agentCtx/ICLR_results/swebench/main/qwen35b/d05__b10k__su-full/scikit-learn__scikit-learn-11310/summarization/run_2/trajectory.json,swebench_summary_bug_remaining_20260908_162042_CDT
swebench,ablation,qwen35b,d05__b10k__su-full,hosted_vllm/Qwen/Qwen3.5-35B-A3B,summarization,10000,0.5,scikit-learn__scikit-learn-11578,summarization,run_1,probable,summary_related_response,0,0,/home/ak58925/agentCtx/ICLR_results/swebench/ablation/qwen35b/d05__b10k__su-full/scikit-learn__scikit-learn-11578/summarization/run_1/trajectory.json,/home/ak58925/agentCtx/archives/summary-bug-audit-20260907_185802_CDT/audit-swebench/details/07417.txt,main,/home/ak58925/agentCtx/ICLR_results/swebench/main/qwen35b/d05__b10k__su-full/scikit-learn__scikit-learn-11578/summarization/run_1/trajectory.json,swebench_summary_bug_remaining_20260908_162042_CDT
swebench,ablation,qwen35b,d05__b10k__su-full,hosted_vllm/Qwen/Qwen3.5-35B-A3B,summarization,10000,0.5,scikit-learn__scikit-learn-11578,summarization,run_2,priority,summary_failure_accounting,0,43,/home/ak58925/agentCtx/ICLR_results/swebench/ablation/qwen35b/d05__b10k__su-full/scikit-learn__scikit-learn-11578/summarization/run_2/trajectory.json,/home/ak58925/agentCtx/archives/summary-bug-audit-20260907_185802_CDT/audit-swebench/details/07418.txt,main,/home/ak58925/agentCtx/ICLR_results/swebench/main/qwen35b/d05__b10k__su-full/scikit-learn__scikit-learn-11578/summarization/run_2/trajectory.json,swebench_summary_bug_remaining_20260908_162042_CDT
swebench,ablation,qwen35b,d05__b10k__su-full,hosted_vllm/Qwen/Qwen3.5-35B-A3B,summarization,10000,0.5,scikit-learn__scikit-learn-13328,summarization,run_1,priority,summary_failure_accounting,0,13,/home/ak58925/agentCtx/ICLR_results/swebench/ablation/qwen35b/d05__b10k__su-full/scikit-learn__scikit-learn-13328/summarization/run_1/trajectory.json,/home/ak58925/agentCtx/archives/summary-bug-audit-20260907_185802_CDT/audit-swebench/details/07430.txt,main,/home/ak58925/agentCtx/ICLR_results/swebench/main/qwen35b/d05__b10k__su-full/scikit-learn__scikit-learn-13328/summarization/run_1/trajectory.json,swebench_summary_bug_remaining_20260908_162042_CDT
swebench,ablation,qwen35b,d05__b10k__su-full,hosted_vllm/Qwen/Qwen3.5-35B-A3B,summarization,10000,0.5,scikit-learn__scikit-learn-13328,summarization,run_2,priority,summary_failure_accounting,0,33,/home/ak58925/agentCtx/ICLR_results/swebench/ablation/qwen35b/d05__b10k__su-full/scikit-learn__scikit-learn-13328/summarization/run_2/trajectory.json,/home/ak58925/agentCtx/archives/summary-bug-audit-20260907_185802_CDT/audit-swebench/details/07431.txt,main,/home/ak58925/agentCtx/ICLR_results/swebench/main/qwen35b/d05__b10k__su-full/scikit-learn__scikit-learn-13328/summarization/run_2/trajectory.json,swebench_summary_bug_remaining_20260908_162042_CDT
swebench,ablation,qwen35b,d05__b10k__su-full,hosted_vllm/Qwen/Qwen3.5-35B-A3B,summarization,10000,0.5,scikit-learn__scikit-learn-13779,summarization,run_1,priority,summary_failure_accounting,0,25,/home/ak58925/agentCtx/ICLR_results/swebench/ablation/qwen35b/d05__b10k__su-full/scikit-learn__scikit-learn-13779/summarization/run_1/trajectory.json,/home/ak58925/agentCtx/archives/summary-bug-audit-20260907_185802_CDT/audit-swebench/details/07434.txt,main,/home/ak58925/agentCtx/ICLR_results/swebench/main/qwen35b/d05__b10k__su-full/scikit-learn__scikit-learn-13779/summarization/run_1/trajectory.json,swebench_summary_bug_remaining_20260908_162042_CDT
swebench,ablation,qwen35b,d05__b10k__su-full,hosted_vllm/Qwen/Qwen3.5-35B-A3B,summarization,10000,0.5,scikit-learn__scikit-learn-13779,summarization,run_2,priority,summary_failure_accounting,0,17,/home/ak58925/agentCtx/ICLR_results/swebench/ablation/qwen35b/d05__b10k__su-full/scikit-learn__scikit-learn-13779/summarization/run_2/trajectory.json,/home/ak58925/agentCtx/archives/summary-bug-audit-20260907_185802_CDT/audit-swebench/details/07435.txt,main,/home/ak58925/agentCtx/ICLR_results/swebench/main/qwen35b/d05__b10k__su-full/scikit-learn__scikit-learn-13779/summarization/run_2/trajectory.json,swebench_summary_bug_remaining_20260908_162042_CDT
swebench,ablation,qwen35b,d05__b10k__su-full,hosted_vllm/Qwen/Qwen3.5-35B-A3B,summarization,10000,0.5,scikit-learn__scikit-learn-25747,summarization,run_1,probable,summary_related_response,0,0,/home/ak58925/agentCtx/ICLR_results/swebench/ablation/qwen35b/d05__b10k__su-full/scikit-learn__scikit-learn-25747/summarization/run_1/trajectory.json,/home/ak58925/agentCtx/archives/summary-bug-audit-20260907_185802_CDT/audit-swebench/details/07453.txt,main,/home/ak58925/agentCtx/ICLR_results/swebench/main/qwen35b/d05__b10k__su-full/scikit-learn__scikit-learn-25747/summarization/run_1/trajectory.json,swebench_summary_bug_remaining_20260908_162042_CDT
swebench,ablation,qwen35b,d05__b10k__su-full,hosted_vllm/Qwen/Qwen3.5-35B-A3B,summarization,10000,0.5,scikit-learn__scikit-learn-25747,summarization,run_2,priority,summary_failure_accounting,0,26,/home/ak58925/agentCtx/ICLR_results/swebench/ablation/qwen35b/d05__b10k__su-full/scikit-learn__scikit-learn-25747/summarization/run_2/trajectory.json,/home/ak58925/agentCtx/archives/summary-bug-audit-20260907_185802_CDT/audit-swebench/details/07454.txt,main,/home/ak58925/agentCtx/ICLR_results/swebench/main/qwen35b/d05__b10k__su-full/scikit-learn__scikit-learn-25747/summarization/run_2/trajectory.json,swebench_summary_bug_remaining_20260908_162042_CDT
swebench,ablation,qwen35b,d05__b10k__su-full,hosted_vllm/Qwen/Qwen3.5-35B-A3B,summarization,10000,0.5,scikit-learn__scikit-learn-25747,summarization,run_3,priority,summary_failure_accounting,0,29,/home/ak58925/agentCtx/ICLR_results/swebench/ablation/qwen35b/d05__b10k__su-full/scikit-learn__scikit-learn-25747/summarization/run_3/trajectory.json,/home/ak58925/agentCtx/archives/summary-bug-audit-20260907_185802_CDT/audit-swebench/details/07455.txt,main,/home/ak58925/agentCtx/ICLR_results/swebench/main/qwen35b/d05__b10k__su-full/scikit-learn__scikit-learn-25747/summarization/run_3/trajectory.json,swebench_summary_bug_remaining_20260908_162042_CDT
swebench,ablation,qwen35b,d05__b10k__su-full,hosted_vllm/Qwen/Qwen3.5-35B-A3B,summarization,10000,0.5,sympy__sympy-11618,summarization,run_2,priority,summary_failure_accounting,0,35,/home/ak58925/agentCtx/ICLR_results/swebench/ablation/qwen35b/d05__b10k__su-full/sympy__sympy-11618/summarization/run_2/trajectory.json,/home/ak58925/agentCtx/archives/summary-bug-audit-20260907_185802_CDT/audit-swebench/details/07465.txt,main,/home/ak58925/agentCtx/ICLR_results/swebench/main/qwen35b/d05__b10k__su-full/sympy__sympy-11618/summarization/run_2/trajectory.json,swebench_summary_bug_remaining_20260908_162042_CDT
swebench,ablation,qwen35b,d05__b10k__su-full,hosted_vllm/Qwen/Qwen3.5-35B-A3B,summarization,10000,0.5,sympy__sympy-13091,summarization,run_1,priority,summary_failure_accounting,0,29,/home/ak58925/agentCtx/ICLR_results/swebench/ablation/qwen35b/d05__b10k__su-full/sympy__sympy-13091/summarization/run_1/trajectory.json,/home/ak58925/agentCtx/archives/summary-bug-audit-20260907_185802_CDT/audit-swebench/details/07470.txt,main,/home/ak58925/agentCtx/ICLR_results/swebench/main/qwen35b/d05__b10k__su-full/sympy__sympy-13091/summarization/run_1/trajectory.json,swebench_summary_bug_remaining_20260908_162042_CDT
swebench,ablation,qwen35b,d05__b10k__su-full,hosted_vllm/Qwen/Qwen3.5-35B-A3B,summarization,10000,0.5,sympy__sympy-13757,summarization,run_3,priority,summary_failure_accounting,0,33,/home/ak58925/agentCtx/ICLR_results/swebench/ablation/qwen35b/d05__b10k__su-full/sympy__sympy-13757/summarization/run_3/trajectory.json,/home/ak58925/agentCtx/archives/summary-bug-audit-20260907_185802_CDT/audit-swebench/details/07474.txt,main,/home/ak58925/agentCtx/ICLR_results/swebench/main/qwen35b/d05__b10k__su-full/sympy__sympy-13757/summarization/run_3/trajectory.json,swebench_summary_bug_remaining_20260908_162042_CDT
swebench,ablation,qwen35b,d05__b10k__su-full,hosted_vllm/Qwen/Qwen3.5-35B-A3B,summarization,10000,0.5,sympy__sympy-19637,summarization,run_3,priority,summary_failure_accounting,0,38,/home/ak58925/agentCtx/ICLR_results/swebench/ablation/qwen35b/d05__b10k__su-full/sympy__sympy-19637/summarization/run_3/trajectory.json,/home/ak58925/agentCtx/archives/summary-bug-audit-20260907_185802_CDT/audit-swebench/details/07497.txt,main,/home/ak58925/agentCtx/ICLR_results/swebench/main/qwen35b/d05__b10k__su-full/sympy__sympy-19637/summarization/run_3/trajectory.json,swebench_summary_bug_remaining_20260908_162042_CDT
swebench,ablation,qwen35b,d05__b10k__su-full,hosted_vllm/Qwen/Qwen3.5-35B-A3B,summarization,10000,0.5,django__django-11292,summarization,run_1,priority,agentlog_summary_failure,0,1,/home/ak58925/agentCtx/ICLR_results/swebench/ablation/qwen35b/d05__b10k__su-full/django__django-11292/summarization/run_1/trajectory.json,details/07344.txt,main,/home/ak58925/agentCtx/ICLR_results/swebench/main/qwen35b/d05__b10k__su-full/django__django-11292/summarization/run_1/trajectory.json,swebench_summary_bug_remaining_20260908_162042_CDT
swebench,ablation,qwen35b,d05__b10k__su-full,hosted_vllm/Qwen/Qwen3.5-35B-A3B,summarization,10000,0.5,django__django-14580,summarization,run_3,priority,agentlog_summary_failure,0,12,/home/ak58925/agentCtx/ICLR_results/swebench/ablation/qwen35b/d05__b10k__su-full/django__django-14580/summarization/run_3/trajectory.json,,main,/home/ak58925/agentCtx/ICLR_results/swebench/main/qwen35b/d05__b10k__su-full/django__django-14580/summarization/run_3/trajectory.json,swebench_summary_bug_remaining_20260908_162042_CDT
swebench,ablation,qwen35b,d05__b10k__su-full,hosted_vllm/Qwen/Qwen3.5-35B-A3B,summarization,10000,0.5,django__django-14915,summarization,run_3,priority,agentlog_summary_failure,0,4,/home/ak58925/agentCtx/ICLR_results/swebench/ablation/qwen35b/d05__b10k__su-full/django__django-14915/summarization/run_3/trajectory.json,,main,/home/ak58925/agentCtx/ICLR_results/swebench/main/qwen35b/d05__b10k__su-full/django__django-14915/summarization/run_3/trajectory.json,swebench_summary_bug_remaining_20260908_162042_CDT
swebench,ablation,qwen35b,d05__b10k__su-full,hosted_vllm/Qwen/Qwen3.5-35B-A3B,summarization,10000,0.5,django__django-14999,summarization,run_2,priority,agentlog_summary_failure,0,8,/home/ak58925/agentCtx/ICLR_results/swebench/ablation/qwen35b/d05__b10k__su-full/django__django-14999/summarization/run_2/trajectory.json,,main,/home/ak58925/agentCtx/ICLR_results/swebench/main/qwen35b/d05__b10k__su-full/django__django-14999/summarization/run_2/trajectory.json,swebench_summary_bug_remaining_20260908_162042_CDT
swebench,ablation,qwen35b,d05__b10k__su-full,hosted_vllm/Qwen/Qwen3.5-35B-A3B,summarization,10000,0.5,django__django-14999,summarization,run_3,priority,agentlog_summary_failure,0,13,/home/ak58925/agentCtx/ICLR_results/swebench/ablation/qwen35b/d05__b10k__su-full/django__django-14999/summarization/run_3/trajectory.json,,main,/home/ak58925/agentCtx/ICLR_results/swebench/main/qwen35b/d05__b10k__su-full/django__django-14999/summarization/run_3/trajectory.json,swebench_summary_bug_remaining_20260908_162042_CDT
swebench,ablation,qwen35b,d05__b10k__su-full,hosted_vllm/Qwen/Qwen3.5-35B-A3B,summarization,10000,0.5,django__django-17087,summarization,run_2,priority,agentlog_summary_failure,0,17,/home/ak58925/agentCtx/ICLR_results/swebench/ablation/qwen35b/d05__b10k__su-full/django__django-17087/summarization/run_2/trajectory.json,,main,/home/ak58925/agentCtx/ICLR_results/swebench/main/qwen35b/d05__b10k__su-full/django__django-17087/summarization/run_2/trajectory.json,swebench_summary_bug_remaining_20260908_162042_CDT
swebench,ablation,qwen35b,d05__b10k__su-full,hosted_vllm/Qwen/Qwen3.5-35B-A3B,summarization,10000,0.5,scikit-learn__scikit-learn-10297,summarization,run_1,priority,agentlog_summary_failure,0,2,/home/ak58925/agentCtx/ICLR_results/swebench/ablation/qwen35b/d05__b10k__su-full/scikit-learn__scikit-learn-10297/summarization/run_1/trajectory.json,,main,/home/ak58925/agentCtx/ICLR_results/swebench/main/qwen35b/d05__b10k__su-full/scikit-learn__scikit-learn-10297/summarization/run_1/trajectory.json,swebench_summary_bug_remaining_20260908_162042_CDT
swebench,ablation,qwen35b,d05__b10k__su-full,hosted_vllm/Qwen/Qwen3.5-35B-A3B,summarization,10000,0.5,scikit-learn__scikit-learn-10297,summarization,run_2,priority,agentlog_summary_failure,0,14,/home/ak58925/agentCtx/ICLR_results/swebench/ablation/qwen35b/d05__b10k__su-full/scikit-learn__scikit-learn-10297/summarization/run_2/trajectory.json,,main,/home/ak58925/agentCtx/ICLR_results/swebench/main/qwen35b/d05__b10k__su-full/scikit-learn__scikit-learn-10297/summarization/run_2/trajectory.json,swebench_summary_bug_remaining_20260908_162042_CDT
swebench,ablation,qwen35b,d05__b10k__su-full,hosted_vllm/Qwen/Qwen3.5-35B-A3B,summarization,10000,0.5,scikit-learn__scikit-learn-10297,summarization,run_3,priority,agentlog_summary_failure,0,5,/home/ak58925/agentCtx/ICLR_results/swebench/ablation/qwen35b/d05__b10k__su-full/scikit-learn__scikit-learn-10297/summarization/run_3/trajectory.json,details/07409.txt,main,/home/ak58925/agentCtx/ICLR_results/swebench/main/qwen35b/d05__b10k__su-full/scikit-learn__scikit-learn-10297/summarization/run_3/trajectory.json,swebench_summary_bug_remaining_20260908_162042_CDT
swebench,ablation,qwen35b,d05__b10k__su-full,hosted_vllm/Qwen/Qwen3.5-35B-A3B,summarization,10000,0.5,scikit-learn__scikit-learn-10908,summarization,run_1,priority,agentlog_summary_failure,0,1,/home/ak58925/agentCtx/ICLR_results/swebench/ablation/qwen35b/d05__b10k__su-full/scikit-learn__scikit-learn-10908/summarization/run_1/trajectory.json,details/07411.txt,main,/home/ak58925/agentCtx/ICLR_results/swebench/main/qwen35b/d05__b10k__su-full/scikit-learn__scikit-learn-10908/summarization/run_1/trajectory.json,swebench_summary_bug_remaining_20260908_162042_CDT
swebench,ablation,qwen35b,d05__b10k__su-full,hosted_vllm/Qwen/Qwen3.5-35B-A3B,summarization,10000,0.5,scikit-learn__scikit-learn-10908,summarization,run_3,priority,agentlog_summary_failure,0,11,/home/ak58925/agentCtx/ICLR_results/swebench/ablation/qwen35b/d05__b10k__su-full/scikit-learn__scikit-learn-10908/summarization/run_3/trajectory.json,details/07413.txt,main,/home/ak58925/agentCtx/ICLR_results/swebench/main/qwen35b/d05__b10k__su-full/scikit-learn__scikit-learn-10908/summarization/run_3/trajectory.json,swebench_summary_bug_remaining_20260908_162042_CDT
swebench,ablation,qwen35b,d05__b10k__su-full,hosted_vllm/Qwen/Qwen3.5-35B-A3B,summarization,10000,0.5,scikit-learn__scikit-learn-11310,summarization,run_3,priority,agentlog_summary_failure,0,17,/home/ak58925/agentCtx/ICLR_results/swebench/ablation/qwen35b/d05__b10k__su-full/scikit-learn__scikit-learn-11310/summarization/run_3/trajectory.json,details/07416.txt,main,/home/ak58925/agentCtx/ICLR_results/swebench/main/qwen35b/d05__b10k__su-full/scikit-learn__scikit-learn-11310/summarization/run_3/trajectory.json,swebench_summary_bug_remaining_20260908_162042_CDT
swebench,ablation,qwen35b,d05__b10k__su-full,hosted_vllm/Qwen/Qwen3.5-35B-A3B,summarization,10000,0.5,scikit-learn__scikit-learn-13328,summarization,run_3,priority,agentlog_summary_failure,0,16,/home/ak58925/agentCtx/ICLR_results/swebench/ablation/qwen35b/d05__b10k__su-full/scikit-learn__scikit-learn-13328/summarization/run_3/trajectory.json,details/07432.txt,main,/home/ak58925/agentCtx/ICLR_results/swebench/main/qwen35b/d05__b10k__su-full/scikit-learn__scikit-learn-13328/summarization/run_3/trajectory.json,swebench_summary_bug_remaining_20260908_162042_CDT
swebench,ablation,qwen35b,d05__b10k__su-full,hosted_vllm/Qwen/Qwen3.5-35B-A3B,summarization,10000,0.5,scikit-learn__scikit-learn-13779,summarization,run_3,priority,agentlog_summary_failure,0,3,/home/ak58925/agentCtx/ICLR_results/swebench/ablation/qwen35b/d05__b10k__su-full/scikit-learn__scikit-learn-13779/summarization/run_3/trajectory.json,,main,/home/ak58925/agentCtx/ICLR_results/swebench/main/qwen35b/d05__b10k__su-full/scikit-learn__scikit-learn-13779/summarization/run_3/trajectory.json,swebench_summary_bug_remaining_20260908_162042_CDT
swebench,ablation,qwen35b,d05__b10k__su-full,hosted_vllm/Qwen/Qwen3.5-35B-A3B,summarization,10000,0.5,scikit-learn__scikit-learn-14496,summarization,run_3,priority,agentlog_summary_failure,0,1,/home/ak58925/agentCtx/ICLR_results/swebench/ablation/qwen35b/d05__b10k__su-full/scikit-learn__scikit-learn-14496/summarization/run_3/trajectory.json,details/07443.txt,main,/home/ak58925/agentCtx/ICLR_results/swebench/main/qwen35b/d05__b10k__su-full/scikit-learn__scikit-learn-14496/summarization/run_3/trajectory.json,swebench_summary_bug_remaining_20260908_162042_CDT
swebench,ablation,qwen35b,d05__b10k__su-full,hosted_vllm/Qwen/Qwen3.5-35B-A3B,summarization,10000,0.5,scikit-learn__scikit-learn-15100,summarization,run_2,priority,agentlog_summary_failure,0,1,/home/ak58925/agentCtx/ICLR_results/swebench/ablation/qwen35b/d05__b10k__su-full/scikit-learn__scikit-learn-15100/summarization/run_2/trajectory.json,,main,/home/ak58925/agentCtx/ICLR_results/swebench/main/qwen35b/d05__b10k__su-full/scikit-learn__scikit-learn-15100/summarization/run_2/trajectory.json,swebench_summary_bug_remaining_20260908_162042_CDT
swebench,ablation,qwen35b,d05__b10k__su-full,hosted_vllm/Qwen/Qwen3.5-35B-A3B,summarization,10000,0.5,scikit-learn__scikit-learn-15100,summarization,run_3,priority,agentlog_summary_failure,0,2,/home/ak58925/agentCtx/ICLR_results/swebench/ablation/qwen35b/d05__b10k__su-full/scikit-learn__scikit-learn-15100/summarization/run_3/trajectory.json,,main,/home/ak58925/agentCtx/ICLR_results/swebench/main/qwen35b/d05__b10k__su-full/scikit-learn__scikit-learn-15100/summarization/run_3/trajectory.json,swebench_summary_bug_remaining_20260908_162042_CDT
swebench,ablation,qwen35b,d05__b10k__su-full,hosted_vllm/Qwen/Qwen3.5-35B-A3B,summarization,10000,0.5,scikit-learn__scikit-learn-26323,summarization,run_1,priority,agentlog_summary_failure,0,3,/home/ak58925/agentCtx/ICLR_results/swebench/ablation/qwen35b/d05__b10k__su-full/scikit-learn__scikit-learn-26323/summarization/run_1/trajectory.json,,main,/home/ak58925/agentCtx/ICLR_results/swebench/main/qwen35b/d05__b10k__su-full/scikit-learn__scikit-learn-26323/summarization/run_1/trajectory.json,swebench_summary_bug_remaining_20260908_162042_CDT
swebench,ablation,qwen35b,d05__b10k__su-full,hosted_vllm/Qwen/Qwen3.5-35B-A3B,summarization,10000,0.5,scikit-learn__scikit-learn-26323,summarization,run_2,priority,agentlog_summary_failure,0,5,/home/ak58925/agentCtx/ICLR_results/swebench/ablation/qwen35b/d05__b10k__su-full/scikit-learn__scikit-learn-26323/summarization/run_2/trajectory.json,details/07461.txt,main,/home/ak58925/agentCtx/ICLR_results/swebench/main/qwen35b/d05__b10k__su-full/scikit-learn__scikit-learn-26323/summarization/run_2/trajectory.json,swebench_summary_bug_remaining_20260908_162042_CDT
swebench,ablation,qwen35b,d05__b10k__su-full,hosted_vllm/Qwen/Qwen3.5-35B-A3B,summarization,10000,0.5,sympy__sympy-13031,summarization,run_1,priority,agentlog_summary_failure,0,10,/home/ak58925/agentCtx/ICLR_results/swebench/ablation/qwen35b/d05__b10k__su-full/sympy__sympy-13031/summarization/run_1/trajectory.json,,main,/home/ak58925/agentCtx/ICLR_results/swebench/main/qwen35b/d05__b10k__su-full/sympy__sympy-13031/summarization/run_1/trajectory.json,swebench_summary_bug_remaining_20260908_162042_CDT
swebench,ablation,qwen35b,d05__b10k__su-full,hosted_vllm/Qwen/Qwen3.5-35B-A3B,summarization,10000,0.5,sympy__sympy-13031,summarization,run_2,priority,agentlog_summary_failure,0,6,/home/ak58925/agentCtx/ICLR_results/swebench/ablation/qwen35b/d05__b10k__su-full/sympy__sympy-13031/summarization/run_2/trajectory.json,,main,/home/ak58925/agentCtx/ICLR_results/swebench/main/qwen35b/d05__b10k__su-full/sympy__sympy-13031/summarization/run_2/trajectory.json,swebench_summary_bug_remaining_20260908_162042_CDT
swebench,ablation,qwen35b,d05__b10k__su-full,hosted_vllm/Qwen/Qwen3.5-35B-A3B,summarization,10000,0.5,sympy__sympy-13031,summarization,run_3,priority,agentlog_summary_failure,0,1,/home/ak58925/agentCtx/ICLR_results/swebench/ablation/qwen35b/d05__b10k__su-full/sympy__sympy-13031/summarization/run_3/trajectory.json,details/07469.txt,main,/home/ak58925/agentCtx/ICLR_results/swebench/main/qwen35b/d05__b10k__su-full/sympy__sympy-13031/summarization/run_3/trajectory.json,swebench_summary_bug_remaining_20260908_162042_CDT
swebench,ablation,qwen35b,d05__b10k__su-full,hosted_vllm/Qwen/Qwen3.5-35B-A3B,summarization,10000,0.5,sympy__sympy-13091,summarization,run_2,priority,agentlog_summary_failure,0,5,/home/ak58925/agentCtx/ICLR_results/swebench/ablation/qwen35b/d05__b10k__su-full/sympy__sympy-13091/summarization/run_2/trajectory.json,,main,/home/ak58925/agentCtx/ICLR_results/swebench/main/qwen35b/d05__b10k__su-full/sympy__sympy-13091/summarization/run_2/trajectory.json,swebench_summary_bug_remaining_20260908_162042_CDT
swebench,ablation,qwen35b,d05__b10k__su-full,hosted_vllm/Qwen/Qwen3.5-35B-A3B,summarization,10000,0.5,sympy__sympy-13091,summarization,run_3,priority,agentlog_summary_failure,0,1,/home/ak58925/agentCtx/ICLR_results/swebench/ablation/qwen35b/d05__b10k__su-full/sympy__sympy-13091/summarization/run_3/trajectory.json,details/07471.txt,main,/home/ak58925/agentCtx/ICLR_results/swebench/main/qwen35b/d05__b10k__su-full/sympy__sympy-13091/summarization/run_3/trajectory.json,swebench_summary_bug_remaining_20260908_162042_CDT
swebench,ablation,qwen35b,d05__b10k__su-full,hosted_vllm/Qwen/Qwen3.5-35B-A3B,summarization,10000,0.5,sympy__sympy-13757,summarization,run_1,priority,agentlog_summary_failure,0,11,/home/ak58925/agentCtx/ICLR_results/swebench/ablation/qwen35b/d05__b10k__su-full/sympy__sympy-13757/summarization/run_1/trajectory.json,,main,/home/ak58925/agentCtx/ICLR_results/swebench/main/qwen35b/d05__b10k__su-full/sympy__sympy-13757/summarization/run_1/trajectory.json,swebench_summary_bug_remaining_20260908_162042_CDT
swebench,ablation,qwen35b,d05__b10k__su-full,hosted_vllm/Qwen/Qwen3.5-35B-A3B,summarization,10000,0.5,sympy__sympy-13757,summarization,run_2,priority,agentlog_summary_failure,0,2,/home/ak58925/agentCtx/ICLR_results/swebench/ablation/qwen35b/d05__b10k__su-full/sympy__sympy-13757/summarization/run_2/trajectory.json,,main,/home/ak58925/agentCtx/ICLR_results/swebench/main/qwen35b/d05__b10k__su-full/sympy__sympy-13757/summarization/run_2/trajectory.json,swebench_summary_bug_remaining_20260908_162042_CDT
swebench,ablation,qwen35b,d05__b10k__su-full,hosted_vllm/Qwen/Qwen3.5-35B-A3B,summarization,10000,0.5,sympy__sympy-15017,summarization,run_2,priority,agentlog_summary_failure,0,18,/home/ak58925/agentCtx/ICLR_results/swebench/ablation/qwen35b/d05__b10k__su-full/sympy__sympy-15017/summarization/run_2/trajectory.json,details/07483.txt,main,/home/ak58925/agentCtx/ICLR_results/swebench/main/qwen35b/d05__b10k__su-full/sympy__sympy-15017/summarization/run_2/trajectory.json,swebench_summary_bug_remaining_20260908_162042_CDT
swebench,ablation,qwen35b,d05__b10k__su-full,hosted_vllm/Qwen/Qwen3.5-35B-A3B,summarization,10000,0.5,sympy__sympy-15017,summarization,run_3,priority,agentlog_summary_failure,0,2,/home/ak58925/agentCtx/ICLR_results/swebench/ablation/qwen35b/d05__b10k__su-full/sympy__sympy-15017/summarization/run_3/trajectory.json,,main,/home/ak58925/agentCtx/ICLR_results/swebench/main/qwen35b/d05__b10k__su-full/sympy__sympy-15017/summarization/run_3/trajectory.json,swebench_summary_bug_remaining_20260908_162042_CDT
swebench,ablation,qwen35b,d05__b10k__su-full,hosted_vllm/Qwen/Qwen3.5-35B-A3B,summarization,10000,0.5,sympy__sympy-15345,summarization,run_1,priority,agentlog_summary_failure,0,15,/home/ak58925/agentCtx/ICLR_results/swebench/ablation/qwen35b/d05__b10k__su-full/sympy__sympy-15345/summarization/run_1/trajectory.json,,main,/home/ak58925/agentCtx/ICLR_results/swebench/main/qwen35b/d05__b10k__su-full/sympy__sympy-15345/summarization/run_1/trajectory.json,swebench_summary_bug_remaining_20260908_162042_CDT
swebench,ablation,qwen35b,d05__b10k__su-full,hosted_vllm/Qwen/Qwen3.5-35B-A3B,summarization,10000,0.5,sympy__sympy-15345,summarization,run_2,priority,agentlog_summary_failure,0,10,/home/ak58925/agentCtx/ICLR_results/swebench/ablation/qwen35b/d05__b10k__su-full/sympy__sympy-15345/summarization/run_2/trajectory.json,details/07484.txt,main,/home/ak58925/agentCtx/ICLR_results/swebench/main/qwen35b/d05__b10k__su-full/sympy__sympy-15345/summarization/run_2/trajectory.json,swebench_summary_bug_remaining_20260908_162042_CDT
swebench,ablation,qwen35b,d05__b10k__su-full,hosted_vllm/Qwen/Qwen3.5-35B-A3B,summarization,10000,0.5,sympy__sympy-15345,summarization,run_3,priority,agentlog_summary_failure,0,2,/home/ak58925/agentCtx/ICLR_results/swebench/ablation/qwen35b/d05__b10k__su-full/sympy__sympy-15345/summarization/run_3/trajectory.json,,main,/home/ak58925/agentCtx/ICLR_results/swebench/main/qwen35b/d05__b10k__su-full/sympy__sympy-15345/summarization/run_3/trajectory.json,swebench_summary_bug_remaining_20260908_162042_CDT
swebench,ablation,qwen35b,d05__b10k__su-full,hosted_vllm/Qwen/Qwen3.5-35B-A3B,summarization,10000,0.5,sympy__sympy-17630,summarization,run_1,priority,agentlog_summary_failure,0,7,/home/ak58925/agentCtx/ICLR_results/swebench/ablation/qwen35b/d05__b10k__su-full/sympy__sympy-17630/summarization/run_1/trajectory.json,,main,/home/ak58925/agentCtx/ICLR_results/swebench/main/qwen35b/d05__b10k__su-full/sympy__sympy-17630/summarization/run_1/trajectory.json,swebench_summary_bug_remaining_20260908_162042_CDT
swebench,ablation,qwen35b,d05__b10k__su-full,hosted_vllm/Qwen/Qwen3.5-35B-A3B,summarization,10000,0.5,sympy__sympy-17630,summarization,run_2,priority,agentlog_summary_failure,0,15,/home/ak58925/agentCtx/ICLR_results/swebench/ablation/qwen35b/d05__b10k__su-full/sympy__sympy-17630/summarization/run_2/trajectory.json,details/07491.txt,main,/home/ak58925/agentCtx/ICLR_results/swebench/main/qwen35b/d05__b10k__su-full/sympy__sympy-17630/summarization/run_2/trajectory.json,swebench_summary_bug_remaining_20260908_162042_CDT
swebench,ablation,qwen35b,d05__b10k__su-full,hosted_vllm/Qwen/Qwen3.5-35B-A3B,summarization,10000,0.5,sympy__sympy-17630,summarization,run_3,priority,agentlog_summary_failure,0,6,/home/ak58925/agentCtx/ICLR_results/swebench/ablation/qwen35b/d05__b10k__su-full/sympy__sympy-17630/summarization/run_3/trajectory.json,details/07492.txt,main,/home/ak58925/agentCtx/ICLR_results/swebench/main/qwen35b/d05__b10k__su-full/sympy__sympy-17630/summarization/run_3/trajectory.json,swebench_summary_bug_remaining_20260908_162042_CDT
swebench,ablation,qwen35b,d05__b10k__su-full,hosted_vllm/Qwen/Qwen3.5-35B-A3B,summarization,10000,0.5,sympy__sympy-19637,summarization,run_1,priority,agentlog_summary_failure,0,2,/home/ak58925/agentCtx/ICLR_results/swebench/ablation/qwen35b/d05__b10k__su-full/sympy__sympy-19637/summarization/run_1/trajectory.json,,main,/home/ak58925/agentCtx/ICLR_results/swebench/main/qwen35b/d05__b10k__su-full/sympy__sympy-19637/summarization/run_1/trajectory.json,swebench_summary_bug_remaining_20260908_162042_CDT
swebench,ablation,qwen35b,d05__b10k__su-full,hosted_vllm/Qwen/Qwen3.5-35B-A3B,summarization,10000,0.5,sympy__sympy-24066,summarization,run_1,priority,agentlog_summary_failure,0,11,/home/ak58925/agentCtx/ICLR_results/swebench/ablation/qwen35b/d05__b10k__su-full/sympy__sympy-24066/summarization/run_1/trajectory.json,details/07506.txt,main,/home/ak58925/agentCtx/ICLR_results/swebench/main/qwen35b/d05__b10k__su-full/sympy__sympy-24066/summarization/run_1/trajectory.json,swebench_summary_bug_remaining_20260908_162042_CDT
swebench,ablation,qwen35b,d05__b10k__su-full,hosted_vllm/Qwen/Qwen3.5-35B-A3B,summarization,10000,0.5,sympy__sympy-24066,summarization,run_2,priority,agentlog_summary_failure,0,3,/home/ak58925/agentCtx/ICLR_results/swebench/ablation/qwen35b/d05__b10k__su-full/sympy__sympy-24066/summarization/run_2/trajectory.json,details/07507.txt,main,/home/ak58925/agentCtx/ICLR_results/swebench/main/qwen35b/d05__b10k__su-full/sympy__sympy-24066/summarization/run_2/trajectory.json,swebench_summary_bug_remaining_20260908_162042_CDT
swebench,ablation,qwen35b,d05__b10k__su-partial,hosted_vllm/Qwen/Qwen3.5-35B-A3B,summarization_partial,10000,0.5,django__django-11066,summarization-partial,run_2,priority,summary_failure_accounting,0,3,/home/ak58925/agentCtx/ICLR_results/swebench/ablation/qwen35b/d05__b10k__su-partial/django__django-11066/summarization-partial/run_2/trajectory.json,/home/ak58925/agentCtx/archives/summary-bug-audit-20260907_185802_CDT/audit-swebench/details/07512.txt,main,/home/ak58925/agentCtx/ICLR_results/swebench/main/qwen35b/d05__b10k__su-partial/django__django-11066/summarization-partial/run_2/trajectory.json,swebench_summary_bug_remaining_20260908_162042_CDT
swebench,ablation,qwen35b,d05__b10k__su-partial,hosted_vllm/Qwen/Qwen3.5-35B-A3B,summarization_partial,10000,0.5,django__django-11292,summarization-partial,run_1,priority,summary_failure_accounting,0,1,/home/ak58925/agentCtx/ICLR_results/swebench/ablation/qwen35b/d05__b10k__su-partial/django__django-11292/summarization-partial/run_1/trajectory.json,/home/ak58925/agentCtx/archives/summary-bug-audit-20260907_185802_CDT/audit-swebench/details/07518.txt,main,/home/ak58925/agentCtx/ICLR_results/swebench/main/qwen35b/d05__b10k__su-partial/django__django-11292/summarization-partial/run_1/trajectory.json,swebench_summary_bug_remaining_20260908_162042_CDT
swebench,ablation,qwen35b,d05__b10k__su-partial,hosted_vllm/Qwen/Qwen3.5-35B-A3B,summarization_partial,10000,0.5,django__django-11292,summarization-partial,run_2,probable,summary_related_response,0,0,/home/ak58925/agentCtx/ICLR_results/swebench/ablation/qwen35b/d05__b10k__su-partial/django__django-11292/summarization-partial/run_2/trajectory.json,/home/ak58925/agentCtx/archives/summary-bug-audit-20260907_185802_CDT/audit-swebench/details/07519.txt,main,/home/ak58925/agentCtx/ICLR_results/swebench/main/qwen35b/d05__b10k__su-partial/django__django-11292/summarization-partial/run_2/trajectory.json,swebench_summary_bug_remaining_20260908_162042_CDT
swebench,ablation,qwen35b,d05__b10k__su-partial,hosted_vllm/Qwen/Qwen3.5-35B-A3B,summarization_partial,10000,0.5,django__django-11292,summarization-partial,run_3,priority,summary_failure_accounting,0,7,/home/ak58925/agentCtx/ICLR_results/swebench/ablation/qwen35b/d05__b10k__su-partial/django__django-11292/summarization-partial/run_3/trajectory.json,/home/ak58925/agentCtx/archives/summary-bug-audit-20260907_185802_CDT/audit-swebench/details/07520.txt,main,/home/ak58925/agentCtx/ICLR_results/swebench/main/qwen35b/d05__b10k__su-partial/django__django-11292/summarization-partial/run_3/trajectory.json,swebench_summary_bug_remaining_20260908_162042_CDT
swebench,ablation,qwen35b,d05__b10k__su-partial,hosted_vllm/Qwen/Qwen3.5-35B-A3B,summarization_partial,10000,0.5,django__django-11299,summarization-partial,run_1,priority,summary_failure_accounting,0,6,/home/ak58925/agentCtx/ICLR_results/swebench/ablation/qwen35b/d05__b10k__su-partial/django__django-11299/summarization-partial/run_1/trajectory.json,/home/ak58925/agentCtx/archives/summary-bug-audit-20260907_185802_CDT/audit-swebench/details/07521.txt,main,/home/ak58925/agentCtx/ICLR_results/swebench/main/qwen35b/d05__b10k__su-partial/django__django-11299/summarization-partial/run_1/trajectory.json,swebench_summary_bug_remaining_20260908_162042_CDT
swebench,ablation,qwen35b,d05__b10k__su-partial,hosted_vllm/Qwen/Qwen3.5-35B-A3B,summarization_partial,10000,0.5,django__django-11299,summarization-partial,run_2,priority,summary_failure_accounting,0,34,/home/ak58925/agentCtx/ICLR_results/swebench/ablation/qwen35b/d05__b10k__su-partial/django__django-11299/summarization-partial/run_2/trajectory.json,/home/ak58925/agentCtx/archives/summary-bug-audit-20260907_185802_CDT/audit-swebench/details/07522.txt,main,/home/ak58925/agentCtx/ICLR_results/swebench/main/qwen35b/d05__b10k__su-partial/django__django-11299/summarization-partial/run_2/trajectory.json,swebench_summary_bug_remaining_20260908_162042_CDT
swebench,ablation,qwen35b,d05__b10k__su-partial,hosted_vllm/Qwen/Qwen3.5-35B-A3B,summarization_partial,10000,0.5,django__django-11299,summarization-partial,run_3,priority,summary_failure_accounting,0,13,/home/ak58925/agentCtx/ICLR_results/swebench/ablation/qwen35b/d05__b10k__su-partial/django__django-11299/summarization-partial/run_3/trajectory.json,/home/ak58925/agentCtx/archives/summary-bug-audit-20260907_185802_CDT/audit-swebench/details/07523.txt,main,/home/ak58925/agentCtx/ICLR_results/swebench/main/qwen35b/d05__b10k__su-partial/django__django-11299/summarization-partial/run_3/trajectory.json,swebench_summary_bug_remaining_20260908_162042_CDT
swebench,ablation,qwen35b,d05__b10k__su-partial,hosted_vllm/Qwen/Qwen3.5-35B-A3B,summarization_partial,10000,0.5,django__django-13012,summarization-partial,run_2,priority,summary_failure_accounting,0,18,/home/ak58925/agentCtx/ICLR_results/swebench/ablation/qwen35b/d05__b10k__su-partial/django__django-13012/summarization-partial/run_2/trajectory.json,/home/ak58925/agentCtx/archives/summary-bug-audit-20260907_185802_CDT/audit-swebench/details/07549.txt,main,/home/ak58925/agentCtx/ICLR_results/swebench/main/qwen35b/d05__b10k__su-partial/django__django-13012/summarization-partial/run_2/trajectory.json,swebench_summary_bug_remaining_20260908_162042_CDT
swebench,ablation,qwen35b,d05__b10k__su-partial,hosted_vllm/Qwen/Qwen3.5-35B-A3B,summarization_partial,10000,0.5,django__django-13964,summarization-partial,run_1,priority,summary_failure_accounting,0,16,/home/ak58925/agentCtx/ICLR_results/swebench/ablation/qwen35b/d05__b10k__su-partial/django__django-13964/summarization-partial/run_1/trajectory.json,/home/ak58925/agentCtx/archives/summary-bug-audit-20260907_185802_CDT/audit-swebench/details/07557.txt,main,/home/ak58925/agentCtx/ICLR_results/swebench/main/qwen35b/d05__b10k__su-partial/django__django-13964/summarization-partial/run_1/trajectory.json,swebench_summary_bug_remaining_20260908_162042_CDT
swebench,ablation,qwen35b,d05__b10k__su-partial,hosted_vllm/Qwen/Qwen3.5-35B-A3B,summarization_partial,10000,0.5,django__django-14580,summarization-partial,run_1,priority,summary_failure_accounting,0,14,/home/ak58925/agentCtx/ICLR_results/swebench/ablation/qwen35b/d05__b10k__su-partial/django__django-14580/summarization-partial/run_1/trajectory.json,/home/ak58925/agentCtx/archives/summary-bug-audit-20260907_185802_CDT/audit-swebench/details/07562.txt,main,/home/ak58925/agentCtx/ICLR_results/swebench/main/qwen35b/d05__b10k__su-partial/django__django-14580/summarization-partial/run_1/trajectory.json,swebench_summary_bug_remaining_20260908_162042_CDT
swebench,ablation,qwen35b,d05__b10k__su-partial,hosted_vllm/Qwen/Qwen3.5-35B-A3B,summarization_partial,10000,0.5,django__django-14580,summarization-partial,run_2,priority,summary_failure_accounting,0,4,/home/ak58925/agentCtx/ICLR_results/swebench/ablation/qwen35b/d05__b10k__su-partial/django__django-14580/summarization-partial/run_2/trajectory.json,/home/ak58925/agentCtx/archives/summary-bug-audit-20260907_185802_CDT/audit-swebench/details/07563.txt,main,/home/ak58925/agentCtx/ICLR_results/swebench/main/qwen35b/d05__b10k__su-partial/django__django-14580/summarization-partial/run_2/trajectory.json,swebench_summary_bug_remaining_20260908_162042_CDT
swebench,ablation,qwen35b,d05__b10k__su-partial,hosted_vllm/Qwen/Qwen3.5-35B-A3B,summarization_partial,10000,0.5,django__django-14915,summarization-partial,run_3,priority,summary_failure_accounting,0,1,/home/ak58925/agentCtx/ICLR_results/swebench/ablation/qwen35b/d05__b10k__su-partial/django__django-14915/summarization-partial/run_3/trajectory.json,/home/ak58925/agentCtx/archives/summary-bug-audit-20260907_185802_CDT/audit-swebench/details/07569.txt,main,/home/ak58925/agentCtx/ICLR_results/swebench/main/qwen35b/d05__b10k__su-partial/django__django-14915/summarization-partial/run_3/trajectory.json,swebench_summary_bug_remaining_20260908_162042_CDT
swebench,ablation,qwen35b,d05__b10k__su-partial,hosted_vllm/Qwen/Qwen3.5-35B-A3B,summarization_partial,10000,0.5,django__django-14999,summarization-partial,run_1,priority,summary_failure_accounting,0,20,/home/ak58925/agentCtx/ICLR_results/swebench/ablation/qwen35b/d05__b10k__su-partial/django__django-14999/summarization-partial/run_1/trajectory.json,/home/ak58925/agentCtx/archives/summary-bug-audit-20260907_185802_CDT/audit-swebench/details/07570.txt,main,/home/ak58925/agentCtx/ICLR_results/swebench/main/qwen35b/d05__b10k__su-partial/django__django-14999/summarization-partial/run_1/trajectory.json,swebench_summary_bug_remaining_20260908_162042_CDT
swebench,ablation,qwen35b,d05__b10k__su-partial,hosted_vllm/Qwen/Qwen3.5-35B-A3B,summarization_partial,10000,0.5,django__django-14999,summarization-partial,run_2,priority,summary_failure_accounting,0,1,/home/ak58925/agentCtx/ICLR_results/swebench/ablation/qwen35b/d05__b10k__su-partial/django__django-14999/summarization-partial/run_2/trajectory.json,/home/ak58925/agentCtx/archives/summary-bug-audit-20260907_185802_CDT/audit-swebench/details/07571.txt,main,/home/ak58925/agentCtx/ICLR_results/swebench/main/qwen35b/d05__b10k__su-partial/django__django-14999/summarization-partial/run_2/trajectory.json,swebench_summary_bug_remaining_20260908_162042_CDT
swebench,ablation,qwen35b,d05__b10k__su-partial,hosted_vllm/Qwen/Qwen3.5-35B-A3B,summarization_partial,10000,0.5,django__django-14999,summarization-partial,run_3,priority,summary_failure_accounting,0,8,/home/ak58925/agentCtx/ICLR_results/swebench/ablation/qwen35b/d05__b10k__su-partial/django__django-14999/summarization-partial/run_3/trajectory.json,/home/ak58925/agentCtx/archives/summary-bug-audit-20260907_185802_CDT/audit-swebench/details/07572.txt,main,/home/ak58925/agentCtx/ICLR_results/swebench/main/qwen35b/d05__b10k__su-partial/django__django-14999/summarization-partial/run_3/trajectory.json,swebench_summary_bug_remaining_20260908_162042_CDT
swebench,ablation,qwen35b,d05__b10k__su-partial,hosted_vllm/Qwen/Qwen3.5-35B-A3B,summarization_partial,10000,0.5,django__django-17087,summarization-partial,run_1,priority,summary_failure_accounting,0,1,/home/ak58925/agentCtx/ICLR_results/swebench/ablation/qwen35b/d05__b10k__su-partial/django__django-17087/summarization-partial/run_1/trajectory.json,/home/ak58925/agentCtx/archives/summary-bug-audit-20260907_185802_CDT/audit-swebench/details/07600.txt,main,/home/ak58925/agentCtx/ICLR_results/swebench/main/qwen35b/d05__b10k__su-partial/django__django-17087/summarization-partial/run_1/trajectory.json,swebench_summary_bug_remaining_20260908_162042_CDT
swebench,ablation,qwen35b,d05__b10k__su-partial,hosted_vllm/Qwen/Qwen3.5-35B-A3B,summarization_partial,10000,0.5,django__django-17087,summarization-partial,run_3,priority,summary_failure_accounting,0,1,/home/ak58925/agentCtx/ICLR_results/swebench/ablation/qwen35b/d05__b10k__su-partial/django__django-17087/summarization-partial/run_3/trajectory.json,/home/ak58925/agentCtx/archives/summary-bug-audit-20260907_185802_CDT/audit-swebench/details/07602.txt,main,/home/ak58925/agentCtx/ICLR_results/swebench/main/qwen35b/d05__b10k__su-partial/django__django-17087/summarization-partial/run_3/trajectory.json,swebench_summary_bug_remaining_20260908_162042_CDT
swebench,ablation,qwen35b,d05__b10k__su-partial,hosted_vllm/Qwen/Qwen3.5-35B-A3B,summarization_partial,10000,0.5,scikit-learn__scikit-learn-10297,summarization-partial,run_1,priority,summary_failure_accounting,0,3,/home/ak58925/agentCtx/ICLR_results/swebench/ablation/qwen35b/d05__b10k__su-partial/scikit-learn__scikit-learn-10297/summarization-partial/run_1/trajectory.json,/home/ak58925/agentCtx/archives/summary-bug-audit-20260907_185802_CDT/audit-swebench/details/07603.txt,main,/home/ak58925/agentCtx/ICLR_results/swebench/main/qwen35b/d05__b10k__su-partial/scikit-learn__scikit-learn-10297/summarization-partial/run_1/trajectory.json,swebench_summary_bug_remaining_20260908_162042_CDT
swebench,ablation,qwen35b,d05__b10k__su-partial,hosted_vllm/Qwen/Qwen3.5-35B-A3B,summarization_partial,10000,0.5,scikit-learn__scikit-learn-10297,summarization-partial,run_2,priority,summary_failure_accounting,0,12,/home/ak58925/agentCtx/ICLR_results/swebench/ablation/qwen35b/d05__b10k__su-partial/scikit-learn__scikit-learn-10297/summarization-partial/run_2/trajectory.json,/home/ak58925/agentCtx/archives/summary-bug-audit-20260907_185802_CDT/audit-swebench/details/07604.txt,main,/home/ak58925/agentCtx/ICLR_results/swebench/main/qwen35b/d05__b10k__su-partial/scikit-learn__scikit-learn-10297/summarization-partial/run_2/trajectory.json,swebench_summary_bug_remaining_20260908_162042_CDT
swebench,ablation,qwen35b,d05__b10k__su-partial,hosted_vllm/Qwen/Qwen3.5-35B-A3B,summarization_partial,10000,0.5,scikit-learn__scikit-learn-10908,summarization-partial,run_2,priority,summary_failure_accounting,0,12,/home/ak58925/agentCtx/ICLR_results/swebench/ablation/qwen35b/d05__b10k__su-partial/scikit-learn__scikit-learn-10908/summarization-partial/run_2/trajectory.json,/home/ak58925/agentCtx/archives/summary-bug-audit-20260907_185802_CDT/audit-swebench/details/07608.txt,main,/home/ak58925/agentCtx/ICLR_results/swebench/main/qwen35b/d05__b10k__su-partial/scikit-learn__scikit-learn-10908/summarization-partial/run_2/trajectory.json,swebench_summary_bug_remaining_20260908_162042_CDT
swebench,ablation,qwen35b,d05__b10k__su-partial,hosted_vllm/Qwen/Qwen3.5-35B-A3B,summarization_partial,10000,0.5,scikit-learn__scikit-learn-10908,summarization-partial,run_3,priority,summary_failure_accounting,0,5,/home/ak58925/agentCtx/ICLR_results/swebench/ablation/qwen35b/d05__b10k__su-partial/scikit-learn__scikit-learn-10908/summarization-partial/run_3/trajectory.json,/home/ak58925/agentCtx/archives/summary-bug-audit-20260907_185802_CDT/audit-swebench/details/07609.txt,main,/home/ak58925/agentCtx/ICLR_results/swebench/main/qwen35b/d05__b10k__su-partial/scikit-learn__scikit-learn-10908/summarization-partial/run_3/trajectory.json,swebench_summary_bug_remaining_20260908_162042_CDT
swebench,ablation,qwen35b,d05__b10k__su-partial,hosted_vllm/Qwen/Qwen3.5-35B-A3B,summarization_partial,10000,0.5,scikit-learn__scikit-learn-11310,summarization-partial,run_1,priority,summary_failure_accounting,0,2,/home/ak58925/agentCtx/ICLR_results/swebench/ablation/qwen35b/d05__b10k__su-partial/scikit-learn__scikit-learn-11310/summarization-partial/run_1/trajectory.json,/home/ak58925/agentCtx/archives/summary-bug-audit-20260907_185802_CDT/audit-swebench/details/07610.txt,main,/home/ak58925/agentCtx/ICLR_results/swebench/main/qwen35b/d05__b10k__su-partial/scikit-learn__scikit-learn-11310/summarization-partial/run_1/trajectory.json,swebench_summary_bug_remaining_20260908_162042_CDT
swebench,ablation,qwen35b,d05__b10k__su-partial,hosted_vllm/Qwen/Qwen3.5-35B-A3B,summarization_partial,10000,0.5,scikit-learn__scikit-learn-11310,summarization-partial,run_2,priority,summary_failure_accounting,0,1,/home/ak58925/agentCtx/ICLR_results/swebench/ablation/qwen35b/d05__b10k__su-partial/scikit-learn__scikit-learn-11310/summarization-partial/run_2/trajectory.json,/home/ak58925/agentCtx/archives/summary-bug-audit-20260907_185802_CDT/audit-swebench/details/07611.txt,main,/home/ak58925/agentCtx/ICLR_results/swebench/main/qwen35b/d05__b10k__su-partial/scikit-learn__scikit-learn-11310/summarization-partial/run_2/trajectory.json,swebench_summary_bug_remaining_20260908_162042_CDT
swebench,ablation,qwen35b,d05__b10k__su-partial,hosted_vllm/Qwen/Qwen3.5-35B-A3B,summarization_partial,10000,0.5,scikit-learn__scikit-learn-11310,summarization-partial,run_3,priority,summary_failure_accounting,0,38,/home/ak58925/agentCtx/ICLR_results/swebench/ablation/qwen35b/d05__b10k__su-partial/scikit-learn__scikit-learn-11310/summarization-partial/run_3/trajectory.json,/home/ak58925/agentCtx/archives/summary-bug-audit-20260907_185802_CDT/audit-swebench/details/07612.txt,main,/home/ak58925/agentCtx/ICLR_results/swebench/main/qwen35b/d05__b10k__su-partial/scikit-learn__scikit-learn-11310/summarization-partial/run_3/trajectory.json,swebench_summary_bug_remaining_20260908_162042_CDT
swebench,ablation,qwen35b,d05__b10k__su-partial,hosted_vllm/Qwen/Qwen3.5-35B-A3B,summarization_partial,10000,0.5,scikit-learn__scikit-learn-11578,summarization-partial,run_1,priority,summary_failure_accounting,0,39,/home/ak58925/agentCtx/ICLR_results/swebench/ablation/qwen35b/d05__b10k__su-partial/scikit-learn__scikit-learn-11578/summarization-partial/run_1/trajectory.json,/home/ak58925/agentCtx/archives/summary-bug-audit-20260907_185802_CDT/audit-swebench/details/07613.txt,main,/home/ak58925/agentCtx/ICLR_results/swebench/main/qwen35b/d05__b10k__su-partial/scikit-learn__scikit-learn-11578/summarization-partial/run_1/trajectory.json,swebench_summary_bug_remaining_20260908_162042_CDT
swebench,ablation,qwen35b,d05__b10k__su-partial,hosted_vllm/Qwen/Qwen3.5-35B-A3B,summarization_partial,10000,0.5,scikit-learn__scikit-learn-11578,summarization-partial,run_2,priority,summary_failure_accounting,0,36,/home/ak58925/agentCtx/ICLR_results/swebench/ablation/qwen35b/d05__b10k__su-partial/scikit-learn__scikit-learn-11578/summarization-partial/run_2/trajectory.json,/home/ak58925/agentCtx/archives/summary-bug-audit-20260907_185802_CDT/audit-swebench/details/07614.txt,main,/home/ak58925/agentCtx/ICLR_results/swebench/main/qwen35b/d05__b10k__su-partial/scikit-learn__scikit-learn-11578/summarization-partial/run_2/trajectory.json,swebench_summary_bug_remaining_20260908_162042_CDT
swebench,ablation,qwen35b,d05__b10k__su-partial,hosted_vllm/Qwen/Qwen3.5-35B-A3B,summarization_partial,10000,0.5,scikit-learn__scikit-learn-13328,summarization-partial,run_1,priority,summary_failure_accounting,0,39,/home/ak58925/agentCtx/ICLR_results/swebench/ablation/qwen35b/d05__b10k__su-partial/scikit-learn__scikit-learn-13328/summarization-partial/run_1/trajectory.json,/home/ak58925/agentCtx/archives/summary-bug-audit-20260907_185802_CDT/audit-swebench/details/07630.txt,main,/home/ak58925/agentCtx/ICLR_results/swebench/main/qwen35b/d05__b10k__su-partial/scikit-learn__scikit-learn-13328/summarization-partial/run_1/trajectory.json,swebench_summary_bug_remaining_20260908_162042_CDT
swebench,ablation,qwen35b,d05__b10k__su-partial,hosted_vllm/Qwen/Qwen3.5-35B-A3B,summarization_partial,10000,0.5,scikit-learn__scikit-learn-13328,summarization-partial,run_2,priority,summary_failure_accounting,0,3,/home/ak58925/agentCtx/ICLR_results/swebench/ablation/qwen35b/d05__b10k__su-partial/scikit-learn__scikit-learn-13328/summarization-partial/run_2/trajectory.json,/home/ak58925/agentCtx/archives/summary-bug-audit-20260907_185802_CDT/audit-swebench/details/07631.txt,main,/home/ak58925/agentCtx/ICLR_results/swebench/main/qwen35b/d05__b10k__su-partial/scikit-learn__scikit-learn-13328/summarization-partial/run_2/trajectory.json,swebench_summary_bug_remaining_20260908_162042_CDT
swebench,ablation,qwen35b,d05__b10k__su-partial,hosted_vllm/Qwen/Qwen3.5-35B-A3B,summarization_partial,10000,0.5,scikit-learn__scikit-learn-13328,summarization-partial,run_3,priority,summary_failure_accounting,0,28,/home/ak58925/agentCtx/ICLR_results/swebench/ablation/qwen35b/d05__b10k__su-partial/scikit-learn__scikit-learn-13328/summarization-partial/run_3/trajectory.json,/home/ak58925/agentCtx/archives/summary-bug-audit-20260907_185802_CDT/audit-swebench/details/07632.txt,main,/home/ak58925/agentCtx/ICLR_results/swebench/main/qwen35b/d05__b10k__su-partial/scikit-learn__scikit-learn-13328/summarization-partial/run_3/trajectory.json,swebench_summary_bug_remaining_20260908_162042_CDT
swebench,ablation,qwen35b,d05__b10k__su-partial,hosted_vllm/Qwen/Qwen3.5-35B-A3B,summarization_partial,10000,0.5,scikit-learn__scikit-learn-13779,summarization-partial,run_1,priority,summary_failure_accounting,0,1,/home/ak58925/agentCtx/ICLR_results/swebench/ablation/qwen35b/d05__b10k__su-partial/scikit-learn__scikit-learn-13779/summarization-partial/run_1/trajectory.json,/home/ak58925/agentCtx/archives/summary-bug-audit-20260907_185802_CDT/audit-swebench/details/07639.txt,main,/home/ak58925/agentCtx/ICLR_results/swebench/main/qwen35b/d05__b10k__su-partial/scikit-learn__scikit-learn-13779/summarization-partial/run_1/trajectory.json,swebench_summary_bug_remaining_20260908_162042_CDT
swebench,ablation,qwen35b,d05__b10k__su-partial,hosted_vllm/Qwen/Qwen3.5-35B-A3B,summarization_partial,10000,0.5,scikit-learn__scikit-learn-13779,summarization-partial,run_2,priority,summary_failure_accounting,0,13,/home/ak58925/agentCtx/ICLR_results/swebench/ablation/qwen35b/d05__b10k__su-partial/scikit-learn__scikit-learn-13779/summarization-partial/run_2/trajectory.json,/home/ak58925/agentCtx/archives/summary-bug-audit-20260907_185802_CDT/audit-swebench/details/07640.txt,main,/home/ak58925/agentCtx/ICLR_results/swebench/main/qwen35b/d05__b10k__su-partial/scikit-learn__scikit-learn-13779/summarization-partial/run_2/trajectory.json,swebench_summary_bug_remaining_20260908_162042_CDT
swebench,ablation,qwen35b,d05__b10k__su-partial,hosted_vllm/Qwen/Qwen3.5-35B-A3B,summarization_partial,10000,0.5,scikit-learn__scikit-learn-13779,summarization-partial,run_3,priority,summary_failure_accounting,0,5,/home/ak58925/agentCtx/ICLR_results/swebench/ablation/qwen35b/d05__b10k__su-partial/scikit-learn__scikit-learn-13779/summarization-partial/run_3/trajectory.json,/home/ak58925/agentCtx/archives/summary-bug-audit-20260907_185802_CDT/audit-swebench/details/07641.txt,main,/home/ak58925/agentCtx/ICLR_results/swebench/main/qwen35b/d05__b10k__su-partial/scikit-learn__scikit-learn-13779/summarization-partial/run_3/trajectory.json,swebench_summary_bug_remaining_20260908_162042_CDT
swebench,ablation,qwen35b,d05__b10k__su-partial,hosted_vllm/Qwen/Qwen3.5-35B-A3B,summarization_partial,10000,0.5,scikit-learn__scikit-learn-14496,summarization-partial,run_1,priority,summary_failure_accounting,0,2,/home/ak58925/agentCtx/ICLR_results/swebench/ablation/qwen35b/d05__b10k__su-partial/scikit-learn__scikit-learn-14496/summarization-partial/run_1/trajectory.json,/home/ak58925/agentCtx/archives/summary-bug-audit-20260907_185802_CDT/audit-swebench/details/07649.txt,main,/home/ak58925/agentCtx/ICLR_results/swebench/main/qwen35b/d05__b10k__su-partial/scikit-learn__scikit-learn-14496/summarization-partial/run_1/trajectory.json,swebench_summary_bug_remaining_20260908_162042_CDT
swebench,ablation,qwen35b,d05__b10k__su-partial,hosted_vllm/Qwen/Qwen3.5-35B-A3B,summarization_partial,10000,0.5,scikit-learn__scikit-learn-14496,summarization-partial,run_3,priority,summary_failure_accounting,0,15,/home/ak58925/agentCtx/ICLR_results/swebench/ablation/qwen35b/d05__b10k__su-partial/scikit-learn__scikit-learn-14496/summarization-partial/run_3/trajectory.json,/home/ak58925/agentCtx/archives/summary-bug-audit-20260907_185802_CDT/audit-swebench/details/07651.txt,main,/home/ak58925/agentCtx/ICLR_results/swebench/main/qwen35b/d05__b10k__su-partial/scikit-learn__scikit-learn-14496/summarization-partial/run_3/trajectory.json,swebench_summary_bug_remaining_20260908_162042_CDT
swebench,ablation,qwen35b,d05__b10k__su-partial,hosted_vllm/Qwen/Qwen3.5-35B-A3B,summarization_partial,10000,0.5,scikit-learn__scikit-learn-15100,summarization-partial,run_3,priority,summary_failure_accounting,0,29,/home/ak58925/agentCtx/ICLR_results/swebench/ablation/qwen35b/d05__b10k__su-partial/scikit-learn__scikit-learn-15100/summarization-partial/run_3/trajectory.json,/home/ak58925/agentCtx/archives/summary-bug-audit-20260907_185802_CDT/audit-swebench/details/07663.txt,main,/home/ak58925/agentCtx/ICLR_results/swebench/main/qwen35b/d05__b10k__su-partial/scikit-learn__scikit-learn-15100/summarization-partial/run_3/trajectory.json,swebench_summary_bug_remaining_20260908_162042_CDT
swebench,ablation,qwen35b,d05__b10k__su-partial,hosted_vllm/Qwen/Qwen3.5-35B-A3B,summarization_partial,10000,0.5,scikit-learn__scikit-learn-25747,summarization-partial,run_2,probable,summary_related_response,0,0,/home/ak58925/agentCtx/ICLR_results/swebench/ablation/qwen35b/d05__b10k__su-partial/scikit-learn__scikit-learn-25747/summarization-partial/run_2/trajectory.json,/home/ak58925/agentCtx/archives/summary-bug-audit-20260907_185802_CDT/audit-swebench/details/07670.txt,main,/home/ak58925/agentCtx/ICLR_results/swebench/main/qwen35b/d05__b10k__su-partial/scikit-learn__scikit-learn-25747/summarization-partial/run_2/trajectory.json,swebench_summary_bug_remaining_20260908_162042_CDT
swebench,ablation,qwen35b,d05__b10k__su-partial,hosted_vllm/Qwen/Qwen3.5-35B-A3B,summarization_partial,10000,0.5,scikit-learn__scikit-learn-25747,summarization-partial,run_3,priority,summary_failure_accounting,0,14,/home/ak58925/agentCtx/ICLR_results/swebench/ablation/qwen35b/d05__b10k__su-partial/scikit-learn__scikit-learn-25747/summarization-partial/run_3/trajectory.json,/home/ak58925/agentCtx/archives/summary-bug-audit-20260907_185802_CDT/audit-swebench/details/07671.txt,main,/home/ak58925/agentCtx/ICLR_results/swebench/main/qwen35b/d05__b10k__su-partial/scikit-learn__scikit-learn-25747/summarization-partial/run_3/trajectory.json,swebench_summary_bug_remaining_20260908_162042_CDT
swebench,ablation,qwen35b,d05__b10k__su-partial,hosted_vllm/Qwen/Qwen3.5-35B-A3B,summarization_partial,10000,0.5,scikit-learn__scikit-learn-26323,summarization-partial,run_1,priority,summary_failure_accounting,0,28,/home/ak58925/agentCtx/ICLR_results/swebench/ablation/qwen35b/d05__b10k__su-partial/scikit-learn__scikit-learn-26323/summarization-partial/run_1/trajectory.json,/home/ak58925/agentCtx/archives/summary-bug-audit-20260907_185802_CDT/audit-swebench/details/07681.txt,main,/home/ak58925/agentCtx/ICLR_results/swebench/main/qwen35b/d05__b10k__su-partial/scikit-learn__scikit-learn-26323/summarization-partial/run_1/trajectory.json,swebench_summary_bug_remaining_20260908_162042_CDT
swebench,ablation,qwen35b,d05__b10k__su-partial,hosted_vllm/Qwen/Qwen3.5-35B-A3B,summarization_partial,10000,0.5,scikit-learn__scikit-learn-26323,summarization-partial,run_2,probable,summary_related_response,0,0,/home/ak58925/agentCtx/ICLR_results/swebench/ablation/qwen35b/d05__b10k__su-partial/scikit-learn__scikit-learn-26323/summarization-partial/run_2/trajectory.json,/home/ak58925/agentCtx/archives/summary-bug-audit-20260907_185802_CDT/audit-swebench/details/07682.txt,main,/home/ak58925/agentCtx/ICLR_results/swebench/main/qwen35b/d05__b10k__su-partial/scikit-learn__scikit-learn-26323/summarization-partial/run_2/trajectory.json,swebench_summary_bug_remaining_20260908_162042_CDT
swebench,ablation,qwen35b,d05__b10k__su-partial,hosted_vllm/Qwen/Qwen3.5-35B-A3B,summarization_partial,10000,0.5,sympy__sympy-11618,summarization-partial,run_2,priority,summary_failure_accounting,0,2,/home/ak58925/agentCtx/ICLR_results/swebench/ablation/qwen35b/d05__b10k__su-partial/sympy__sympy-11618/summarization-partial/run_2/trajectory.json,/home/ak58925/agentCtx/archives/summary-bug-audit-20260907_185802_CDT/audit-swebench/details/07687.txt,main,/home/ak58925/agentCtx/ICLR_results/swebench/main/qwen35b/d05__b10k__su-partial/sympy__sympy-11618/summarization-partial/run_2/trajectory.json,swebench_summary_bug_remaining_20260908_162042_CDT
swebench,ablation,qwen35b,d05__b10k__su-partial,hosted_vllm/Qwen/Qwen3.5-35B-A3B,summarization_partial,10000,0.5,sympy__sympy-13031,summarization-partial,run_1,priority,summary_failure_accounting,0,29,/home/ak58925/agentCtx/ICLR_results/swebench/ablation/qwen35b/d05__b10k__su-partial/sympy__sympy-13031/summarization-partial/run_1/trajectory.json,/home/ak58925/agentCtx/archives/summary-bug-audit-20260907_185802_CDT/audit-swebench/details/07693.txt,main,/home/ak58925/agentCtx/ICLR_results/swebench/main/qwen35b/d05__b10k__su-partial/sympy__sympy-13031/summarization-partial/run_1/trajectory.json,swebench_summary_bug_remaining_20260908_162042_CDT
swebench,ablation,qwen35b,d05__b10k__su-partial,hosted_vllm/Qwen/Qwen3.5-35B-A3B,summarization_partial,10000,0.5,sympy__sympy-13031,summarization-partial,run_2,priority,summary_failure_accounting,0,26,/home/ak58925/agentCtx/ICLR_results/swebench/ablation/qwen35b/d05__b10k__su-partial/sympy__sympy-13031/summarization-partial/run_2/trajectory.json,/home/ak58925/agentCtx/archives/summary-bug-audit-20260907_185802_CDT/audit-swebench/details/07694.txt,main,/home/ak58925/agentCtx/ICLR_results/swebench/main/qwen35b/d05__b10k__su-partial/sympy__sympy-13031/summarization-partial/run_2/trajectory.json,swebench_summary_bug_remaining_20260908_162042_CDT
swebench,ablation,qwen35b,d05__b10k__su-partial,hosted_vllm/Qwen/Qwen3.5-35B-A3B,summarization_partial,10000,0.5,sympy__sympy-13031,summarization-partial,run_3,probable,summary_related_response,0,0,/home/ak58925/agentCtx/ICLR_results/swebench/ablation/qwen35b/d05__b10k__su-partial/sympy__sympy-13031/summarization-partial/run_3/trajectory.json,/home/ak58925/agentCtx/archives/summary-bug-audit-20260907_185802_CDT/audit-swebench/details/07695.txt,main,/home/ak58925/agentCtx/ICLR_results/swebench/main/qwen35b/d05__b10k__su-partial/sympy__sympy-13031/summarization-partial/run_3/trajectory.json,swebench_summary_bug_remaining_20260908_162042_CDT
swebench,ablation,qwen35b,d05__b10k__su-partial,hosted_vllm/Qwen/Qwen3.5-35B-A3B,summarization_partial,10000,0.5,sympy__sympy-13091,summarization-partial,run_1,priority,summary_failure_accounting,0,8,/home/ak58925/agentCtx/ICLR_results/swebench/ablation/qwen35b/d05__b10k__su-partial/sympy__sympy-13091/summarization-partial/run_1/trajectory.json,/home/ak58925/agentCtx/archives/summary-bug-audit-20260907_185802_CDT/audit-swebench/details/07696.txt,main,/home/ak58925/agentCtx/ICLR_results/swebench/main/qwen35b/d05__b10k__su-partial/sympy__sympy-13091/summarization-partial/run_1/trajectory.json,swebench_summary_bug_remaining_20260908_162042_CDT
swebench,ablation,qwen35b,d05__b10k__su-partial,hosted_vllm/Qwen/Qwen3.5-35B-A3B,summarization_partial,10000,0.5,sympy__sympy-13091,summarization-partial,run_3,probable,summary_related_response,0,0,/home/ak58925/agentCtx/ICLR_results/swebench/ablation/qwen35b/d05__b10k__su-partial/sympy__sympy-13091/summarization-partial/run_3/trajectory.json,/home/ak58925/agentCtx/archives/summary-bug-audit-20260907_185802_CDT/audit-swebench/details/07698.txt,main,/home/ak58925/agentCtx/ICLR_results/swebench/main/qwen35b/d05__b10k__su-partial/sympy__sympy-13091/summarization-partial/run_3/trajectory.json,swebench_summary_bug_remaining_20260908_162042_CDT
swebench,ablation,qwen35b,d05__b10k__su-partial,hosted_vllm/Qwen/Qwen3.5-35B-A3B,summarization_partial,10000,0.5,sympy__sympy-13757,summarization-partial,run_1,priority,summary_failure_accounting,0,15,/home/ak58925/agentCtx/ICLR_results/swebench/ablation/qwen35b/d05__b10k__su-partial/sympy__sympy-13757/summarization-partial/run_1/trajectory.json,/home/ak58925/agentCtx/archives/summary-bug-audit-20260907_185802_CDT/audit-swebench/details/07703.txt,main,/home/ak58925/agentCtx/ICLR_results/swebench/main/qwen35b/d05__b10k__su-partial/sympy__sympy-13757/summarization-partial/run_1/trajectory.json,swebench_summary_bug_remaining_20260908_162042_CDT
swebench,ablation,qwen35b,d05__b10k__su-partial,hosted_vllm/Qwen/Qwen3.5-35B-A3B,summarization_partial,10000,0.5,sympy__sympy-13757,summarization-partial,run_2,priority,summary_failure_accounting,0,14,/home/ak58925/agentCtx/ICLR_results/swebench/ablation/qwen35b/d05__b10k__su-partial/sympy__sympy-13757/summarization-partial/run_2/trajectory.json,/home/ak58925/agentCtx/archives/summary-bug-audit-20260907_185802_CDT/audit-swebench/details/07704.txt,main,/home/ak58925/agentCtx/ICLR_results/swebench/main/qwen35b/d05__b10k__su-partial/sympy__sympy-13757/summarization-partial/run_2/trajectory.json,swebench_summary_bug_remaining_20260908_162042_CDT
swebench,ablation,qwen35b,d05__b10k__su-partial,hosted_vllm/Qwen/Qwen3.5-35B-A3B,summarization_partial,10000,0.5,sympy__sympy-13757,summarization-partial,run_3,priority,summary_failure_accounting,0,29,/home/ak58925/agentCtx/ICLR_results/swebench/ablation/qwen35b/d05__b10k__su-partial/sympy__sympy-13757/summarization-partial/run_3/trajectory.json,/home/ak58925/agentCtx/archives/summary-bug-audit-20260907_185802_CDT/audit-swebench/details/07705.txt,main,/home/ak58925/agentCtx/ICLR_results/swebench/main/qwen35b/d05__b10k__su-partial/sympy__sympy-13757/summarization-partial/run_3/trajectory.json,swebench_summary_bug_remaining_20260908_162042_CDT
swebench,ablation,qwen35b,d05__b10k__su-partial,hosted_vllm/Qwen/Qwen3.5-35B-A3B,summarization_partial,10000,0.5,sympy__sympy-15017,summarization-partial,run_1,priority,summary_failure_accounting,0,1,/home/ak58925/agentCtx/ICLR_results/swebench/ablation/qwen35b/d05__b10k__su-partial/sympy__sympy-15017/summarization-partial/run_1/trajectory.json,/home/ak58925/agentCtx/archives/summary-bug-audit-20260907_185802_CDT/audit-swebench/details/07720.txt,main,/home/ak58925/agentCtx/ICLR_results/swebench/main/qwen35b/d05__b10k__su-partial/sympy__sympy-15017/summarization-partial/run_1/trajectory.json,swebench_summary_bug_remaining_20260908_162042_CDT
swebench,ablation,qwen35b,d05__b10k__su-partial,hosted_vllm/Qwen/Qwen3.5-35B-A3B,summarization_partial,10000,0.5,sympy__sympy-15345,summarization-partial,run_1,priority,summary_failure_accounting,0,2,/home/ak58925/agentCtx/ICLR_results/swebench/ablation/qwen35b/d05__b10k__su-partial/sympy__sympy-15345/summarization-partial/run_1/trajectory.json,/home/ak58925/agentCtx/archives/summary-bug-audit-20260907_185802_CDT/audit-swebench/details/07722.txt,main,/home/ak58925/agentCtx/ICLR_results/swebench/main/qwen35b/d05__b10k__su-partial/sympy__sympy-15345/summarization-partial/run_1/trajectory.json,swebench_summary_bug_remaining_20260908_162042_CDT
swebench,ablation,qwen35b,d05__b10k__su-partial,hosted_vllm/Qwen/Qwen3.5-35B-A3B,summarization_partial,10000,0.5,sympy__sympy-15345,summarization-partial,run_2,priority,summary_failure_accounting,0,4,/home/ak58925/agentCtx/ICLR_results/swebench/ablation/qwen35b/d05__b10k__su-partial/sympy__sympy-15345/summarization-partial/run_2/trajectory.json,/home/ak58925/agentCtx/archives/summary-bug-audit-20260907_185802_CDT/audit-swebench/details/07723.txt,main,/home/ak58925/agentCtx/ICLR_results/swebench/main/qwen35b/d05__b10k__su-partial/sympy__sympy-15345/summarization-partial/run_2/trajectory.json,swebench_summary_bug_remaining_20260908_162042_CDT
swebench,ablation,qwen35b,d05__b10k__su-partial,hosted_vllm/Qwen/Qwen3.5-35B-A3B,summarization_partial,10000,0.5,sympy__sympy-15345,summarization-partial,run_3,priority,summary_failure_accounting,0,24,/home/ak58925/agentCtx/ICLR_results/swebench/ablation/qwen35b/d05__b10k__su-partial/sympy__sympy-15345/summarization-partial/run_3/trajectory.json,/home/ak58925/agentCtx/archives/summary-bug-audit-20260907_185802_CDT/audit-swebench/details/07724.txt,main,/home/ak58925/agentCtx/ICLR_results/swebench/main/qwen35b/d05__b10k__su-partial/sympy__sympy-15345/summarization-partial/run_3/trajectory.json,swebench_summary_bug_remaining_20260908_162042_CDT
swebench,ablation,qwen35b,d05__b10k__su-partial,hosted_vllm/Qwen/Qwen3.5-35B-A3B,summarization_partial,10000,0.5,sympy__sympy-17630,summarization-partial,run_2,priority,summary_failure_accounting,0,1,/home/ak58925/agentCtx/ICLR_results/swebench/ablation/qwen35b/d05__b10k__su-partial/sympy__sympy-17630/summarization-partial/run_2/trajectory.json,/home/ak58925/agentCtx/archives/summary-bug-audit-20260907_185802_CDT/audit-swebench/details/07737.txt,main,/home/ak58925/agentCtx/ICLR_results/swebench/main/qwen35b/d05__b10k__su-partial/sympy__sympy-17630/summarization-partial/run_2/trajectory.json,swebench_summary_bug_remaining_20260908_162042_CDT
swebench,ablation,qwen35b,d05__b10k__su-partial,hosted_vllm/Qwen/Qwen3.5-35B-A3B,summarization_partial,10000,0.5,sympy__sympy-17630,summarization-partial,run_3,priority,summary_failure_accounting,0,17,/home/ak58925/agentCtx/ICLR_results/swebench/ablation/qwen35b/d05__b10k__su-partial/sympy__sympy-17630/summarization-partial/run_3/trajectory.json,/home/ak58925/agentCtx/archives/summary-bug-audit-20260907_185802_CDT/audit-swebench/details/07738.txt,main,/home/ak58925/agentCtx/ICLR_results/swebench/main/qwen35b/d05__b10k__su-partial/sympy__sympy-17630/summarization-partial/run_3/trajectory.json,swebench_summary_bug_remaining_20260908_162042_CDT
swebench,ablation,qwen35b,d05__b10k__su-partial,hosted_vllm/Qwen/Qwen3.5-35B-A3B,summarization_partial,10000,0.5,sympy__sympy-19637,summarization-partial,run_1,priority,summary_failure_accounting,0,3,/home/ak58925/agentCtx/ICLR_results/swebench/ablation/qwen35b/d05__b10k__su-partial/sympy__sympy-19637/summarization-partial/run_1/trajectory.json,/home/ak58925/agentCtx/archives/summary-bug-audit-20260907_185802_CDT/audit-swebench/details/07750.txt,main,/home/ak58925/agentCtx/ICLR_results/swebench/main/qwen35b/d05__b10k__su-partial/sympy__sympy-19637/summarization-partial/run_1/trajectory.json,swebench_summary_bug_remaining_20260908_162042_CDT
swebench,ablation,qwen35b,d05__b10k__su-partial,hosted_vllm/Qwen/Qwen3.5-35B-A3B,summarization_partial,10000,0.5,sympy__sympy-19637,summarization-partial,run_3,priority,summary_failure_accounting,0,5,/home/ak58925/agentCtx/ICLR_results/swebench/ablation/qwen35b/d05__b10k__su-partial/sympy__sympy-19637/summarization-partial/run_3/trajectory.json,/home/ak58925/agentCtx/archives/summary-bug-audit-20260907_185802_CDT/audit-swebench/details/07751.txt,main,/home/ak58925/agentCtx/ICLR_results/swebench/main/qwen35b/d05__b10k__su-partial/sympy__sympy-19637/summarization-partial/run_3/trajectory.json,swebench_summary_bug_remaining_20260908_162042_CDT
swebench,ablation,qwen35b,d05__b10k__su-partial,hosted_vllm/Qwen/Qwen3.5-35B-A3B,summarization_partial,10000,0.5,sympy__sympy-24066,summarization-partial,run_1,priority,summary_failure_accounting,0,2,/home/ak58925/agentCtx/ICLR_results/swebench/ablation/qwen35b/d05__b10k__su-partial/sympy__sympy-24066/summarization-partial/run_1/trajectory.json,/home/ak58925/agentCtx/archives/summary-bug-audit-20260907_185802_CDT/audit-swebench/details/07761.txt,main,/home/ak58925/agentCtx/ICLR_results/swebench/main/qwen35b/d05__b10k__su-partial/sympy__sympy-24066/summarization-partial/run_1/trajectory.json,swebench_summary_bug_remaining_20260908_162042_CDT
swebench,ablation,qwen35b,d05__b10k__su-partial,hosted_vllm/Qwen/Qwen3.5-35B-A3B,summarization_partial,10000,0.5,sympy__sympy-24443,summarization-partial,run_1,priority,summary_failure_accounting,0,1,/home/ak58925/agentCtx/ICLR_results/swebench/ablation/qwen35b/d05__b10k__su-partial/sympy__sympy-24443/summarization-partial/run_1/trajectory.json,/home/ak58925/agentCtx/archives/summary-bug-audit-20260907_185802_CDT/audit-swebench/details/07764.txt,main,/home/ak58925/agentCtx/ICLR_results/swebench/main/qwen35b/d05__b10k__su-partial/sympy__sympy-24443/summarization-partial/run_1/trajectory.json,swebench_summary_bug_remaining_20260908_162042_CDT
swebench,ablation,qwen35b,d05__b10k__su-partial,hosted_vllm/Qwen/Qwen3.5-35B-A3B,summarization_partial,10000,0.5,sympy__sympy-24443,summarization-partial,run_2,priority,summary_failure_accounting,0,1,/home/ak58925/agentCtx/ICLR_results/swebench/ablation/qwen35b/d05__b10k__su-partial/sympy__sympy-24443/summarization-partial/run_2/trajectory.json,/home/ak58925/agentCtx/archives/summary-bug-audit-20260907_185802_CDT/audit-swebench/details/07765.txt,main,/home/ak58925/agentCtx/ICLR_results/swebench/main/qwen35b/d05__b10k__su-partial/sympy__sympy-24443/summarization-partial/run_2/trajectory.json,swebench_summary_bug_remaining_20260908_162042_CDT
swebench,ablation,qwen35b,d05__b10k__su-partial,hosted_vllm/Qwen/Qwen3.5-35B-A3B,summarization_partial,10000,0.5,django__django-12273,summarization-partial,run_1,priority,agentlog_summary_failure,0,2,/home/ak58925/agentCtx/ICLR_results/swebench/ablation/qwen35b/d05__b10k__su-partial/django__django-12273/summarization-partial/run_1/trajectory.json,details/07535.txt,main,/home/ak58925/agentCtx/ICLR_results/swebench/main/qwen35b/d05__b10k__su-partial/django__django-12273/summarization-partial/run_1/trajectory.json,swebench_summary_bug_remaining_20260908_162042_CDT
swebench,ablation,qwen35b,d05__b10k__su-partial,hosted_vllm/Qwen/Qwen3.5-35B-A3B,summarization_partial,10000,0.5,django__django-12273,summarization-partial,run_2,priority,agentlog_summary_failure,0,16,/home/ak58925/agentCtx/ICLR_results/swebench/ablation/qwen35b/d05__b10k__su-partial/django__django-12273/summarization-partial/run_2/trajectory.json,details/07536.txt,main,/home/ak58925/agentCtx/ICLR_results/swebench/main/qwen35b/d05__b10k__su-partial/django__django-12273/summarization-partial/run_2/trajectory.json,swebench_summary_bug_remaining_20260908_162042_CDT
swebench,ablation,qwen35b,d05__b10k__su-partial,hosted_vllm/Qwen/Qwen3.5-35B-A3B,summarization_partial,10000,0.5,django__django-12273,summarization-partial,run_3,priority,agentlog_summary_failure,0,24,/home/ak58925/agentCtx/ICLR_results/swebench/ablation/qwen35b/d05__b10k__su-partial/django__django-12273/summarization-partial/run_3/trajectory.json,details/07537.txt,main,/home/ak58925/agentCtx/ICLR_results/swebench/main/qwen35b/d05__b10k__su-partial/django__django-12273/summarization-partial/run_3/trajectory.json,swebench_summary_bug_remaining_20260908_162042_CDT
swebench,ablation,qwen35b,d05__b10k__su-partial,hosted_vllm/Qwen/Qwen3.5-35B-A3B,summarization_partial,10000,0.5,django__django-13012,summarization-partial,run_3,priority,agentlog_summary_failure,0,5,/home/ak58925/agentCtx/ICLR_results/swebench/ablation/qwen35b/d05__b10k__su-partial/django__django-13012/summarization-partial/run_3/trajectory.json,details/07550.txt,main,/home/ak58925/agentCtx/ICLR_results/swebench/main/qwen35b/d05__b10k__su-partial/django__django-13012/summarization-partial/run_3/trajectory.json,swebench_summary_bug_remaining_20260908_162042_CDT
swebench,ablation,qwen35b,d05__b10k__su-partial,hosted_vllm/Qwen/Qwen3.5-35B-A3B,summarization_partial,10000,0.5,django__django-13964,summarization-partial,run_2,priority,agentlog_summary_failure,0,12,/home/ak58925/agentCtx/ICLR_results/swebench/ablation/qwen35b/d05__b10k__su-partial/django__django-13964/summarization-partial/run_2/trajectory.json,details/07558.txt,main,/home/ak58925/agentCtx/ICLR_results/swebench/main/qwen35b/d05__b10k__su-partial/django__django-13964/summarization-partial/run_2/trajectory.json,swebench_summary_bug_remaining_20260908_162042_CDT
swebench,ablation,qwen35b,d05__b10k__su-partial,hosted_vllm/Qwen/Qwen3.5-35B-A3B,summarization_partial,10000,0.5,django__django-13964,summarization-partial,run_3,priority,agentlog_summary_failure,0,23,/home/ak58925/agentCtx/ICLR_results/swebench/ablation/qwen35b/d05__b10k__su-partial/django__django-13964/summarization-partial/run_3/trajectory.json,,main,/home/ak58925/agentCtx/ICLR_results/swebench/main/qwen35b/d05__b10k__su-partial/django__django-13964/summarization-partial/run_3/trajectory.json,swebench_summary_bug_remaining_20260908_162042_CDT
swebench,ablation,qwen35b,d05__b10k__su-partial,hosted_vllm/Qwen/Qwen3.5-35B-A3B,summarization_partial,10000,0.5,django__django-14580,summarization-partial,run_3,priority,agentlog_summary_failure,0,18,/home/ak58925/agentCtx/ICLR_results/swebench/ablation/qwen35b/d05__b10k__su-partial/django__django-14580/summarization-partial/run_3/trajectory.json,details/07564.txt,main,/home/ak58925/agentCtx/ICLR_results/swebench/main/qwen35b/d05__b10k__su-partial/django__django-14580/summarization-partial/run_3/trajectory.json,swebench_summary_bug_remaining_20260908_162042_CDT
swebench,ablation,qwen35b,d05__b10k__su-partial,hosted_vllm/Qwen/Qwen3.5-35B-A3B,summarization_partial,10000,0.5,scikit-learn__scikit-learn-10297,summarization-partial,run_3,priority,agentlog_summary_failure,0,26,/home/ak58925/agentCtx/ICLR_results/swebench/ablation/qwen35b/d05__b10k__su-partial/scikit-learn__scikit-learn-10297/summarization-partial/run_3/trajectory.json,,main,/home/ak58925/agentCtx/ICLR_results/swebench/main/qwen35b/d05__b10k__su-partial/scikit-learn__scikit-learn-10297/summarization-partial/run_3/trajectory.json,swebench_summary_bug_remaining_20260908_162042_CDT
swebench,ablation,qwen35b,d05__b10k__su-partial,hosted_vllm/Qwen/Qwen3.5-35B-A3B,summarization_partial,10000,0.5,scikit-learn__scikit-learn-10908,summarization-partial,run_1,priority,agentlog_summary_failure,0,14,/home/ak58925/agentCtx/ICLR_results/swebench/ablation/qwen35b/d05__b10k__su-partial/scikit-learn__scikit-learn-10908/summarization-partial/run_1/trajectory.json,,main,/home/ak58925/agentCtx/ICLR_results/swebench/main/qwen35b/d05__b10k__su-partial/scikit-learn__scikit-learn-10908/summarization-partial/run_1/trajectory.json,swebench_summary_bug_remaining_20260908_162042_CDT
swebench,ablation,qwen35b,d05__b10k__su-partial,hosted_vllm/Qwen/Qwen3.5-35B-A3B,summarization_partial,10000,0.5,scikit-learn__scikit-learn-11578,summarization-partial,run_3,priority,agentlog_summary_failure,0,6,/home/ak58925/agentCtx/ICLR_results/swebench/ablation/qwen35b/d05__b10k__su-partial/scikit-learn__scikit-learn-11578/summarization-partial/run_3/trajectory.json,details/07615.txt,main,/home/ak58925/agentCtx/ICLR_results/swebench/main/qwen35b/d05__b10k__su-partial/scikit-learn__scikit-learn-11578/summarization-partial/run_3/trajectory.json,swebench_summary_bug_remaining_20260908_162042_CDT
swebench,ablation,qwen35b,d05__b10k__su-partial,hosted_vllm/Qwen/Qwen3.5-35B-A3B,summarization_partial,10000,0.5,scikit-learn__scikit-learn-15100,summarization-partial,run_1,priority,agentlog_summary_failure,0,1,/home/ak58925/agentCtx/ICLR_results/swebench/ablation/qwen35b/d05__b10k__su-partial/scikit-learn__scikit-learn-15100/summarization-partial/run_1/trajectory.json,details/07662.txt,main,/home/ak58925/agentCtx/ICLR_results/swebench/main/qwen35b/d05__b10k__su-partial/scikit-learn__scikit-learn-15100/summarization-partial/run_1/trajectory.json,swebench_summary_bug_remaining_20260908_162042_CDT
swebench,ablation,qwen35b,d05__b10k__su-partial,hosted_vllm/Qwen/Qwen3.5-35B-A3B,summarization_partial,10000,0.5,scikit-learn__scikit-learn-25747,summarization-partial,run_1,priority,agentlog_summary_failure,0,24,/home/ak58925/agentCtx/ICLR_results/swebench/ablation/qwen35b/d05__b10k__su-partial/scikit-learn__scikit-learn-25747/summarization-partial/run_1/trajectory.json,,main,/home/ak58925/agentCtx/ICLR_results/swebench/main/qwen35b/d05__b10k__su-partial/scikit-learn__scikit-learn-25747/summarization-partial/run_1/trajectory.json,swebench_summary_bug_remaining_20260908_162042_CDT
swebench,ablation,qwen35b,d05__b10k__su-partial,hosted_vllm/Qwen/Qwen3.5-35B-A3B,summarization_partial,10000,0.5,scikit-learn__scikit-learn-26323,summarization-partial,run_3,priority,agentlog_summary_failure,0,3,/home/ak58925/agentCtx/ICLR_results/swebench/ablation/qwen35b/d05__b10k__su-partial/scikit-learn__scikit-learn-26323/summarization-partial/run_3/trajectory.json,,main,/home/ak58925/agentCtx/ICLR_results/swebench/main/qwen35b/d05__b10k__su-partial/scikit-learn__scikit-learn-26323/summarization-partial/run_3/trajectory.json,swebench_summary_bug_remaining_20260908_162042_CDT
swebench,ablation,qwen35b,d05__b10k__su-partial,hosted_vllm/Qwen/Qwen3.5-35B-A3B,summarization_partial,10000,0.5,sympy__sympy-11618,summarization-partial,run_3,priority,agentlog_summary_failure,0,1,/home/ak58925/agentCtx/ICLR_results/swebench/ablation/qwen35b/d05__b10k__su-partial/sympy__sympy-11618/summarization-partial/run_3/trajectory.json,,main,/home/ak58925/agentCtx/ICLR_results/swebench/main/qwen35b/d05__b10k__su-partial/sympy__sympy-11618/summarization-partial/run_3/trajectory.json,swebench_summary_bug_remaining_20260908_162042_CDT
swebench,ablation,qwen35b,d05__b10k__su-partial,hosted_vllm/Qwen/Qwen3.5-35B-A3B,summarization_partial,10000,0.5,sympy__sympy-13091,summarization-partial,run_2,priority,agentlog_summary_failure,0,1,/home/ak58925/agentCtx/ICLR_results/swebench/ablation/qwen35b/d05__b10k__su-partial/sympy__sympy-13091/summarization-partial/run_2/trajectory.json,details/07697.txt,main,/home/ak58925/agentCtx/ICLR_results/swebench/main/qwen35b/d05__b10k__su-partial/sympy__sympy-13091/summarization-partial/run_2/trajectory.json,swebench_summary_bug_remaining_20260908_162042_CDT
swebench,ablation,qwen35b,d05__b10k__su-partial,hosted_vllm/Qwen/Qwen3.5-35B-A3B,summarization_partial,10000,0.5,sympy__sympy-17630,summarization-partial,run_1,priority,agentlog_summary_failure,0,17,/home/ak58925/agentCtx/ICLR_results/swebench/ablation/qwen35b/d05__b10k__su-partial/sympy__sympy-17630/summarization-partial/run_1/trajectory.json,details/07736.txt,main,/home/ak58925/agentCtx/ICLR_results/swebench/main/qwen35b/d05__b10k__su-partial/sympy__sympy-17630/summarization-partial/run_1/trajectory.json,swebench_summary_bug_remaining_20260908_162042_CDT
swebench,ablation,qwen35b,d05__b10k__su-partial,hosted_vllm/Qwen/Qwen3.5-35B-A3B,summarization_partial,10000,0.5,sympy__sympy-24066,summarization-partial,run_2,priority,agentlog_summary_failure,0,2,/home/ak58925/agentCtx/ICLR_results/swebench/ablation/qwen35b/d05__b10k__su-partial/sympy__sympy-24066/summarization-partial/run_2/trajectory.json,,main,/home/ak58925/agentCtx/ICLR_results/swebench/main/qwen35b/d05__b10k__su-partial/sympy__sympy-24066/summarization-partial/run_2/trajectory.json,swebench_summary_bug_remaining_20260908_162042_CDT
swebench,ablation,qwen35b,d05__b10k__su-partial,hosted_vllm/Qwen/Qwen3.5-35B-A3B,summarization_partial,10000,0.5,sympy__sympy-24443,summarization-partial,run_3,priority,agentlog_summary_failure,0,21,/home/ak58925/agentCtx/ICLR_results/swebench/ablation/qwen35b/d05__b10k__su-partial/sympy__sympy-24443/summarization-partial/run_3/trajectory.json,,main,/home/ak58925/agentCtx/ICLR_results/swebench/main/qwen35b/d05__b10k__su-partial/sympy__sympy-24443/summarization-partial/run_3/trajectory.json,swebench_summary_bug_remaining_20260908_162042_CDT
swebench,ablation,qwen35b,d05__b20k__ss,hosted_vllm/Qwen/Qwen3.5-35B-A3B,structured_summarize,20000,0.5,django__django-11292,structured-summarize,run_1,priority,agentlog_summary_failure,0,1,/home/ak58925/agentCtx/ICLR_results/swebench/ablation/qwen35b/d05__b20k__ss/django__django-11292/structured-summarize/run_1/trajectory.json,,main,/home/ak58925/agentCtx/ICLR_results/swebench/main/qwen35b/d05__b20k__ss/django__django-11292/structured-summarize/run_1/trajectory.json,swebench_summary_bug_remaining_20260908_162042_CDT
swebench,ablation,qwen35b,d05__b20k__ss,hosted_vllm/Qwen/Qwen3.5-35B-A3B,structured_summarize,20000,0.5,django__django-11292,structured-summarize,run_3,priority,agentlog_summary_failure,0,1,/home/ak58925/agentCtx/ICLR_results/swebench/ablation/qwen35b/d05__b20k__ss/django__django-11292/structured-summarize/run_3/trajectory.json,,main,/home/ak58925/agentCtx/ICLR_results/swebench/main/qwen35b/d05__b20k__ss/django__django-11292/structured-summarize/run_3/trajectory.json,swebench_summary_bug_remaining_20260908_162042_CDT
swebench,ablation,qwen35b,d05__b20k__ss,hosted_vllm/Qwen/Qwen3.5-35B-A3B,structured_summarize,20000,0.5,django__django-11299,structured-summarize,run_1,priority,agentlog_summary_failure,0,1,/home/ak58925/agentCtx/ICLR_results/swebench/ablation/qwen35b/d05__b20k__ss/django__django-11299/structured-summarize/run_1/trajectory.json,details/08777.txt,main,/home/ak58925/agentCtx/ICLR_results/swebench/main/qwen35b/d05__b20k__ss/django__django-11299/structured-summarize/run_1/trajectory.json,swebench_summary_bug_remaining_20260908_162042_CDT
swebench,ablation,qwen35b,d05__b20k__ss,hosted_vllm/Qwen/Qwen3.5-35B-A3B,structured_summarize,20000,0.5,django__django-11299,structured-summarize,run_2,priority,agentlog_summary_failure,0,2,/home/ak58925/agentCtx/ICLR_results/swebench/ablation/qwen35b/d05__b20k__ss/django__django-11299/structured-summarize/run_2/trajectory.json,details/08778.txt,main,/home/ak58925/agentCtx/ICLR_results/swebench/main/qwen35b/d05__b20k__ss/django__django-11299/structured-summarize/run_2/trajectory.json,swebench_summary_bug_remaining_20260908_162042_CDT
swebench,ablation,qwen35b,d05__b20k__ss,hosted_vllm/Qwen/Qwen3.5-35B-A3B,structured_summarize,20000,0.5,django__django-12273,structured-summarize,run_1,priority,agentlog_summary_failure,0,21,/home/ak58925/agentCtx/ICLR_results/swebench/ablation/qwen35b/d05__b20k__ss/django__django-12273/structured-summarize/run_1/trajectory.json,details/08786.txt,main,/home/ak58925/agentCtx/ICLR_results/swebench/main/qwen35b/d05__b20k__ss/django__django-12273/structured-summarize/run_1/trajectory.json,swebench_summary_bug_remaining_20260908_162042_CDT
swebench,ablation,qwen35b,d05__b20k__ss,hosted_vllm/Qwen/Qwen3.5-35B-A3B,structured_summarize,20000,0.5,django__django-12273,structured-summarize,run_3,priority,agentlog_summary_failure,0,1,/home/ak58925/agentCtx/ICLR_results/swebench/ablation/qwen35b/d05__b20k__ss/django__django-12273/structured-summarize/run_3/trajectory.json,,main,/home/ak58925/agentCtx/ICLR_results/swebench/main/qwen35b/d05__b20k__ss/django__django-12273/structured-summarize/run_3/trajectory.json,swebench_summary_bug_remaining_20260908_162042_CDT
swebench,ablation,qwen35b,d05__b20k__ss,hosted_vllm/Qwen/Qwen3.5-35B-A3B,structured_summarize,20000,0.5,django__django-13012,structured-summarize,run_2,priority,agentlog_summary_failure,0,1,/home/ak58925/agentCtx/ICLR_results/swebench/ablation/qwen35b/d05__b20k__ss/django__django-13012/structured-summarize/run_2/trajectory.json,details/08796.txt,main,/home/ak58925/agentCtx/ICLR_results/swebench/main/qwen35b/d05__b20k__ss/django__django-13012/structured-summarize/run_2/trajectory.json,swebench_summary_bug_remaining_20260908_162042_CDT
swebench,ablation,qwen35b,d05__b20k__ss,hosted_vllm/Qwen/Qwen3.5-35B-A3B,structured_summarize,20000,0.5,django__django-13964,structured-summarize,run_2,priority,agentlog_summary_failure,0,11,/home/ak58925/agentCtx/ICLR_results/swebench/ablation/qwen35b/d05__b20k__ss/django__django-13964/structured-summarize/run_2/trajectory.json,details/08804.txt,main,/home/ak58925/agentCtx/ICLR_results/swebench/main/qwen35b/d05__b20k__ss/django__django-13964/structured-summarize/run_2/trajectory.json,swebench_summary_bug_remaining_20260908_162042_CDT
swebench,ablation,qwen35b,d05__b20k__ss,hosted_vllm/Qwen/Qwen3.5-35B-A3B,structured_summarize,20000,0.5,django__django-13964,structured-summarize,run_3,priority,agentlog_summary_failure,0,3,/home/ak58925/agentCtx/ICLR_results/swebench/ablation/qwen35b/d05__b20k__ss/django__django-13964/structured-summarize/run_3/trajectory.json,,main,/home/ak58925/agentCtx/ICLR_results/swebench/main/qwen35b/d05__b20k__ss/django__django-13964/structured-summarize/run_3/trajectory.json,swebench_summary_bug_remaining_20260908_162042_CDT
swebench,ablation,qwen35b,d05__b20k__ss,hosted_vllm/Qwen/Qwen3.5-35B-A3B,structured_summarize,20000,0.5,django__django-14580,structured-summarize,run_1,priority,agentlog_summary_failure,0,2,/home/ak58925/agentCtx/ICLR_results/swebench/ablation/qwen35b/d05__b20k__ss/django__django-14580/structured-summarize/run_1/trajectory.json,details/08807.txt,main,/home/ak58925/agentCtx/ICLR_results/swebench/main/qwen35b/d05__b20k__ss/django__django-14580/structured-summarize/run_1/trajectory.json,swebench_summary_bug_remaining_20260908_162042_CDT
swebench,ablation,qwen35b,d05__b20k__ss,hosted_vllm/Qwen/Qwen3.5-35B-A3B,structured_summarize,20000,0.5,django__django-14999,structured-summarize,run_2,priority,agentlog_summary_failure,0,1,/home/ak58925/agentCtx/ICLR_results/swebench/ablation/qwen35b/d05__b20k__ss/django__django-14999/structured-summarize/run_2/trajectory.json,,main,/home/ak58925/agentCtx/ICLR_results/swebench/main/qwen35b/d05__b20k__ss/django__django-14999/structured-summarize/run_2/trajectory.json,swebench_summary_bug_remaining_20260908_162042_CDT
swebench,ablation,qwen35b,d05__b20k__ss,hosted_vllm/Qwen/Qwen3.5-35B-A3B,structured_summarize,20000,0.5,django__django-17087,structured-summarize,run_1,priority,agentlog_summary_failure,0,1,/home/ak58925/agentCtx/ICLR_results/swebench/ablation/qwen35b/d05__b20k__ss/django__django-17087/structured-summarize/run_1/trajectory.json,details/08835.txt,main,/home/ak58925/agentCtx/ICLR_results/swebench/main/qwen35b/d05__b20k__ss/django__django-17087/structured-summarize/run_1/trajectory.json,swebench_summary_bug_remaining_20260908_162042_CDT
swebench,ablation,qwen35b,d05__b20k__ss,hosted_vllm/Qwen/Qwen3.5-35B-A3B,structured_summarize,20000,0.5,django__django-17087,structured-summarize,run_2,priority,agentlog_summary_failure,0,1,/home/ak58925/agentCtx/ICLR_results/swebench/ablation/qwen35b/d05__b20k__ss/django__django-17087/structured-summarize/run_2/trajectory.json,,main,/home/ak58925/agentCtx/ICLR_results/swebench/main/qwen35b/d05__b20k__ss/django__django-17087/structured-summarize/run_2/trajectory.json,swebench_summary_bug_remaining_20260908_162042_CDT
swebench,ablation,qwen35b,d05__b20k__ss,hosted_vllm/Qwen/Qwen3.5-35B-A3B,structured_summarize,20000,0.5,scikit-learn__scikit-learn-10297,structured-summarize,run_1,priority,agentlog_summary_failure,0,2,/home/ak58925/agentCtx/ICLR_results/swebench/ablation/qwen35b/d05__b20k__ss/scikit-learn__scikit-learn-10297/structured-summarize/run_1/trajectory.json,,main,/home/ak58925/agentCtx/ICLR_results/swebench/main/qwen35b/d05__b20k__ss/scikit-learn__scikit-learn-10297/structured-summarize/run_1/trajectory.json,swebench_summary_bug_remaining_20260908_162042_CDT
swebench,ablation,qwen35b,d05__b20k__ss,hosted_vllm/Qwen/Qwen3.5-35B-A3B,structured_summarize,20000,0.5,scikit-learn__scikit-learn-10297,structured-summarize,run_3,priority,agentlog_summary_failure,0,1,/home/ak58925/agentCtx/ICLR_results/swebench/ablation/qwen35b/d05__b20k__ss/scikit-learn__scikit-learn-10297/structured-summarize/run_3/trajectory.json,,main,/home/ak58925/agentCtx/ICLR_results/swebench/main/qwen35b/d05__b20k__ss/scikit-learn__scikit-learn-10297/structured-summarize/run_3/trajectory.json,swebench_summary_bug_remaining_20260908_162042_CDT
swebench,ablation,qwen35b,d05__b20k__ss,hosted_vllm/Qwen/Qwen3.5-35B-A3B,structured_summarize,20000,0.5,scikit-learn__scikit-learn-11310,structured-summarize,run_1,priority,agentlog_summary_failure,0,1,/home/ak58925/agentCtx/ICLR_results/swebench/ablation/qwen35b/d05__b20k__ss/scikit-learn__scikit-learn-11310/structured-summarize/run_1/trajectory.json,,main,/home/ak58925/agentCtx/ICLR_results/swebench/main/qwen35b/d05__b20k__ss/scikit-learn__scikit-learn-11310/structured-summarize/run_1/trajectory.json,swebench_summary_bug_remaining_20260908_162042_CDT
swebench,ablation,qwen35b,d05__b20k__ss,hosted_vllm/Qwen/Qwen3.5-35B-A3B,structured_summarize,20000,0.5,scikit-learn__scikit-learn-11310,structured-summarize,run_3,priority,agentlog_summary_failure,0,1,/home/ak58925/agentCtx/ICLR_results/swebench/ablation/qwen35b/d05__b20k__ss/scikit-learn__scikit-learn-11310/structured-summarize/run_3/trajectory.json,details/08842.txt,main,/home/ak58925/agentCtx/ICLR_results/swebench/main/qwen35b/d05__b20k__ss/scikit-learn__scikit-learn-11310/structured-summarize/run_3/trajectory.json,swebench_summary_bug_remaining_20260908_162042_CDT
swebench,ablation,qwen35b,d05__b20k__ss,hosted_vllm/Qwen/Qwen3.5-35B-A3B,structured_summarize,20000,0.5,scikit-learn__scikit-learn-11578,structured-summarize,run_1,priority,agentlog_summary_failure,0,1,/home/ak58925/agentCtx/ICLR_results/swebench/ablation/qwen35b/d05__b20k__ss/scikit-learn__scikit-learn-11578/structured-summarize/run_1/trajectory.json,,main,/home/ak58925/agentCtx/ICLR_results/swebench/main/qwen35b/d05__b20k__ss/scikit-learn__scikit-learn-11578/structured-summarize/run_1/trajectory.json,swebench_summary_bug_remaining_20260908_162042_CDT
swebench,ablation,qwen35b,d05__b20k__ss,hosted_vllm/Qwen/Qwen3.5-35B-A3B,structured_summarize,20000,0.5,scikit-learn__scikit-learn-11578,structured-summarize,run_2,priority,agentlog_summary_failure,0,1,/home/ak58925/agentCtx/ICLR_results/swebench/ablation/qwen35b/d05__b20k__ss/scikit-learn__scikit-learn-11578/structured-summarize/run_2/trajectory.json,,main,/home/ak58925/agentCtx/ICLR_results/swebench/main/qwen35b/d05__b20k__ss/scikit-learn__scikit-learn-11578/structured-summarize/run_2/trajectory.json,swebench_summary_bug_remaining_20260908_162042_CDT
swebench,ablation,qwen35b,d05__b20k__ss,hosted_vllm/Qwen/Qwen3.5-35B-A3B,structured_summarize,20000,0.5,scikit-learn__scikit-learn-11578,structured-summarize,run_3,priority,agentlog_summary_failure,0,1,/home/ak58925/agentCtx/ICLR_results/swebench/ablation/qwen35b/d05__b20k__ss/scikit-learn__scikit-learn-11578/structured-summarize/run_3/trajectory.json,,main,/home/ak58925/agentCtx/ICLR_results/swebench/main/qwen35b/d05__b20k__ss/scikit-learn__scikit-learn-11578/structured-summarize/run_3/trajectory.json,swebench_summary_bug_remaining_20260908_162042_CDT
swebench,ablation,qwen35b,d05__b20k__ss,hosted_vllm/Qwen/Qwen3.5-35B-A3B,structured_summarize,20000,0.5,scikit-learn__scikit-learn-13328,structured-summarize,run_1,priority,agentlog_summary_failure,0,1,/home/ak58925/agentCtx/ICLR_results/swebench/ablation/qwen35b/d05__b20k__ss/scikit-learn__scikit-learn-13328/structured-summarize/run_1/trajectory.json,,main,/home/ak58925/agentCtx/ICLR_results/swebench/main/qwen35b/d05__b20k__ss/scikit-learn__scikit-learn-13328/structured-summarize/run_1/trajectory.json,swebench_summary_bug_remaining_20260908_162042_CDT
swebench,ablation,qwen35b,d05__b20k__ss,hosted_vllm/Qwen/Qwen3.5-35B-A3B,structured_summarize,20000,0.5,scikit-learn__scikit-learn-13328,structured-summarize,run_2,priority,agentlog_summary_failure,0,1,/home/ak58925/agentCtx/ICLR_results/swebench/ablation/qwen35b/d05__b20k__ss/scikit-learn__scikit-learn-13328/structured-summarize/run_2/trajectory.json,,main,/home/ak58925/agentCtx/ICLR_results/swebench/main/qwen35b/d05__b20k__ss/scikit-learn__scikit-learn-13328/structured-summarize/run_2/trajectory.json,swebench_summary_bug_remaining_20260908_162042_CDT
swebench,ablation,qwen35b,d05__b20k__ss,hosted_vllm/Qwen/Qwen3.5-35B-A3B,structured_summarize,20000,0.5,scikit-learn__scikit-learn-25747,structured-summarize,run_3,priority,agentlog_summary_failure,0,1,/home/ak58925/agentCtx/ICLR_results/swebench/ablation/qwen35b/d05__b20k__ss/scikit-learn__scikit-learn-25747/structured-summarize/run_3/trajectory.json,details/08873.txt,main,/home/ak58925/agentCtx/ICLR_results/swebench/main/qwen35b/d05__b20k__ss/scikit-learn__scikit-learn-25747/structured-summarize/run_3/trajectory.json,swebench_summary_bug_remaining_20260908_162042_CDT
swebench,ablation,qwen35b,d05__b20k__ss,hosted_vllm/Qwen/Qwen3.5-35B-A3B,structured_summarize,20000,0.5,scikit-learn__scikit-learn-26323,structured-summarize,run_3,priority,agentlog_summary_failure,0,1,/home/ak58925/agentCtx/ICLR_results/swebench/ablation/qwen35b/d05__b20k__ss/scikit-learn__scikit-learn-26323/structured-summarize/run_3/trajectory.json,,main,/home/ak58925/agentCtx/ICLR_results/swebench/main/qwen35b/d05__b20k__ss/scikit-learn__scikit-learn-26323/structured-summarize/run_3/trajectory.json,swebench_summary_bug_remaining_20260908_162042_CDT
swebench,ablation,qwen35b,d05__b20k__ss,hosted_vllm/Qwen/Qwen3.5-35B-A3B,structured_summarize,20000,0.5,sympy__sympy-11618,structured-summarize,run_1,priority,agentlog_summary_failure,0,1,/home/ak58925/agentCtx/ICLR_results/swebench/ablation/qwen35b/d05__b20k__ss/sympy__sympy-11618/structured-summarize/run_1/trajectory.json,,main,/home/ak58925/agentCtx/ICLR_results/swebench/main/qwen35b/d05__b20k__ss/sympy__sympy-11618/structured-summarize/run_1/trajectory.json,swebench_summary_bug_remaining_20260908_162042_CDT
swebench,ablation,qwen35b,d05__b20k__ss,hosted_vllm/Qwen/Qwen3.5-35B-A3B,structured_summarize,20000,0.5,sympy__sympy-11618,structured-summarize,run_3,priority,agentlog_summary_failure,0,1,/home/ak58925/agentCtx/ICLR_results/swebench/ablation/qwen35b/d05__b20k__ss/sympy__sympy-11618/structured-summarize/run_3/trajectory.json,,main,/home/ak58925/agentCtx/ICLR_results/swebench/main/qwen35b/d05__b20k__ss/sympy__sympy-11618/structured-summarize/run_3/trajectory.json,swebench_summary_bug_remaining_20260908_162042_CDT
swebench,ablation,qwen35b,d05__b20k__ss,hosted_vllm/Qwen/Qwen3.5-35B-A3B,structured_summarize,20000,0.5,sympy__sympy-13091,structured-summarize,run_1,priority,agentlog_summary_failure,0,1,/home/ak58925/agentCtx/ICLR_results/swebench/ablation/qwen35b/d05__b20k__ss/sympy__sympy-13091/structured-summarize/run_1/trajectory.json,details/08887.txt,main,/home/ak58925/agentCtx/ICLR_results/swebench/main/qwen35b/d05__b20k__ss/sympy__sympy-13091/structured-summarize/run_1/trajectory.json,swebench_summary_bug_remaining_20260908_162042_CDT
swebench,ablation,qwen35b,d05__b20k__ss,hosted_vllm/Qwen/Qwen3.5-35B-A3B,structured_summarize,20000,0.5,sympy__sympy-15345,structured-summarize,run_1,priority,agentlog_summary_failure,0,5,/home/ak58925/agentCtx/ICLR_results/swebench/ablation/qwen35b/d05__b20k__ss/sympy__sympy-15345/structured-summarize/run_1/trajectory.json,,main,/home/ak58925/agentCtx/ICLR_results/swebench/main/qwen35b/d05__b20k__ss/sympy__sympy-15345/structured-summarize/run_1/trajectory.json,swebench_summary_bug_remaining_20260908_162042_CDT
swebench,ablation,qwen35b,d05__b20k__ss,hosted_vllm/Qwen/Qwen3.5-35B-A3B,structured_summarize,20000,0.5,sympy__sympy-15345,structured-summarize,run_2,priority,agentlog_summary_failure,0,2,/home/ak58925/agentCtx/ICLR_results/swebench/ablation/qwen35b/d05__b20k__ss/sympy__sympy-15345/structured-summarize/run_2/trajectory.json,,main,/home/ak58925/agentCtx/ICLR_results/swebench/main/qwen35b/d05__b20k__ss/sympy__sympy-15345/structured-summarize/run_2/trajectory.json,swebench_summary_bug_remaining_20260908_162042_CDT
swebench,ablation,qwen35b,d05__b20k__ss,hosted_vllm/Qwen/Qwen3.5-35B-A3B,structured_summarize,20000,0.5,sympy__sympy-15345,structured-summarize,run_3,priority,agentlog_summary_failure,0,10,/home/ak58925/agentCtx/ICLR_results/swebench/ablation/qwen35b/d05__b20k__ss/sympy__sympy-15345/structured-summarize/run_3/trajectory.json,details/08907.txt,main,/home/ak58925/agentCtx/ICLR_results/swebench/main/qwen35b/d05__b20k__ss/sympy__sympy-15345/structured-summarize/run_3/trajectory.json,swebench_summary_bug_remaining_20260908_162042_CDT
swebench,ablation,qwen35b,d05__b20k__ss,hosted_vllm/Qwen/Qwen3.5-35B-A3B,structured_summarize,20000,0.5,sympy__sympy-17630,structured-summarize,run_1,priority,agentlog_summary_failure,0,1,/home/ak58925/agentCtx/ICLR_results/swebench/ablation/qwen35b/d05__b20k__ss/sympy__sympy-17630/structured-summarize/run_1/trajectory.json,,main,/home/ak58925/agentCtx/ICLR_results/swebench/main/qwen35b/d05__b20k__ss/sympy__sympy-17630/structured-summarize/run_1/trajectory.json,swebench_summary_bug_remaining_20260908_162042_CDT
swebench,ablation,qwen35b,d05__b20k__ss,hosted_vllm/Qwen/Qwen3.5-35B-A3B,structured_summarize,20000,0.5,sympy__sympy-17630,structured-summarize,run_3,priority,agentlog_summary_failure,0,1,/home/ak58925/agentCtx/ICLR_results/swebench/ablation/qwen35b/d05__b20k__ss/sympy__sympy-17630/structured-summarize/run_3/trajectory.json,,main,/home/ak58925/agentCtx/ICLR_results/swebench/main/qwen35b/d05__b20k__ss/sympy__sympy-17630/structured-summarize/run_3/trajectory.json,swebench_summary_bug_remaining_20260908_162042_CDT
swebench,ablation,qwen35b,d05__b20k__ss,hosted_vllm/Qwen/Qwen3.5-35B-A3B,structured_summarize,20000,0.5,sympy__sympy-24066,structured-summarize,run_3,priority,agentlog_summary_failure,0,1,/home/ak58925/agentCtx/ICLR_results/swebench/ablation/qwen35b/d05__b20k__ss/sympy__sympy-24066/structured-summarize/run_3/trajectory.json,,main,/home/ak58925/agentCtx/ICLR_results/swebench/main/qwen35b/d05__b20k__ss/sympy__sympy-24066/structured-summarize/run_3/trajectory.json,swebench_summary_bug_remaining_20260908_162042_CDT
swebench,ablation,qwen35b,d05__b20k__ss-partial,hosted_vllm/Qwen/Qwen3.5-35B-A3B,structured_summarize_partial,20000,0.5,django__django-13012,structured-summarize-partial,run_2,priority,summary_failure_accounting,0,1,/home/ak58925/agentCtx/ICLR_results/swebench/ablation/qwen35b/d05__b20k__ss-partial/django__django-13012/structured-summarize-partial/run_2/trajectory.json,/home/ak58925/agentCtx/archives/summary-bug-audit-20260907_185802_CDT/audit-swebench/details/08967.txt,main,/home/ak58925/agentCtx/ICLR_results/swebench/main/qwen35b/d05__b20k__ss-partial/django__django-13012/structured-summarize-partial/run_2/trajectory.json,swebench_summary_bug_remaining_20260908_162042_CDT
swebench,ablation,qwen35b,d05__b20k__ss-partial,hosted_vllm/Qwen/Qwen3.5-35B-A3B,structured_summarize_partial,20000,0.5,scikit-learn__scikit-learn-10908,structured-summarize-partial,run_3,priority,summary_failure_accounting,0,1,/home/ak58925/agentCtx/ICLR_results/swebench/ablation/qwen35b/d05__b20k__ss-partial/scikit-learn__scikit-learn-10908/structured-summarize-partial/run_3/trajectory.json,/home/ak58925/agentCtx/archives/summary-bug-audit-20260907_185802_CDT/audit-swebench/details/09018.txt,main,/home/ak58925/agentCtx/ICLR_results/swebench/main/qwen35b/d05__b20k__ss-partial/scikit-learn__scikit-learn-10908/structured-summarize-partial/run_3/trajectory.json,swebench_summary_bug_remaining_20260908_162042_CDT
swebench,ablation,qwen35b,d05__b20k__ss-partial,hosted_vllm/Qwen/Qwen3.5-35B-A3B,structured_summarize_partial,20000,0.5,scikit-learn__scikit-learn-11310,structured-summarize-partial,run_1,priority,summary_failure_accounting,0,2,/home/ak58925/agentCtx/ICLR_results/swebench/ablation/qwen35b/d05__b20k__ss-partial/scikit-learn__scikit-learn-11310/structured-summarize-partial/run_1/trajectory.json,/home/ak58925/agentCtx/archives/summary-bug-audit-20260907_185802_CDT/audit-swebench/details/09019.txt,main,/home/ak58925/agentCtx/ICLR_results/swebench/main/qwen35b/d05__b20k__ss-partial/scikit-learn__scikit-learn-11310/structured-summarize-partial/run_1/trajectory.json,swebench_summary_bug_remaining_20260908_162042_CDT
swebench,ablation,qwen35b,d05__b20k__ss-partial,hosted_vllm/Qwen/Qwen3.5-35B-A3B,structured_summarize_partial,20000,0.5,scikit-learn__scikit-learn-11310,structured-summarize-partial,run_3,priority,summary_failure_accounting,0,1,/home/ak58925/agentCtx/ICLR_results/swebench/ablation/qwen35b/d05__b20k__ss-partial/scikit-learn__scikit-learn-11310/structured-summarize-partial/run_3/trajectory.json,/home/ak58925/agentCtx/archives/summary-bug-audit-20260907_185802_CDT/audit-swebench/details/09021.txt,main,/home/ak58925/agentCtx/ICLR_results/swebench/main/qwen35b/d05__b20k__ss-partial/scikit-learn__scikit-learn-11310/structured-summarize-partial/run_3/trajectory.json,swebench_summary_bug_remaining_20260908_162042_CDT
swebench,ablation,qwen35b,d05__b20k__ss-partial,hosted_vllm/Qwen/Qwen3.5-35B-A3B,structured_summarize_partial,20000,0.5,scikit-learn__scikit-learn-13328,structured-summarize-partial,run_2,priority,summary_failure_accounting,0,1,/home/ak58925/agentCtx/ICLR_results/swebench/ablation/qwen35b/d05__b20k__ss-partial/scikit-learn__scikit-learn-13328/structured-summarize-partial/run_2/trajectory.json,/home/ak58925/agentCtx/archives/summary-bug-audit-20260907_185802_CDT/audit-swebench/details/09037.txt,main,/home/ak58925/agentCtx/ICLR_results/swebench/main/qwen35b/d05__b20k__ss-partial/scikit-learn__scikit-learn-13328/structured-summarize-partial/run_2/trajectory.json,swebench_summary_bug_remaining_20260908_162042_CDT
swebench,ablation,qwen35b,d05__b20k__ss-partial,hosted_vllm/Qwen/Qwen3.5-35B-A3B,structured_summarize_partial,20000,0.5,scikit-learn__scikit-learn-26323,structured-summarize-partial,run_2,priority,summary_failure_accounting,0,2,/home/ak58925/agentCtx/ICLR_results/swebench/ablation/qwen35b/d05__b20k__ss-partial/scikit-learn__scikit-learn-26323/structured-summarize-partial/run_2/trajectory.json,/home/ak58925/agentCtx/archives/summary-bug-audit-20260907_185802_CDT/audit-swebench/details/09074.txt,main,/home/ak58925/agentCtx/ICLR_results/swebench/main/qwen35b/d05__b20k__ss-partial/scikit-learn__scikit-learn-26323/structured-summarize-partial/run_2/trajectory.json,swebench_summary_bug_remaining_20260908_162042_CDT
swebench,ablation,qwen35b,d05__b20k__ss-partial,hosted_vllm/Qwen/Qwen3.5-35B-A3B,structured_summarize_partial,20000,0.5,sympy__sympy-11618,structured-summarize-partial,run_3,priority,summary_failure_accounting,0,1,/home/ak58925/agentCtx/ICLR_results/swebench/ablation/qwen35b/d05__b20k__ss-partial/sympy__sympy-11618/structured-summarize-partial/run_3/trajectory.json,/home/ak58925/agentCtx/archives/summary-bug-audit-20260907_185802_CDT/audit-swebench/details/09077.txt,main,/home/ak58925/agentCtx/ICLR_results/swebench/main/qwen35b/d05__b20k__ss-partial/sympy__sympy-11618/structured-summarize-partial/run_3/trajectory.json,swebench_summary_bug_remaining_20260908_162042_CDT
swebench,ablation,qwen35b,d05__b20k__ss-partial,hosted_vllm/Qwen/Qwen3.5-35B-A3B,structured_summarize_partial,20000,0.5,sympy__sympy-15345,structured-summarize-partial,run_2,priority,summary_failure_accounting,0,1,/home/ak58925/agentCtx/ICLR_results/swebench/ablation/qwen35b/d05__b20k__ss-partial/sympy__sympy-15345/structured-summarize-partial/run_2/trajectory.json,/home/ak58925/agentCtx/archives/summary-bug-audit-20260907_185802_CDT/audit-swebench/details/09108.txt,main,/home/ak58925/agentCtx/ICLR_results/swebench/main/qwen35b/d05__b20k__ss-partial/sympy__sympy-15345/structured-summarize-partial/run_2/trajectory.json,swebench_summary_bug_remaining_20260908_162042_CDT
swebench,ablation,qwen35b,d05__b20k__ss-partial,hosted_vllm/Qwen/Qwen3.5-35B-A3B,structured_summarize_partial,20000,0.5,django__django-11292,structured-summarize-partial,run_1,priority,agentlog_summary_failure,0,1,/home/ak58925/agentCtx/ICLR_results/swebench/ablation/qwen35b/d05__b20k__ss-partial/django__django-11292/structured-summarize-partial/run_1/trajectory.json,details/08939.txt,main,/home/ak58925/agentCtx/ICLR_results/swebench/main/qwen35b/d05__b20k__ss-partial/django__django-11292/structured-summarize-partial/run_1/trajectory.json,swebench_summary_bug_remaining_20260908_162042_CDT
swebench,ablation,qwen35b,d05__b20k__ss-partial,hosted_vllm/Qwen/Qwen3.5-35B-A3B,structured_summarize_partial,20000,0.5,django__django-11299,structured-summarize-partial,run_2,priority,agentlog_summary_failure,0,3,/home/ak58925/agentCtx/ICLR_results/swebench/ablation/qwen35b/d05__b20k__ss-partial/django__django-11299/structured-summarize-partial/run_2/trajectory.json,details/08943.txt,main,/home/ak58925/agentCtx/ICLR_results/swebench/main/qwen35b/d05__b20k__ss-partial/django__django-11299/structured-summarize-partial/run_2/trajectory.json,swebench_summary_bug_remaining_20260908_162042_CDT
swebench,ablation,qwen35b,d05__b20k__ss-partial,hosted_vllm/Qwen/Qwen3.5-35B-A3B,structured_summarize_partial,20000,0.5,django__django-11299,structured-summarize-partial,run_3,priority,agentlog_summary_failure,0,2,/home/ak58925/agentCtx/ICLR_results/swebench/ablation/qwen35b/d05__b20k__ss-partial/django__django-11299/structured-summarize-partial/run_3/trajectory.json,,main,/home/ak58925/agentCtx/ICLR_results/swebench/main/qwen35b/d05__b20k__ss-partial/django__django-11299/structured-summarize-partial/run_3/trajectory.json,swebench_summary_bug_remaining_20260908_162042_CDT
swebench,ablation,qwen35b,d05__b20k__ss-partial,hosted_vllm/Qwen/Qwen3.5-35B-A3B,structured_summarize_partial,20000,0.5,django__django-13964,structured-summarize-partial,run_3,priority,agentlog_summary_failure,0,1,/home/ak58925/agentCtx/ICLR_results/swebench/ablation/qwen35b/d05__b20k__ss-partial/django__django-13964/structured-summarize-partial/run_3/trajectory.json,details/08976.txt,main,/home/ak58925/agentCtx/ICLR_results/swebench/main/qwen35b/d05__b20k__ss-partial/django__django-13964/structured-summarize-partial/run_3/trajectory.json,swebench_summary_bug_remaining_20260908_162042_CDT
swebench,ablation,qwen35b,d05__b20k__ss-partial,hosted_vllm/Qwen/Qwen3.5-35B-A3B,structured_summarize_partial,20000,0.5,django__django-14999,structured-summarize-partial,run_3,priority,agentlog_summary_failure,0,3,/home/ak58925/agentCtx/ICLR_results/swebench/ablation/qwen35b/d05__b20k__ss-partial/django__django-14999/structured-summarize-partial/run_3/trajectory.json,details/08989.txt,main,/home/ak58925/agentCtx/ICLR_results/swebench/main/qwen35b/d05__b20k__ss-partial/django__django-14999/structured-summarize-partial/run_3/trajectory.json,swebench_summary_bug_remaining_20260908_162042_CDT
swebench,ablation,qwen35b,d05__b20k__ss-partial,hosted_vllm/Qwen/Qwen3.5-35B-A3B,structured_summarize_partial,20000,0.5,scikit-learn__scikit-learn-25747,structured-summarize-partial,run_1,priority,agentlog_summary_failure,0,6,/home/ak58925/agentCtx/ICLR_results/swebench/ablation/qwen35b/d05__b20k__ss-partial/scikit-learn__scikit-learn-25747/structured-summarize-partial/run_1/trajectory.json,,main,/home/ak58925/agentCtx/ICLR_results/swebench/main/qwen35b/d05__b20k__ss-partial/scikit-learn__scikit-learn-25747/structured-summarize-partial/run_1/trajectory.json,swebench_summary_bug_remaining_20260908_162042_CDT
swebench,ablation,qwen35b,d05__b20k__su-full,hosted_vllm/Qwen/Qwen3.5-35B-A3B,summarization,20000,0.5,django__django-13964,summarization,run_2,probable,summary_related_response,0,0,/home/ak58925/agentCtx/ICLR_results/swebench/ablation/qwen35b/d05__b20k__su-full/django__django-13964/summarization/run_2/trajectory.json,/home/ak58925/agentCtx/archives/summary-bug-audit-20260907_185802_CDT/audit-swebench/details/09178.txt,main,/home/ak58925/agentCtx/ICLR_results/swebench/main/qwen35b/d05__b20k__su-full/django__django-13964/summarization/run_2/trajectory.json,swebench_summary_bug_remaining_20260908_162042_CDT
swebench,ablation,qwen35b,d05__b20k__su-full,hosted_vllm/Qwen/Qwen3.5-35B-A3B,summarization,20000,0.5,django__django-14999,summarization,run_3,priority,summary_failure_accounting,0,1,/home/ak58925/agentCtx/ICLR_results/swebench/ablation/qwen35b/d05__b20k__su-full/django__django-14999/summarization/run_3/trajectory.json,/home/ak58925/agentCtx/archives/summary-bug-audit-20260907_185802_CDT/audit-swebench/details/09186.txt,main,/home/ak58925/agentCtx/ICLR_results/swebench/main/qwen35b/d05__b20k__su-full/django__django-14999/summarization/run_3/trajectory.json,swebench_summary_bug_remaining_20260908_162042_CDT
swebench,ablation,qwen35b,d05__b20k__su-full,hosted_vllm/Qwen/Qwen3.5-35B-A3B,summarization,20000,0.5,scikit-learn__scikit-learn-11310,summarization,run_2,probable,summary_related_response,0,0,/home/ak58925/agentCtx/ICLR_results/swebench/ablation/qwen35b/d05__b20k__su-full/scikit-learn__scikit-learn-11310/summarization/run_2/trajectory.json,/home/ak58925/agentCtx/archives/summary-bug-audit-20260907_185802_CDT/audit-swebench/details/09215.txt,main,/home/ak58925/agentCtx/ICLR_results/swebench/main/qwen35b/d05__b20k__su-full/scikit-learn__scikit-learn-11310/summarization/run_2/trajectory.json,swebench_summary_bug_remaining_20260908_162042_CDT
swebench,ablation,qwen35b,d05__b20k__su-full,hosted_vllm/Qwen/Qwen3.5-35B-A3B,summarization,20000,0.5,scikit-learn__scikit-learn-13779,summarization,run_1,priority,summary_failure_accounting,0,1,/home/ak58925/agentCtx/ICLR_results/swebench/ablation/qwen35b/d05__b20k__su-full/scikit-learn__scikit-learn-13779/summarization/run_1/trajectory.json,/home/ak58925/agentCtx/archives/summary-bug-audit-20260907_185802_CDT/audit-swebench/details/09230.txt,main,/home/ak58925/agentCtx/ICLR_results/swebench/main/qwen35b/d05__b20k__su-full/scikit-learn__scikit-learn-13779/summarization/run_1/trajectory.json,swebench_summary_bug_remaining_20260908_162042_CDT
swebench,ablation,qwen35b,d05__b20k__su-full,hosted_vllm/Qwen/Qwen3.5-35B-A3B,summarization,20000,0.5,scikit-learn__scikit-learn-26323,summarization,run_1,probable,summary_related_response,0,0,/home/ak58925/agentCtx/ICLR_results/swebench/ablation/qwen35b/d05__b20k__su-full/scikit-learn__scikit-learn-26323/summarization/run_1/trajectory.json,/home/ak58925/agentCtx/archives/summary-bug-audit-20260907_185802_CDT/audit-swebench/details/09246.txt,main,/home/ak58925/agentCtx/ICLR_results/swebench/main/qwen35b/d05__b20k__su-full/scikit-learn__scikit-learn-26323/summarization/run_1/trajectory.json,swebench_summary_bug_remaining_20260908_162042_CDT
swebench,ablation,qwen35b,d05__b20k__su-full,hosted_vllm/Qwen/Qwen3.5-35B-A3B,summarization,20000,0.5,scikit-learn__scikit-learn-26323,summarization,run_3,priority,summary_failure_accounting,0,7,/home/ak58925/agentCtx/ICLR_results/swebench/ablation/qwen35b/d05__b20k__su-full/scikit-learn__scikit-learn-26323/summarization/run_3/trajectory.json,/home/ak58925/agentCtx/archives/summary-bug-audit-20260907_185802_CDT/audit-swebench/details/09248.txt,main,/home/ak58925/agentCtx/ICLR_results/swebench/main/qwen35b/d05__b20k__su-full/scikit-learn__scikit-learn-26323/summarization/run_3/trajectory.json,swebench_summary_bug_remaining_20260908_162042_CDT
swebench,ablation,qwen35b,d05__b20k__su-full,hosted_vllm/Qwen/Qwen3.5-35B-A3B,summarization,20000,0.5,sympy__sympy-24443,summarization,run_1,probable,summary_related_response,0,0,/home/ak58925/agentCtx/ICLR_results/swebench/ablation/qwen35b/d05__b20k__su-full/sympy__sympy-24443/summarization/run_1/trajectory.json,/home/ak58925/agentCtx/archives/summary-bug-audit-20260907_185802_CDT/audit-swebench/details/09287.txt,main,/home/ak58925/agentCtx/ICLR_results/swebench/main/qwen35b/d05__b20k__su-full/sympy__sympy-24443/summarization/run_1/trajectory.json,swebench_summary_bug_remaining_20260908_162042_CDT
swebench,ablation,qwen35b,d05__b20k__su-full,hosted_vllm/Qwen/Qwen3.5-35B-A3B,summarization,20000,0.5,django__django-11292,summarization,run_2,priority,agentlog_summary_failure,0,2,/home/ak58925/agentCtx/ICLR_results/swebench/ablation/qwen35b/d05__b20k__su-full/django__django-11292/summarization/run_2/trajectory.json,details/09149.txt,main,/home/ak58925/agentCtx/ICLR_results/swebench/main/qwen35b/d05__b20k__su-full/django__django-11292/summarization/run_2/trajectory.json,swebench_summary_bug_remaining_20260908_162042_CDT
swebench,ablation,qwen35b,d05__b20k__su-full,hosted_vllm/Qwen/Qwen3.5-35B-A3B,summarization,20000,0.5,django__django-11299,summarization,run_2,priority,agentlog_summary_failure,0,3,/home/ak58925/agentCtx/ICLR_results/swebench/ablation/qwen35b/d05__b20k__su-full/django__django-11299/summarization/run_2/trajectory.json,details/09151.txt,main,/home/ak58925/agentCtx/ICLR_results/swebench/main/qwen35b/d05__b20k__su-full/django__django-11299/summarization/run_2/trajectory.json,swebench_summary_bug_remaining_20260908_162042_CDT
swebench,ablation,qwen35b,d05__b20k__su-full,hosted_vllm/Qwen/Qwen3.5-35B-A3B,summarization,20000,0.5,django__django-12273,summarization,run_1,priority,agentlog_summary_failure,0,4,/home/ak58925/agentCtx/ICLR_results/swebench/ablation/qwen35b/d05__b20k__su-full/django__django-12273/summarization/run_1/trajectory.json,details/09162.txt,main,/home/ak58925/agentCtx/ICLR_results/swebench/main/qwen35b/d05__b20k__su-full/django__django-12273/summarization/run_1/trajectory.json,swebench_summary_bug_remaining_20260908_162042_CDT
swebench,ablation,qwen35b,d05__b20k__su-full,hosted_vllm/Qwen/Qwen3.5-35B-A3B,summarization,20000,0.5,django__django-13012,summarization,run_1,priority,agentlog_summary_failure,0,1,/home/ak58925/agentCtx/ICLR_results/swebench/ablation/qwen35b/d05__b20k__su-full/django__django-13012/summarization/run_1/trajectory.json,details/09171.txt,main,/home/ak58925/agentCtx/ICLR_results/swebench/main/qwen35b/d05__b20k__su-full/django__django-13012/summarization/run_1/trajectory.json,swebench_summary_bug_remaining_20260908_162042_CDT
swebench,ablation,qwen35b,d05__b20k__su-full,hosted_vllm/Qwen/Qwen3.5-35B-A3B,summarization,20000,0.5,django__django-13012,summarization,run_2,priority,agentlog_summary_failure,0,2,/home/ak58925/agentCtx/ICLR_results/swebench/ablation/qwen35b/d05__b20k__su-full/django__django-13012/summarization/run_2/trajectory.json,details/09172.txt,main,/home/ak58925/agentCtx/ICLR_results/swebench/main/qwen35b/d05__b20k__su-full/django__django-13012/summarization/run_2/trajectory.json,swebench_summary_bug_remaining_20260908_162042_CDT
swebench,ablation,qwen35b,d05__b20k__su-full,hosted_vllm/Qwen/Qwen3.5-35B-A3B,summarization,20000,0.5,django__django-13964,summarization,run_1,priority,agentlog_summary_failure,0,1,/home/ak58925/agentCtx/ICLR_results/swebench/ablation/qwen35b/d05__b20k__su-full/django__django-13964/summarization/run_1/trajectory.json,details/09177.txt,main,/home/ak58925/agentCtx/ICLR_results/swebench/main/qwen35b/d05__b20k__su-full/django__django-13964/summarization/run_1/trajectory.json,swebench_summary_bug_remaining_20260908_162042_CDT
swebench,ablation,qwen35b,d05__b20k__su-full,hosted_vllm/Qwen/Qwen3.5-35B-A3B,summarization,20000,0.5,django__django-14580,summarization,run_2,priority,agentlog_summary_failure,0,1,/home/ak58925/agentCtx/ICLR_results/swebench/ablation/qwen35b/d05__b20k__su-full/django__django-14580/summarization/run_2/trajectory.json,,main,/home/ak58925/agentCtx/ICLR_results/swebench/main/qwen35b/d05__b20k__su-full/django__django-14580/summarization/run_2/trajectory.json,swebench_summary_bug_remaining_20260908_162042_CDT
swebench,ablation,qwen35b,d05__b20k__su-full,hosted_vllm/Qwen/Qwen3.5-35B-A3B,summarization,20000,0.5,django__django-14999,summarization,run_1,priority,agentlog_summary_failure,0,1,/home/ak58925/agentCtx/ICLR_results/swebench/ablation/qwen35b/d05__b20k__su-full/django__django-14999/summarization/run_1/trajectory.json,,main,/home/ak58925/agentCtx/ICLR_results/swebench/main/qwen35b/d05__b20k__su-full/django__django-14999/summarization/run_1/trajectory.json,swebench_summary_bug_remaining_20260908_162042_CDT
swebench,ablation,qwen35b,d05__b20k__su-full,hosted_vllm/Qwen/Qwen3.5-35B-A3B,summarization,20000,0.5,django__django-14999,summarization,run_2,priority,agentlog_summary_failure,0,2,/home/ak58925/agentCtx/ICLR_results/swebench/ablation/qwen35b/d05__b20k__su-full/django__django-14999/summarization/run_2/trajectory.json,details/09185.txt,main,/home/ak58925/agentCtx/ICLR_results/swebench/main/qwen35b/d05__b20k__su-full/django__django-14999/summarization/run_2/trajectory.json,swebench_summary_bug_remaining_20260908_162042_CDT
swebench,ablation,qwen35b,d05__b20k__su-full,hosted_vllm/Qwen/Qwen3.5-35B-A3B,summarization,20000,0.5,django__django-17087,summarization,run_2,priority,agentlog_summary_failure,0,2,/home/ak58925/agentCtx/ICLR_results/swebench/ablation/qwen35b/d05__b20k__su-full/django__django-17087/summarization/run_2/trajectory.json,details/09207.txt,main,/home/ak58925/agentCtx/ICLR_results/swebench/main/qwen35b/d05__b20k__su-full/django__django-17087/summarization/run_2/trajectory.json,swebench_summary_bug_remaining_20260908_162042_CDT
swebench,ablation,qwen35b,d05__b20k__su-full,hosted_vllm/Qwen/Qwen3.5-35B-A3B,summarization,20000,0.5,scikit-learn__scikit-learn-10297,summarization,run_3,priority,agentlog_summary_failure,0,2,/home/ak58925/agentCtx/ICLR_results/swebench/ablation/qwen35b/d05__b20k__su-full/scikit-learn__scikit-learn-10297/summarization/run_3/trajectory.json,,main,/home/ak58925/agentCtx/ICLR_results/swebench/main/qwen35b/d05__b20k__su-full/scikit-learn__scikit-learn-10297/summarization/run_3/trajectory.json,swebench_summary_bug_remaining_20260908_162042_CDT
swebench,ablation,qwen35b,d05__b20k__su-full,hosted_vllm/Qwen/Qwen3.5-35B-A3B,summarization,20000,0.5,scikit-learn__scikit-learn-10908,summarization,run_2,priority,agentlog_summary_failure,0,2,/home/ak58925/agentCtx/ICLR_results/swebench/ablation/qwen35b/d05__b20k__su-full/scikit-learn__scikit-learn-10908/summarization/run_2/trajectory.json,details/09213.txt,main,/home/ak58925/agentCtx/ICLR_results/swebench/main/qwen35b/d05__b20k__su-full/scikit-learn__scikit-learn-10908/summarization/run_2/trajectory.json,swebench_summary_bug_remaining_20260908_162042_CDT
swebench,ablation,qwen35b,d05__b20k__su-full,hosted_vllm/Qwen/Qwen3.5-35B-A3B,summarization,20000,0.5,scikit-learn__scikit-learn-11310,summarization,run_3,priority,agentlog_summary_failure,0,1,/home/ak58925/agentCtx/ICLR_results/swebench/ablation/qwen35b/d05__b20k__su-full/scikit-learn__scikit-learn-11310/summarization/run_3/trajectory.json,details/09216.txt,main,/home/ak58925/agentCtx/ICLR_results/swebench/main/qwen35b/d05__b20k__su-full/scikit-learn__scikit-learn-11310/summarization/run_3/trajectory.json,swebench_summary_bug_remaining_20260908_162042_CDT
swebench,ablation,qwen35b,d05__b20k__su-full,hosted_vllm/Qwen/Qwen3.5-35B-A3B,summarization,20000,0.5,scikit-learn__scikit-learn-11578,summarization,run_2,priority,agentlog_summary_failure,0,1,/home/ak58925/agentCtx/ICLR_results/swebench/ablation/qwen35b/d05__b20k__su-full/scikit-learn__scikit-learn-11578/summarization/run_2/trajectory.json,details/09218.txt,main,/home/ak58925/agentCtx/ICLR_results/swebench/main/qwen35b/d05__b20k__su-full/scikit-learn__scikit-learn-11578/summarization/run_2/trajectory.json,swebench_summary_bug_remaining_20260908_162042_CDT
swebench,ablation,qwen35b,d05__b20k__su-full,hosted_vllm/Qwen/Qwen3.5-35B-A3B,summarization,20000,0.5,scikit-learn__scikit-learn-13328,summarization,run_3,priority,agentlog_summary_failure,0,2,/home/ak58925/agentCtx/ICLR_results/swebench/ablation/qwen35b/d05__b20k__su-full/scikit-learn__scikit-learn-13328/summarization/run_3/trajectory.json,details/09227.txt,main,/home/ak58925/agentCtx/ICLR_results/swebench/main/qwen35b/d05__b20k__su-full/scikit-learn__scikit-learn-13328/summarization/run_3/trajectory.json,swebench_summary_bug_remaining_20260908_162042_CDT
swebench,ablation,qwen35b,d05__b20k__su-full,hosted_vllm/Qwen/Qwen3.5-35B-A3B,summarization,20000,0.5,scikit-learn__scikit-learn-13779,summarization,run_3,priority,agentlog_summary_failure,0,2,/home/ak58925/agentCtx/ICLR_results/swebench/ablation/qwen35b/d05__b20k__su-full/scikit-learn__scikit-learn-13779/summarization/run_3/trajectory.json,,main,/home/ak58925/agentCtx/ICLR_results/swebench/main/qwen35b/d05__b20k__su-full/scikit-learn__scikit-learn-13779/summarization/run_3/trajectory.json,swebench_summary_bug_remaining_20260908_162042_CDT
swebench,ablation,qwen35b,d05__b20k__su-full,hosted_vllm/Qwen/Qwen3.5-35B-A3B,summarization,20000,0.5,scikit-learn__scikit-learn-25747,summarization,run_1,priority,agentlog_summary_failure,0,1,/home/ak58925/agentCtx/ICLR_results/swebench/ablation/qwen35b/d05__b20k__su-full/scikit-learn__scikit-learn-25747/summarization/run_1/trajectory.json,,main,/home/ak58925/agentCtx/ICLR_results/swebench/main/qwen35b/d05__b20k__su-full/scikit-learn__scikit-learn-25747/summarization/run_1/trajectory.json,swebench_summary_bug_remaining_20260908_162042_CDT
swebench,ablation,qwen35b,d05__b20k__su-full,hosted_vllm/Qwen/Qwen3.5-35B-A3B,summarization,20000,0.5,scikit-learn__scikit-learn-25747,summarization,run_2,priority,agentlog_summary_failure,0,2,/home/ak58925/agentCtx/ICLR_results/swebench/ablation/qwen35b/d05__b20k__su-full/scikit-learn__scikit-learn-25747/summarization/run_2/trajectory.json,details/09243.txt,main,/home/ak58925/agentCtx/ICLR_results/swebench/main/qwen35b/d05__b20k__su-full/scikit-learn__scikit-learn-25747/summarization/run_2/trajectory.json,swebench_summary_bug_remaining_20260908_162042_CDT
swebench,ablation,qwen35b,d05__b20k__su-full,hosted_vllm/Qwen/Qwen3.5-35B-A3B,summarization,20000,0.5,sympy__sympy-13031,summarization,run_1,priority,agentlog_summary_failure,0,15,/home/ak58925/agentCtx/ICLR_results/swebench/ablation/qwen35b/d05__b20k__su-full/sympy__sympy-13031/summarization/run_1/trajectory.json,details/09255.txt,main,/home/ak58925/agentCtx/ICLR_results/swebench/main/qwen35b/d05__b20k__su-full/sympy__sympy-13031/summarization/run_1/trajectory.json,swebench_summary_bug_remaining_20260908_162042_CDT
swebench,ablation,qwen35b,d05__b20k__su-full,hosted_vllm/Qwen/Qwen3.5-35B-A3B,summarization,20000,0.5,sympy__sympy-13031,summarization,run_2,priority,agentlog_summary_failure,0,1,/home/ak58925/agentCtx/ICLR_results/swebench/ablation/qwen35b/d05__b20k__su-full/sympy__sympy-13031/summarization/run_2/trajectory.json,,main,/home/ak58925/agentCtx/ICLR_results/swebench/main/qwen35b/d05__b20k__su-full/sympy__sympy-13031/summarization/run_2/trajectory.json,swebench_summary_bug_remaining_20260908_162042_CDT
swebench,ablation,qwen35b,d05__b20k__su-full,hosted_vllm/Qwen/Qwen3.5-35B-A3B,summarization,20000,0.5,sympy__sympy-13031,summarization,run_3,priority,agentlog_summary_failure,0,1,/home/ak58925/agentCtx/ICLR_results/swebench/ablation/qwen35b/d05__b20k__su-full/sympy__sympy-13031/summarization/run_3/trajectory.json,,main,/home/ak58925/agentCtx/ICLR_results/swebench/main/qwen35b/d05__b20k__su-full/sympy__sympy-13031/summarization/run_3/trajectory.json,swebench_summary_bug_remaining_20260908_162042_CDT
swebench,ablation,qwen35b,d05__b20k__su-full,hosted_vllm/Qwen/Qwen3.5-35B-A3B,summarization,20000,0.5,sympy__sympy-13757,summarization,run_1,priority,agentlog_summary_failure,0,2,/home/ak58925/agentCtx/ICLR_results/swebench/ablation/qwen35b/d05__b20k__su-full/sympy__sympy-13757/summarization/run_1/trajectory.json,,main,/home/ak58925/agentCtx/ICLR_results/swebench/main/qwen35b/d05__b20k__su-full/sympy__sympy-13757/summarization/run_1/trajectory.json,swebench_summary_bug_remaining_20260908_162042_CDT
swebench,ablation,qwen35b,d05__b20k__su-full,hosted_vllm/Qwen/Qwen3.5-35B-A3B,summarization,20000,0.5,sympy__sympy-15345,summarization,run_1,priority,agentlog_summary_failure,0,1,/home/ak58925/agentCtx/ICLR_results/swebench/ablation/qwen35b/d05__b20k__su-full/sympy__sympy-15345/summarization/run_1/trajectory.json,,main,/home/ak58925/agentCtx/ICLR_results/swebench/main/qwen35b/d05__b20k__su-full/sympy__sympy-15345/summarization/run_1/trajectory.json,swebench_summary_bug_remaining_20260908_162042_CDT
swebench,ablation,qwen35b,d05__b20k__su-full,hosted_vllm/Qwen/Qwen3.5-35B-A3B,summarization,20000,0.5,sympy__sympy-15345,summarization,run_2,priority,agentlog_summary_failure,0,1,/home/ak58925/agentCtx/ICLR_results/swebench/ablation/qwen35b/d05__b20k__su-full/sympy__sympy-15345/summarization/run_2/trajectory.json,,main,/home/ak58925/agentCtx/ICLR_results/swebench/main/qwen35b/d05__b20k__su-full/sympy__sympy-15345/summarization/run_2/trajectory.json,swebench_summary_bug_remaining_20260908_162042_CDT
swebench,ablation,qwen35b,d05__b20k__su-full,hosted_vllm/Qwen/Qwen3.5-35B-A3B,summarization,20000,0.5,sympy__sympy-17630,summarization,run_1,probable,agentlog_uncorroborated,0,,/home/ak58925/agentCtx/ICLR_results/swebench/ablation/qwen35b/d05__b20k__su-full/sympy__sympy-17630/summarization/run_1/trajectory.json,details/09271.txt,main,/home/ak58925/agentCtx/ICLR_results/swebench/main/qwen35b/d05__b20k__su-full/sympy__sympy-17630/summarization/run_1/trajectory.json,swebench_summary_bug_remaining_20260908_162042_CDT
swebench,ablation,qwen35b,d05__b20k__su-full,hosted_vllm/Qwen/Qwen3.5-35B-A3B,summarization,20000,0.5,sympy__sympy-17630,summarization,run_2,priority,agentlog_summary_failure,0,1,/home/ak58925/agentCtx/ICLR_results/swebench/ablation/qwen35b/d05__b20k__su-full/sympy__sympy-17630/summarization/run_2/trajectory.json,details/09272.txt,main,/home/ak58925/agentCtx/ICLR_results/swebench/main/qwen35b/d05__b20k__su-full/sympy__sympy-17630/summarization/run_2/trajectory.json,swebench_summary_bug_remaining_20260908_162042_CDT
swebench,ablation,qwen35b,d05__b20k__su-full,hosted_vllm/Qwen/Qwen3.5-35B-A3B,summarization,20000,0.5,sympy__sympy-24066,summarization,run_1,priority,agentlog_summary_failure,0,13,/home/ak58925/agentCtx/ICLR_results/swebench/ablation/qwen35b/d05__b20k__su-full/sympy__sympy-24066/summarization/run_1/trajectory.json,,main,/home/ak58925/agentCtx/ICLR_results/swebench/main/qwen35b/d05__b20k__su-full/sympy__sympy-24066/summarization/run_1/trajectory.json,swebench_summary_bug_remaining_20260908_162042_CDT
swebench,ablation,qwen35b,d05__b20k__su-full,hosted_vllm/Qwen/Qwen3.5-35B-A3B,summarization,20000,0.5,sympy__sympy-24443,summarization,run_2,priority,agentlog_summary_failure,0,1,/home/ak58925/agentCtx/ICLR_results/swebench/ablation/qwen35b/d05__b20k__su-full/sympy__sympy-24443/summarization/run_2/trajectory.json,,main,/home/ak58925/agentCtx/ICLR_results/swebench/main/qwen35b/d05__b20k__su-full/sympy__sympy-24443/summarization/run_2/trajectory.json,swebench_summary_bug_remaining_20260908_162042_CDT
swebench,ablation,qwen35b,d05__b20k__su-partial,hosted_vllm/Qwen/Qwen3.5-35B-A3B,summarization_partial,20000,0.5,django__django-11299,summarization-partial,run_2,priority,summary_failure_accounting,0,2,/home/ak58925/agentCtx/ICLR_results/swebench/ablation/qwen35b/d05__b20k__su-partial/django__django-11299/summarization-partial/run_2/trajectory.json,/home/ak58925/agentCtx/archives/summary-bug-audit-20260907_185802_CDT/audit-swebench/details/09295.txt,main,/home/ak58925/agentCtx/ICLR_results/swebench/main/qwen35b/d05__b20k__su-partial/django__django-11299/summarization-partial/run_2/trajectory.json,swebench_summary_bug_remaining_20260908_162042_CDT
swebench,ablation,qwen35b,d05__b20k__su-partial,hosted_vllm/Qwen/Qwen3.5-35B-A3B,summarization_partial,20000,0.5,django__django-12273,summarization-partial,run_1,priority,summary_failure_accounting,0,6,/home/ak58925/agentCtx/ICLR_results/swebench/ablation/qwen35b/d05__b20k__su-partial/django__django-12273/summarization-partial/run_1/trajectory.json,/home/ak58925/agentCtx/archives/summary-bug-audit-20260907_185802_CDT/audit-swebench/details/09306.txt,main,/home/ak58925/agentCtx/ICLR_results/swebench/main/qwen35b/d05__b20k__su-partial/django__django-12273/summarization-partial/run_1/trajectory.json,swebench_summary_bug_remaining_20260908_162042_CDT
swebench,ablation,qwen35b,d05__b20k__su-partial,hosted_vllm/Qwen/Qwen3.5-35B-A3B,summarization_partial,20000,0.5,django__django-12273,summarization-partial,run_3,priority,summary_failure_accounting,0,2,/home/ak58925/agentCtx/ICLR_results/swebench/ablation/qwen35b/d05__b20k__su-partial/django__django-12273/summarization-partial/run_3/trajectory.json,/home/ak58925/agentCtx/archives/summary-bug-audit-20260907_185802_CDT/audit-swebench/details/09308.txt,main,/home/ak58925/agentCtx/ICLR_results/swebench/main/qwen35b/d05__b20k__su-partial/django__django-12273/summarization-partial/run_3/trajectory.json,swebench_summary_bug_remaining_20260908_162042_CDT
swebench,ablation,qwen35b,d05__b20k__su-partial,hosted_vllm/Qwen/Qwen3.5-35B-A3B,summarization_partial,20000,0.5,django__django-13012,summarization-partial,run_3,priority,summary_failure_accounting,0,2,/home/ak58925/agentCtx/ICLR_results/swebench/ablation/qwen35b/d05__b20k__su-partial/django__django-13012/summarization-partial/run_3/trajectory.json,/home/ak58925/agentCtx/archives/summary-bug-audit-20260907_185802_CDT/audit-swebench/details/09317.txt,main,/home/ak58925/agentCtx/ICLR_results/swebench/main/qwen35b/d05__b20k__su-partial/django__django-13012/summarization-partial/run_3/trajectory.json,swebench_summary_bug_remaining_20260908_162042_CDT
swebench,ablation,qwen35b,d05__b20k__su-partial,hosted_vllm/Qwen/Qwen3.5-35B-A3B,summarization_partial,20000,0.5,django__django-13964,summarization-partial,run_1,priority,summary_failure_accounting,0,4,/home/ak58925/agentCtx/ICLR_results/swebench/ablation/qwen35b/d05__b20k__su-partial/django__django-13964/summarization-partial/run_1/trajectory.json,/home/ak58925/agentCtx/archives/summary-bug-audit-20260907_185802_CDT/audit-swebench/details/09321.txt,main,/home/ak58925/agentCtx/ICLR_results/swebench/main/qwen35b/d05__b20k__su-partial/django__django-13964/summarization-partial/run_1/trajectory.json,swebench_summary_bug_remaining_20260908_162042_CDT
swebench,ablation,qwen35b,d05__b20k__su-partial,hosted_vllm/Qwen/Qwen3.5-35B-A3B,summarization_partial,20000,0.5,django__django-13964,summarization-partial,run_2,priority,summary_failure_accounting,0,8,/home/ak58925/agentCtx/ICLR_results/swebench/ablation/qwen35b/d05__b20k__su-partial/django__django-13964/summarization-partial/run_2/trajectory.json,/home/ak58925/agentCtx/archives/summary-bug-audit-20260907_185802_CDT/audit-swebench/details/09322.txt,main,/home/ak58925/agentCtx/ICLR_results/swebench/main/qwen35b/d05__b20k__su-partial/django__django-13964/summarization-partial/run_2/trajectory.json,swebench_summary_bug_remaining_20260908_162042_CDT
swebench,ablation,qwen35b,d05__b20k__su-partial,hosted_vllm/Qwen/Qwen3.5-35B-A3B,summarization_partial,20000,0.5,django__django-14580,summarization-partial,run_1,priority,summary_failure_accounting,0,9,/home/ak58925/agentCtx/ICLR_results/swebench/ablation/qwen35b/d05__b20k__su-partial/django__django-14580/summarization-partial/run_1/trajectory.json,/home/ak58925/agentCtx/archives/summary-bug-audit-20260907_185802_CDT/audit-swebench/details/09326.txt,main,/home/ak58925/agentCtx/ICLR_results/swebench/main/qwen35b/d05__b20k__su-partial/django__django-14580/summarization-partial/run_1/trajectory.json,swebench_summary_bug_remaining_20260908_162042_CDT
swebench,ablation,qwen35b,d05__b20k__su-partial,hosted_vllm/Qwen/Qwen3.5-35B-A3B,summarization_partial,20000,0.5,django__django-14580,summarization-partial,run_2,priority,summary_failure_accounting,0,1,/home/ak58925/agentCtx/ICLR_results/swebench/ablation/qwen35b/d05__b20k__su-partial/django__django-14580/summarization-partial/run_2/trajectory.json,/home/ak58925/agentCtx/archives/summary-bug-audit-20260907_185802_CDT/audit-swebench/details/09327.txt,main,/home/ak58925/agentCtx/ICLR_results/swebench/main/qwen35b/d05__b20k__su-partial/django__django-14580/summarization-partial/run_2/trajectory.json,swebench_summary_bug_remaining_20260908_162042_CDT
swebench,ablation,qwen35b,d05__b20k__su-partial,hosted_vllm/Qwen/Qwen3.5-35B-A3B,summarization_partial,20000,0.5,django__django-14999,summarization-partial,run_1,priority,summary_failure_accounting,0,5,/home/ak58925/agentCtx/ICLR_results/swebench/ablation/qwen35b/d05__b20k__su-partial/django__django-14999/summarization-partial/run_1/trajectory.json,/home/ak58925/agentCtx/archives/summary-bug-audit-20260907_185802_CDT/audit-swebench/details/09334.txt,main,/home/ak58925/agentCtx/ICLR_results/swebench/main/qwen35b/d05__b20k__su-partial/django__django-14999/summarization-partial/run_1/trajectory.json,swebench_summary_bug_remaining_20260908_162042_CDT
swebench,ablation,qwen35b,d05__b20k__su-partial,hosted_vllm/Qwen/Qwen3.5-35B-A3B,summarization_partial,20000,0.5,django__django-14999,summarization-partial,run_2,priority,summary_failure_accounting,0,1,/home/ak58925/agentCtx/ICLR_results/swebench/ablation/qwen35b/d05__b20k__su-partial/django__django-14999/summarization-partial/run_2/trajectory.json,/home/ak58925/agentCtx/archives/summary-bug-audit-20260907_185802_CDT/audit-swebench/details/09335.txt,main,/home/ak58925/agentCtx/ICLR_results/swebench/main/qwen35b/d05__b20k__su-partial/django__django-14999/summarization-partial/run_2/trajectory.json,swebench_summary_bug_remaining_20260908_162042_CDT
swebench,ablation,qwen35b,d05__b20k__su-partial,hosted_vllm/Qwen/Qwen3.5-35B-A3B,summarization_partial,20000,0.5,scikit-learn__scikit-learn-10297,summarization-partial,run_3,priority,summary_failure_accounting,0,6,/home/ak58925/agentCtx/ICLR_results/swebench/ablation/qwen35b/d05__b20k__su-partial/scikit-learn__scikit-learn-10297/summarization-partial/run_3/trajectory.json,/home/ak58925/agentCtx/archives/summary-bug-audit-20260907_185802_CDT/audit-swebench/details/09361.txt,main,/home/ak58925/agentCtx/ICLR_results/swebench/main/qwen35b/d05__b20k__su-partial/scikit-learn__scikit-learn-10297/summarization-partial/run_3/trajectory.json,swebench_summary_bug_remaining_20260908_162042_CDT
swebench,ablation,qwen35b,d05__b20k__su-partial,hosted_vllm/Qwen/Qwen3.5-35B-A3B,summarization_partial,20000,0.5,scikit-learn__scikit-learn-10908,summarization-partial,run_1,priority,summary_failure_accounting,0,1,/home/ak58925/agentCtx/ICLR_results/swebench/ablation/qwen35b/d05__b20k__su-partial/scikit-learn__scikit-learn-10908/summarization-partial/run_1/trajectory.json,/home/ak58925/agentCtx/archives/summary-bug-audit-20260907_185802_CDT/audit-swebench/details/09364.txt,main,/home/ak58925/agentCtx/ICLR_results/swebench/main/qwen35b/d05__b20k__su-partial/scikit-learn__scikit-learn-10908/summarization-partial/run_1/trajectory.json,swebench_summary_bug_remaining_20260908_162042_CDT
swebench,ablation,qwen35b,d05__b20k__su-partial,hosted_vllm/Qwen/Qwen3.5-35B-A3B,summarization_partial,20000,0.5,scikit-learn__scikit-learn-11310,summarization-partial,run_2,priority,summary_failure_accounting,0,6,/home/ak58925/agentCtx/ICLR_results/swebench/ablation/qwen35b/d05__b20k__su-partial/scikit-learn__scikit-learn-11310/summarization-partial/run_2/trajectory.json,/home/ak58925/agentCtx/archives/summary-bug-audit-20260907_185802_CDT/audit-swebench/details/09368.txt,main,/home/ak58925/agentCtx/ICLR_results/swebench/main/qwen35b/d05__b20k__su-partial/scikit-learn__scikit-learn-11310/summarization-partial/run_2/trajectory.json,swebench_summary_bug_remaining_20260908_162042_CDT
swebench,ablation,qwen35b,d05__b20k__su-partial,hosted_vllm/Qwen/Qwen3.5-35B-A3B,summarization_partial,20000,0.5,scikit-learn__scikit-learn-11310,summarization-partial,run_3,priority,summary_failure_accounting,0,1,/home/ak58925/agentCtx/ICLR_results/swebench/ablation/qwen35b/d05__b20k__su-partial/scikit-learn__scikit-learn-11310/summarization-partial/run_3/trajectory.json,/home/ak58925/agentCtx/archives/summary-bug-audit-20260907_185802_CDT/audit-swebench/details/09369.txt,main,/home/ak58925/agentCtx/ICLR_results/swebench/main/qwen35b/d05__b20k__su-partial/scikit-learn__scikit-learn-11310/summarization-partial/run_3/trajectory.json,swebench_summary_bug_remaining_20260908_162042_CDT
swebench,ablation,qwen35b,d05__b20k__su-partial,hosted_vllm/Qwen/Qwen3.5-35B-A3B,summarization_partial,20000,0.5,scikit-learn__scikit-learn-13328,summarization-partial,run_1,priority,summary_failure_accounting,0,1,/home/ak58925/agentCtx/ICLR_results/swebench/ablation/qwen35b/d05__b20k__su-partial/scikit-learn__scikit-learn-13328/summarization-partial/run_1/trajectory.json,/home/ak58925/agentCtx/archives/summary-bug-audit-20260907_185802_CDT/audit-swebench/details/09382.txt,main,/home/ak58925/agentCtx/ICLR_results/swebench/main/qwen35b/d05__b20k__su-partial/scikit-learn__scikit-learn-13328/summarization-partial/run_1/trajectory.json,swebench_summary_bug_remaining_20260908_162042_CDT
swebench,ablation,qwen35b,d05__b20k__su-partial,hosted_vllm/Qwen/Qwen3.5-35B-A3B,summarization_partial,20000,0.5,scikit-learn__scikit-learn-13328,summarization-partial,run_2,priority,summary_failure_accounting,0,1,/home/ak58925/agentCtx/ICLR_results/swebench/ablation/qwen35b/d05__b20k__su-partial/scikit-learn__scikit-learn-13328/summarization-partial/run_2/trajectory.json,/home/ak58925/agentCtx/archives/summary-bug-audit-20260907_185802_CDT/audit-swebench/details/09383.txt,main,/home/ak58925/agentCtx/ICLR_results/swebench/main/qwen35b/d05__b20k__su-partial/scikit-learn__scikit-learn-13328/summarization-partial/run_2/trajectory.json,swebench_summary_bug_remaining_20260908_162042_CDT
swebench,ablation,qwen35b,d05__b20k__su-partial,hosted_vllm/Qwen/Qwen3.5-35B-A3B,summarization_partial,20000,0.5,scikit-learn__scikit-learn-13779,summarization-partial,run_1,priority,summary_failure_accounting,0,5,/home/ak58925/agentCtx/ICLR_results/swebench/ablation/qwen35b/d05__b20k__su-partial/scikit-learn__scikit-learn-13779/summarization-partial/run_1/trajectory.json,/home/ak58925/agentCtx/archives/summary-bug-audit-20260907_185802_CDT/audit-swebench/details/09386.txt,main,/home/ak58925/agentCtx/ICLR_results/swebench/main/qwen35b/d05__b20k__su-partial/scikit-learn__scikit-learn-13779/summarization-partial/run_1/trajectory.json,swebench_summary_bug_remaining_20260908_162042_CDT
swebench,ablation,qwen35b,d05__b20k__su-partial,hosted_vllm/Qwen/Qwen3.5-35B-A3B,summarization_partial,20000,0.5,scikit-learn__scikit-learn-13779,summarization-partial,run_3,priority,summary_failure_accounting,0,2,/home/ak58925/agentCtx/ICLR_results/swebench/ablation/qwen35b/d05__b20k__su-partial/scikit-learn__scikit-learn-13779/summarization-partial/run_3/trajectory.json,/home/ak58925/agentCtx/archives/summary-bug-audit-20260907_185802_CDT/audit-swebench/details/09387.txt,main,/home/ak58925/agentCtx/ICLR_results/swebench/main/qwen35b/d05__b20k__su-partial/scikit-learn__scikit-learn-13779/summarization-partial/run_3/trajectory.json,swebench_summary_bug_remaining_20260908_162042_CDT
swebench,ablation,qwen35b,d05__b20k__su-partial,hosted_vllm/Qwen/Qwen3.5-35B-A3B,summarization_partial,20000,0.5,scikit-learn__scikit-learn-25747,summarization-partial,run_1,priority,summary_failure_accounting,0,7,/home/ak58925/agentCtx/ICLR_results/swebench/ablation/qwen35b/d05__b20k__su-partial/scikit-learn__scikit-learn-25747/summarization-partial/run_1/trajectory.json,/home/ak58925/agentCtx/archives/summary-bug-audit-20260907_185802_CDT/audit-swebench/details/09408.txt,main,/home/ak58925/agentCtx/ICLR_results/swebench/main/qwen35b/d05__b20k__su-partial/scikit-learn__scikit-learn-25747/summarization-partial/run_1/trajectory.json,swebench_summary_bug_remaining_20260908_162042_CDT
swebench,ablation,qwen35b,d05__b20k__su-partial,hosted_vllm/Qwen/Qwen3.5-35B-A3B,summarization_partial,20000,0.5,scikit-learn__scikit-learn-25747,summarization-partial,run_2,priority,summary_failure_accounting,0,1,/home/ak58925/agentCtx/ICLR_results/swebench/ablation/qwen35b/d05__b20k__su-partial/scikit-learn__scikit-learn-25747/summarization-partial/run_2/trajectory.json,/home/ak58925/agentCtx/archives/summary-bug-audit-20260907_185802_CDT/audit-swebench/details/09409.txt,main,/home/ak58925/agentCtx/ICLR_results/swebench/main/qwen35b/d05__b20k__su-partial/scikit-learn__scikit-learn-25747/summarization-partial/run_2/trajectory.json,swebench_summary_bug_remaining_20260908_162042_CDT
swebench,ablation,qwen35b,d05__b20k__su-partial,hosted_vllm/Qwen/Qwen3.5-35B-A3B,summarization_partial,20000,0.5,sympy__sympy-11618,summarization-partial,run_2,priority,summary_failure_accounting,0,2,/home/ak58925/agentCtx/ICLR_results/swebench/ablation/qwen35b/d05__b20k__su-partial/sympy__sympy-11618/summarization-partial/run_2/trajectory.json,/home/ak58925/agentCtx/archives/summary-bug-audit-20260907_185802_CDT/audit-swebench/details/09421.txt,main,/home/ak58925/agentCtx/ICLR_results/swebench/main/qwen35b/d05__b20k__su-partial/sympy__sympy-11618/summarization-partial/run_2/trajectory.json,swebench_summary_bug_remaining_20260908_162042_CDT
swebench,ablation,qwen35b,d05__b20k__su-partial,hosted_vllm/Qwen/Qwen3.5-35B-A3B,summarization_partial,20000,0.5,sympy__sympy-11618,summarization-partial,run_3,priority,summary_failure_accounting,0,6,/home/ak58925/agentCtx/ICLR_results/swebench/ablation/qwen35b/d05__b20k__su-partial/sympy__sympy-11618/summarization-partial/run_3/trajectory.json,/home/ak58925/agentCtx/archives/summary-bug-audit-20260907_185802_CDT/audit-swebench/details/09422.txt,main,/home/ak58925/agentCtx/ICLR_results/swebench/main/qwen35b/d05__b20k__su-partial/sympy__sympy-11618/summarization-partial/run_3/trajectory.json,swebench_summary_bug_remaining_20260908_162042_CDT
swebench,ablation,qwen35b,d05__b20k__su-partial,hosted_vllm/Qwen/Qwen3.5-35B-A3B,summarization_partial,20000,0.5,sympy__sympy-13031,summarization-partial,run_1,priority,summary_failure_accounting,0,1,/home/ak58925/agentCtx/ICLR_results/swebench/ablation/qwen35b/d05__b20k__su-partial/sympy__sympy-13031/summarization-partial/run_1/trajectory.json,/home/ak58925/agentCtx/archives/summary-bug-audit-20260907_185802_CDT/audit-swebench/details/09429.txt,main,/home/ak58925/agentCtx/ICLR_results/swebench/main/qwen35b/d05__b20k__su-partial/sympy__sympy-13031/summarization-partial/run_1/trajectory.json,swebench_summary_bug_remaining_20260908_162042_CDT
swebench,ablation,qwen35b,d05__b20k__su-partial,hosted_vllm/Qwen/Qwen3.5-35B-A3B,summarization_partial,20000,0.5,sympy__sympy-13031,summarization-partial,run_3,priority,summary_failure_accounting,0,3,/home/ak58925/agentCtx/ICLR_results/swebench/ablation/qwen35b/d05__b20k__su-partial/sympy__sympy-13031/summarization-partial/run_3/trajectory.json,/home/ak58925/agentCtx/archives/summary-bug-audit-20260907_185802_CDT/audit-swebench/details/09431.txt,main,/home/ak58925/agentCtx/ICLR_results/swebench/main/qwen35b/d05__b20k__su-partial/sympy__sympy-13031/summarization-partial/run_3/trajectory.json,swebench_summary_bug_remaining_20260908_162042_CDT
swebench,ablation,qwen35b,d05__b20k__su-partial,hosted_vllm/Qwen/Qwen3.5-35B-A3B,summarization_partial,20000,0.5,sympy__sympy-13091,summarization-partial,run_1,priority,summary_failure_accounting,0,4,/home/ak58925/agentCtx/ICLR_results/swebench/ablation/qwen35b/d05__b20k__su-partial/sympy__sympy-13091/summarization-partial/run_1/trajectory.json,/home/ak58925/agentCtx/archives/summary-bug-audit-20260907_185802_CDT/audit-swebench/details/09432.txt,main,/home/ak58925/agentCtx/ICLR_results/swebench/main/qwen35b/d05__b20k__su-partial/sympy__sympy-13091/summarization-partial/run_1/trajectory.json,swebench_summary_bug_remaining_20260908_162042_CDT
swebench,ablation,qwen35b,d05__b20k__su-partial,hosted_vllm/Qwen/Qwen3.5-35B-A3B,summarization_partial,20000,0.5,sympy__sympy-13757,summarization-partial,run_3,probable,summary_related_response,0,0,/home/ak58925/agentCtx/ICLR_results/swebench/ablation/qwen35b/d05__b20k__su-partial/sympy__sympy-13757/summarization-partial/run_3/trajectory.json,/home/ak58925/agentCtx/archives/summary-bug-audit-20260907_185802_CDT/audit-swebench/details/09440.txt,main,/home/ak58925/agentCtx/ICLR_results/swebench/main/qwen35b/d05__b20k__su-partial/sympy__sympy-13757/summarization-partial/run_3/trajectory.json,swebench_summary_bug_remaining_20260908_162042_CDT
swebench,ablation,qwen35b,d05__b20k__su-partial,hosted_vllm/Qwen/Qwen3.5-35B-A3B,summarization_partial,20000,0.5,sympy__sympy-15345,summarization-partial,run_1,priority,summary_failure_accounting,0,3,/home/ak58925/agentCtx/ICLR_results/swebench/ablation/qwen35b/d05__b20k__su-partial/sympy__sympy-15345/summarization-partial/run_1/trajectory.json,/home/ak58925/agentCtx/archives/summary-bug-audit-20260907_185802_CDT/audit-swebench/details/09455.txt,main,/home/ak58925/agentCtx/ICLR_results/swebench/main/qwen35b/d05__b20k__su-partial/sympy__sympy-15345/summarization-partial/run_1/trajectory.json,swebench_summary_bug_remaining_20260908_162042_CDT
swebench,ablation,qwen35b,d05__b20k__su-partial,hosted_vllm/Qwen/Qwen3.5-35B-A3B,summarization_partial,20000,0.5,sympy__sympy-17630,summarization-partial,run_1,priority,summary_failure_accounting,0,22,/home/ak58925/agentCtx/ICLR_results/swebench/ablation/qwen35b/d05__b20k__su-partial/sympy__sympy-17630/summarization-partial/run_1/trajectory.json,/home/ak58925/agentCtx/archives/summary-bug-audit-20260907_185802_CDT/audit-swebench/details/09467.txt,main,/home/ak58925/agentCtx/ICLR_results/swebench/main/qwen35b/d05__b20k__su-partial/sympy__sympy-17630/summarization-partial/run_1/trajectory.json,swebench_summary_bug_remaining_20260908_162042_CDT
swebench,ablation,qwen35b,d05__b20k__su-partial,hosted_vllm/Qwen/Qwen3.5-35B-A3B,summarization_partial,20000,0.5,sympy__sympy-24066,summarization-partial,run_3,priority,summary_failure_accounting,0,2,/home/ak58925/agentCtx/ICLR_results/swebench/ablation/qwen35b/d05__b20k__su-partial/sympy__sympy-24066/summarization-partial/run_3/trajectory.json,/home/ak58925/agentCtx/archives/summary-bug-audit-20260907_185802_CDT/audit-swebench/details/09487.txt,main,/home/ak58925/agentCtx/ICLR_results/swebench/main/qwen35b/d05__b20k__su-partial/sympy__sympy-24066/summarization-partial/run_3/trajectory.json,swebench_summary_bug_remaining_20260908_162042_CDT
swebench,ablation,qwen35b,d05__b20k__su-partial,hosted_vllm/Qwen/Qwen3.5-35B-A3B,summarization_partial,20000,0.5,sympy__sympy-24443,summarization-partial,run_3,priority,summary_failure_accounting,0,16,/home/ak58925/agentCtx/ICLR_results/swebench/ablation/qwen35b/d05__b20k__su-partial/sympy__sympy-24443/summarization-partial/run_3/trajectory.json,/home/ak58925/agentCtx/archives/summary-bug-audit-20260907_185802_CDT/audit-swebench/details/09490.txt,main,/home/ak58925/agentCtx/ICLR_results/swebench/main/qwen35b/d05__b20k__su-partial/sympy__sympy-24443/summarization-partial/run_3/trajectory.json,swebench_summary_bug_remaining_20260908_162042_CDT
swebench,ablation,qwen35b,d05__b20k__su-partial,hosted_vllm/Qwen/Qwen3.5-35B-A3B,summarization_partial,20000,0.5,django__django-11292,summarization-partial,run_2,priority,agentlog_summary_failure,0,1,/home/ak58925/agentCtx/ICLR_results/swebench/ablation/qwen35b/d05__b20k__su-partial/django__django-11292/summarization-partial/run_2/trajectory.json,details/09293.txt,main,/home/ak58925/agentCtx/ICLR_results/swebench/main/qwen35b/d05__b20k__su-partial/django__django-11292/summarization-partial/run_2/trajectory.json,swebench_summary_bug_remaining_20260908_162042_CDT
swebench,ablation,qwen35b,d05__b20k__su-partial,hosted_vllm/Qwen/Qwen3.5-35B-A3B,summarization_partial,20000,0.5,django__django-11299,summarization-partial,run_1,priority,agentlog_summary_failure,0,3,/home/ak58925/agentCtx/ICLR_results/swebench/ablation/qwen35b/d05__b20k__su-partial/django__django-11299/summarization-partial/run_1/trajectory.json,,main,/home/ak58925/agentCtx/ICLR_results/swebench/main/qwen35b/d05__b20k__su-partial/django__django-11299/summarization-partial/run_1/trajectory.json,swebench_summary_bug_remaining_20260908_162042_CDT
swebench,ablation,qwen35b,d05__b20k__su-partial,hosted_vllm/Qwen/Qwen3.5-35B-A3B,summarization_partial,20000,0.5,django__django-13964,summarization-partial,run_3,priority,agentlog_summary_failure,0,1,/home/ak58925/agentCtx/ICLR_results/swebench/ablation/qwen35b/d05__b20k__su-partial/django__django-13964/summarization-partial/run_3/trajectory.json,details/09323.txt,main,/home/ak58925/agentCtx/ICLR_results/swebench/main/qwen35b/d05__b20k__su-partial/django__django-13964/summarization-partial/run_3/trajectory.json,swebench_summary_bug_remaining_20260908_162042_CDT
swebench,ablation,qwen35b,d05__b20k__su-partial,hosted_vllm/Qwen/Qwen3.5-35B-A3B,summarization_partial,20000,0.5,django__django-14580,summarization-partial,run_3,priority,agentlog_summary_failure,0,4,/home/ak58925/agentCtx/ICLR_results/swebench/ablation/qwen35b/d05__b20k__su-partial/django__django-14580/summarization-partial/run_3/trajectory.json,details/09328.txt,main,/home/ak58925/agentCtx/ICLR_results/swebench/main/qwen35b/d05__b20k__su-partial/django__django-14580/summarization-partial/run_3/trajectory.json,swebench_summary_bug_remaining_20260908_162042_CDT
swebench,ablation,qwen35b,d05__b20k__su-partial,hosted_vllm/Qwen/Qwen3.5-35B-A3B,summarization_partial,20000,0.5,scikit-learn__scikit-learn-10908,summarization-partial,run_3,priority,agentlog_summary_failure,0,1,/home/ak58925/agentCtx/ICLR_results/swebench/ablation/qwen35b/d05__b20k__su-partial/scikit-learn__scikit-learn-10908/summarization-partial/run_3/trajectory.json,details/09366.txt,main,/home/ak58925/agentCtx/ICLR_results/swebench/main/qwen35b/d05__b20k__su-partial/scikit-learn__scikit-learn-10908/summarization-partial/run_3/trajectory.json,swebench_summary_bug_remaining_20260908_162042_CDT
swebench,ablation,qwen35b,d05__b20k__su-partial,hosted_vllm/Qwen/Qwen3.5-35B-A3B,summarization_partial,20000,0.5,scikit-learn__scikit-learn-11310,summarization-partial,run_1,priority,agentlog_summary_failure,0,5,/home/ak58925/agentCtx/ICLR_results/swebench/ablation/qwen35b/d05__b20k__su-partial/scikit-learn__scikit-learn-11310/summarization-partial/run_1/trajectory.json,details/09367.txt,main,/home/ak58925/agentCtx/ICLR_results/swebench/main/qwen35b/d05__b20k__su-partial/scikit-learn__scikit-learn-11310/summarization-partial/run_1/trajectory.json,swebench_summary_bug_remaining_20260908_162042_CDT
swebench,ablation,qwen35b,d05__b20k__su-partial,hosted_vllm/Qwen/Qwen3.5-35B-A3B,summarization_partial,20000,0.5,sympy__sympy-13091,summarization-partial,run_3,priority,agentlog_summary_failure,0,1,/home/ak58925/agentCtx/ICLR_results/swebench/ablation/qwen35b/d05__b20k__su-partial/sympy__sympy-13091/summarization-partial/run_3/trajectory.json,details/09434.txt,main,/home/ak58925/agentCtx/ICLR_results/swebench/main/qwen35b/d05__b20k__su-partial/sympy__sympy-13091/summarization-partial/run_3/trajectory.json,swebench_summary_bug_remaining_20260908_162042_CDT
swebench,ablation,qwen35b,d05__b20k__su-partial,hosted_vllm/Qwen/Qwen3.5-35B-A3B,summarization_partial,20000,0.5,sympy__sympy-13757,summarization-partial,run_1,priority,agentlog_summary_failure,0,2,/home/ak58925/agentCtx/ICLR_results/swebench/ablation/qwen35b/d05__b20k__su-partial/sympy__sympy-13757/summarization-partial/run_1/trajectory.json,details/09438.txt,main,/home/ak58925/agentCtx/ICLR_results/swebench/main/qwen35b/d05__b20k__su-partial/sympy__sympy-13757/summarization-partial/run_1/trajectory.json,swebench_summary_bug_remaining_20260908_162042_CDT
swebench,ablation,qwen35b,d05__b20k__su-partial,hosted_vllm/Qwen/Qwen3.5-35B-A3B,summarization_partial,20000,0.5,sympy__sympy-17630,summarization-partial,run_3,priority,agentlog_summary_failure,0,7,/home/ak58925/agentCtx/ICLR_results/swebench/ablation/qwen35b/d05__b20k__su-partial/sympy__sympy-17630/summarization-partial/run_3/trajectory.json,,main,/home/ak58925/agentCtx/ICLR_results/swebench/main/qwen35b/d05__b20k__su-partial/sympy__sympy-17630/summarization-partial/run_3/trajectory.json,swebench_summary_bug_remaining_20260908_162042_CDT
swebench,ablation,qwen35b,d05__b20k__su-partial,hosted_vllm/Qwen/Qwen3.5-35B-A3B,summarization_partial,20000,0.5,sympy__sympy-24066,summarization-partial,run_2,priority,agentlog_summary_failure,0,3,/home/ak58925/agentCtx/ICLR_results/swebench/ablation/qwen35b/d05__b20k__su-partial/sympy__sympy-24066/summarization-partial/run_2/trajectory.json,details/09486.txt,main,/home/ak58925/agentCtx/ICLR_results/swebench/main/qwen35b/d05__b20k__su-partial/sympy__sympy-24066/summarization-partial/run_2/trajectory.json,swebench_summary_bug_remaining_20260908_162042_CDT
swebench,ablation,qwen35b,di__b10k__otrc-ss-partial,hosted_vllm/Qwen/Qwen3.5-35B-A3B,online_trc_structured_summarize_partial,10000,0.5,django__django-11299,otrc-ss-partial,run_1,priority,agentlog_summary_failure,0,1,/home/ak58925/agentCtx/ICLR_results/swebench/ablation/qwen35b/di__b10k__otrc-ss-partial/django__django-11299/otrc-ss-partial/run_1/trajectory.json,details/09660.txt,main,/home/ak58925/agentCtx/ICLR_results/swebench/main/qwen35b/di__b10k__otrc-ss-partial/django__django-11299/otrc-ss-partial/run_1/trajectory.json,swebench_summary_bug_remaining_20260908_162042_CDT
swebench,ablation,qwen35b,di__b10k__otrc-ss-partial,hosted_vllm/Qwen/Qwen3.5-35B-A3B,online_trc_structured_summarize_partial,10000,0.5,django__django-13012,otrc-ss-partial,run_1,priority,agentlog_summary_failure,0,4,/home/ak58925/agentCtx/ICLR_results/swebench/ablation/qwen35b/di__b10k__otrc-ss-partial/django__django-13012/otrc-ss-partial/run_1/trajectory.json,details/09686.txt,main,/home/ak58925/agentCtx/ICLR_results/swebench/main/qwen35b/di__b10k__otrc-ss-partial/django__django-13012/otrc-ss-partial/run_1/trajectory.json,swebench_summary_bug_remaining_20260908_162042_CDT
swebench,ablation,qwen35b,di__b10k__otrc-ss-partial,hosted_vllm/Qwen/Qwen3.5-35B-A3B,online_trc_structured_summarize_partial,10000,0.5,django__django-13012,otrc-ss-partial,run_3,priority,agentlog_summary_failure,0,1,/home/ak58925/agentCtx/ICLR_results/swebench/ablation/qwen35b/di__b10k__otrc-ss-partial/django__django-13012/otrc-ss-partial/run_3/trajectory.json,details/09688.txt,main,/home/ak58925/agentCtx/ICLR_results/swebench/main/qwen35b/di__b10k__otrc-ss-partial/django__django-13012/otrc-ss-partial/run_3/trajectory.json,swebench_summary_bug_remaining_20260908_162042_CDT
swebench,ablation,qwen35b,di__b10k__otrc-ss-partial,hosted_vllm/Qwen/Qwen3.5-35B-A3B,online_trc_structured_summarize_partial,10000,0.5,scikit-learn__scikit-learn-11310,otrc-ss-partial,run_1,priority,agentlog_summary_failure,0,1,/home/ak58925/agentCtx/ICLR_results/swebench/ablation/qwen35b/di__b10k__otrc-ss-partial/scikit-learn__scikit-learn-11310/otrc-ss-partial/run_1/trajectory.json,details/09751.txt,main,/home/ak58925/agentCtx/ICLR_results/swebench/main/qwen35b/di__b10k__otrc-ss-partial/scikit-learn__scikit-learn-11310/otrc-ss-partial/run_1/trajectory.json,swebench_summary_bug_remaining_20260908_162042_CDT
swebench,ablation,qwen35b,di__b10k__otrc-ss-partial,hosted_vllm/Qwen/Qwen3.5-35B-A3B,online_trc_structured_summarize_partial,10000,0.5,scikit-learn__scikit-learn-11310,otrc-ss-partial,run_3,priority,agentlog_summary_failure,0,8,/home/ak58925/agentCtx/ICLR_results/swebench/ablation/qwen35b/di__b10k__otrc-ss-partial/scikit-learn__scikit-learn-11310/otrc-ss-partial/run_3/trajectory.json,details/09753.txt,main,/home/ak58925/agentCtx/ICLR_results/swebench/main/qwen35b/di__b10k__otrc-ss-partial/scikit-learn__scikit-learn-11310/otrc-ss-partial/run_3/trajectory.json,swebench_summary_bug_remaining_20260908_162042_CDT
swebench,ablation,qwen35b,di__b10k__otrc-ss-partial,hosted_vllm/Qwen/Qwen3.5-35B-A3B,online_trc_structured_summarize_partial,10000,0.5,scikit-learn__scikit-learn-13328,otrc-ss-partial,run_1,probable,agentlog_uncorroborated,0,,/home/ak58925/agentCtx/ICLR_results/swebench/ablation/qwen35b/di__b10k__otrc-ss-partial/scikit-learn__scikit-learn-13328/otrc-ss-partial/run_1/trajectory.json,details/09774.txt,main,/home/ak58925/agentCtx/ICLR_results/swebench/main/qwen35b/di__b10k__otrc-ss-partial/scikit-learn__scikit-learn-13328/otrc-ss-partial/run_1/trajectory.json,swebench_summary_bug_remaining_20260908_162042_CDT
swebench,ablation,qwen35b,di__b10k__otrc-ss-partial,hosted_vllm/Qwen/Qwen3.5-35B-A3B,online_trc_structured_summarize_partial,10000,0.5,scikit-learn__scikit-learn-13779,otrc-ss-partial,run_2,priority,agentlog_summary_failure,0,6,/home/ak58925/agentCtx/ICLR_results/swebench/ablation/qwen35b/di__b10k__otrc-ss-partial/scikit-learn__scikit-learn-13779/otrc-ss-partial/run_2/trajectory.json,details/09783.txt,main,/home/ak58925/agentCtx/ICLR_results/swebench/main/qwen35b/di__b10k__otrc-ss-partial/scikit-learn__scikit-learn-13779/otrc-ss-partial/run_2/trajectory.json,swebench_summary_bug_remaining_20260908_162042_CDT
swebench,ablation,qwen35b,di__b10k__otrc-ss-partial,hosted_vllm/Qwen/Qwen3.5-35B-A3B,online_trc_structured_summarize_partial,10000,0.5,scikit-learn__scikit-learn-26323,otrc-ss-partial,run_2,priority,agentlog_summary_failure,0,1,/home/ak58925/agentCtx/ICLR_results/swebench/ablation/qwen35b/di__b10k__otrc-ss-partial/scikit-learn__scikit-learn-26323/otrc-ss-partial/run_2/trajectory.json,details/09827.txt,main,/home/ak58925/agentCtx/ICLR_results/swebench/main/qwen35b/di__b10k__otrc-ss-partial/scikit-learn__scikit-learn-26323/otrc-ss-partial/run_2/trajectory.json,swebench_summary_bug_remaining_20260908_162042_CDT
swebench,ablation,qwen35b,di__b10k__otrc-ss-partial,hosted_vllm/Qwen/Qwen3.5-35B-A3B,online_trc_structured_summarize_partial,10000,0.5,sympy__sympy-15345,otrc-ss-partial,run_3,priority,agentlog_summary_failure,0,38,/home/ak58925/agentCtx/ICLR_results/swebench/ablation/qwen35b/di__b10k__otrc-ss-partial/sympy__sympy-15345/otrc-ss-partial/run_3/trajectory.json,,main,/home/ak58925/agentCtx/ICLR_results/swebench/main/qwen35b/di__b10k__otrc-ss-partial/sympy__sympy-15345/otrc-ss-partial/run_3/trajectory.json,swebench_summary_bug_remaining_20260908_162042_CDT
swebench,ablation,qwen35b,di__b10k__otrc-su-partial,hosted_vllm/Qwen/Qwen3.5-35B-A3B,online_trc_summarize_partial,10000,0.5,django__django-11292,otrc-su-partial,run_1,priority,summary_failure_accounting,0,1,/home/ak58925/agentCtx/ICLR_results/swebench/ablation/qwen35b/di__b10k__otrc-su-partial/django__django-11292/otrc-su-partial/run_1/trajectory.json,/home/ak58925/agentCtx/archives/summary-bug-audit-20260907_185802_CDT/audit-swebench/details/09932.txt,main,/home/ak58925/agentCtx/ICLR_results/swebench/main/qwen35b/di__b10k__otrc-su-partial/django__django-11292/otrc-su-partial/run_1/trajectory.json,swebench_summary_bug_remaining_20260908_162042_CDT
swebench,ablation,qwen35b,di__b10k__otrc-su-partial,hosted_vllm/Qwen/Qwen3.5-35B-A3B,online_trc_summarize_partial,10000,0.5,django__django-11292,otrc-su-partial,run_3,priority,summary_failure_accounting,0,18,/home/ak58925/agentCtx/ICLR_results/swebench/ablation/qwen35b/di__b10k__otrc-su-partial/django__django-11292/otrc-su-partial/run_3/trajectory.json,/home/ak58925/agentCtx/archives/summary-bug-audit-20260907_185802_CDT/audit-swebench/details/09933.txt,main,/home/ak58925/agentCtx/ICLR_results/swebench/main/qwen35b/di__b10k__otrc-su-partial/django__django-11292/otrc-su-partial/run_3/trajectory.json,swebench_summary_bug_remaining_20260908_162042_CDT
swebench,ablation,qwen35b,di__b10k__otrc-su-partial,hosted_vllm/Qwen/Qwen3.5-35B-A3B,online_trc_summarize_partial,10000,0.5,django__django-11299,otrc-su-partial,run_1,priority,summary_failure_accounting,0,10,/home/ak58925/agentCtx/ICLR_results/swebench/ablation/qwen35b/di__b10k__otrc-su-partial/django__django-11299/otrc-su-partial/run_1/trajectory.json,/home/ak58925/agentCtx/archives/summary-bug-audit-20260907_185802_CDT/audit-swebench/details/09934.txt,main,/home/ak58925/agentCtx/ICLR_results/swebench/main/qwen35b/di__b10k__otrc-su-partial/django__django-11299/otrc-su-partial/run_1/trajectory.json,swebench_summary_bug_remaining_20260908_162042_CDT
swebench,ablation,qwen35b,di__b10k__otrc-su-partial,hosted_vllm/Qwen/Qwen3.5-35B-A3B,online_trc_summarize_partial,10000,0.5,django__django-11299,otrc-su-partial,run_2,priority,summary_failure_accounting,0,2,/home/ak58925/agentCtx/ICLR_results/swebench/ablation/qwen35b/di__b10k__otrc-su-partial/django__django-11299/otrc-su-partial/run_2/trajectory.json,/home/ak58925/agentCtx/archives/summary-bug-audit-20260907_185802_CDT/audit-swebench/details/09935.txt,main,/home/ak58925/agentCtx/ICLR_results/swebench/main/qwen35b/di__b10k__otrc-su-partial/django__django-11299/otrc-su-partial/run_2/trajectory.json,swebench_summary_bug_remaining_20260908_162042_CDT
swebench,ablation,qwen35b,di__b10k__otrc-su-partial,hosted_vllm/Qwen/Qwen3.5-35B-A3B,online_trc_summarize_partial,10000,0.5,django__django-11299,otrc-su-partial,run_3,priority,summary_failure_accounting,0,1,/home/ak58925/agentCtx/ICLR_results/swebench/ablation/qwen35b/di__b10k__otrc-su-partial/django__django-11299/otrc-su-partial/run_3/trajectory.json,/home/ak58925/agentCtx/archives/summary-bug-audit-20260907_185802_CDT/audit-swebench/details/09936.txt,main,/home/ak58925/agentCtx/ICLR_results/swebench/main/qwen35b/di__b10k__otrc-su-partial/django__django-11299/otrc-su-partial/run_3/trajectory.json,swebench_summary_bug_remaining_20260908_162042_CDT
swebench,ablation,qwen35b,di__b10k__otrc-su-partial,hosted_vllm/Qwen/Qwen3.5-35B-A3B,online_trc_summarize_partial,10000,0.5,django__django-12273,otrc-su-partial,run_1,probable,summary_related_response,0,0,/home/ak58925/agentCtx/ICLR_results/swebench/ablation/qwen35b/di__b10k__otrc-su-partial/django__django-12273/otrc-su-partial/run_1/trajectory.json,/home/ak58925/agentCtx/archives/summary-bug-audit-20260907_185802_CDT/audit-swebench/details/09947.txt,main,/home/ak58925/agentCtx/ICLR_results/swebench/main/qwen35b/di__b10k__otrc-su-partial/django__django-12273/otrc-su-partial/run_1/trajectory.json,swebench_summary_bug_remaining_20260908_162042_CDT
swebench,ablation,qwen35b,di__b10k__otrc-su-partial,hosted_vllm/Qwen/Qwen3.5-35B-A3B,online_trc_summarize_partial,10000,0.5,django__django-12273,otrc-su-partial,run_2,probable,summary_related_response,0,0,/home/ak58925/agentCtx/ICLR_results/swebench/ablation/qwen35b/di__b10k__otrc-su-partial/django__django-12273/otrc-su-partial/run_2/trajectory.json,/home/ak58925/agentCtx/archives/summary-bug-audit-20260907_185802_CDT/audit-swebench/details/09948.txt,main,/home/ak58925/agentCtx/ICLR_results/swebench/main/qwen35b/di__b10k__otrc-su-partial/django__django-12273/otrc-su-partial/run_2/trajectory.json,swebench_summary_bug_remaining_20260908_162042_CDT
swebench,ablation,qwen35b,di__b10k__otrc-su-partial,hosted_vllm/Qwen/Qwen3.5-35B-A3B,online_trc_summarize_partial,10000,0.5,django__django-12273,otrc-su-partial,run_3,probable,summary_related_response,0,0,/home/ak58925/agentCtx/ICLR_results/swebench/ablation/qwen35b/di__b10k__otrc-su-partial/django__django-12273/otrc-su-partial/run_3/trajectory.json,/home/ak58925/agentCtx/archives/summary-bug-audit-20260907_185802_CDT/audit-swebench/details/09949.txt,main,/home/ak58925/agentCtx/ICLR_results/swebench/main/qwen35b/di__b10k__otrc-su-partial/django__django-12273/otrc-su-partial/run_3/trajectory.json,swebench_summary_bug_remaining_20260908_162042_CDT
swebench,ablation,qwen35b,di__b10k__otrc-su-partial,hosted_vllm/Qwen/Qwen3.5-35B-A3B,online_trc_summarize_partial,10000,0.5,django__django-13012,otrc-su-partial,run_1,priority,summary_failure_accounting,0,1,/home/ak58925/agentCtx/ICLR_results/swebench/ablation/qwen35b/di__b10k__otrc-su-partial/django__django-13012/otrc-su-partial/run_1/trajectory.json,/home/ak58925/agentCtx/archives/summary-bug-audit-20260907_185802_CDT/audit-swebench/details/09962.txt,main,/home/ak58925/agentCtx/ICLR_results/swebench/main/qwen35b/di__b10k__otrc-su-partial/django__django-13012/otrc-su-partial/run_1/trajectory.json,swebench_summary_bug_remaining_20260908_162042_CDT
swebench,ablation,qwen35b,di__b10k__otrc-su-partial,hosted_vllm/Qwen/Qwen3.5-35B-A3B,online_trc_summarize_partial,10000,0.5,django__django-13012,otrc-su-partial,run_3,probable,summary_related_response,0,0,/home/ak58925/agentCtx/ICLR_results/swebench/ablation/qwen35b/di__b10k__otrc-su-partial/django__django-13012/otrc-su-partial/run_3/trajectory.json,/home/ak58925/agentCtx/archives/summary-bug-audit-20260907_185802_CDT/audit-swebench/details/09964.txt,main,/home/ak58925/agentCtx/ICLR_results/swebench/main/qwen35b/di__b10k__otrc-su-partial/django__django-13012/otrc-su-partial/run_3/trajectory.json,swebench_summary_bug_remaining_20260908_162042_CDT
swebench,ablation,qwen35b,di__b10k__otrc-su-partial,hosted_vllm/Qwen/Qwen3.5-35B-A3B,online_trc_summarize_partial,10000,0.5,django__django-13964,otrc-su-partial,run_1,priority,summary_failure_accounting,0,18,/home/ak58925/agentCtx/ICLR_results/swebench/ablation/qwen35b/di__b10k__otrc-su-partial/django__django-13964/otrc-su-partial/run_1/trajectory.json,/home/ak58925/agentCtx/archives/summary-bug-audit-20260907_185802_CDT/audit-swebench/details/09971.txt,main,/home/ak58925/agentCtx/ICLR_results/swebench/main/qwen35b/di__b10k__otrc-su-partial/django__django-13964/otrc-su-partial/run_1/trajectory.json,swebench_summary_bug_remaining_20260908_162042_CDT
swebench,ablation,qwen35b,di__b10k__otrc-su-partial,hosted_vllm/Qwen/Qwen3.5-35B-A3B,online_trc_summarize_partial,10000,0.5,django__django-13964,otrc-su-partial,run_2,priority,summary_failure_accounting,0,10,/home/ak58925/agentCtx/ICLR_results/swebench/ablation/qwen35b/di__b10k__otrc-su-partial/django__django-13964/otrc-su-partial/run_2/trajectory.json,/home/ak58925/agentCtx/archives/summary-bug-audit-20260907_185802_CDT/audit-swebench/details/09972.txt,main,/home/ak58925/agentCtx/ICLR_results/swebench/main/qwen35b/di__b10k__otrc-su-partial/django__django-13964/otrc-su-partial/run_2/trajectory.json,swebench_summary_bug_remaining_20260908_162042_CDT
swebench,ablation,qwen35b,di__b10k__otrc-su-partial,hosted_vllm/Qwen/Qwen3.5-35B-A3B,online_trc_summarize_partial,10000,0.5,django__django-14580,otrc-su-partial,run_1,priority,summary_failure_accounting,0,1,/home/ak58925/agentCtx/ICLR_results/swebench/ablation/qwen35b/di__b10k__otrc-su-partial/django__django-14580/otrc-su-partial/run_1/trajectory.json,/home/ak58925/agentCtx/archives/summary-bug-audit-20260907_185802_CDT/audit-swebench/details/09976.txt,main,/home/ak58925/agentCtx/ICLR_results/swebench/main/qwen35b/di__b10k__otrc-su-partial/django__django-14580/otrc-su-partial/run_1/trajectory.json,swebench_summary_bug_remaining_20260908_162042_CDT
swebench,ablation,qwen35b,di__b10k__otrc-su-partial,hosted_vllm/Qwen/Qwen3.5-35B-A3B,online_trc_summarize_partial,10000,0.5,django__django-14580,otrc-su-partial,run_2,priority,summary_failure_accounting,0,10,/home/ak58925/agentCtx/ICLR_results/swebench/ablation/qwen35b/di__b10k__otrc-su-partial/django__django-14580/otrc-su-partial/run_2/trajectory.json,/home/ak58925/agentCtx/archives/summary-bug-audit-20260907_185802_CDT/audit-swebench/details/09977.txt,main,/home/ak58925/agentCtx/ICLR_results/swebench/main/qwen35b/di__b10k__otrc-su-partial/django__django-14580/otrc-su-partial/run_2/trajectory.json,swebench_summary_bug_remaining_20260908_162042_CDT
swebench,ablation,qwen35b,di__b10k__otrc-su-partial,hosted_vllm/Qwen/Qwen3.5-35B-A3B,online_trc_summarize_partial,10000,0.5,django__django-14915,otrc-su-partial,run_3,priority,summary_failure_accounting,0,1,/home/ak58925/agentCtx/ICLR_results/swebench/ablation/qwen35b/di__b10k__otrc-su-partial/django__django-14915/otrc-su-partial/run_3/trajectory.json,/home/ak58925/agentCtx/archives/summary-bug-audit-20260907_185802_CDT/audit-swebench/details/09984.txt,main,/home/ak58925/agentCtx/ICLR_results/swebench/main/qwen35b/di__b10k__otrc-su-partial/django__django-14915/otrc-su-partial/run_3/trajectory.json,swebench_summary_bug_remaining_20260908_162042_CDT
swebench,ablation,qwen35b,di__b10k__otrc-su-partial,hosted_vllm/Qwen/Qwen3.5-35B-A3B,online_trc_summarize_partial,10000,0.5,django__django-14999,otrc-su-partial,run_1,priority,summary_failure_accounting,0,1,/home/ak58925/agentCtx/ICLR_results/swebench/ablation/qwen35b/di__b10k__otrc-su-partial/django__django-14999/otrc-su-partial/run_1/trajectory.json,/home/ak58925/agentCtx/archives/summary-bug-audit-20260907_185802_CDT/audit-swebench/details/09985.txt,main,/home/ak58925/agentCtx/ICLR_results/swebench/main/qwen35b/di__b10k__otrc-su-partial/django__django-14999/otrc-su-partial/run_1/trajectory.json,swebench_summary_bug_remaining_20260908_162042_CDT
swebench,ablation,qwen35b,di__b10k__otrc-su-partial,hosted_vllm/Qwen/Qwen3.5-35B-A3B,online_trc_summarize_partial,10000,0.5,django__django-14999,otrc-su-partial,run_2,priority,summary_failure_accounting,0,27,/home/ak58925/agentCtx/ICLR_results/swebench/ablation/qwen35b/di__b10k__otrc-su-partial/django__django-14999/otrc-su-partial/run_2/trajectory.json,/home/ak58925/agentCtx/archives/summary-bug-audit-20260907_185802_CDT/audit-swebench/details/09986.txt,main,/home/ak58925/agentCtx/ICLR_results/swebench/main/qwen35b/di__b10k__otrc-su-partial/django__django-14999/otrc-su-partial/run_2/trajectory.json,swebench_summary_bug_remaining_20260908_162042_CDT
swebench,ablation,qwen35b,di__b10k__otrc-su-partial,hosted_vllm/Qwen/Qwen3.5-35B-A3B,online_trc_summarize_partial,10000,0.5,django__django-17087,otrc-su-partial,run_3,priority,summary_failure_accounting,0,1,/home/ak58925/agentCtx/ICLR_results/swebench/ablation/qwen35b/di__b10k__otrc-su-partial/django__django-17087/otrc-su-partial/run_3/trajectory.json,/home/ak58925/agentCtx/archives/summary-bug-audit-20260907_185802_CDT/audit-swebench/details/10018.txt,main,/home/ak58925/agentCtx/ICLR_results/swebench/main/qwen35b/di__b10k__otrc-su-partial/django__django-17087/otrc-su-partial/run_3/trajectory.json,swebench_summary_bug_remaining_20260908_162042_CDT
swebench,ablation,qwen35b,di__b10k__otrc-su-partial,hosted_vllm/Qwen/Qwen3.5-35B-A3B,online_trc_summarize_partial,10000,0.5,scikit-learn__scikit-learn-10297,otrc-su-partial,run_3,priority,summary_failure_accounting,0,8,/home/ak58925/agentCtx/ICLR_results/swebench/ablation/qwen35b/di__b10k__otrc-su-partial/scikit-learn__scikit-learn-10297/otrc-su-partial/run_3/trajectory.json,/home/ak58925/agentCtx/archives/summary-bug-audit-20260907_185802_CDT/audit-swebench/details/10021.txt,main,/home/ak58925/agentCtx/ICLR_results/swebench/main/qwen35b/di__b10k__otrc-su-partial/scikit-learn__scikit-learn-10297/otrc-su-partial/run_3/trajectory.json,swebench_summary_bug_remaining_20260908_162042_CDT
swebench,ablation,qwen35b,di__b10k__otrc-su-partial,hosted_vllm/Qwen/Qwen3.5-35B-A3B,online_trc_summarize_partial,10000,0.5,scikit-learn__scikit-learn-10908,otrc-su-partial,run_1,priority,summary_failure_accounting,0,6,/home/ak58925/agentCtx/ICLR_results/swebench/ablation/qwen35b/di__b10k__otrc-su-partial/scikit-learn__scikit-learn-10908/otrc-su-partial/run_1/trajectory.json,/home/ak58925/agentCtx/archives/summary-bug-audit-20260907_185802_CDT/audit-swebench/details/10025.txt,main,/home/ak58925/agentCtx/ICLR_results/swebench/main/qwen35b/di__b10k__otrc-su-partial/scikit-learn__scikit-learn-10908/otrc-su-partial/run_1/trajectory.json,swebench_summary_bug_remaining_20260908_162042_CDT
swebench,ablation,qwen35b,di__b10k__otrc-su-partial,hosted_vllm/Qwen/Qwen3.5-35B-A3B,online_trc_summarize_partial,10000,0.5,scikit-learn__scikit-learn-10908,otrc-su-partial,run_2,priority,summary_failure_accounting,0,19,/home/ak58925/agentCtx/ICLR_results/swebench/ablation/qwen35b/di__b10k__otrc-su-partial/scikit-learn__scikit-learn-10908/otrc-su-partial/run_2/trajectory.json,/home/ak58925/agentCtx/archives/summary-bug-audit-20260907_185802_CDT/audit-swebench/details/10026.txt,main,/home/ak58925/agentCtx/ICLR_results/swebench/main/qwen35b/di__b10k__otrc-su-partial/scikit-learn__scikit-learn-10908/otrc-su-partial/run_2/trajectory.json,swebench_summary_bug_remaining_20260908_162042_CDT
swebench,ablation,qwen35b,di__b10k__otrc-su-partial,hosted_vllm/Qwen/Qwen3.5-35B-A3B,online_trc_summarize_partial,10000,0.5,scikit-learn__scikit-learn-10908,otrc-su-partial,run_3,probable,summary_related_response,0,0,/home/ak58925/agentCtx/ICLR_results/swebench/ablation/qwen35b/di__b10k__otrc-su-partial/scikit-learn__scikit-learn-10908/otrc-su-partial/run_3/trajectory.json,/home/ak58925/agentCtx/archives/summary-bug-audit-20260907_185802_CDT/audit-swebench/details/10027.txt,main,/home/ak58925/agentCtx/ICLR_results/swebench/main/qwen35b/di__b10k__otrc-su-partial/scikit-learn__scikit-learn-10908/otrc-su-partial/run_3/trajectory.json,swebench_summary_bug_remaining_20260908_162042_CDT
swebench,ablation,qwen35b,di__b10k__otrc-su-partial,hosted_vllm/Qwen/Qwen3.5-35B-A3B,online_trc_summarize_partial,10000,0.5,scikit-learn__scikit-learn-11310,otrc-su-partial,run_1,probable,summary_related_response,0,0,/home/ak58925/agentCtx/ICLR_results/swebench/ablation/qwen35b/di__b10k__otrc-su-partial/scikit-learn__scikit-learn-11310/otrc-su-partial/run_1/trajectory.json,/home/ak58925/agentCtx/archives/summary-bug-audit-20260907_185802_CDT/audit-swebench/details/10028.txt,main,/home/ak58925/agentCtx/ICLR_results/swebench/main/qwen35b/di__b10k__otrc-su-partial/scikit-learn__scikit-learn-11310/otrc-su-partial/run_1/trajectory.json,swebench_summary_bug_remaining_20260908_162042_CDT
swebench,ablation,qwen35b,di__b10k__otrc-su-partial,hosted_vllm/Qwen/Qwen3.5-35B-A3B,online_trc_summarize_partial,10000,0.5,scikit-learn__scikit-learn-11578,otrc-su-partial,run_1,priority,summary_failure_accounting,0,17,/home/ak58925/agentCtx/ICLR_results/swebench/ablation/qwen35b/di__b10k__otrc-su-partial/scikit-learn__scikit-learn-11578/otrc-su-partial/run_1/trajectory.json,/home/ak58925/agentCtx/archives/summary-bug-audit-20260907_185802_CDT/audit-swebench/details/10030.txt,main,/home/ak58925/agentCtx/ICLR_results/swebench/main/qwen35b/di__b10k__otrc-su-partial/scikit-learn__scikit-learn-11578/otrc-su-partial/run_1/trajectory.json,swebench_summary_bug_remaining_20260908_162042_CDT
swebench,ablation,qwen35b,di__b10k__otrc-su-partial,hosted_vllm/Qwen/Qwen3.5-35B-A3B,online_trc_summarize_partial,10000,0.5,scikit-learn__scikit-learn-11578,otrc-su-partial,run_2,priority,summary_failure_accounting,0,24,/home/ak58925/agentCtx/ICLR_results/swebench/ablation/qwen35b/di__b10k__otrc-su-partial/scikit-learn__scikit-learn-11578/otrc-su-partial/run_2/trajectory.json,/home/ak58925/agentCtx/archives/summary-bug-audit-20260907_185802_CDT/audit-swebench/details/10031.txt,main,/home/ak58925/agentCtx/ICLR_results/swebench/main/qwen35b/di__b10k__otrc-su-partial/scikit-learn__scikit-learn-11578/otrc-su-partial/run_2/trajectory.json,swebench_summary_bug_remaining_20260908_162042_CDT
swebench,ablation,qwen35b,di__b10k__otrc-su-partial,hosted_vllm/Qwen/Qwen3.5-35B-A3B,online_trc_summarize_partial,10000,0.5,scikit-learn__scikit-learn-13328,otrc-su-partial,run_2,probable,summary_related_response,0,0,/home/ak58925/agentCtx/ICLR_results/swebench/ablation/qwen35b/di__b10k__otrc-su-partial/scikit-learn__scikit-learn-13328/otrc-su-partial/run_2/trajectory.json,/home/ak58925/agentCtx/archives/summary-bug-audit-20260907_185802_CDT/audit-swebench/details/10051.txt,main,/home/ak58925/agentCtx/ICLR_results/swebench/main/qwen35b/di__b10k__otrc-su-partial/scikit-learn__scikit-learn-13328/otrc-su-partial/run_2/trajectory.json,swebench_summary_bug_remaining_20260908_162042_CDT
swebench,ablation,qwen35b,di__b10k__otrc-su-partial,hosted_vllm/Qwen/Qwen3.5-35B-A3B,online_trc_summarize_partial,10000,0.5,scikit-learn__scikit-learn-13779,otrc-su-partial,run_1,probable,summary_related_response,0,0,/home/ak58925/agentCtx/ICLR_results/swebench/ablation/qwen35b/di__b10k__otrc-su-partial/scikit-learn__scikit-learn-13779/otrc-su-partial/run_1/trajectory.json,/home/ak58925/agentCtx/archives/summary-bug-audit-20260907_185802_CDT/audit-swebench/details/10056.txt,main,/home/ak58925/agentCtx/ICLR_results/swebench/main/qwen35b/di__b10k__otrc-su-partial/scikit-learn__scikit-learn-13779/otrc-su-partial/run_1/trajectory.json,swebench_summary_bug_remaining_20260908_162042_CDT
swebench,ablation,qwen35b,di__b10k__otrc-su-partial,hosted_vllm/Qwen/Qwen3.5-35B-A3B,online_trc_summarize_partial,10000,0.5,scikit-learn__scikit-learn-13779,otrc-su-partial,run_2,priority,summary_failure_accounting,0,21,/home/ak58925/agentCtx/ICLR_results/swebench/ablation/qwen35b/di__b10k__otrc-su-partial/scikit-learn__scikit-learn-13779/otrc-su-partial/run_2/trajectory.json,/home/ak58925/agentCtx/archives/summary-bug-audit-20260907_185802_CDT/audit-swebench/details/10057.txt,main,/home/ak58925/agentCtx/ICLR_results/swebench/main/qwen35b/di__b10k__otrc-su-partial/scikit-learn__scikit-learn-13779/otrc-su-partial/run_2/trajectory.json,swebench_summary_bug_remaining_20260908_162042_CDT
swebench,ablation,qwen35b,di__b10k__otrc-su-partial,hosted_vllm/Qwen/Qwen3.5-35B-A3B,online_trc_summarize_partial,10000,0.5,scikit-learn__scikit-learn-13779,otrc-su-partial,run_3,probable,summary_related_response,0,0,/home/ak58925/agentCtx/ICLR_results/swebench/ablation/qwen35b/di__b10k__otrc-su-partial/scikit-learn__scikit-learn-13779/otrc-su-partial/run_3/trajectory.json,/home/ak58925/agentCtx/archives/summary-bug-audit-20260907_185802_CDT/audit-swebench/details/10058.txt,main,/home/ak58925/agentCtx/ICLR_results/swebench/main/qwen35b/di__b10k__otrc-su-partial/scikit-learn__scikit-learn-13779/otrc-su-partial/run_3/trajectory.json,swebench_summary_bug_remaining_20260908_162042_CDT
swebench,ablation,qwen35b,di__b10k__otrc-su-partial,hosted_vllm/Qwen/Qwen3.5-35B-A3B,online_trc_summarize_partial,10000,0.5,scikit-learn__scikit-learn-15100,otrc-su-partial,run_1,priority,summary_failure_accounting,0,5,/home/ak58925/agentCtx/ICLR_results/swebench/ablation/qwen35b/di__b10k__otrc-su-partial/scikit-learn__scikit-learn-15100/otrc-su-partial/run_1/trajectory.json,/home/ak58925/agentCtx/archives/summary-bug-audit-20260907_185802_CDT/audit-swebench/details/10081.txt,main,/home/ak58925/agentCtx/ICLR_results/swebench/main/qwen35b/di__b10k__otrc-su-partial/scikit-learn__scikit-learn-15100/otrc-su-partial/run_1/trajectory.json,swebench_summary_bug_remaining_20260908_162042_CDT
swebench,ablation,qwen35b,di__b10k__otrc-su-partial,hosted_vllm/Qwen/Qwen3.5-35B-A3B,online_trc_summarize_partial,10000,0.5,scikit-learn__scikit-learn-25747,otrc-su-partial,run_1,probable,summary_related_response,0,0,/home/ak58925/agentCtx/ICLR_results/swebench/ablation/qwen35b/di__b10k__otrc-su-partial/scikit-learn__scikit-learn-25747/otrc-su-partial/run_1/trajectory.json,/home/ak58925/agentCtx/archives/summary-bug-audit-20260907_185802_CDT/audit-swebench/details/10088.txt,main,/home/ak58925/agentCtx/ICLR_results/swebench/main/qwen35b/di__b10k__otrc-su-partial/scikit-learn__scikit-learn-25747/otrc-su-partial/run_1/trajectory.json,swebench_summary_bug_remaining_20260908_162042_CDT
swebench,ablation,qwen35b,di__b10k__otrc-su-partial,hosted_vllm/Qwen/Qwen3.5-35B-A3B,online_trc_summarize_partial,10000,0.5,scikit-learn__scikit-learn-25747,otrc-su-partial,run_2,priority,summary_failure_accounting,0,13,/home/ak58925/agentCtx/ICLR_results/swebench/ablation/qwen35b/di__b10k__otrc-su-partial/scikit-learn__scikit-learn-25747/otrc-su-partial/run_2/trajectory.json,/home/ak58925/agentCtx/archives/summary-bug-audit-20260907_185802_CDT/audit-swebench/details/10089.txt,main,/home/ak58925/agentCtx/ICLR_results/swebench/main/qwen35b/di__b10k__otrc-su-partial/scikit-learn__scikit-learn-25747/otrc-su-partial/run_2/trajectory.json,swebench_summary_bug_remaining_20260908_162042_CDT
swebench,ablation,qwen35b,di__b10k__otrc-su-partial,hosted_vllm/Qwen/Qwen3.5-35B-A3B,online_trc_summarize_partial,10000,0.5,scikit-learn__scikit-learn-25747,otrc-su-partial,run_3,probable,summary_related_response,0,0,/home/ak58925/agentCtx/ICLR_results/swebench/ablation/qwen35b/di__b10k__otrc-su-partial/scikit-learn__scikit-learn-25747/otrc-su-partial/run_3/trajectory.json,/home/ak58925/agentCtx/archives/summary-bug-audit-20260907_185802_CDT/audit-swebench/details/10090.txt,main,/home/ak58925/agentCtx/ICLR_results/swebench/main/qwen35b/di__b10k__otrc-su-partial/scikit-learn__scikit-learn-25747/otrc-su-partial/run_3/trajectory.json,swebench_summary_bug_remaining_20260908_162042_CDT
swebench,ablation,qwen35b,di__b10k__otrc-su-partial,hosted_vllm/Qwen/Qwen3.5-35B-A3B,online_trc_summarize_partial,10000,0.5,scikit-learn__scikit-learn-26323,otrc-su-partial,run_1,priority,summary_failure_accounting,0,4,/home/ak58925/agentCtx/ICLR_results/swebench/ablation/qwen35b/di__b10k__otrc-su-partial/scikit-learn__scikit-learn-26323/otrc-su-partial/run_1/trajectory.json,/home/ak58925/agentCtx/archives/summary-bug-audit-20260907_185802_CDT/audit-swebench/details/10099.txt,main,/home/ak58925/agentCtx/ICLR_results/swebench/main/qwen35b/di__b10k__otrc-su-partial/scikit-learn__scikit-learn-26323/otrc-su-partial/run_1/trajectory.json,swebench_summary_bug_remaining_20260908_162042_CDT
swebench,ablation,qwen35b,di__b10k__otrc-su-partial,hosted_vllm/Qwen/Qwen3.5-35B-A3B,online_trc_summarize_partial,10000,0.5,scikit-learn__scikit-learn-26323,otrc-su-partial,run_2,priority,summary_failure_accounting,0,8,/home/ak58925/agentCtx/ICLR_results/swebench/ablation/qwen35b/di__b10k__otrc-su-partial/scikit-learn__scikit-learn-26323/otrc-su-partial/run_2/trajectory.json,/home/ak58925/agentCtx/archives/summary-bug-audit-20260907_185802_CDT/audit-swebench/details/10100.txt,main,/home/ak58925/agentCtx/ICLR_results/swebench/main/qwen35b/di__b10k__otrc-su-partial/scikit-learn__scikit-learn-26323/otrc-su-partial/run_2/trajectory.json,swebench_summary_bug_remaining_20260908_162042_CDT
swebench,ablation,qwen35b,di__b10k__otrc-su-partial,hosted_vllm/Qwen/Qwen3.5-35B-A3B,online_trc_summarize_partial,10000,0.5,scikit-learn__scikit-learn-26323,otrc-su-partial,run_3,priority,summary_failure_accounting,0,1,/home/ak58925/agentCtx/ICLR_results/swebench/ablation/qwen35b/di__b10k__otrc-su-partial/scikit-learn__scikit-learn-26323/otrc-su-partial/run_3/trajectory.json,/home/ak58925/agentCtx/archives/summary-bug-audit-20260907_185802_CDT/audit-swebench/details/10101.txt,main,/home/ak58925/agentCtx/ICLR_results/swebench/main/qwen35b/di__b10k__otrc-su-partial/scikit-learn__scikit-learn-26323/otrc-su-partial/run_3/trajectory.json,swebench_summary_bug_remaining_20260908_162042_CDT
swebench,ablation,qwen35b,di__b10k__otrc-su-partial,hosted_vllm/Qwen/Qwen3.5-35B-A3B,online_trc_summarize_partial,10000,0.5,sympy__sympy-13031,otrc-su-partial,run_3,probable,summary_related_response,0,0,/home/ak58925/agentCtx/ICLR_results/swebench/ablation/qwen35b/di__b10k__otrc-su-partial/sympy__sympy-13031/otrc-su-partial/run_3/trajectory.json,/home/ak58925/agentCtx/archives/summary-bug-audit-20260907_185802_CDT/audit-swebench/details/10115.txt,main,/home/ak58925/agentCtx/ICLR_results/swebench/main/qwen35b/di__b10k__otrc-su-partial/sympy__sympy-13031/otrc-su-partial/run_3/trajectory.json,swebench_summary_bug_remaining_20260908_162042_CDT
swebench,ablation,qwen35b,di__b10k__otrc-su-partial,hosted_vllm/Qwen/Qwen3.5-35B-A3B,online_trc_summarize_partial,10000,0.5,sympy__sympy-13091,otrc-su-partial,run_1,priority,summary_failure_accounting,0,6,/home/ak58925/agentCtx/ICLR_results/swebench/ablation/qwen35b/di__b10k__otrc-su-partial/sympy__sympy-13091/otrc-su-partial/run_1/trajectory.json,/home/ak58925/agentCtx/archives/summary-bug-audit-20260907_185802_CDT/audit-swebench/details/10116.txt,main,/home/ak58925/agentCtx/ICLR_results/swebench/main/qwen35b/di__b10k__otrc-su-partial/sympy__sympy-13091/otrc-su-partial/run_1/trajectory.json,swebench_summary_bug_remaining_20260908_162042_CDT
swebench,ablation,qwen35b,di__b10k__otrc-su-partial,hosted_vllm/Qwen/Qwen3.5-35B-A3B,online_trc_summarize_partial,10000,0.5,sympy__sympy-13091,otrc-su-partial,run_2,priority,summary_failure_accounting,0,26,/home/ak58925/agentCtx/ICLR_results/swebench/ablation/qwen35b/di__b10k__otrc-su-partial/sympy__sympy-13091/otrc-su-partial/run_2/trajectory.json,/home/ak58925/agentCtx/archives/summary-bug-audit-20260907_185802_CDT/audit-swebench/details/10117.txt,main,/home/ak58925/agentCtx/ICLR_results/swebench/main/qwen35b/di__b10k__otrc-su-partial/sympy__sympy-13091/otrc-su-partial/run_2/trajectory.json,swebench_summary_bug_remaining_20260908_162042_CDT
swebench,ablation,qwen35b,di__b10k__otrc-su-partial,hosted_vllm/Qwen/Qwen3.5-35B-A3B,online_trc_summarize_partial,10000,0.5,sympy__sympy-13091,otrc-su-partial,run_3,priority,summary_failure_accounting,0,16,/home/ak58925/agentCtx/ICLR_results/swebench/ablation/qwen35b/di__b10k__otrc-su-partial/sympy__sympy-13091/otrc-su-partial/run_3/trajectory.json,/home/ak58925/agentCtx/archives/summary-bug-audit-20260907_185802_CDT/audit-swebench/details/10118.txt,main,/home/ak58925/agentCtx/ICLR_results/swebench/main/qwen35b/di__b10k__otrc-su-partial/sympy__sympy-13091/otrc-su-partial/run_3/trajectory.json,swebench_summary_bug_remaining_20260908_162042_CDT
swebench,ablation,qwen35b,di__b10k__otrc-su-partial,hosted_vllm/Qwen/Qwen3.5-35B-A3B,online_trc_summarize_partial,10000,0.5,sympy__sympy-13757,otrc-su-partial,run_2,priority,summary_failure_accounting,0,1,/home/ak58925/agentCtx/ICLR_results/swebench/ablation/qwen35b/di__b10k__otrc-su-partial/sympy__sympy-13757/otrc-su-partial/run_2/trajectory.json,/home/ak58925/agentCtx/archives/summary-bug-audit-20260907_185802_CDT/audit-swebench/details/10126.txt,main,/home/ak58925/agentCtx/ICLR_results/swebench/main/qwen35b/di__b10k__otrc-su-partial/sympy__sympy-13757/otrc-su-partial/run_2/trajectory.json,swebench_summary_bug_remaining_20260908_162042_CDT
swebench,ablation,qwen35b,di__b10k__otrc-su-partial,hosted_vllm/Qwen/Qwen3.5-35B-A3B,online_trc_summarize_partial,10000,0.5,sympy__sympy-13757,otrc-su-partial,run_3,priority,summary_failure_accounting,0,26,/home/ak58925/agentCtx/ICLR_results/swebench/ablation/qwen35b/di__b10k__otrc-su-partial/sympy__sympy-13757/otrc-su-partial/run_3/trajectory.json,/home/ak58925/agentCtx/archives/summary-bug-audit-20260907_185802_CDT/audit-swebench/details/10127.txt,main,/home/ak58925/agentCtx/ICLR_results/swebench/main/qwen35b/di__b10k__otrc-su-partial/sympy__sympy-13757/otrc-su-partial/run_3/trajectory.json,swebench_summary_bug_remaining_20260908_162042_CDT
swebench,ablation,qwen35b,di__b10k__otrc-su-partial,hosted_vllm/Qwen/Qwen3.5-35B-A3B,online_trc_summarize_partial,10000,0.5,sympy__sympy-15017,otrc-su-partial,run_3,priority,summary_failure_accounting,0,47,/home/ak58925/agentCtx/ICLR_results/swebench/ablation/qwen35b/di__b10k__otrc-su-partial/sympy__sympy-15017/otrc-su-partial/run_3/trajectory.json,/home/ak58925/agentCtx/archives/summary-bug-audit-20260907_185802_CDT/audit-swebench/details/10144.txt,main,/home/ak58925/agentCtx/ICLR_results/swebench/main/qwen35b/di__b10k__otrc-su-partial/sympy__sympy-15017/otrc-su-partial/run_3/trajectory.json,swebench_summary_bug_remaining_20260908_162042_CDT
swebench,ablation,qwen35b,di__b10k__otrc-su-partial,hosted_vllm/Qwen/Qwen3.5-35B-A3B,online_trc_summarize_partial,10000,0.5,sympy__sympy-15345,otrc-su-partial,run_1,priority,summary_failure_accounting,0,22,/home/ak58925/agentCtx/ICLR_results/swebench/ablation/qwen35b/di__b10k__otrc-su-partial/sympy__sympy-15345/otrc-su-partial/run_1/trajectory.json,/home/ak58925/agentCtx/archives/summary-bug-audit-20260907_185802_CDT/audit-swebench/details/10145.txt,main,/home/ak58925/agentCtx/ICLR_results/swebench/main/qwen35b/di__b10k__otrc-su-partial/sympy__sympy-15345/otrc-su-partial/run_1/trajectory.json,swebench_summary_bug_remaining_20260908_162042_CDT
swebench,ablation,qwen35b,di__b10k__otrc-su-partial,hosted_vllm/Qwen/Qwen3.5-35B-A3B,online_trc_summarize_partial,10000,0.5,sympy__sympy-15345,otrc-su-partial,run_2,probable,summary_related_response,0,0,/home/ak58925/agentCtx/ICLR_results/swebench/ablation/qwen35b/di__b10k__otrc-su-partial/sympy__sympy-15345/otrc-su-partial/run_2/trajectory.json,/home/ak58925/agentCtx/archives/summary-bug-audit-20260907_185802_CDT/audit-swebench/details/10146.txt,main,/home/ak58925/agentCtx/ICLR_results/swebench/main/qwen35b/di__b10k__otrc-su-partial/sympy__sympy-15345/otrc-su-partial/run_2/trajectory.json,swebench_summary_bug_remaining_20260908_162042_CDT
swebench,ablation,qwen35b,di__b10k__otrc-su-partial,hosted_vllm/Qwen/Qwen3.5-35B-A3B,online_trc_summarize_partial,10000,0.5,sympy__sympy-17630,otrc-su-partial,run_1,priority,summary_failure_accounting,0,17,/home/ak58925/agentCtx/ICLR_results/swebench/ablation/qwen35b/di__b10k__otrc-su-partial/sympy__sympy-17630/otrc-su-partial/run_1/trajectory.json,/home/ak58925/agentCtx/archives/summary-bug-audit-20260907_185802_CDT/audit-swebench/details/10161.txt,main,/home/ak58925/agentCtx/ICLR_results/swebench/main/qwen35b/di__b10k__otrc-su-partial/sympy__sympy-17630/otrc-su-partial/run_1/trajectory.json,swebench_summary_bug_remaining_20260908_162042_CDT
swebench,ablation,qwen35b,di__b10k__otrc-su-partial,hosted_vllm/Qwen/Qwen3.5-35B-A3B,online_trc_summarize_partial,10000,0.5,sympy__sympy-17630,otrc-su-partial,run_2,priority,summary_failure_accounting,0,44,/home/ak58925/agentCtx/ICLR_results/swebench/ablation/qwen35b/di__b10k__otrc-su-partial/sympy__sympy-17630/otrc-su-partial/run_2/trajectory.json,/home/ak58925/agentCtx/archives/summary-bug-audit-20260907_185802_CDT/audit-swebench/details/10162.txt,main,/home/ak58925/agentCtx/ICLR_results/swebench/main/qwen35b/di__b10k__otrc-su-partial/sympy__sympy-17630/otrc-su-partial/run_2/trajectory.json,swebench_summary_bug_remaining_20260908_162042_CDT
swebench,ablation,qwen35b,di__b10k__otrc-su-partial,hosted_vllm/Qwen/Qwen3.5-35B-A3B,online_trc_summarize_partial,10000,0.5,sympy__sympy-17630,otrc-su-partial,run_3,priority,summary_failure_accounting,0,39,/home/ak58925/agentCtx/ICLR_results/swebench/ablation/qwen35b/di__b10k__otrc-su-partial/sympy__sympy-17630/otrc-su-partial/run_3/trajectory.json,/home/ak58925/agentCtx/archives/summary-bug-audit-20260907_185802_CDT/audit-swebench/details/10163.txt,main,/home/ak58925/agentCtx/ICLR_results/swebench/main/qwen35b/di__b10k__otrc-su-partial/sympy__sympy-17630/otrc-su-partial/run_3/trajectory.json,swebench_summary_bug_remaining_20260908_162042_CDT
swebench,ablation,qwen35b,di__b10k__otrc-su-partial,hosted_vllm/Qwen/Qwen3.5-35B-A3B,online_trc_summarize_partial,10000,0.5,sympy__sympy-24066,otrc-su-partial,run_3,probable,summary_related_response,0,0,/home/ak58925/agentCtx/ICLR_results/swebench/ablation/qwen35b/di__b10k__otrc-su-partial/sympy__sympy-24066/otrc-su-partial/run_3/trajectory.json,/home/ak58925/agentCtx/archives/summary-bug-audit-20260907_185802_CDT/audit-swebench/details/10190.txt,main,/home/ak58925/agentCtx/ICLR_results/swebench/main/qwen35b/di__b10k__otrc-su-partial/sympy__sympy-24066/otrc-su-partial/run_3/trajectory.json,swebench_summary_bug_remaining_20260908_162042_CDT
swebench,ablation,qwen35b,di__b10k__otrc-su-partial,hosted_vllm/Qwen/Qwen3.5-35B-A3B,online_trc_summarize_partial,10000,0.5,django__django-13012,otrc-su-partial,run_2,priority,agentlog_summary_failure,0,1,/home/ak58925/agentCtx/ICLR_results/swebench/ablation/qwen35b/di__b10k__otrc-su-partial/django__django-13012/otrc-su-partial/run_2/trajectory.json,details/09963.txt,main,/home/ak58925/agentCtx/ICLR_results/swebench/main/qwen35b/di__b10k__otrc-su-partial/django__django-13012/otrc-su-partial/run_2/trajectory.json,swebench_summary_bug_remaining_20260908_162042_CDT
swebench,ablation,qwen35b,di__b10k__otrc-su-partial,hosted_vllm/Qwen/Qwen3.5-35B-A3B,online_trc_summarize_partial,10000,0.5,django__django-13964,otrc-su-partial,run_3,priority,agentlog_summary_failure,0,2,/home/ak58925/agentCtx/ICLR_results/swebench/ablation/qwen35b/di__b10k__otrc-su-partial/django__django-13964/otrc-su-partial/run_3/trajectory.json,,main,/home/ak58925/agentCtx/ICLR_results/swebench/main/qwen35b/di__b10k__otrc-su-partial/django__django-13964/otrc-su-partial/run_3/trajectory.json,swebench_summary_bug_remaining_20260908_162042_CDT
swebench,ablation,qwen35b,di__b10k__otrc-su-partial,hosted_vllm/Qwen/Qwen3.5-35B-A3B,online_trc_summarize_partial,10000,0.5,django__django-14580,otrc-su-partial,run_3,priority,agentlog_summary_failure,0,3,/home/ak58925/agentCtx/ICLR_results/swebench/ablation/qwen35b/di__b10k__otrc-su-partial/django__django-14580/otrc-su-partial/run_3/trajectory.json,details/09978.txt,main,/home/ak58925/agentCtx/ICLR_results/swebench/main/qwen35b/di__b10k__otrc-su-partial/django__django-14580/otrc-su-partial/run_3/trajectory.json,swebench_summary_bug_remaining_20260908_162042_CDT
swebench,ablation,qwen35b,di__b10k__otrc-su-partial,hosted_vllm/Qwen/Qwen3.5-35B-A3B,online_trc_summarize_partial,10000,0.5,scikit-learn__scikit-learn-11310,otrc-su-partial,run_2,probable,agentlog_unverifiable,0,,/home/ak58925/agentCtx/ICLR_results/swebench/ablation/qwen35b/di__b10k__otrc-su-partial/scikit-learn__scikit-learn-11310/otrc-su-partial/run_2/trajectory.json,details/10029.txt,main,/home/ak58925/agentCtx/ICLR_results/swebench/main/qwen35b/di__b10k__otrc-su-partial/scikit-learn__scikit-learn-11310/otrc-su-partial/run_2/trajectory.json,swebench_summary_bug_remaining_20260908_162042_CDT
swebench,ablation,qwen35b,di__b10k__otrc-su-partial,hosted_vllm/Qwen/Qwen3.5-35B-A3B,online_trc_summarize_partial,10000,0.5,scikit-learn__scikit-learn-13328,otrc-su-partial,run_3,priority,agentlog_summary_failure,0,3,/home/ak58925/agentCtx/ICLR_results/swebench/ablation/qwen35b/di__b10k__otrc-su-partial/scikit-learn__scikit-learn-13328/otrc-su-partial/run_3/trajectory.json,,main,/home/ak58925/agentCtx/ICLR_results/swebench/main/qwen35b/di__b10k__otrc-su-partial/scikit-learn__scikit-learn-13328/otrc-su-partial/run_3/trajectory.json,swebench_summary_bug_remaining_20260908_162042_CDT
swebench,ablation,qwen35b,di__b10k__otrc-su-partial,hosted_vllm/Qwen/Qwen3.5-35B-A3B,online_trc_summarize_partial,10000,0.5,sympy__sympy-13031,otrc-su-partial,run_1,priority,agentlog_summary_failure,0,4,/home/ak58925/agentCtx/ICLR_results/swebench/ablation/qwen35b/di__b10k__otrc-su-partial/sympy__sympy-13031/otrc-su-partial/run_1/trajectory.json,details/10113.txt,main,/home/ak58925/agentCtx/ICLR_results/swebench/main/qwen35b/di__b10k__otrc-su-partial/sympy__sympy-13031/otrc-su-partial/run_1/trajectory.json,swebench_summary_bug_remaining_20260908_162042_CDT
swebench,ablation,qwen35b,di__b10k__otrc-su-partial,hosted_vllm/Qwen/Qwen3.5-35B-A3B,online_trc_summarize_partial,10000,0.5,sympy__sympy-13757,otrc-su-partial,run_1,priority,agentlog_summary_failure,0,6,/home/ak58925/agentCtx/ICLR_results/swebench/ablation/qwen35b/di__b10k__otrc-su-partial/sympy__sympy-13757/otrc-su-partial/run_1/trajectory.json,details/10125.txt,main,/home/ak58925/agentCtx/ICLR_results/swebench/main/qwen35b/di__b10k__otrc-su-partial/sympy__sympy-13757/otrc-su-partial/run_1/trajectory.json,swebench_summary_bug_remaining_20260908_162042_CDT
swebench,ablation,qwen35b,di__b10k__otrc-su-partial,hosted_vllm/Qwen/Qwen3.5-35B-A3B,online_trc_summarize_partial,10000,0.5,sympy__sympy-15017,otrc-su-partial,run_1,priority,agentlog_summary_failure,0,13,/home/ak58925/agentCtx/ICLR_results/swebench/ablation/qwen35b/di__b10k__otrc-su-partial/sympy__sympy-15017/otrc-su-partial/run_1/trajectory.json,details/10142.txt,main,/home/ak58925/agentCtx/ICLR_results/swebench/main/qwen35b/di__b10k__otrc-su-partial/sympy__sympy-15017/otrc-su-partial/run_1/trajectory.json,swebench_summary_bug_remaining_20260908_162042_CDT
swebench,ablation,qwen35b,di__b10k__otrc-su-partial,hosted_vllm/Qwen/Qwen3.5-35B-A3B,online_trc_summarize_partial,10000,0.5,sympy__sympy-15345,otrc-su-partial,run_3,priority,agentlog_summary_failure,0,11,/home/ak58925/agentCtx/ICLR_results/swebench/ablation/qwen35b/di__b10k__otrc-su-partial/sympy__sympy-15345/otrc-su-partial/run_3/trajectory.json,details/10147.txt,main,/home/ak58925/agentCtx/ICLR_results/swebench/main/qwen35b/di__b10k__otrc-su-partial/sympy__sympy-15345/otrc-su-partial/run_3/trajectory.json,swebench_summary_bug_remaining_20260908_162042_CDT
swebench,ablation,qwen35b,di__b10k__trc-ss,hosted_vllm/Qwen/Qwen3.5-35B-A3B,trc_structured_summarize,10000,0.5,sympy__sympy-13091,trc-ss,run_3,probable,summary_related_response,0,0,/home/ak58925/agentCtx/ICLR_results/swebench/ablation/qwen35b/di__b10k__trc-ss/sympy__sympy-13091/trc-ss/run_3/trajectory.json,/home/ak58925/agentCtx/archives/summary-bug-audit-20260907_185802_CDT/audit-swebench/details/10680.txt,main,/home/ak58925/agentCtx/ICLR_results/swebench/main/qwen35b/di__b10k__trc-ss/sympy__sympy-13091/trc-ss/run_3/trajectory.json,swebench_summary_bug_remaining_20260908_162042_CDT
swebench,ablation,qwen35b,di__b10k__trc-ss,hosted_vllm/Qwen/Qwen3.5-35B-A3B,trc_structured_summarize,10000,0.5,django__django-11299,trc-ss,run_1,priority,agentlog_summary_failure,0,2,/home/ak58925/agentCtx/ICLR_results/swebench/ablation/qwen35b/di__b10k__trc-ss/django__django-11299/trc-ss/run_1/trajectory.json,details/10557.txt,main,/home/ak58925/agentCtx/ICLR_results/swebench/main/qwen35b/di__b10k__trc-ss/django__django-11299/trc-ss/run_1/trajectory.json,swebench_summary_bug_remaining_20260908_162042_CDT
swebench,ablation,qwen35b,di__b10k__trc-ss,hosted_vllm/Qwen/Qwen3.5-35B-A3B,trc_structured_summarize,10000,0.5,django__django-11299,trc-ss,run_3,priority,agentlog_summary_failure,0,5,/home/ak58925/agentCtx/ICLR_results/swebench/ablation/qwen35b/di__b10k__trc-ss/django__django-11299/trc-ss/run_3/trajectory.json,details/10559.txt,main,/home/ak58925/agentCtx/ICLR_results/swebench/main/qwen35b/di__b10k__trc-ss/django__django-11299/trc-ss/run_3/trajectory.json,swebench_summary_bug_remaining_20260908_162042_CDT
swebench,ablation,qwen35b,di__b10k__trc-ss,hosted_vllm/Qwen/Qwen3.5-35B-A3B,trc_structured_summarize,10000,0.5,django__django-12273,trc-ss,run_2,priority,agentlog_summary_failure,0,5,/home/ak58925/agentCtx/ICLR_results/swebench/ablation/qwen35b/di__b10k__trc-ss/django__django-12273/trc-ss/run_2/trajectory.json,details/10569.txt,main,/home/ak58925/agentCtx/ICLR_results/swebench/main/qwen35b/di__b10k__trc-ss/django__django-12273/trc-ss/run_2/trajectory.json,swebench_summary_bug_remaining_20260908_162042_CDT
swebench,ablation,qwen35b,di__b10k__trc-ss,hosted_vllm/Qwen/Qwen3.5-35B-A3B,trc_structured_summarize,10000,0.5,django__django-13012,trc-ss,run_3,priority,agentlog_summary_failure,0,6,/home/ak58925/agentCtx/ICLR_results/swebench/ablation/qwen35b/di__b10k__trc-ss/django__django-13012/trc-ss/run_3/trajectory.json,,main,/home/ak58925/agentCtx/ICLR_results/swebench/main/qwen35b/di__b10k__trc-ss/django__django-13012/trc-ss/run_3/trajectory.json,swebench_summary_bug_remaining_20260908_162042_CDT
swebench,ablation,qwen35b,di__b10k__trc-ss,hosted_vllm/Qwen/Qwen3.5-35B-A3B,trc_structured_summarize,10000,0.5,django__django-13964,trc-ss,run_1,priority,agentlog_summary_failure,0,4,/home/ak58925/agentCtx/ICLR_results/swebench/ablation/qwen35b/di__b10k__trc-ss/django__django-13964/trc-ss/run_1/trajectory.json,,main,/home/ak58925/agentCtx/ICLR_results/swebench/main/qwen35b/di__b10k__trc-ss/django__django-13964/trc-ss/run_1/trajectory.json,swebench_summary_bug_remaining_20260908_162042_CDT
swebench,ablation,qwen35b,di__b10k__trc-ss,hosted_vllm/Qwen/Qwen3.5-35B-A3B,trc_structured_summarize,10000,0.5,django__django-13964,trc-ss,run_3,priority,agentlog_summary_failure,0,26,/home/ak58925/agentCtx/ICLR_results/swebench/ablation/qwen35b/di__b10k__trc-ss/django__django-13964/trc-ss/run_3/trajectory.json,details/10585.txt,main,/home/ak58925/agentCtx/ICLR_results/swebench/main/qwen35b/di__b10k__trc-ss/django__django-13964/trc-ss/run_3/trajectory.json,swebench_summary_bug_remaining_20260908_162042_CDT
swebench,ablation,qwen35b,di__b10k__trc-ss,hosted_vllm/Qwen/Qwen3.5-35B-A3B,trc_structured_summarize,10000,0.5,django__django-14580,trc-ss,run_1,priority,agentlog_summary_failure,0,1,/home/ak58925/agentCtx/ICLR_results/swebench/ablation/qwen35b/di__b10k__trc-ss/django__django-14580/trc-ss/run_1/trajectory.json,details/10589.txt,main,/home/ak58925/agentCtx/ICLR_results/swebench/main/qwen35b/di__b10k__trc-ss/django__django-14580/trc-ss/run_1/trajectory.json,swebench_summary_bug_remaining_20260908_162042_CDT
swebench,ablation,qwen35b,di__b10k__trc-ss,hosted_vllm/Qwen/Qwen3.5-35B-A3B,trc_structured_summarize,10000,0.5,django__django-14580,trc-ss,run_2,priority,agentlog_summary_failure,0,3,/home/ak58925/agentCtx/ICLR_results/swebench/ablation/qwen35b/di__b10k__trc-ss/django__django-14580/trc-ss/run_2/trajectory.json,,main,/home/ak58925/agentCtx/ICLR_results/swebench/main/qwen35b/di__b10k__trc-ss/django__django-14580/trc-ss/run_2/trajectory.json,swebench_summary_bug_remaining_20260908_162042_CDT
swebench,ablation,qwen35b,di__b10k__trc-ss,hosted_vllm/Qwen/Qwen3.5-35B-A3B,trc_structured_summarize,10000,0.5,django__django-14999,trc-ss,run_3,priority,agentlog_summary_failure,0,2,/home/ak58925/agentCtx/ICLR_results/swebench/ablation/qwen35b/di__b10k__trc-ss/django__django-14999/trc-ss/run_3/trajectory.json,details/10597.txt,main,/home/ak58925/agentCtx/ICLR_results/swebench/main/qwen35b/di__b10k__trc-ss/django__django-14999/trc-ss/run_3/trajectory.json,swebench_summary_bug_remaining_20260908_162042_CDT
swebench,ablation,qwen35b,di__b10k__trc-ss,hosted_vllm/Qwen/Qwen3.5-35B-A3B,trc_structured_summarize,10000,0.5,scikit-learn__scikit-learn-10297,trc-ss,run_1,priority,agentlog_summary_failure,0,1,/home/ak58925/agentCtx/ICLR_results/swebench/ablation/qwen35b/di__b10k__trc-ss/scikit-learn__scikit-learn-10297/trc-ss/run_1/trajectory.json,,main,/home/ak58925/agentCtx/ICLR_results/swebench/main/qwen35b/di__b10k__trc-ss/scikit-learn__scikit-learn-10297/trc-ss/run_1/trajectory.json,swebench_summary_bug_remaining_20260908_162042_CDT
swebench,ablation,qwen35b,di__b10k__trc-ss,hosted_vllm/Qwen/Qwen3.5-35B-A3B,trc_structured_summarize,10000,0.5,scikit-learn__scikit-learn-10297,trc-ss,run_3,priority,agentlog_summary_failure,0,1,/home/ak58925/agentCtx/ICLR_results/swebench/ablation/qwen35b/di__b10k__trc-ss/scikit-learn__scikit-learn-10297/trc-ss/run_3/trajectory.json,,main,/home/ak58925/agentCtx/ICLR_results/swebench/main/qwen35b/di__b10k__trc-ss/scikit-learn__scikit-learn-10297/trc-ss/run_3/trajectory.json,swebench_summary_bug_remaining_20260908_162042_CDT
swebench,ablation,qwen35b,di__b10k__trc-ss,hosted_vllm/Qwen/Qwen3.5-35B-A3B,trc_structured_summarize,10000,0.5,scikit-learn__scikit-learn-10908,trc-ss,run_2,priority,agentlog_summary_failure,0,3,/home/ak58925/agentCtx/ICLR_results/swebench/ablation/qwen35b/di__b10k__trc-ss/scikit-learn__scikit-learn-10908/trc-ss/run_2/trajectory.json,,main,/home/ak58925/agentCtx/ICLR_results/swebench/main/qwen35b/di__b10k__trc-ss/scikit-learn__scikit-learn-10908/trc-ss/run_2/trajectory.json,swebench_summary_bug_remaining_20260908_162042_CDT
swebench,ablation,qwen35b,di__b10k__trc-ss,hosted_vllm/Qwen/Qwen3.5-35B-A3B,trc_structured_summarize,10000,0.5,scikit-learn__scikit-learn-11310,trc-ss,run_2,priority,agentlog_summary_failure,0,2,/home/ak58925/agentCtx/ICLR_results/swebench/ablation/qwen35b/di__b10k__trc-ss/scikit-learn__scikit-learn-11310/trc-ss/run_2/trajectory.json,,main,/home/ak58925/agentCtx/ICLR_results/swebench/main/qwen35b/di__b10k__trc-ss/scikit-learn__scikit-learn-11310/trc-ss/run_2/trajectory.json,swebench_summary_bug_remaining_20260908_162042_CDT
swebench,ablation,qwen35b,di__b10k__trc-ss,hosted_vllm/Qwen/Qwen3.5-35B-A3B,trc_structured_summarize,10000,0.5,scikit-learn__scikit-learn-11310,trc-ss,run_3,priority,agentlog_summary_failure,0,3,/home/ak58925/agentCtx/ICLR_results/swebench/ablation/qwen35b/di__b10k__trc-ss/scikit-learn__scikit-learn-11310/trc-ss/run_3/trajectory.json,,main,/home/ak58925/agentCtx/ICLR_results/swebench/main/qwen35b/di__b10k__trc-ss/scikit-learn__scikit-learn-11310/trc-ss/run_3/trajectory.json,swebench_summary_bug_remaining_20260908_162042_CDT
swebench,ablation,qwen35b,di__b10k__trc-ss,hosted_vllm/Qwen/Qwen3.5-35B-A3B,trc_structured_summarize,10000,0.5,scikit-learn__scikit-learn-11578,trc-ss,run_1,priority,agentlog_summary_failure,0,2,/home/ak58925/agentCtx/ICLR_results/swebench/ablation/qwen35b/di__b10k__trc-ss/scikit-learn__scikit-learn-11578/trc-ss/run_1/trajectory.json,details/10630.txt,main,/home/ak58925/agentCtx/ICLR_results/swebench/main/qwen35b/di__b10k__trc-ss/scikit-learn__scikit-learn-11578/trc-ss/run_1/trajectory.json,swebench_summary_bug_remaining_20260908_162042_CDT
swebench,ablation,qwen35b,di__b10k__trc-ss,hosted_vllm/Qwen/Qwen3.5-35B-A3B,trc_structured_summarize,10000,0.5,scikit-learn__scikit-learn-11578,trc-ss,run_2,priority,agentlog_summary_failure,0,1,/home/ak58925/agentCtx/ICLR_results/swebench/ablation/qwen35b/di__b10k__trc-ss/scikit-learn__scikit-learn-11578/trc-ss/run_2/trajectory.json,details/10631.txt,main,/home/ak58925/agentCtx/ICLR_results/swebench/main/qwen35b/di__b10k__trc-ss/scikit-learn__scikit-learn-11578/trc-ss/run_2/trajectory.json,swebench_summary_bug_remaining_20260908_162042_CDT
swebench,ablation,qwen35b,di__b10k__trc-ss,hosted_vllm/Qwen/Qwen3.5-35B-A3B,trc_structured_summarize,10000,0.5,scikit-learn__scikit-learn-11578,trc-ss,run_3,priority,agentlog_summary_failure,0,1,/home/ak58925/agentCtx/ICLR_results/swebench/ablation/qwen35b/di__b10k__trc-ss/scikit-learn__scikit-learn-11578/trc-ss/run_3/trajectory.json,,main,/home/ak58925/agentCtx/ICLR_results/swebench/main/qwen35b/di__b10k__trc-ss/scikit-learn__scikit-learn-11578/trc-ss/run_3/trajectory.json,swebench_summary_bug_remaining_20260908_162042_CDT
swebench,ablation,qwen35b,di__b10k__trc-ss,hosted_vllm/Qwen/Qwen3.5-35B-A3B,trc_structured_summarize,10000,0.5,scikit-learn__scikit-learn-14496,trc-ss,run_1,priority,agentlog_summary_failure,0,1,/home/ak58925/agentCtx/ICLR_results/swebench/ablation/qwen35b/di__b10k__trc-ss/scikit-learn__scikit-learn-14496/trc-ss/run_1/trajectory.json,,main,/home/ak58925/agentCtx/ICLR_results/swebench/main/qwen35b/di__b10k__trc-ss/scikit-learn__scikit-learn-14496/trc-ss/run_1/trajectory.json,swebench_summary_bug_remaining_20260908_162042_CDT
swebench,ablation,qwen35b,di__b10k__trc-ss,hosted_vllm/Qwen/Qwen3.5-35B-A3B,trc_structured_summarize,10000,0.5,scikit-learn__scikit-learn-25747,trc-ss,run_1,priority,agentlog_summary_failure,0,3,/home/ak58925/agentCtx/ICLR_results/swebench/ablation/qwen35b/di__b10k__trc-ss/scikit-learn__scikit-learn-25747/trc-ss/run_1/trajectory.json,,main,/home/ak58925/agentCtx/ICLR_results/swebench/main/qwen35b/di__b10k__trc-ss/scikit-learn__scikit-learn-25747/trc-ss/run_1/trajectory.json,swebench_summary_bug_remaining_20260908_162042_CDT
swebench,ablation,qwen35b,di__b10k__trc-ss,hosted_vllm/Qwen/Qwen3.5-35B-A3B,trc_structured_summarize,10000,0.5,scikit-learn__scikit-learn-25747,trc-ss,run_3,priority,agentlog_summary_failure,0,4,/home/ak58925/agentCtx/ICLR_results/swebench/ablation/qwen35b/di__b10k__trc-ss/scikit-learn__scikit-learn-25747/trc-ss/run_3/trajectory.json,,main,/home/ak58925/agentCtx/ICLR_results/swebench/main/qwen35b/di__b10k__trc-ss/scikit-learn__scikit-learn-25747/trc-ss/run_3/trajectory.json,swebench_summary_bug_remaining_20260908_162042_CDT
swebench,ablation,qwen35b,di__b10k__trc-ss,hosted_vllm/Qwen/Qwen3.5-35B-A3B,trc_structured_summarize,10000,0.5,scikit-learn__scikit-learn-26323,trc-ss,run_3,priority,agentlog_summary_failure,0,1,/home/ak58925/agentCtx/ICLR_results/swebench/ablation/qwen35b/di__b10k__trc-ss/scikit-learn__scikit-learn-26323/trc-ss/run_3/trajectory.json,,main,/home/ak58925/agentCtx/ICLR_results/swebench/main/qwen35b/di__b10k__trc-ss/scikit-learn__scikit-learn-26323/trc-ss/run_3/trajectory.json,swebench_summary_bug_remaining_20260908_162042_CDT
swebench,ablation,qwen35b,di__b10k__trc-ss,hosted_vllm/Qwen/Qwen3.5-35B-A3B,trc_structured_summarize,10000,0.5,sympy__sympy-11618,trc-ss,run_2,priority,agentlog_summary_failure,0,15,/home/ak58925/agentCtx/ICLR_results/swebench/ablation/qwen35b/di__b10k__trc-ss/sympy__sympy-11618/trc-ss/run_2/trajectory.json,,main,/home/ak58925/agentCtx/ICLR_results/swebench/main/qwen35b/di__b10k__trc-ss/sympy__sympy-11618/trc-ss/run_2/trajectory.json,swebench_summary_bug_remaining_20260908_162042_CDT
swebench,ablation,qwen35b,di__b10k__trc-ss,hosted_vllm/Qwen/Qwen3.5-35B-A3B,trc_structured_summarize,10000,0.5,sympy__sympy-13091,trc-ss,run_1,priority,agentlog_summary_failure,0,1,/home/ak58925/agentCtx/ICLR_results/swebench/ablation/qwen35b/di__b10k__trc-ss/sympy__sympy-13091/trc-ss/run_1/trajectory.json,,main,/home/ak58925/agentCtx/ICLR_results/swebench/main/qwen35b/di__b10k__trc-ss/sympy__sympy-13091/trc-ss/run_1/trajectory.json,swebench_summary_bug_remaining_20260908_162042_CDT
swebench,ablation,qwen35b,di__b10k__trc-ss,hosted_vllm/Qwen/Qwen3.5-35B-A3B,trc_structured_summarize,10000,0.5,sympy__sympy-13757,trc-ss,run_1,priority,agentlog_summary_failure,0,1,/home/ak58925/agentCtx/ICLR_results/swebench/ablation/qwen35b/di__b10k__trc-ss/sympy__sympy-13757/trc-ss/run_1/trajectory.json,details/10684.txt,main,/home/ak58925/agentCtx/ICLR_results/swebench/main/qwen35b/di__b10k__trc-ss/sympy__sympy-13757/trc-ss/run_1/trajectory.json,swebench_summary_bug_remaining_20260908_162042_CDT
swebench,ablation,qwen35b,di__b10k__trc-ss,hosted_vllm/Qwen/Qwen3.5-35B-A3B,trc_structured_summarize,10000,0.5,sympy__sympy-15345,trc-ss,run_1,priority,agentlog_summary_failure,0,40,/home/ak58925/agentCtx/ICLR_results/swebench/ablation/qwen35b/di__b10k__trc-ss/sympy__sympy-15345/trc-ss/run_1/trajectory.json,details/10694.txt,main,/home/ak58925/agentCtx/ICLR_results/swebench/main/qwen35b/di__b10k__trc-ss/sympy__sympy-15345/trc-ss/run_1/trajectory.json,swebench_summary_bug_remaining_20260908_162042_CDT
swebench,ablation,qwen35b,di__b10k__trc-ss,hosted_vllm/Qwen/Qwen3.5-35B-A3B,trc_structured_summarize,10000,0.5,sympy__sympy-15345,trc-ss,run_2,priority,agentlog_summary_failure,0,3,/home/ak58925/agentCtx/ICLR_results/swebench/ablation/qwen35b/di__b10k__trc-ss/sympy__sympy-15345/trc-ss/run_2/trajectory.json,details/10695.txt,main,/home/ak58925/agentCtx/ICLR_results/swebench/main/qwen35b/di__b10k__trc-ss/sympy__sympy-15345/trc-ss/run_2/trajectory.json,swebench_summary_bug_remaining_20260908_162042_CDT
swebench,ablation,qwen35b,di__b10k__trc-ss,hosted_vllm/Qwen/Qwen3.5-35B-A3B,trc_structured_summarize,10000,0.5,sympy__sympy-15345,trc-ss,run_3,priority,agentlog_summary_failure,0,2,/home/ak58925/agentCtx/ICLR_results/swebench/ablation/qwen35b/di__b10k__trc-ss/sympy__sympy-15345/trc-ss/run_3/trajectory.json,,main,/home/ak58925/agentCtx/ICLR_results/swebench/main/qwen35b/di__b10k__trc-ss/sympy__sympy-15345/trc-ss/run_3/trajectory.json,swebench_summary_bug_remaining_20260908_162042_CDT
swebench,ablation,qwen35b,di__b10k__trc-ss,hosted_vllm/Qwen/Qwen3.5-35B-A3B,trc_structured_summarize,10000,0.5,sympy__sympy-17630,trc-ss,run_1,priority,agentlog_summary_failure,0,2,/home/ak58925/agentCtx/ICLR_results/swebench/ablation/qwen35b/di__b10k__trc-ss/sympy__sympy-17630/trc-ss/run_1/trajectory.json,,main,/home/ak58925/agentCtx/ICLR_results/swebench/main/qwen35b/di__b10k__trc-ss/sympy__sympy-17630/trc-ss/run_1/trajectory.json,swebench_summary_bug_remaining_20260908_162042_CDT
swebench,ablation,qwen35b,di__b10k__trc-ss,hosted_vllm/Qwen/Qwen3.5-35B-A3B,trc_structured_summarize,10000,0.5,sympy__sympy-17630,trc-ss,run_3,priority,agentlog_summary_failure,0,1,/home/ak58925/agentCtx/ICLR_results/swebench/ablation/qwen35b/di__b10k__trc-ss/sympy__sympy-17630/trc-ss/run_3/trajectory.json,details/10707.txt,main,/home/ak58925/agentCtx/ICLR_results/swebench/main/qwen35b/di__b10k__trc-ss/sympy__sympy-17630/trc-ss/run_3/trajectory.json,swebench_summary_bug_remaining_20260908_162042_CDT
swebench,ablation,qwen35b,di__b10k__trc-ss,hosted_vllm/Qwen/Qwen3.5-35B-A3B,trc_structured_summarize,10000,0.5,sympy__sympy-24066,trc-ss,run_1,priority,agentlog_summary_failure,0,3,/home/ak58925/agentCtx/ICLR_results/swebench/ablation/qwen35b/di__b10k__trc-ss/sympy__sympy-24066/trc-ss/run_1/trajectory.json,details/10721.txt,main,/home/ak58925/agentCtx/ICLR_results/swebench/main/qwen35b/di__b10k__trc-ss/sympy__sympy-24066/trc-ss/run_1/trajectory.json,swebench_summary_bug_remaining_20260908_162042_CDT
swebench,ablation,qwen35b,di__b10k__trc-ss,hosted_vllm/Qwen/Qwen3.5-35B-A3B,trc_structured_summarize,10000,0.5,sympy__sympy-24066,trc-ss,run_3,priority,agentlog_summary_failure,0,6,/home/ak58925/agentCtx/ICLR_results/swebench/ablation/qwen35b/di__b10k__trc-ss/sympy__sympy-24066/trc-ss/run_3/trajectory.json,,main,/home/ak58925/agentCtx/ICLR_results/swebench/main/qwen35b/di__b10k__trc-ss/sympy__sympy-24066/trc-ss/run_3/trajectory.json,swebench_summary_bug_remaining_20260908_162042_CDT
swebench,ablation,qwen35b,di__b10k__trc-su,hosted_vllm/Qwen/Qwen3.5-35B-A3B,trc_summarize,10000,0.5,django__django-11299,trc-su,run_3,priority,summary_failure_accounting,0,7,/home/ak58925/agentCtx/ICLR_results/swebench/ablation/qwen35b/di__b10k__trc-su/django__django-11299/trc-su/run_3/trajectory.json,/home/ak58925/agentCtx/archives/summary-bug-audit-20260907_185802_CDT/audit-swebench/details/10732.txt,main,/home/ak58925/agentCtx/ICLR_results/swebench/main/qwen35b/di__b10k__trc-su/django__django-11299/trc-su/run_3/trajectory.json,swebench_summary_bug_remaining_20260908_162042_CDT
swebench,ablation,qwen35b,di__b10k__trc-su,hosted_vllm/Qwen/Qwen3.5-35B-A3B,trc_summarize,10000,0.5,django__django-12273,trc-su,run_2,probable,summary_related_response,0,0,/home/ak58925/agentCtx/ICLR_results/swebench/ablation/qwen35b/di__b10k__trc-su/django__django-12273/trc-su/run_2/trajectory.json,/home/ak58925/agentCtx/archives/summary-bug-audit-20260907_185802_CDT/audit-swebench/details/10742.txt,main,/home/ak58925/agentCtx/ICLR_results/swebench/main/qwen35b/di__b10k__trc-su/django__django-12273/trc-su/run_2/trajectory.json,swebench_summary_bug_remaining_20260908_162042_CDT
swebench,ablation,qwen35b,di__b10k__trc-su,hosted_vllm/Qwen/Qwen3.5-35B-A3B,trc_summarize,10000,0.5,django__django-13012,trc-su,run_1,probable,summary_related_response,0,0,/home/ak58925/agentCtx/ICLR_results/swebench/ablation/qwen35b/di__b10k__trc-su/django__django-13012/trc-su/run_1/trajectory.json,/home/ak58925/agentCtx/archives/summary-bug-audit-20260907_185802_CDT/audit-swebench/details/10756.txt,main,/home/ak58925/agentCtx/ICLR_results/swebench/main/qwen35b/di__b10k__trc-su/django__django-13012/trc-su/run_1/trajectory.json,swebench_summary_bug_remaining_20260908_162042_CDT
swebench,ablation,qwen35b,di__b10k__trc-su,hosted_vllm/Qwen/Qwen3.5-35B-A3B,trc_summarize,10000,0.5,django__django-17087,trc-su,run_1,priority,summary_failure_accounting,0,17,/home/ak58925/agentCtx/ICLR_results/swebench/ablation/qwen35b/di__b10k__trc-su/django__django-17087/trc-su/run_1/trajectory.json,/home/ak58925/agentCtx/archives/summary-bug-audit-20260907_185802_CDT/audit-swebench/details/10793.txt,main,/home/ak58925/agentCtx/ICLR_results/swebench/main/qwen35b/di__b10k__trc-su/django__django-17087/trc-su/run_1/trajectory.json,swebench_summary_bug_remaining_20260908_162042_CDT
swebench,ablation,qwen35b,di__b10k__trc-su,hosted_vllm/Qwen/Qwen3.5-35B-A3B,trc_summarize,10000,0.5,scikit-learn__scikit-learn-10908,trc-su,run_1,probable,summary_related_response,0,0,/home/ak58925/agentCtx/ICLR_results/swebench/ablation/qwen35b/di__b10k__trc-su/scikit-learn__scikit-learn-10908/trc-su/run_1/trajectory.json,/home/ak58925/agentCtx/archives/summary-bug-audit-20260907_185802_CDT/audit-swebench/details/10798.txt,main,/home/ak58925/agentCtx/ICLR_results/swebench/main/qwen35b/di__b10k__trc-su/scikit-learn__scikit-learn-10908/trc-su/run_1/trajectory.json,swebench_summary_bug_remaining_20260908_162042_CDT
swebench,ablation,qwen35b,di__b10k__trc-su,hosted_vllm/Qwen/Qwen3.5-35B-A3B,trc_summarize,10000,0.5,scikit-learn__scikit-learn-10908,trc-su,run_2,priority,summary_failure_accounting,0,15,/home/ak58925/agentCtx/ICLR_results/swebench/ablation/qwen35b/di__b10k__trc-su/scikit-learn__scikit-learn-10908/trc-su/run_2/trajectory.json,/home/ak58925/agentCtx/archives/summary-bug-audit-20260907_185802_CDT/audit-swebench/details/10799.txt,main,/home/ak58925/agentCtx/ICLR_results/swebench/main/qwen35b/di__b10k__trc-su/scikit-learn__scikit-learn-10908/trc-su/run_2/trajectory.json,swebench_summary_bug_remaining_20260908_162042_CDT
swebench,ablation,qwen35b,di__b10k__trc-su,hosted_vllm/Qwen/Qwen3.5-35B-A3B,trc_summarize,10000,0.5,sympy__sympy-13031,trc-su,run_2,priority,summary_failure_accounting,0,15,/home/ak58925/agentCtx/ICLR_results/swebench/ablation/qwen35b/di__b10k__trc-su/sympy__sympy-13031/trc-su/run_2/trajectory.json,/home/ak58925/agentCtx/archives/summary-bug-audit-20260907_185802_CDT/audit-swebench/details/10851.txt,main,/home/ak58925/agentCtx/ICLR_results/swebench/main/qwen35b/di__b10k__trc-su/sympy__sympy-13031/trc-su/run_2/trajectory.json,swebench_summary_bug_remaining_20260908_162042_CDT
swebench,ablation,qwen35b,di__b10k__trc-su,hosted_vllm/Qwen/Qwen3.5-35B-A3B,trc_summarize,10000,0.5,sympy__sympy-13757,trc-su,run_2,probable,summary_related_response,0,0,/home/ak58925/agentCtx/ICLR_results/swebench/ablation/qwen35b/di__b10k__trc-su/sympy__sympy-13757/trc-su/run_2/trajectory.json,/home/ak58925/agentCtx/archives/summary-bug-audit-20260907_185802_CDT/audit-swebench/details/10854.txt,main,/home/ak58925/agentCtx/ICLR_results/swebench/main/qwen35b/di__b10k__trc-su/sympy__sympy-13757/trc-su/run_2/trajectory.json,swebench_summary_bug_remaining_20260908_162042_CDT
swebench,ablation,qwen35b,di__b10k__trc-su,hosted_vllm/Qwen/Qwen3.5-35B-A3B,trc_summarize,10000,0.5,django__django-11299,trc-su,run_1,priority,agentlog_summary_failure,0,2,/home/ak58925/agentCtx/ICLR_results/swebench/ablation/qwen35b/di__b10k__trc-su/django__django-11299/trc-su/run_1/trajectory.json,,main,/home/ak58925/agentCtx/ICLR_results/swebench/main/qwen35b/di__b10k__trc-su/django__django-11299/trc-su/run_1/trajectory.json,swebench_summary_bug_remaining_20260908_162042_CDT
swebench,ablation,qwen35b,di__b10k__trc-su,hosted_vllm/Qwen/Qwen3.5-35B-A3B,trc_summarize,10000,0.5,django__django-11299,trc-su,run_2,priority,agentlog_summary_failure,0,1,/home/ak58925/agentCtx/ICLR_results/swebench/ablation/qwen35b/di__b10k__trc-su/django__django-11299/trc-su/run_2/trajectory.json,,main,/home/ak58925/agentCtx/ICLR_results/swebench/main/qwen35b/di__b10k__trc-su/django__django-11299/trc-su/run_2/trajectory.json,swebench_summary_bug_remaining_20260908_162042_CDT
swebench,ablation,qwen35b,di__b10k__trc-su,hosted_vllm/Qwen/Qwen3.5-35B-A3B,trc_summarize,10000,0.5,django__django-12273,trc-su,run_3,priority,agentlog_summary_failure,0,2,/home/ak58925/agentCtx/ICLR_results/swebench/ablation/qwen35b/di__b10k__trc-su/django__django-12273/trc-su/run_3/trajectory.json,details/10743.txt,main,/home/ak58925/agentCtx/ICLR_results/swebench/main/qwen35b/di__b10k__trc-su/django__django-12273/trc-su/run_3/trajectory.json,swebench_summary_bug_remaining_20260908_162042_CDT
swebench,ablation,qwen35b,di__b10k__trc-su,hosted_vllm/Qwen/Qwen3.5-35B-A3B,trc_summarize,10000,0.5,django__django-13964,trc-su,run_1,priority,agentlog_summary_failure,0,1,/home/ak58925/agentCtx/ICLR_results/swebench/ablation/qwen35b/di__b10k__trc-su/django__django-13964/trc-su/run_1/trajectory.json,details/10761.txt,main,/home/ak58925/agentCtx/ICLR_results/swebench/main/qwen35b/di__b10k__trc-su/django__django-13964/trc-su/run_1/trajectory.json,swebench_summary_bug_remaining_20260908_162042_CDT
swebench,ablation,qwen35b,di__b10k__trc-su,hosted_vllm/Qwen/Qwen3.5-35B-A3B,trc_summarize,10000,0.5,django__django-13964,trc-su,run_3,priority,agentlog_summary_failure,0,6,/home/ak58925/agentCtx/ICLR_results/swebench/ablation/qwen35b/di__b10k__trc-su/django__django-13964/trc-su/run_3/trajectory.json,details/10763.txt,main,/home/ak58925/agentCtx/ICLR_results/swebench/main/qwen35b/di__b10k__trc-su/django__django-13964/trc-su/run_3/trajectory.json,swebench_summary_bug_remaining_20260908_162042_CDT
swebench,ablation,qwen35b,di__b10k__trc-su,hosted_vllm/Qwen/Qwen3.5-35B-A3B,trc_summarize,10000,0.5,django__django-14580,trc-su,run_1,priority,agentlog_summary_failure,0,4,/home/ak58925/agentCtx/ICLR_results/swebench/ablation/qwen35b/di__b10k__trc-su/django__django-14580/trc-su/run_1/trajectory.json,details/10765.txt,main,/home/ak58925/agentCtx/ICLR_results/swebench/main/qwen35b/di__b10k__trc-su/django__django-14580/trc-su/run_1/trajectory.json,swebench_summary_bug_remaining_20260908_162042_CDT
swebench,ablation,qwen35b,di__b10k__trc-su,hosted_vllm/Qwen/Qwen3.5-35B-A3B,trc_summarize,10000,0.5,django__django-14580,trc-su,run_2,priority,agentlog_summary_failure,0,2,/home/ak58925/agentCtx/ICLR_results/swebench/ablation/qwen35b/di__b10k__trc-su/django__django-14580/trc-su/run_2/trajectory.json,details/10766.txt,main,/home/ak58925/agentCtx/ICLR_results/swebench/main/qwen35b/di__b10k__trc-su/django__django-14580/trc-su/run_2/trajectory.json,swebench_summary_bug_remaining_20260908_162042_CDT
swebench,ablation,qwen35b,di__b10k__trc-su,hosted_vllm/Qwen/Qwen3.5-35B-A3B,trc_summarize,10000,0.5,django__django-14580,trc-su,run_3,priority,agentlog_summary_failure,0,8,/home/ak58925/agentCtx/ICLR_results/swebench/ablation/qwen35b/di__b10k__trc-su/django__django-14580/trc-su/run_3/trajectory.json,details/10767.txt,main,/home/ak58925/agentCtx/ICLR_results/swebench/main/qwen35b/di__b10k__trc-su/django__django-14580/trc-su/run_3/trajectory.json,swebench_summary_bug_remaining_20260908_162042_CDT
swebench,ablation,qwen35b,di__b10k__trc-su,hosted_vllm/Qwen/Qwen3.5-35B-A3B,trc_summarize,10000,0.5,scikit-learn__scikit-learn-10297,trc-su,run_2,priority,agentlog_summary_failure,0,1,/home/ak58925/agentCtx/ICLR_results/swebench/ablation/qwen35b/di__b10k__trc-su/scikit-learn__scikit-learn-10297/trc-su/run_2/trajectory.json,,main,/home/ak58925/agentCtx/ICLR_results/swebench/main/qwen35b/di__b10k__trc-su/scikit-learn__scikit-learn-10297/trc-su/run_2/trajectory.json,swebench_summary_bug_remaining_20260908_162042_CDT
swebench,ablation,qwen35b,di__b10k__trc-su,hosted_vllm/Qwen/Qwen3.5-35B-A3B,trc_summarize,10000,0.5,scikit-learn__scikit-learn-10297,trc-su,run_3,priority,agentlog_summary_failure,0,4,/home/ak58925/agentCtx/ICLR_results/swebench/ablation/qwen35b/di__b10k__trc-su/scikit-learn__scikit-learn-10297/trc-su/run_3/trajectory.json,,main,/home/ak58925/agentCtx/ICLR_results/swebench/main/qwen35b/di__b10k__trc-su/scikit-learn__scikit-learn-10297/trc-su/run_3/trajectory.json,swebench_summary_bug_remaining_20260908_162042_CDT
swebench,ablation,qwen35b,di__b10k__trc-su,hosted_vllm/Qwen/Qwen3.5-35B-A3B,trc_summarize,10000,0.5,scikit-learn__scikit-learn-10908,trc-su,run_3,priority,agentlog_summary_failure,0,3,/home/ak58925/agentCtx/ICLR_results/swebench/ablation/qwen35b/di__b10k__trc-su/scikit-learn__scikit-learn-10908/trc-su/run_3/trajectory.json,details/10800.txt,main,/home/ak58925/agentCtx/ICLR_results/swebench/main/qwen35b/di__b10k__trc-su/scikit-learn__scikit-learn-10908/trc-su/run_3/trajectory.json,swebench_summary_bug_remaining_20260908_162042_CDT
swebench,ablation,qwen35b,di__b10k__trc-su,hosted_vllm/Qwen/Qwen3.5-35B-A3B,trc_summarize,10000,0.5,scikit-learn__scikit-learn-11310,trc-su,run_1,priority,agentlog_summary_failure,0,2,/home/ak58925/agentCtx/ICLR_results/swebench/ablation/qwen35b/di__b10k__trc-su/scikit-learn__scikit-learn-11310/trc-su/run_1/trajectory.json,,main,/home/ak58925/agentCtx/ICLR_results/swebench/main/qwen35b/di__b10k__trc-su/scikit-learn__scikit-learn-11310/trc-su/run_1/trajectory.json,swebench_summary_bug_remaining_20260908_162042_CDT
swebench,ablation,qwen35b,di__b10k__trc-su,hosted_vllm/Qwen/Qwen3.5-35B-A3B,trc_summarize,10000,0.5,scikit-learn__scikit-learn-11310,trc-su,run_2,priority,agentlog_summary_failure,0,3,/home/ak58925/agentCtx/ICLR_results/swebench/ablation/qwen35b/di__b10k__trc-su/scikit-learn__scikit-learn-11310/trc-su/run_2/trajectory.json,,main,/home/ak58925/agentCtx/ICLR_results/swebench/main/qwen35b/di__b10k__trc-su/scikit-learn__scikit-learn-11310/trc-su/run_2/trajectory.json,swebench_summary_bug_remaining_20260908_162042_CDT
swebench,ablation,qwen35b,di__b10k__trc-su,hosted_vllm/Qwen/Qwen3.5-35B-A3B,trc_summarize,10000,0.5,scikit-learn__scikit-learn-11310,trc-su,run_3,priority,agentlog_summary_failure,0,1,/home/ak58925/agentCtx/ICLR_results/swebench/ablation/qwen35b/di__b10k__trc-su/scikit-learn__scikit-learn-11310/trc-su/run_3/trajectory.json,,main,/home/ak58925/agentCtx/ICLR_results/swebench/main/qwen35b/di__b10k__trc-su/scikit-learn__scikit-learn-11310/trc-su/run_3/trajectory.json,swebench_summary_bug_remaining_20260908_162042_CDT
swebench,ablation,qwen35b,di__b10k__trc-su,hosted_vllm/Qwen/Qwen3.5-35B-A3B,trc_summarize,10000,0.5,scikit-learn__scikit-learn-11578,trc-su,run_2,priority,agentlog_summary_failure,0,3,/home/ak58925/agentCtx/ICLR_results/swebench/ablation/qwen35b/di__b10k__trc-su/scikit-learn__scikit-learn-11578/trc-su/run_2/trajectory.json,,main,/home/ak58925/agentCtx/ICLR_results/swebench/main/qwen35b/di__b10k__trc-su/scikit-learn__scikit-learn-11578/trc-su/run_2/trajectory.json,swebench_summary_bug_remaining_20260908_162042_CDT
swebench,ablation,qwen35b,di__b10k__trc-su,hosted_vllm/Qwen/Qwen3.5-35B-A3B,trc_summarize,10000,0.5,scikit-learn__scikit-learn-11578,trc-su,run_3,priority,agentlog_summary_failure,0,4,/home/ak58925/agentCtx/ICLR_results/swebench/ablation/qwen35b/di__b10k__trc-su/scikit-learn__scikit-learn-11578/trc-su/run_3/trajectory.json,,main,/home/ak58925/agentCtx/ICLR_results/swebench/main/qwen35b/di__b10k__trc-su/scikit-learn__scikit-learn-11578/trc-su/run_3/trajectory.json,swebench_summary_bug_remaining_20260908_162042_CDT
swebench,ablation,qwen35b,di__b10k__trc-su,hosted_vllm/Qwen/Qwen3.5-35B-A3B,trc_summarize,10000,0.5,scikit-learn__scikit-learn-13328,trc-su,run_1,priority,agentlog_summary_failure,0,1,/home/ak58925/agentCtx/ICLR_results/swebench/ablation/qwen35b/di__b10k__trc-su/scikit-learn__scikit-learn-13328/trc-su/run_1/trajectory.json,details/10811.txt,main,/home/ak58925/agentCtx/ICLR_results/swebench/main/qwen35b/di__b10k__trc-su/scikit-learn__scikit-learn-13328/trc-su/run_1/trajectory.json,swebench_summary_bug_remaining_20260908_162042_CDT
swebench,ablation,qwen35b,di__b10k__trc-su,hosted_vllm/Qwen/Qwen3.5-35B-A3B,trc_summarize,10000,0.5,scikit-learn__scikit-learn-13328,trc-su,run_2,priority,agentlog_summary_failure,0,4,/home/ak58925/agentCtx/ICLR_results/swebench/ablation/qwen35b/di__b10k__trc-su/scikit-learn__scikit-learn-13328/trc-su/run_2/trajectory.json,,main,/home/ak58925/agentCtx/ICLR_results/swebench/main/qwen35b/di__b10k__trc-su/scikit-learn__scikit-learn-13328/trc-su/run_2/trajectory.json,swebench_summary_bug_remaining_20260908_162042_CDT
swebench,ablation,qwen35b,di__b10k__trc-su,hosted_vllm/Qwen/Qwen3.5-35B-A3B,trc_summarize,10000,0.5,scikit-learn__scikit-learn-13328,trc-su,run_3,priority,agentlog_summary_failure,0,1,/home/ak58925/agentCtx/ICLR_results/swebench/ablation/qwen35b/di__b10k__trc-su/scikit-learn__scikit-learn-13328/trc-su/run_3/trajectory.json,,main,/home/ak58925/agentCtx/ICLR_results/swebench/main/qwen35b/di__b10k__trc-su/scikit-learn__scikit-learn-13328/trc-su/run_3/trajectory.json,swebench_summary_bug_remaining_20260908_162042_CDT
swebench,ablation,qwen35b,di__b10k__trc-su,hosted_vllm/Qwen/Qwen3.5-35B-A3B,trc_summarize,10000,0.5,scikit-learn__scikit-learn-13779,trc-su,run_1,priority,agentlog_summary_failure,0,1,/home/ak58925/agentCtx/ICLR_results/swebench/ablation/qwen35b/di__b10k__trc-su/scikit-learn__scikit-learn-13779/trc-su/run_1/trajectory.json,details/10816.txt,main,/home/ak58925/agentCtx/ICLR_results/swebench/main/qwen35b/di__b10k__trc-su/scikit-learn__scikit-learn-13779/trc-su/run_1/trajectory.json,swebench_summary_bug_remaining_20260908_162042_CDT
swebench,ablation,qwen35b,di__b10k__trc-su,hosted_vllm/Qwen/Qwen3.5-35B-A3B,trc_summarize,10000,0.5,scikit-learn__scikit-learn-13779,trc-su,run_2,priority,agentlog_summary_failure,0,3,/home/ak58925/agentCtx/ICLR_results/swebench/ablation/qwen35b/di__b10k__trc-su/scikit-learn__scikit-learn-13779/trc-su/run_2/trajectory.json,details/10817.txt,main,/home/ak58925/agentCtx/ICLR_results/swebench/main/qwen35b/di__b10k__trc-su/scikit-learn__scikit-learn-13779/trc-su/run_2/trajectory.json,swebench_summary_bug_remaining_20260908_162042_CDT
swebench,ablation,qwen35b,di__b10k__trc-su,hosted_vllm/Qwen/Qwen3.5-35B-A3B,trc_summarize,10000,0.5,scikit-learn__scikit-learn-13779,trc-su,run_3,priority,agentlog_summary_failure,0,1,/home/ak58925/agentCtx/ICLR_results/swebench/ablation/qwen35b/di__b10k__trc-su/scikit-learn__scikit-learn-13779/trc-su/run_3/trajectory.json,,main,/home/ak58925/agentCtx/ICLR_results/swebench/main/qwen35b/di__b10k__trc-su/scikit-learn__scikit-learn-13779/trc-su/run_3/trajectory.json,swebench_summary_bug_remaining_20260908_162042_CDT
swebench,ablation,qwen35b,di__b10k__trc-su,hosted_vllm/Qwen/Qwen3.5-35B-A3B,trc_summarize,10000,0.5,scikit-learn__scikit-learn-15100,trc-su,run_2,priority,agentlog_summary_failure,0,1,/home/ak58925/agentCtx/ICLR_results/swebench/ablation/qwen35b/di__b10k__trc-su/scikit-learn__scikit-learn-15100/trc-su/run_2/trajectory.json,,main,/home/ak58925/agentCtx/ICLR_results/swebench/main/qwen35b/di__b10k__trc-su/scikit-learn__scikit-learn-15100/trc-su/run_2/trajectory.json,swebench_summary_bug_remaining_20260908_162042_CDT
swebench,ablation,qwen35b,di__b10k__trc-su,hosted_vllm/Qwen/Qwen3.5-35B-A3B,trc_summarize,10000,0.5,scikit-learn__scikit-learn-25747,trc-su,run_2,priority,agentlog_summary_failure,0,2,/home/ak58925/agentCtx/ICLR_results/swebench/ablation/qwen35b/di__b10k__trc-su/scikit-learn__scikit-learn-25747/trc-su/run_2/trajectory.json,details/10834.txt,main,/home/ak58925/agentCtx/ICLR_results/swebench/main/qwen35b/di__b10k__trc-su/scikit-learn__scikit-learn-25747/trc-su/run_2/trajectory.json,swebench_summary_bug_remaining_20260908_162042_CDT
swebench,ablation,qwen35b,di__b10k__trc-su,hosted_vllm/Qwen/Qwen3.5-35B-A3B,trc_summarize,10000,0.5,scikit-learn__scikit-learn-25747,trc-su,run_3,priority,agentlog_summary_failure,0,6,/home/ak58925/agentCtx/ICLR_results/swebench/ablation/qwen35b/di__b10k__trc-su/scikit-learn__scikit-learn-25747/trc-su/run_3/trajectory.json,,main,/home/ak58925/agentCtx/ICLR_results/swebench/main/qwen35b/di__b10k__trc-su/scikit-learn__scikit-learn-25747/trc-su/run_3/trajectory.json,swebench_summary_bug_remaining_20260908_162042_CDT
swebench,ablation,qwen35b,di__b10k__trc-su,hosted_vllm/Qwen/Qwen3.5-35B-A3B,trc_summarize,10000,0.5,sympy__sympy-11618,trc-su,run_1,priority,agentlog_summary_failure,0,1,/home/ak58925/agentCtx/ICLR_results/swebench/ablation/qwen35b/di__b10k__trc-su/sympy__sympy-11618/trc-su/run_1/trajectory.json,details/10845.txt,main,/home/ak58925/agentCtx/ICLR_results/swebench/main/qwen35b/di__b10k__trc-su/sympy__sympy-11618/trc-su/run_1/trajectory.json,swebench_summary_bug_remaining_20260908_162042_CDT
swebench,ablation,qwen35b,di__b10k__trc-su,hosted_vllm/Qwen/Qwen3.5-35B-A3B,trc_summarize,10000,0.5,sympy__sympy-11618,trc-su,run_3,priority,agentlog_summary_failure,0,1,/home/ak58925/agentCtx/ICLR_results/swebench/ablation/qwen35b/di__b10k__trc-su/sympy__sympy-11618/trc-su/run_3/trajectory.json,,main,/home/ak58925/agentCtx/ICLR_results/swebench/main/qwen35b/di__b10k__trc-su/sympy__sympy-11618/trc-su/run_3/trajectory.json,swebench_summary_bug_remaining_20260908_162042_CDT
swebench,ablation,qwen35b,di__b10k__trc-su,hosted_vllm/Qwen/Qwen3.5-35B-A3B,trc_summarize,10000,0.5,sympy__sympy-13031,trc-su,run_3,priority,agentlog_summary_failure,0,26,/home/ak58925/agentCtx/ICLR_results/swebench/ablation/qwen35b/di__b10k__trc-su/sympy__sympy-13031/trc-su/run_3/trajectory.json,,main,/home/ak58925/agentCtx/ICLR_results/swebench/main/qwen35b/di__b10k__trc-su/sympy__sympy-13031/trc-su/run_3/trajectory.json,swebench_summary_bug_remaining_20260908_162042_CDT
swebench,ablation,qwen35b,di__b10k__trc-su,hosted_vllm/Qwen/Qwen3.5-35B-A3B,trc_summarize,10000,0.5,sympy__sympy-13091,trc-su,run_1,priority,agentlog_summary_failure,0,3,/home/ak58925/agentCtx/ICLR_results/swebench/ablation/qwen35b/di__b10k__trc-su/sympy__sympy-13091/trc-su/run_1/trajectory.json,,main,/home/ak58925/agentCtx/ICLR_results/swebench/main/qwen35b/di__b10k__trc-su/sympy__sympy-13091/trc-su/run_1/trajectory.json,swebench_summary_bug_remaining_20260908_162042_CDT
swebench,ablation,qwen35b,di__b10k__trc-su,hosted_vllm/Qwen/Qwen3.5-35B-A3B,trc_summarize,10000,0.5,sympy__sympy-13091,trc-su,run_2,priority,agentlog_summary_failure,0,4,/home/ak58925/agentCtx/ICLR_results/swebench/ablation/qwen35b/di__b10k__trc-su/sympy__sympy-13091/trc-su/run_2/trajectory.json,,main,/home/ak58925/agentCtx/ICLR_results/swebench/main/qwen35b/di__b10k__trc-su/sympy__sympy-13091/trc-su/run_2/trajectory.json,swebench_summary_bug_remaining_20260908_162042_CDT
swebench,ablation,qwen35b,di__b10k__trc-su,hosted_vllm/Qwen/Qwen3.5-35B-A3B,trc_summarize,10000,0.5,sympy__sympy-13091,trc-su,run_3,priority,agentlog_summary_failure,0,3,/home/ak58925/agentCtx/ICLR_results/swebench/ablation/qwen35b/di__b10k__trc-su/sympy__sympy-13091/trc-su/run_3/trajectory.json,details/10852.txt,main,/home/ak58925/agentCtx/ICLR_results/swebench/main/qwen35b/di__b10k__trc-su/sympy__sympy-13091/trc-su/run_3/trajectory.json,swebench_summary_bug_remaining_20260908_162042_CDT
swebench,ablation,qwen35b,di__b10k__trc-su,hosted_vllm/Qwen/Qwen3.5-35B-A3B,trc_summarize,10000,0.5,sympy__sympy-13757,trc-su,run_1,priority,agentlog_summary_failure,0,1,/home/ak58925/agentCtx/ICLR_results/swebench/ablation/qwen35b/di__b10k__trc-su/sympy__sympy-13757/trc-su/run_1/trajectory.json,,main,/home/ak58925/agentCtx/ICLR_results/swebench/main/qwen35b/di__b10k__trc-su/sympy__sympy-13757/trc-su/run_1/trajectory.json,swebench_summary_bug_remaining_20260908_162042_CDT
swebench,ablation,qwen35b,di__b10k__trc-su,hosted_vllm/Qwen/Qwen3.5-35B-A3B,trc_summarize,10000,0.5,sympy__sympy-13757,trc-su,run_3,priority,agentlog_summary_failure,0,22,/home/ak58925/agentCtx/ICLR_results/swebench/ablation/qwen35b/di__b10k__trc-su/sympy__sympy-13757/trc-su/run_3/trajectory.json,,main,/home/ak58925/agentCtx/ICLR_results/swebench/main/qwen35b/di__b10k__trc-su/sympy__sympy-13757/trc-su/run_3/trajectory.json,swebench_summary_bug_remaining_20260908_162042_CDT
swebench,ablation,qwen35b,di__b10k__trc-su,hosted_vllm/Qwen/Qwen3.5-35B-A3B,trc_summarize,10000,0.5,sympy__sympy-15345,trc-su,run_1,priority,agentlog_summary_failure,0,3,/home/ak58925/agentCtx/ICLR_results/swebench/ablation/qwen35b/di__b10k__trc-su/sympy__sympy-15345/trc-su/run_1/trajectory.json,details/10864.txt,main,/home/ak58925/agentCtx/ICLR_results/swebench/main/qwen35b/di__b10k__trc-su/sympy__sympy-15345/trc-su/run_1/trajectory.json,swebench_summary_bug_remaining_20260908_162042_CDT
swebench,ablation,qwen35b,di__b10k__trc-su,hosted_vllm/Qwen/Qwen3.5-35B-A3B,trc_summarize,10000,0.5,sympy__sympy-17630,trc-su,run_1,priority,agentlog_summary_failure,0,3,/home/ak58925/agentCtx/ICLR_results/swebench/ablation/qwen35b/di__b10k__trc-su/sympy__sympy-17630/trc-su/run_1/trajectory.json,details/10875.txt,main,/home/ak58925/agentCtx/ICLR_results/swebench/main/qwen35b/di__b10k__trc-su/sympy__sympy-17630/trc-su/run_1/trajectory.json,swebench_summary_bug_remaining_20260908_162042_CDT
swebench,ablation,qwen35b,di__b10k__trc-su,hosted_vllm/Qwen/Qwen3.5-35B-A3B,trc_summarize,10000,0.5,sympy__sympy-17630,trc-su,run_2,priority,agentlog_summary_failure,0,3,/home/ak58925/agentCtx/ICLR_results/swebench/ablation/qwen35b/di__b10k__trc-su/sympy__sympy-17630/trc-su/run_2/trajectory.json,details/10876.txt,main,/home/ak58925/agentCtx/ICLR_results/swebench/main/qwen35b/di__b10k__trc-su/sympy__sympy-17630/trc-su/run_2/trajectory.json,swebench_summary_bug_remaining_20260908_162042_CDT
swebench,ablation,qwen35b,di__b10k__trc-su,hosted_vllm/Qwen/Qwen3.5-35B-A3B,trc_summarize,10000,0.5,sympy__sympy-24066,trc-su,run_1,priority,agentlog_summary_failure,0,3,/home/ak58925/agentCtx/ICLR_results/swebench/ablation/qwen35b/di__b10k__trc-su/sympy__sympy-24066/trc-su/run_1/trajectory.json,details/10889.txt,main,/home/ak58925/agentCtx/ICLR_results/swebench/main/qwen35b/di__b10k__trc-su/sympy__sympy-24066/trc-su/run_1/trajectory.json,swebench_summary_bug_remaining_20260908_162042_CDT
swebench,ablation,qwen35b,di__b10k__trc-su,hosted_vllm/Qwen/Qwen3.5-35B-A3B,trc_summarize,10000,0.5,sympy__sympy-24066,trc-su,run_2,priority,agentlog_summary_failure,0,1,/home/ak58925/agentCtx/ICLR_results/swebench/ablation/qwen35b/di__b10k__trc-su/sympy__sympy-24066/trc-su/run_2/trajectory.json,,main,/home/ak58925/agentCtx/ICLR_results/swebench/main/qwen35b/di__b10k__trc-su/sympy__sympy-24066/trc-su/run_2/trajectory.json,swebench_summary_bug_remaining_20260908_162042_CDT
swebench,ablation,qwen35b,di__b10k__trc-su,hosted_vllm/Qwen/Qwen3.5-35B-A3B,trc_summarize,10000,0.5,sympy__sympy-24443,trc-su,run_1,priority,agentlog_summary_failure,0,3,/home/ak58925/agentCtx/ICLR_results/swebench/ablation/qwen35b/di__b10k__trc-su/sympy__sympy-24443/trc-su/run_1/trajectory.json,,main,/home/ak58925/agentCtx/ICLR_results/swebench/main/qwen35b/di__b10k__trc-su/sympy__sympy-24443/trc-su/run_1/trajectory.json,swebench_summary_bug_remaining_20260908_162042_CDT
swebench,ablation,qwen35b,di__b10k__trc-su,hosted_vllm/Qwen/Qwen3.5-35B-A3B,trc_summarize,10000,0.5,sympy__sympy-24443,trc-su,run_2,priority,agentlog_summary_failure,0,1,/home/ak58925/agentCtx/ICLR_results/swebench/ablation/qwen35b/di__b10k__trc-su/sympy__sympy-24443/trc-su/run_2/trajectory.json,details/10892.txt,main,/home/ak58925/agentCtx/ICLR_results/swebench/main/qwen35b/di__b10k__trc-su/sympy__sympy-24443/trc-su/run_2/trajectory.json,swebench_summary_bug_remaining_20260908_162042_CDT
swebench,ablation,qwen35b,di__b10k__trc-su,hosted_vllm/Qwen/Qwen3.5-35B-A3B,trc_summarize,10000,0.5,sympy__sympy-24443,trc-su,run_3,priority,agentlog_summary_failure,0,3,/home/ak58925/agentCtx/ICLR_results/swebench/ablation/qwen35b/di__b10k__trc-su/sympy__sympy-24443/trc-su/run_3/trajectory.json,,main,/home/ak58925/agentCtx/ICLR_results/swebench/main/qwen35b/di__b10k__trc-su/sympy__sympy-24443/trc-su/run_3/trajectory.json,swebench_summary_bug_remaining_20260908_162042_CDT
swebench,ablation,qwen35b,di__b20k__otrc-ss-partial,hosted_vllm/Qwen/Qwen3.5-35B-A3B,online_trc_structured_summarize_partial,20000,0.5,scikit-learn__scikit-learn-25747,otrc-ss-partial,run_3,priority,summary_failure_accounting,0,4,/home/ak58925/agentCtx/ICLR_results/swebench/ablation/qwen35b/di__b20k__otrc-ss-partial/scikit-learn__scikit-learn-25747/otrc-ss-partial/run_3/trajectory.json,/home/ak58925/agentCtx/archives/summary-bug-audit-20260907_185802_CDT/audit-swebench/details/12426.txt,main,/home/ak58925/agentCtx/ICLR_results/swebench/main/qwen35b/di__b20k__otrc-ss-partial/scikit-learn__scikit-learn-25747/otrc-ss-partial/run_3/trajectory.json,swebench_summary_bug_remaining_20260908_162042_CDT
swebench,ablation,qwen35b,di__b20k__otrc-su-partial,hosted_vllm/Qwen/Qwen3.5-35B-A3B,online_trc_summarize_partial,20000,0.5,django__django-14999,otrc-su-partial,run_2,probable,summary_related_response,0,0,/home/ak58925/agentCtx/ICLR_results/swebench/ablation/qwen35b/di__b20k__otrc-su-partial/django__django-14999/otrc-su-partial/run_2/trajectory.json,/home/ak58925/agentCtx/archives/summary-bug-audit-20260907_185802_CDT/audit-swebench/details/12592.txt,main,/home/ak58925/agentCtx/ICLR_results/swebench/main/qwen35b/di__b20k__otrc-su-partial/django__django-14999/otrc-su-partial/run_2/trajectory.json,swebench_summary_bug_remaining_20260908_162042_CDT
swebench,ablation,qwen35b,di__b20k__otrc-su-partial,hosted_vllm/Qwen/Qwen3.5-35B-A3B,online_trc_summarize_partial,20000,0.5,scikit-learn__scikit-learn-11578,otrc-su-partial,run_3,priority,summary_failure_accounting,0,5,/home/ak58925/agentCtx/ICLR_results/swebench/ablation/qwen35b/di__b20k__otrc-su-partial/scikit-learn__scikit-learn-11578/otrc-su-partial/run_3/trajectory.json,/home/ak58925/agentCtx/archives/summary-bug-audit-20260907_185802_CDT/audit-swebench/details/12640.txt,main,/home/ak58925/agentCtx/ICLR_results/swebench/main/qwen35b/di__b20k__otrc-su-partial/scikit-learn__scikit-learn-11578/otrc-su-partial/run_3/trajectory.json,swebench_summary_bug_remaining_20260908_162042_CDT
swebench,ablation,qwen35b,di__b20k__otrc-su-partial,hosted_vllm/Qwen/Qwen3.5-35B-A3B,online_trc_summarize_partial,20000,0.5,sympy__sympy-13031,otrc-su-partial,run_3,priority,summary_failure_accounting,0,2,/home/ak58925/agentCtx/ICLR_results/swebench/ablation/qwen35b/di__b20k__otrc-su-partial/sympy__sympy-13031/otrc-su-partial/run_3/trajectory.json,/home/ak58925/agentCtx/archives/summary-bug-audit-20260907_185802_CDT/audit-swebench/details/12723.txt,main,/home/ak58925/agentCtx/ICLR_results/swebench/main/qwen35b/di__b20k__otrc-su-partial/sympy__sympy-13031/otrc-su-partial/run_3/trajectory.json,swebench_summary_bug_remaining_20260908_162042_CDT
swebench,ablation,qwen35b,di__b20k__otrc-su-partial,hosted_vllm/Qwen/Qwen3.5-35B-A3B,online_trc_summarize_partial,20000,0.5,sympy__sympy-13091,otrc-su-partial,run_1,probable,summary_related_response,0,0,/home/ak58925/agentCtx/ICLR_results/swebench/ablation/qwen35b/di__b20k__otrc-su-partial/sympy__sympy-13091/otrc-su-partial/run_1/trajectory.json,/home/ak58925/agentCtx/archives/summary-bug-audit-20260907_185802_CDT/audit-swebench/details/12724.txt,main,/home/ak58925/agentCtx/ICLR_results/swebench/main/qwen35b/di__b20k__otrc-su-partial/sympy__sympy-13091/otrc-su-partial/run_1/trajectory.json,swebench_summary_bug_remaining_20260908_162042_CDT
swebench,ablation,qwen35b,di__b20k__otrc-su-partial,hosted_vllm/Qwen/Qwen3.5-35B-A3B,online_trc_summarize_partial,20000,0.5,sympy__sympy-13757,otrc-su-partial,run_1,priority,summary_failure_accounting,0,4,/home/ak58925/agentCtx/ICLR_results/swebench/ablation/qwen35b/di__b20k__otrc-su-partial/sympy__sympy-13757/otrc-su-partial/run_1/trajectory.json,/home/ak58925/agentCtx/archives/summary-bug-audit-20260907_185802_CDT/audit-swebench/details/12733.txt,main,/home/ak58925/agentCtx/ICLR_results/swebench/main/qwen35b/di__b20k__otrc-su-partial/sympy__sympy-13757/otrc-su-partial/run_1/trajectory.json,swebench_summary_bug_remaining_20260908_162042_CDT
swebench,ablation,qwen35b,di__b20k__otrc-su-partial,hosted_vllm/Qwen/Qwen3.5-35B-A3B,online_trc_summarize_partial,20000,0.5,sympy__sympy-13757,otrc-su-partial,run_2,priority,summary_failure_accounting,0,1,/home/ak58925/agentCtx/ICLR_results/swebench/ablation/qwen35b/di__b20k__otrc-su-partial/sympy__sympy-13757/otrc-su-partial/run_2/trajectory.json,/home/ak58925/agentCtx/archives/summary-bug-audit-20260907_185802_CDT/audit-swebench/details/12734.txt,main,/home/ak58925/agentCtx/ICLR_results/swebench/main/qwen35b/di__b20k__otrc-su-partial/sympy__sympy-13757/otrc-su-partial/run_2/trajectory.json,swebench_summary_bug_remaining_20260908_162042_CDT
swebench,ablation,qwen35b,di__b20k__otrc-su-partial,hosted_vllm/Qwen/Qwen3.5-35B-A3B,online_trc_summarize_partial,20000,0.5,sympy__sympy-13757,otrc-su-partial,run_3,priority,summary_failure_accounting,0,8,/home/ak58925/agentCtx/ICLR_results/swebench/ablation/qwen35b/di__b20k__otrc-su-partial/sympy__sympy-13757/otrc-su-partial/run_3/trajectory.json,/home/ak58925/agentCtx/archives/summary-bug-audit-20260907_185802_CDT/audit-swebench/details/12735.txt,main,/home/ak58925/agentCtx/ICLR_results/swebench/main/qwen35b/di__b20k__otrc-su-partial/sympy__sympy-13757/otrc-su-partial/run_3/trajectory.json,swebench_summary_bug_remaining_20260908_162042_CDT
swebench,ablation,qwen35b,di__b20k__otrc-su-partial,hosted_vllm/Qwen/Qwen3.5-35B-A3B,online_trc_summarize_partial,20000,0.5,sympy__sympy-15017,otrc-su-partial,run_1,priority,summary_failure_accounting,0,12,/home/ak58925/agentCtx/ICLR_results/swebench/ablation/qwen35b/di__b20k__otrc-su-partial/sympy__sympy-15017/otrc-su-partial/run_1/trajectory.json,/home/ak58925/agentCtx/archives/summary-bug-audit-20260907_185802_CDT/audit-swebench/details/12751.txt,main,/home/ak58925/agentCtx/ICLR_results/swebench/main/qwen35b/di__b20k__otrc-su-partial/sympy__sympy-15017/otrc-su-partial/run_1/trajectory.json,swebench_summary_bug_remaining_20260908_162042_CDT
swebench,ablation,qwen35b,di__b20k__otrc-su-partial,hosted_vllm/Qwen/Qwen3.5-35B-A3B,online_trc_summarize_partial,20000,0.5,sympy__sympy-17630,otrc-su-partial,run_1,priority,summary_failure_accounting,0,9,/home/ak58925/agentCtx/ICLR_results/swebench/ablation/qwen35b/di__b20k__otrc-su-partial/sympy__sympy-17630/otrc-su-partial/run_1/trajectory.json,/home/ak58925/agentCtx/archives/summary-bug-audit-20260907_185802_CDT/audit-swebench/details/12772.txt,main,/home/ak58925/agentCtx/ICLR_results/swebench/main/qwen35b/di__b20k__otrc-su-partial/sympy__sympy-17630/otrc-su-partial/run_1/trajectory.json,swebench_summary_bug_remaining_20260908_162042_CDT
swebench,ablation,qwen35b,di__b20k__otrc-su-partial,hosted_vllm/Qwen/Qwen3.5-35B-A3B,online_trc_summarize_partial,20000,0.5,sympy__sympy-17630,otrc-su-partial,run_2,probable,summary_related_response,0,0,/home/ak58925/agentCtx/ICLR_results/swebench/ablation/qwen35b/di__b20k__otrc-su-partial/sympy__sympy-17630/otrc-su-partial/run_2/trajectory.json,/home/ak58925/agentCtx/archives/summary-bug-audit-20260907_185802_CDT/audit-swebench/details/12773.txt,main,/home/ak58925/agentCtx/ICLR_results/swebench/main/qwen35b/di__b20k__otrc-su-partial/sympy__sympy-17630/otrc-su-partial/run_2/trajectory.json,swebench_summary_bug_remaining_20260908_162042_CDT
swebench,ablation,qwen35b,di__b20k__otrc-su-partial,hosted_vllm/Qwen/Qwen3.5-35B-A3B,online_trc_summarize_partial,20000,0.5,sympy__sympy-13091,otrc-su-partial,run_2,priority,agentlog_summary_failure,0,1,/home/ak58925/agentCtx/ICLR_results/swebench/ablation/qwen35b/di__b20k__otrc-su-partial/sympy__sympy-13091/otrc-su-partial/run_2/trajectory.json,details/12725.txt,main,/home/ak58925/agentCtx/ICLR_results/swebench/main/qwen35b/di__b20k__otrc-su-partial/sympy__sympy-13091/otrc-su-partial/run_2/trajectory.json,swebench_summary_bug_remaining_20260908_162042_CDT
swebench,ablation,qwen35b,di__b20k__trc-ss,hosted_vllm/Qwen/Qwen3.5-35B-A3B,trc_structured_summarize,20000,0.5,scikit-learn__scikit-learn-10908,trc-ss,run_3,priority,agentlog_summary_failure,0,2,/home/ak58925/agentCtx/ICLR_results/swebench/ablation/qwen35b/di__b20k__trc-ss/scikit-learn__scikit-learn-10908/trc-ss/run_3/trajectory.json,,main,/home/ak58925/agentCtx/ICLR_results/swebench/main/qwen35b/di__b20k__trc-ss/scikit-learn__scikit-learn-10908/trc-ss/run_3/trajectory.json,swebench_summary_bug_remaining_20260908_162042_CDT
swebench,ablation,qwen35b,di__b20k__trc-ss,hosted_vllm/Qwen/Qwen3.5-35B-A3B,trc_structured_summarize,20000,0.5,scikit-learn__scikit-learn-25747,trc-ss,run_3,priority,agentlog_summary_failure,0,1,/home/ak58925/agentCtx/ICLR_results/swebench/ablation/qwen35b/di__b20k__trc-ss/scikit-learn__scikit-learn-25747/trc-ss/run_3/trajectory.json,,main,/home/ak58925/agentCtx/ICLR_results/swebench/main/qwen35b/di__b20k__trc-ss/scikit-learn__scikit-learn-25747/trc-ss/run_3/trajectory.json,swebench_summary_bug_remaining_20260908_162042_CDT
swebench,ablation,qwen35b,di__b20k__trc-ss,hosted_vllm/Qwen/Qwen3.5-35B-A3B,trc_structured_summarize,20000,0.5,sympy__sympy-13091,trc-ss,run_2,priority,agentlog_summary_failure,0,1,/home/ak58925/agentCtx/ICLR_results/swebench/ablation/qwen35b/di__b20k__trc-ss/sympy__sympy-13091/trc-ss/run_2/trajectory.json,details/13439.txt,main,/home/ak58925/agentCtx/ICLR_results/swebench/main/qwen35b/di__b20k__trc-ss/sympy__sympy-13091/trc-ss/run_2/trajectory.json,swebench_summary_bug_remaining_20260908_162042_CDT
swebench,ablation,qwen35b,di__b20k__trc-ss,hosted_vllm/Qwen/Qwen3.5-35B-A3B,trc_structured_summarize,20000,0.5,sympy__sympy-13757,trc-ss,run_3,priority,agentlog_summary_failure,0,2,/home/ak58925/agentCtx/ICLR_results/swebench/ablation/qwen35b/di__b20k__trc-ss/sympy__sympy-13757/trc-ss/run_3/trajectory.json,,main,/home/ak58925/agentCtx/ICLR_results/swebench/main/qwen35b/di__b20k__trc-ss/sympy__sympy-13757/trc-ss/run_3/trajectory.json,swebench_summary_bug_remaining_20260908_162042_CDT
swebench,ablation,qwen35b,di__b20k__trc-su,hosted_vllm/Qwen/Qwen3.5-35B-A3B,trc_summarize,20000,0.5,scikit-learn__scikit-learn-25747,trc-su,run_3,priority,summary_failure_accounting,0,1,/home/ak58925/agentCtx/ICLR_results/swebench/ablation/qwen35b/di__b20k__trc-su/scikit-learn__scikit-learn-25747/trc-su/run_3/trajectory.json,/home/ak58925/agentCtx/archives/summary-bug-audit-20260907_185802_CDT/audit-swebench/details/13626.txt,main,/home/ak58925/agentCtx/ICLR_results/swebench/main/qwen35b/di__b20k__trc-su/scikit-learn__scikit-learn-25747/trc-su/run_3/trajectory.json,swebench_summary_bug_remaining_20260908_162042_CDT
swebench,ablation,qwen35b,di__b20k__trc-su,hosted_vllm/Qwen/Qwen3.5-35B-A3B,trc_summarize,20000,0.5,sympy__sympy-17630,trc-su,run_1,probable,summary_related_response,0,0,/home/ak58925/agentCtx/ICLR_results/swebench/ablation/qwen35b/di__b20k__trc-su/sympy__sympy-17630/trc-su/run_1/trajectory.json,/home/ak58925/agentCtx/archives/summary-bug-audit-20260907_185802_CDT/audit-swebench/details/13677.txt,main,/home/ak58925/agentCtx/ICLR_results/swebench/main/qwen35b/di__b20k__trc-su/sympy__sympy-17630/trc-su/run_1/trajectory.json,swebench_summary_bug_remaining_20260908_162042_CDT
swebench,ablation,qwen35b,di__b20k__trc-su,hosted_vllm/Qwen/Qwen3.5-35B-A3B,trc_summarize,20000,0.5,sympy__sympy-13091,trc-su,run_3,priority,agentlog_summary_failure,0,1,/home/ak58925/agentCtx/ICLR_results/swebench/ablation/qwen35b/di__b20k__trc-su/sympy__sympy-13091/trc-su/run_3/trajectory.json,,main,/home/ak58925/agentCtx/ICLR_results/swebench/main/qwen35b/di__b20k__trc-su/sympy__sympy-13091/trc-su/run_3/trajectory.json,swebench_summary_bug_remaining_20260908_162042_CDT
swebench,ablation,qwen35b,di__b20k__trc-su,hosted_vllm/Qwen/Qwen3.5-35B-A3B,trc_summarize,20000,0.5,sympy__sympy-17630,trc-su,run_3,priority,agentlog_summary_failure,0,1,/home/ak58925/agentCtx/ICLR_results/swebench/ablation/qwen35b/di__b20k__trc-su/sympy__sympy-17630/trc-su/run_3/trajectory.json,details/13679.txt,main,/home/ak58925/agentCtx/ICLR_results/swebench/main/qwen35b/di__b20k__trc-su/sympy__sympy-17630/trc-su/run_3/trajectory.json,swebench_summary_bug_remaining_20260908_162042_CDT
