instance_id,condition,run_num,resolved,exit_status,returncode,n_calls,e2e_latency_s,path,format_errors,reasoning_fallback,length_errors,compression_events,summary_fallback,non_git_diff_prefix,max_repeat,repeated_command,last_command,call_records,calls_error,summary_seconds,max_tokens
scikit-learn__scikit-learn-13439,truncation,1,True,Submitted,0,33,111.78,data/r2/swebench/p30s/qwen35b/d05__b15k__tr/scikit-learn__scikit-learn-13439/truncation/run_1,1,2,0,0,0,False,2,cd /testbed && python setup.py build_ext --inplace 2>&1 | tail -20,echo COMPLETE_TASK_AND_SUBMIT_FINAL_OUTPUT && cat patch.txt,33,0,0.0,32768
django__django-12304,truncation,1,True,Submitted,0,37,144.2,data/r2/swebench/p30s/qwen35b/d05__b15k__tr/django__django-12304/truncation/run_1,0,1,0,1,0,False,4,cat /testbed/django/db/models/enums.py,echo COMPLETE_TASK_AND_SUBMIT_FINAL_OUTPUT && cat patch.txt,37,0,0.0,32768
scikit-learn__scikit-learn-12682,truncation,1,False,Submitted,0,52,149.42,data/r2/swebench/p30s/qwen35b/d05__b15k__tr/scikit-learn__scikit-learn-12682/truncation/run_1,0,6,0,1,0,False,3,cd /testbed && git diff sklearn/decomposition/dict_learning.py,echo COMPLETE_TASK_AND_SUBMIT_FINAL_OUTPUT && cat /testbed/patch.txt 2>/dev/null || git diff sklearn/decomposition/dict_learning.py > /testbed/patch.txt && cat /testbed/patch.txt,52,0,0.0,32768
django__django-15741,truncation,1,True,Submitted,0,49,160.88,data/r2/swebench/p30s/qwen35b/d05__b15k__tr/django__django-15741/truncation/run_1,0,0,0,1,0,False,2,python /testbed/test_lazy_format.py,cd /testbed && git diff django/utils/formats.py > patch.txt && echo COMPLETE_TASK_AND_SUBMIT_FINAL_OUTPUT && cat patch.txt,49,0,0.0,32768
scikit-learn__scikit-learn-13779,truncation,1,True,Submitted,0,64,199.86,data/r2/swebench/p30s/qwen35b/d05__b15k__tr/scikit-learn__scikit-learn-13779/truncation/run_1,0,11,0,1,0,False,4,"cd /testbed && python -c ""import sys; sys.path.insert(0, '/opt/miniconda3/lib/python3.11/site-packages'); from sklearn.datasets import load_iris; from sklearn.linear_model import LogisticRegression; from sklearn.ensemble import VotingClassifier; from sklearn.ensemble import RandomForestClassifier; import numpy as np; X, y = load_iris(return_X_y=True); voter = VotingClassifier(estimators=[('lr', LogisticRegression()), ('rf', RandomForestClassifier())]); voter.fit(X, y, sample_weight=np.ones(y.shape)); print('First fit successful'); voter.set_params(lr=None); print('Set lr to None'); voter.fit(X, y, sample_weight=np.ones(y.shape)); print('Second fit successful')""",echo COMPLETE_TASK_AND_SUBMIT_FINAL_OUTPUT && cat patch.txt,64,0,0.0,32768
django__django-15278,truncation,1,True,Submitted,0,28,199.92,data/r2/swebench/p30s/qwen35b/d05__b15k__tr/django__django-15278/truncation/run_1,2,1,0,0,0,False,2,python /testbed/test_issue.py,echo COMPLETE_TASK_AND_SUBMIT_FINAL_OUTPUT && cat patch.txt,28,0,0.0,32768
scikit-learn__scikit-learn-11578,truncation,1,True,Submitted,0,35,219.63,data/r2/swebench/p30s/qwen35b/d05__b15k__tr/scikit-learn__scikit-learn-11578/truncation/run_1,1,1,0,1,0,False,3,cd /testbed && python test_issue.py,cd /testbed && git diff sklearn/linear_model/logistic.py > patch.txt && echo COMPLETE_TASK_AND_SUBMIT_FINAL_OUTPUT && cat patch.txt,35,0,0.0,32768
django__django-15368,truncation,1,True,Submitted,0,79,226.57,data/r2/swebench/p30s/qwen35b/d05__b15k__tr/django__django-15368/truncation/run_1,1,10,0,1,0,False,4,cd /testbed && python test_f_expression_bug.py,rm /testbed/test_plain_f.py /testbed/test_comprehensive.py && echo COMPLETE_TASK_AND_SUBMIT_FINAL_OUTPUT && cat patch.txt,79,0,0.0,32768
django__django-12276,truncation,1,False,Submitted,0,46,305.92,data/r2/swebench/p30s/qwen35b/d05__b15k__tr/django__django-12276/truncation/run_1,1,1,0,1,0,False,4,"sed -n '275,278p' /testbed/django/forms/widgets.py",echo COMPLETE_TASK_AND_SUBMIT_FINAL_OUTPUT && cat patch.txt,46,0,0.0,32768
sympy__sympy-14531,truncation,1,True,Submitted,0,64,176.7,data/r2/swebench/p30s/qwen35b/d05__b15k__tr/sympy__sympy-14531/truncation/run_1,1,0,0,1,0,False,7,"cd /testbed && python -c ""
from sympy import symbols, S, sstr, Eq, Limit

x = symbols('x')
y = symbols('y')

print('Test 1: sstr(x + S(1)/2, sympy_integers=True)')
print(repr(sstr(x + S(1)/2, sympy_integers=True)))
print()

print('Test 2: sstr(Eq(x, S(1)/2), sympy_integers=True)')
print(repr(sstr(Eq(x, S(1)/2), sympy_integers=True)))
print()

print('Test 3: sstr(Limit(x, x, S(1)/2), sympy_integers=True)')
print(repr(sstr(Limit(x, x, S(1)/2), sympy_integers=True)))
print()

print('Test 4: python(Eq(x, y))')
from sympy.printing import python
print(repr(python(Eq(x, y))))
""",echo COMPLETE_TASK_AND_SUBMIT_FINAL_OUTPUT && cat patch.txt,64,0,0.0,32768
sympy__sympy-15345,truncation,1,True,Submitted,0,39,184.51,data/r2/swebench/p30s/qwen35b/d05__b15k__tr/sympy__sympy-15345/truncation/run_1,1,0,0,0,0,False,7,cd /testbed && python test_issue.py,echo COMPLETE_TASK_AND_SUBMIT_FINAL_OUTPUT && cat patch.txt,39,0,0.0,32768
scikit-learn__scikit-learn-14894,truncation,1,True,Submitted,0,51,309.22,data/r2/swebench/p30s/qwen35b/d05__b15k__tr/scikit-learn__scikit-learn-14894/truncation/run_1,2,7,0,1,0,False,3,"cd /testbed && sed -n '289,296p' sklearn/svm/base.py",echo COMPLETE_TASK_AND_SUBMIT_FINAL_OUTPUT && cat patch.txt,51,0,0.0,32768
sympy__sympy-17318,truncation,1,False,Submitted,0,45,182.49,data/r2/swebench/p30s/qwen35b/d05__b15k__tr/sympy__sympy-17318/truncation/run_1,1,4,0,1,0,False,2,git diff /testbed/sympy/simplify/radsimp.py,echo COMPLETE_TASK_AND_SUBMIT_FINAL_OUTPUT && cat patch.txt,45,0,0.0,32768
sympy__sympy-19954,truncation,1,True,Submitted,0,35,145.97,data/r2/swebench/p30s/qwen35b/d05__b15k__tr/sympy__sympy-19954/truncation/run_1,1,7,0,0,0,False,2,python /testbed/test_issue.py,echo COMPLETE_TASK_AND_SUBMIT_FINAL_OUTPUT && cat patch.txt,35,0,0.0,32768
sympy__sympy-24213,truncation,1,True,Submitted,0,25,100.56,data/r2/swebench/p30s/qwen35b/d05__b15k__tr/sympy__sympy-24213/truncation/run_1,0,6,0,0,0,False,2,echo COMPLETE_TASK_AND_SUBMIT_FINAL_OUTPUT && cat patch.txt,echo COMPLETE_TASK_AND_SUBMIT_FINAL_OUTPUT && cat patch.txt,25,0,0.0,32768
scikit-learn__scikit-learn-13135,truncation,1,True,Submitted,0,138,734.59,data/r2/swebench/p30s/qwen35b/d05__b15k__tr/scikit-learn__scikit-learn-13135/truncation/run_1,0,2,0,5,0,False,25,cd /testbed && git diff sklearn/preprocessing/_discretization.py,cd /testbed && git diff sklearn/preprocessing/_discretization.py > patch.txt && echo COMPLETE_TASK_AND_SUBMIT_FINAL_OUTPUT && cat patch.txt,138,0,0.0,32768
scikit-learn__scikit-learn-14087,truncation,1,False,Submitted,0,46,830.35,data/r2/swebench/p30s/qwen35b/d05__b15k__tr/scikit-learn__scikit-learn-14087/truncation/run_1,2,1,1,2,0,False,3,"cat /testbed/sklearn/linear_model/logistic.py | sed -n '2168,2195p'",echo COMPLETE_TASK_AND_SUBMIT_FINAL_OUTPUT && cat patch.txt,46,0,0.0,32768
sympy__sympy-14711,truncation,1,True,Submitted,0,63,745.05,data/r2/swebench/p30s/qwen35b/d05__b15k__tr/sympy__sympy-14711/truncation/run_1,2,5,1,1,0,False,2,"cd /testbed && python3 -c ""
from sympy.physics.vector import ReferenceFrame, Vector
from sympy import symbols
N = ReferenceFrame('N')
print('Testing 0 * N.x:', 0 * N.x)
print('Type:', type(0 * N.x))
print('Testing sum([N.x, (0 * N.x)])')
try:
    result = sum([N.x, (0 * N.x)])
    print('Result:', result)
except Exception as e:
    print('Error:', e)
""",echo COMPLETE_TASK_AND_SUBMIT_FINAL_OUTPUT && cat patch.txt,63,0,0.0,32768
sympy__sympy-15875,truncation,1,False,Submitted,0,46,888.51,data/r2/swebench/p30s/qwen35b/d05__b15k__tr/sympy__sympy-15875/truncation/run_1,2,5,1,1,0,False,3,cd /testbed && python /tmp/test_is_zero.py,cd /testbed && git diff sympy/core/add.py > patch.txt && echo COMPLETE_TASK_AND_SUBMIT_FINAL_OUTPUT && cat patch.txt,46,0,0.0,32768
scikit-learn__scikit-learn-14053,truncation,1,True,Submitted,0,64,1455.7,data/r2/swebench/p30s/qwen35b/d05__b15k__tr/scikit-learn__scikit-learn-14053/truncation/run_1,3,1,2,2,0,False,4,"cd /testbed && sed -n '890,900p' sklearn/tree/export.py",echo COMPLETE_TASK_AND_SUBMIT_FINAL_OUTPUT && cat patch.txt,64,0,0.0,32768
sympy__sympy-18211,truncation,1,True,Submitted,0,93,1343.58,data/r2/swebench/p30s/qwen35b/d05__b15k__tr/sympy__sympy-18211/truncation/run_1,3,18,2,2,0,False,7,"sed -n '525,540p' sympy/solvers/inequalities.py",echo COMPLETE_TASK_AND_SUBMIT_FINAL_OUTPUT && cat patch.txt,93,0,0.0,32768
sympy__sympy-20438,truncation,1,False,Submitted,0,62,1311.02,data/r2/swebench/p30s/qwen35b/d05__b15k__tr/sympy__sympy-20438/truncation/run_1,3,22,2,2,0,False,3,cat /testbed/sympy/sets/handlers/issubset.py,cd /testbed && git diff > patch.txt && echo COMPLETE_TASK_AND_SUBMIT_FINAL_OUTPUT && cat patch.txt,62,0,0.0,32768
sympy__sympy-14248,truncation,1,False,Submitted,0,153,1776.06,data/r2/swebench/p30s/qwen35b/d05__b15k__tr/sympy__sympy-14248/truncation/run_1,6,30,2,6,0,False,28,cd /testbed && python reproduce_issue.py,echo COMPLETE_TASK_AND_SUBMIT_FINAL_OUTPUT && cat patch.txt,153,0,0.0,32768
scikit-learn__scikit-learn-25232,truncation,1,False,LimitsExceeded,0,300,1939.2,data/r2/swebench/p30s/qwen35b/d05__b15k__tr/scikit-learn__scikit-learn-25232/truncation/run_1,2,37,2,14,0,False,30,"sed -n '115,125p' /testbed/sklearn/impute/_iterative.py",python /tmp/test_fill_value.py,300,0,0.0,32768
scikit-learn__scikit-learn-26194,truncation,1,False,Submitted,0,110,2322.74,data/r2/swebench/p30s/qwen35b/d05__b15k__tr/scikit-learn__scikit-learn-26194/truncation/run_1,3,1,3,7,0,False,16,"cd /testbed && sed -n '1080,1095p' sklearn/metrics/_ranking.py",echo COMPLETE_TASK_AND_SUBMIT_FINAL_OUTPUT && cat patch.txt,110,0,0.0,32768
django__django-17084,truncation,1,False,LimitsExceeded,0,300,2772.52,data/r2/swebench/p30s/qwen35b/d05__b15k__tr/django__django-17084/truncation/run_1,8,33,4,10,0,False,107,"find /testbed -name ""settings.py"" -type f 2>/dev/null | head -20","grep -n ""window"" /testbed/django/db/models/query.py",300,0,0.0,32768
django__django-15957,truncation,1,False,LimitsExceeded,0,300,2914.8,data/r2/swebench/p30s/qwen35b/d05__b15k__tr/django__django-15957/truncation/run_1,5,13,4,10,0,False,12,"sed -n '2189,2195p' /testbed/django/db/models/query.py",cat /testbed/tests/prefetch_related/test_prefetch_related_objects.py | head -100,300,0,0.0,32768
django__django-15098,truncation,1,False,LimitsExceeded,0,300,3564.89,data/r2/swebench/p30s/qwen35b/d05__b15k__tr/django__django-15098/truncation/run_1,6,2,5,11,0,False,35,"cd /testbed && python3 -c ""
import sys
sys.path.insert(0, '/testbed')

# Set up Django settings directly
from django.conf import settings
if not settings.configured:
    settings.configure(
        DEBUG=True,
        DATABASES={},
        INSTALLED_APPS=[
            'django.contrib.contenttypes',
            'django.contrib.auth',
        ],
        USE_I18N=True,
        USE_L10N=True,
        LANGUAGE_CODE='en-us',
        LANGUAGES=[
            ('en-us', 'English'),
            ('en-latn-us', 'Latin English'),
            ('en-Latn-US', 'BCP 47 case format'),
        ],
        ROOT_URLCONF='',
    )

import django
django.setup()

from django.urls import LocalePrefixPattern
from django.utils.translation import get_language

print(f'Current language: {get_language()}')

# Test LocalePrefixPattern with different settings
pattern = LocalePrefixPattern()
print(f'language_prefix: {pattern.language_prefix}')
print(f'regex: {pattern.regex.pattern}')

# Test match
test_paths = ['/en-us/', '/en-latn-us/', '/en-Latn-US/']
for path in test_paths:
    result = pattern.match(path)
    print(f'match({path}): {result}')
""","cd /testbed && python3 -c ""
import sys
sys.path.insert(0, '/testbed')

import django
from django.conf import settings
settings.configure(
    DEBUG=True,
    ROOT_URLCONF='',
    USE_I18N=True,
    LANGUAGE_CODE='en-us',
    LANGUAGES=[
        ('en-us', 'English'),
        ('en-latn-us', 'Latin English'),
        ('en-Latn-US', 'BCP 47 case format'),
    ],
)
django.setup()

from django.utils.translation import to_language

tests = [
    'en_US',
    'en-Latn-US',
    'en-latn-us',
    'zh_Hant_TW',
    'zh-hant-tw',
]

for test in tests:
    result = to_language(test)
    print(f'to_language({test!r}) -> {result!r}')
""",300,0,0.0,32768
django__django-11734,truncation,1,False,LimitsExceeded,0,300,4070.69,data/r2/swebench/p30s/qwen35b/d05__b15k__tr/django__django-11734/truncation/run_1,8,57,8,15,0,False,24,"sed -n '1328,1335p' /testbed/django/db/models/sql/query.py","sed -n '1328,1335p' /testbed/django/db/models/sql/query.py",300,0,0.0,32768
django__django-15525,truncation,1,False,,-1,163,5400.02,data/r2/swebench/p30s/qwen35b/d05__b15k__tr/django__django-15525/truncation/run_1,15,10,13,7,0,False,19,"cat /testbed/django/core/serializers/base.py | sed -n '325,355p'",cat /testbed/django/core/serializers/base.py | head -360 | tail -40,163,0,0.0,32768
django__django-12276,truncation,2,True,Submitted,0,46,146.69,data/r2/swebench/p30s/qwen35b/d05__b15k__tr/django__django-12276/truncation/run_2,0,12,0,1,0,False,3,python /testbed/test_issue.py,echo COMPLETE_TASK_AND_SUBMIT_FINAL_OUTPUT && cat patch.txt,46,0,0.0,32768
django__django-15098,truncation,3,False,Submitted,0,37,150.33,data/r2/swebench/p30s/qwen35b/d05__b15k__tr/django__django-15098/truncation/run_3,2,5,0,1,0,False,3,sed -n '46p' /testbed/django/utils/translation/trans_real.py,echo COMPLETE_TASK_AND_SUBMIT_FINAL_OUTPUT && cat patch.txt,37,0,0.0,32768
django__django-15368,truncation,3,True,Submitted,0,27,162.41,data/r2/swebench/p30s/qwen35b/d05__b15k__tr/django__django-15368/truncation/run_3,1,2,0,0,0,False,2,python /testbed/test_repro.py,echo COMPLETE_TASK_AND_SUBMIT_FINAL_OUTPUT && cat patch.txt,27,0,0.0,32768
django__django-12304,truncation,2,True,Submitted,0,38,174.03,data/r2/swebench/p30s/qwen35b/d05__b15k__tr/django__django-12304/truncation/run_2,0,2,0,1,0,False,3,python /testbed/test_template_issue.py,echo COMPLETE_TASK_AND_SUBMIT_FINAL_OUTPUT && cat patch.txt,38,0,0.0,32768
django__django-12276,truncation,3,True,Submitted,0,46,174.3,data/r2/swebench/p30s/qwen35b/d05__b15k__tr/django__django-12276/truncation/run_3,1,5,0,1,0,False,3,"sed -n '374,395p' /testbed/django/forms/widgets.py",cd /testbed && git diff django/forms/widgets.py > patch.txt && echo COMPLETE_TASK_AND_SUBMIT_FINAL_OUTPUT && cat patch.txt,46,0,0.0,32768
django__django-12304,truncation,3,False,Submitted,0,36,211.52,data/r2/swebench/p30s/qwen35b/d05__b15k__tr/django__django-12304/truncation/run_3,2,10,0,1,0,False,2,cat /testbed/django/db/models/enums.py,echo COMPLETE_TASK_AND_SUBMIT_FINAL_OUTPUT && cat patch.txt,36,0,0.0,32768
django__django-15741,truncation,2,True,Submitted,0,74,215.91,data/r2/swebench/p30s/qwen35b/d05__b15k__tr/django__django-15741/truncation/run_2,0,5,0,1,0,False,2,cd /testbed && PYTHONPATH=/testbed python /tmp/test_lazy_format.py,cd /testbed && echo COMPLETE_TASK_AND_SUBMIT_FINAL_OUTPUT && cat patch.txt,74,0,0.0,32768
django__django-15741,truncation,3,True,Submitted,0,84,218.91,data/r2/swebench/p30s/qwen35b/d05__b15k__tr/django__django-15741/truncation/run_3,0,0,0,2,0,True,4,"sed -n '100,145p' /testbed/django/utils/formats.py","echo COMPLETE_TASK_AND_SUBMIT_FINAL_OUTPUT && cat /testbed/patch.txt 2>/dev/null || echo ""No patch.txt found, creating from git diff"" && cd /testbed && git diff django/utils/formats.py > /tmp/patch.txt && cat /tmp/patch.txt",84,0,0.0,32768
scikit-learn__scikit-learn-11578,truncation,2,True,Submitted,0,25,122.87,data/r2/swebench/p30s/qwen35b/d05__b15k__tr/scikit-learn__scikit-learn-11578/truncation/run_2,1,2,0,0,0,False,2,cd /testbed && python test_issue.py,echo COMPLETE_TASK_AND_SUBMIT_FINAL_OUTPUT && cat patch.txt,25,0,0.0,32768
django__django-15957,truncation,2,False,Submitted,0,56,158.18,data/r2/swebench/p30s/qwen35b/d05__b15k__tr/django__django-15957/truncation/run_2,1,19,0,1,0,False,2,cd /testbed && python /tmp/test_prefetch_slice.py,echo COMPLETE_TASK_AND_SUBMIT_FINAL_OUTPUT && cat patch.txt,56,0,0.0,32768
scikit-learn__scikit-learn-13135,truncation,3,True,Submitted,0,45,155.29,data/r2/swebench/p30s/qwen35b/d05__b15k__tr/scikit-learn__scikit-learn-13135/truncation/run_3,0,1,0,1,0,False,4,"sed -n '165,180p' /testbed/sklearn/preprocessing/_discretization.py",echo COMPLETE_TASK_AND_SUBMIT_FINAL_OUTPUT && cat patch.txt,45,0,0.0,32768
scikit-learn__scikit-learn-12682,truncation,2,False,Submitted,0,86,253.42,data/r2/swebench/p30s/qwen35b/d05__b15k__tr/scikit-learn__scikit-learn-12682/truncation/run_2,2,12,0,3,0,False,5,"sed -n '990,1010p' /testbed/sklearn/decomposition/dict_learning.py",cd /testbed && git diff HEAD -- sklearn/decomposition/dict_learning.py > patch.txt && echo COMPLETE_TASK_AND_SUBMIT_FINAL_OUTPUT && cat patch.txt,86,0,0.0,32768
scikit-learn__scikit-learn-13135,truncation,2,True,Submitted,0,75,223.7,data/r2/swebench/p30s/qwen35b/d05__b15k__tr/scikit-learn__scikit-learn-13135/truncation/run_2,0,1,0,2,0,False,16,"grep -n ""cluster_centers_"" /testbed/sklearn/preprocessing/_discretization.py",echo COMPLETE_TASK_AND_SUBMIT_FINAL_OUTPUT && cat patch.txt,75,0,0.0,32768
scikit-learn__scikit-learn-13439,truncation,3,True,Submitted,0,39,94.89,data/r2/swebench/p30s/qwen35b/d05__b15k__tr/scikit-learn__scikit-learn-13439/truncation/run_3,0,11,0,0,0,False,2,cd /testbed && git diff sklearn/pipeline.py,echo COMPLETE_TASK_AND_SUBMIT_FINAL_OUTPUT && cat patch.txt,39,0,0.0,32768
scikit-learn__scikit-learn-13439,truncation,2,True,Submitted,0,47,168.63,data/r2/swebench/p30s/qwen35b/d05__b15k__tr/scikit-learn__scikit-learn-13439/truncation/run_2,1,1,0,1,0,False,3,cd /testbed && python setup.py build_ext --inplace 2>&1 | tail -20,echo COMPLETE_TASK_AND_SUBMIT_FINAL_OUTPUT && cat patch.txt,47,0,0.0,32768
scikit-learn__scikit-learn-13779,truncation,2,True,Submitted,0,57,249.88,data/r2/swebench/p30s/qwen35b/d05__b15k__tr/scikit-learn__scikit-learn-13779/truncation/run_2,0,1,0,1,0,False,3,cd /testbed && python reproduce_issue.py,echo COMPLETE_TASK_AND_SUBMIT_FINAL_OUTPUT && cat patch.txt,57,0,0.0,32768
django__django-15368,truncation,2,True,Submitted,0,62,780.04,data/r2/swebench/p30s/qwen35b/d05__b15k__tr/django__django-15368/truncation/run_2,2,5,1,1,0,False,2,cd /testbed && python tests/runtests.py tests.queries.test_bulk_update.BulkUpdateTests.test_field_references 2>&1 | tail -30,echo COMPLETE_TASK_AND_SUBMIT_FINAL_OUTPUT && cat patch.txt,62,0,0.0,32768
scikit-learn__scikit-learn-12682,truncation,3,True,Submitted,0,63,826.21,data/r2/swebench/p30s/qwen35b/d05__b15k__tr/scikit-learn__scikit-learn-12682/truncation/run_3,2,17,1,2,0,False,4,cd /testbed && python setup.py build_ext --inplace 2>&1 | tail -20,echo COMPLETE_TASK_AND_SUBMIT_FINAL_OUTPUT && cat patch.txt,63,0,0.0,32768
scikit-learn__scikit-learn-11578,truncation,3,True,Submitted,0,195,903.14,data/r2/swebench/p30s/qwen35b/d05__b15k__tr/scikit-learn__scikit-learn-11578/truncation/run_3,1,1,0,9,0,False,9,"grep -n ""LogisticRegression("" /testbed/sklearn/linear_model/logistic.py",echo COMPLETE_TASK_AND_SUBMIT_FINAL_OUTPUT && cat patch.txt,195,0,0.0,32768
scikit-learn__scikit-learn-14894,truncation,2,False,Submitted,0,59,197.73,data/r2/swebench/p30s/qwen35b/d05__b15k__tr/scikit-learn__scikit-learn-14894/truncation/run_2,0,3,0,1,0,True,4,"python -c ""import sklearn.svm.base; import inspect; print(inspect.getsourcefile(sklearn.svm.base))""","echo COMPLETE_TASK_AND_SUBMIT_FINAL_OUTPUT && cat /testbed/sklearn/svm/base.py | sed -n '285,305p'",59,0,0.0,32768
django__django-15278,truncation,3,True,Submitted,0,80,1450.57,data/r2/swebench/p30s/qwen35b/d05__b15k__tr/django__django-15278/truncation/run_3,4,8,2,3,0,False,4,"sed -n '325,340p' /testbed/django/db/backends/sqlite3/schema.py",echo COMPLETE_TASK_AND_SUBMIT_FINAL_OUTPUT && cat patch.txt,80,0,0.0,32768
scikit-learn__scikit-learn-14894,truncation,3,True,Submitted,0,32,174.74,data/r2/swebench/p30s/qwen35b/d05__b15k__tr/scikit-learn__scikit-learn-14894/truncation/run_3,1,6,0,0,0,False,2,cd /testbed && python reproduce_issue.py,echo COMPLETE_TASK_AND_SUBMIT_FINAL_OUTPUT && cat patch.txt,32,0,0.0,32768
scikit-learn__scikit-learn-14053,truncation,3,True,Submitted,0,45,763.54,data/r2/swebench/p30s/qwen35b/d05__b15k__tr/scikit-learn__scikit-learn-14053/truncation/run_3,2,0,1,1,0,False,3,"sed -n '890,900p' /testbed/sklearn/tree/export.py",echo COMPLETE_TASK_AND_SUBMIT_FINAL_OUTPUT && cat patch.txt,45,0,0.0,32768
scikit-learn__scikit-learn-25232,truncation,3,True,Submitted,0,68,219.8,data/r2/swebench/p30s/qwen35b/d05__b15k__tr/scikit-learn__scikit-learn-25232/truncation/run_3,0,34,0,3,0,False,2,"grep -n ""def __init__"" /testbed/sklearn/impute/_iterative.py",echo COMPLETE_TASK_AND_SUBMIT_FINAL_OUTPUT && cat patch.txt,68,0,0.0,32768
scikit-learn__scikit-learn-26194,truncation,2,False,Submitted,0,38,183.65,data/r2/swebench/p30s/qwen35b/d05__b15k__tr/scikit-learn__scikit-learn-26194/truncation/run_2,0,8,0,1,0,False,3,"sed -n '1083,1090p' /testbed/sklearn/metrics/_ranking.py",echo COMPLETE_TASK_AND_SUBMIT_FINAL_OUTPUT && cat patch.txt,38,0,0.0,32768
scikit-learn__scikit-learn-25232,truncation,2,True,Submitted,0,71,369.61,data/r2/swebench/p30s/qwen35b/d05__b15k__tr/scikit-learn__scikit-learn-25232/truncation/run_2,0,23,0,3,0,False,2,head -200 /testbed/sklearn/impute/_iterative.py,echo COMPLETE_TASK_AND_SUBMIT_FINAL_OUTPUT && cat patch.txt,71,0,0.0,32768
django__django-15957,truncation,3,False,LimitsExceeded,0,300,1811.49,data/r2/swebench/p30s/qwen35b/d05__b15k__tr/django__django-15957/truncation/run_3,2,7,1,12,0,False,26,"sed -n '364,380p' /testbed/django/db/models/sql/query.py","sed -n '100,130p' /testbed/django/db/models/fields/related_descriptors.py",300,0,0.0,32768
scikit-learn__scikit-learn-26194,truncation,3,False,Submitted,0,36,341.76,data/r2/swebench/p30s/qwen35b/d05__b15k__tr/scikit-learn__scikit-learn-26194/truncation/run_3,0,0,0,1,0,False,5,"cat -n /testbed/sklearn/metrics/_ranking.py | sed -n '1080,1100p'",echo COMPLETE_TASK_AND_SUBMIT_FINAL_OUTPUT && cat patch.txt,36,0,0.0,32768
scikit-learn__scikit-learn-14053,truncation,2,True,Submitted,0,50,1431.35,data/r2/swebench/p30s/qwen35b/d05__b15k__tr/scikit-learn__scikit-learn-14053/truncation/run_2,2,4,2,1,0,False,3,"sed -n '890,900p' /testbed/sklearn/tree/export.py",echo COMPLETE_TASK_AND_SUBMIT_FINAL_OUTPUT && cat patch.txt,50,0,0.0,32768
scikit-learn__scikit-learn-14087,truncation,2,False,Submitted,0,47,1377.29,data/r2/swebench/p30s/qwen35b/d05__b15k__tr/scikit-learn__scikit-learn-14087/truncation/run_2,2,4,2,1,0,False,4,"sed -n '2169,2185p' /testbed/sklearn/linear_model/logistic.py",echo COMPLETE_TASK_AND_SUBMIT_FINAL_OUTPUT && cat patch.txt,47,0,0.0,32768
sympy__sympy-14531,truncation,3,True,Submitted,0,56,160.77,data/r2/swebench/p30s/qwen35b/d05__b15k__tr/sympy__sympy-14531/truncation/run_3,1,5,0,1,0,False,8,python /testbed/test_issue.py,cd /testbed && git diff sympy/printing/str.py > patch.txt && echo COMPLETE_TASK_AND_SUBMIT_FINAL_OUTPUT && cat patch.txt,56,0,0.0,32768
django__django-17084,truncation,2,False,LimitsExceeded,0,300,2086.95,data/r2/swebench/p30s/qwen35b/d05__b15k__tr/django__django-17084/truncation/run_2,2,15,2,6,0,False,37,"cd /testbed && grep -r ""DATABASES"" django/test/runner.py | head -10","cd /testbed && grep -r ""VERSION"" django/__init__.py",300,0,0.0,32768
django__django-15525,truncation,3,True,Submitted,0,104,2509.88,data/r2/swebench/p30s/qwen35b/d05__b15k__tr/django__django-15525/truncation/run_3,4,4,3,5,0,False,7,"sed -n '325,350p' /testbed/django/core/serializers/base.py",git diff > patch.txt && echo COMPLETE_TASK_AND_SUBMIT_FINAL_OUTPUT && cat patch.txt,104,0,0.0,32768
scikit-learn__scikit-learn-14087,truncation,3,False,Submitted,0,57,1478.62,data/r2/swebench/p30s/qwen35b/d05__b15k__tr/scikit-learn__scikit-learn-14087/truncation/run_3,2,1,2,2,0,False,2,"grep -n ""class LogisticRegressionCV"" /testbed/sklearn/linear_model/logistic.py",echo COMPLETE_TASK_AND_SUBMIT_FINAL_OUTPUT && cat patch.txt,57,0,0.0,32768
sympy__sympy-14531,truncation,2,True,Submitted,0,62,689.8,data/r2/swebench/p30s/qwen35b/d05__b15k__tr/sympy__sympy-14531/truncation/run_2,1,6,1,1,0,False,7,python /testbed/test_issue.py,echo COMPLETE_TASK_AND_SUBMIT_FINAL_OUTPUT && cat /testbed/sympy/printing/str.py | git diff -- /testbed/sympy/printing/str.py,62,0,0.0,32768
sympy__sympy-14248,truncation,2,False,Submitted,0,112,1002.88,data/r2/swebench/p30s/qwen35b/d05__b15k__tr/sympy__sympy-14248/truncation/run_2,4,16,1,4,0,False,7,cd /testbed && python reproduce_issue.py,echo COMPLETE_TASK_AND_SUBMIT_FINAL_OUTPUT && cat patch.txt,112,0,0.0,32768
sympy__sympy-15345,truncation,3,True,Submitted,0,151,620.01,data/r2/swebench/p30s/qwen35b/d05__b15k__tr/sympy__sympy-15345/truncation/run_3,3,5,0,4,0,False,17,cd /testbed && git diff sympy/printing/mathematica.py,echo COMPLETE_TASK_AND_SUBMIT_FINAL_OUTPUT && cat patch.txt,151,0,0.0,32768
sympy__sympy-17318,truncation,3,False,Submitted,0,34,158.08,data/r2/swebench/p30s/qwen35b/d05__b15k__tr/sympy__sympy-17318/truncation/run_3,1,0,0,1,0,False,2,"sed -n '1060,1100p' /testbed/sympy/simplify/radsimp.py",echo COMPLETE_TASK_AND_SUBMIT_FINAL_OUTPUT && cat patch.txt,34,0,0.0,32768
sympy__sympy-17318,truncation,2,False,Submitted,0,48,250.67,data/r2/swebench/p30s/qwen35b/d05__b15k__tr/sympy__sympy-17318/truncation/run_2,0,0,0,1,0,False,3,"sed -n '1103,1130p' /testbed/sympy/simplify/radsimp.py",echo COMPLETE_TASK_AND_SUBMIT_FINAL_OUTPUT && cat patch.txt,48,0,0.0,32768
django__django-17084,truncation,3,False,LimitsExceeded,0,300,2834.31,data/r2/swebench/p30s/qwen35b/d05__b15k__tr/django__django-17084/truncation/run_3,6,11,4,7,0,False,31,"grep -rn ""expressions"" /testbed/tests/runtests.py","find /testbed/tests -name ""settings.py"" -type f 2>/dev/null | head -10",300,0,0.0,32768
sympy__sympy-19954,truncation,2,True,Submitted,0,39,164.29,data/r2/swebench/p30s/qwen35b/d05__b15k__tr/sympy__sympy-19954/truncation/run_2,0,2,0,1,0,False,4,cd /testbed && python reproduce_issue.py,echo COMPLETE_TASK_AND_SUBMIT_FINAL_OUTPUT && cat patch.txt,39,0,0.0,32768
django__django-11734,truncation,2,False,LimitsExceeded,0,300,3077.66,data/r2/swebench/p30s/qwen35b/d05__b15k__tr/django__django-11734/truncation/run_2,4,4,4,15,0,False,7,cat /testbed/tests/queries/test_qs_combinators.py | head -100,"sed -n '25,45p' /testbed/tests/queries/models.py",300,0,0.0,32768
sympy__sympy-19954,truncation,3,True,Submitted,0,30,95.11,data/r2/swebench/p30s/qwen35b/d05__b15k__tr/sympy__sympy-19954/truncation/run_3,0,8,0,0,0,False,4,cd /testbed && python reproduce_issue.py,echo COMPLETE_TASK_AND_SUBMIT_FINAL_OUTPUT && cat patch.txt,30,0,0.0,32768
sympy__sympy-24213,truncation,2,True,Submitted,0,19,72.97,data/r2/swebench/p30s/qwen35b/d05__b15k__tr/sympy__sympy-24213/truncation/run_2,1,0,0,0,0,False,3,python /testbed/reproduce_issue.py,echo COMPLETE_TASK_AND_SUBMIT_FINAL_OUTPUT && cat patch.txt,19,0,0.0,32768
sympy__sympy-20438,truncation,2,False,Submitted,0,56,197.1,data/r2/swebench/p30s/qwen35b/d05__b15k__tr/sympy__sympy-20438/truncation/run_2,2,7,0,2,0,False,2,"sed -n '692,900p' /testbed/sympy/sets/sets.py",echo COMPLETE_TASK_AND_SUBMIT_FINAL_OUTPUT && cat patch.txt,56,0,0.0,32768
sympy__sympy-24213,truncation,3,True,Submitted,0,25,97.2,data/r2/swebench/p30s/qwen35b/d05__b15k__tr/sympy__sympy-24213/truncation/run_3,0,3,0,0,0,False,2,"sed -n '173,185p' /testbed/sympy/physics/units/unitsystem.py",cd /testbed && git diff sympy/physics/units/unitsystem.py > patch.txt && echo COMPLETE_TASK_AND_SUBMIT_FINAL_OUTPUT && cat patch.txt,25,0,0.0,32768
sympy__sympy-20438,truncation,3,False,Submitted,0,63,205.69,data/r2/swebench/p30s/qwen35b/d05__b15k__tr/sympy__sympy-20438/truncation/run_3,0,4,0,2,0,False,4,python /testbed/test_issue.py,echo COMPLETE_TASK_AND_SUBMIT_FINAL_OUTPUT && cat patch.txt,63,0,0.0,32768
sympy__sympy-18211,truncation,2,False,Submitted,0,46,692.19,data/r2/swebench/p30s/qwen35b/d05__b15k__tr/sympy__sympy-18211/truncation/run_2,1,10,1,1,0,False,3,"cat /testbed/sympy/solvers/inequalities.py | sed -n '1,20p'",echo COMPLETE_TASK_AND_SUBMIT_FINAL_OUTPUT && cat patch.txt,46,0,0.0,32768
sympy__sympy-18211,truncation,3,False,Submitted,0,140,1452.16,data/r2/swebench/p30s/qwen35b/d05__b15k__tr/sympy__sympy-18211/truncation/run_3,3,6,2,4,0,False,34,"sed -n '1,25p' /testbed/sympy/solvers/inequalities.py",echo COMPLETE_TASK_AND_SUBMIT_FINAL_OUTPUT && cat /testbed/patch.txt 2>/dev/null || cd /testbed && git diff sympy/solvers/inequalities.py > /tmp/patch.txt && cat /tmp/patch.txt,140,0,0.0,32768
sympy__sympy-15875,truncation,3,True,Submitted,0,79,2150.38,data/r2/swebench/p30s/qwen35b/d05__b15k__tr/sympy__sympy-15875/truncation/run_3,4,1,3,2,0,False,15,"cat > /testbed/debug_issue.py << 'EOF'
from sympy import *

# Test case from the issue
e = -2*I + (1 + I)**2
print('Test case 1:')
print('  e =', e)
print('  e.args =', e.args)
for a in e.args:
    print(f'    {a}: is_real={a.is_real}, is_imaginary={a.is_imaginary}, (I*a).is_real={(I*a).is_real}')
print('  e.is_zero =', e.is_zero)
print('  simplify(e) =', simplify(e))
print('  simplify(e).is_zero =', simplify(e).is_zero)
print()

# Let's trace through the logic
nz = []
z = 0
im_or_z = False
im = False
for a in e.args:
    print(f'Processing {a}:')
    if a.is_real:
        print(f'  is_real=True')
        if a.is_zero:
            z += 1
            print(f'  is_zero=True, z={z}')
        elif a.is_zero is False:
            nz.append(a)
            print(f'  is_zero=False, added to nz')
        else:
            print(f'  is_zero=None, returning None')
    elif a.is_imaginary:
        im = True
        print(f'  is_imaginary=True, im={im}')
    elif (S.ImaginaryUnit*a).is_real:
        im_or_z = True
        print(f'  (I*a).is_real=True, im_or_z={im_or_z}')
    else:
        print(f'  else, returning None')

print(f'Final: nz={nz}, z={z}, im_or_z={im_or_z}, im={im}')
b = Add(*nz)
print(f'b = Add(*nz) = {b}')
print(f'b.is_zero = {b.is_zero}')
EOF
python3 /testbed/debug_issue.py",echo COMPLETE_TASK_AND_SUBMIT_FINAL_OUTPUT && git diff /testbed/sympy/core/add.py,79,0,0.0,32768
sympy__sympy-14711,truncation,3,True,Submitted,0,173,2669.99,data/r2/swebench/p30s/qwen35b/d05__b15k__tr/sympy__sympy-14711/truncation/run_3,4,2,4,4,0,False,23,cd /testbed && PYTHONPATH=/testbed:$PYTHONPATH python /tmp/test_issue.py,echo COMPLETE_TASK_AND_SUBMIT_FINAL_OUTPUT && cat patch.txt,173,0,0.0,32768
sympy__sympy-14711,truncation,2,False,Submitted,0,155,2884.46,data/r2/swebench/p30s/qwen35b/d05__b15k__tr/sympy__sympy-14711/truncation/run_2,4,2,4,3,0,False,20,"cat /testbed/sympy/physics/vector/vector.py | sed -n '455,465p'",echo COMPLETE_TASK_AND_SUBMIT_FINAL_OUTPUT && cat patch.txt,155,0,0.0,32768
django__django-15278,truncation,2,False,Timeout,-1,119,5400.06,data/r2/swebench/p30s/qwen35b/d05__b15k__tr/django__django-15278/truncation/run_2,10,0,8,3,0,False,15,"sed -n '325,335p' /testbed/django/db/backends/sqlite3/schema.py","sed -n '325,335p' /testbed/django/db/backends/sqlite3/schema.py",119,0,0.0,32768
django__django-11734,truncation,3,False,Timeout,-1,184,5400.05,data/r2/swebench/p30s/qwen35b/d05__b15k__tr/django__django-11734/truncation/run_3,11,52,9,8,0,False,7,"cd /testbed && sed -n '1685,1760p' django/db/models/sql/query.py","cd /testbed && sed -n '1048,1075p' django/db/models/sql/query.py",184,0,0.0,32768
django__django-15525,truncation,2,False,Timeout,-1,133,5400.05,data/r2/swebench/p30s/qwen35b/d05__b15k__tr/django__django-15525/truncation/run_2,9,5,8,5,0,False,16,"cat /testbed/django/db/models/manager.py | grep -B 5 -A 30 ""def db_manager""","cat /testbed/django/db/utils.py | grep -B 5 -A 30 ""db_for_read""",133,0,0.0,32768
django__django-15098,truncation,2,False,Timeout,-1,144,5400.05,data/r2/swebench/p30s/qwen35b/d05__b15k__tr/django__django-15098/truncation/run_2,8,3,8,4,0,False,4,"cd /testbed && python -c ""
import os
os.environ.setdefault('DJANGO_SETTINGS_MODULE', 'tests.i18n.sampleproject.sampleproject.settings')

import django
django.setup()

from django.utils.translation.trans_real import get_language_from_path

# Test the failing case
result = get_language_from_path('/de-simple-page/')
print(f'get_language_from_path(\""/de-simple-page/\"") = {result}')
print(f'Expected: None')
""","cd /testbed && python -c ""
import os
os.environ.setdefault('DJANGO_SETTINGS_MODULE', 'tests.i18n.sampleproject.sampleproject.settings')

import django
django.setup()

from django.utils.translation.trans_real import get_languages, check_for_language, LANG_INFO

# Check what's in get_languages()
langs = get_languages()
print('Languages in get_languages():')
for lang in sorted(langs.keys()):
    if 'en' in lang or 'de' in lang:
        print(f'  {lang}')

print()
print('LANG_INFO keys:')
for key in sorted(LANG_INFO.keys()):
    if 'en' in key or 'de' in lang:
        print(f'  {key}')
""",144,0,0.0,32768
scikit-learn__scikit-learn-13779,truncation,3,False,Timeout,-1,90,5400.04,data/r2/swebench/p30s/qwen35b/d05__b15k__tr/scikit-learn__scikit-learn-13779/truncation/run_3,9,0,9,3,0,False,6,"sed -n '64,100p' /testbed/sklearn/ensemble/voting.py","sed -n '79,84p' /testbed/sklearn/ensemble/voting.py",90,0,0.0,32768
sympy__sympy-15875,truncation,2,False,LimitsExceeded,0,300,3682.79,data/r2/swebench/p30s/qwen35b/d05__b15k__tr/sympy__sympy-15875/truncation/run_2,5,21,5,10,0,False,50,"cd /testbed && python -c ""
from sympy import *
x, y = symbols('x y')

# Test case where expansion doesn't change the expression but terms cancel
e9 = (x + I) + (-x - I)
print('Test 9: e9 = (x + I) + (-x - I)')
print('e9:', e9)
print('e9.is_zero:', e9.is_zero)
print('simplify(e9):', simplify(e9))
print('simplify(e9).is_zero:', simplify(e9).is_zero)
print()

# Test case with complex terms that don't cancel
e10 = (x + I) + (x - I)
print('Test 10: e10 = (x + I) + (x - I)')
print('e10:', e10)
print('e10.is_zero:', e10.is_zero)
print('simplify(e10):', simplify(e10))
print('simplify(e10).is_zero:', simplify(e10).is_zero)
print()

# Test case with complex terms that cancel
e11 = (x + I) + (-x - I)
print('Test 11: e11 = (x + I) + (-x - I)')
print('e11:', e11)
print('e11.is_zero:', e11.is_zero)
print('simplify(e11):', simplify(e11))
print('simplify(e11).is_zero:', simplify(e11).is_zero)
print()

# Test case with complex terms that don't cancel
e12 = (x + I) + (x - I)
print('Test 12: e12 = (x + I) + (x - I)')
print('e12:', e12)
print('e12.is_zero:', e12.is_zero)
print('simplify(e12):', simplify(e12))
print('simplify(e12).is_zero:', simplify(e12).is_zero)
""","cd /testbed && python -c ""
from sympy import *
x, y = symbols('x y')

# Test case where expansion doesn't change the expression but terms cancel
e9 = (x + I) + (-x - I)
print('Test 9: e9 = (x + I) + (-x - I)')
print('e9:', e9)
print('e9.is_zero:', e9.is_zero)
print('simplify(e9):', simplify(e9))
print('simplify(e9).is_zero:', simplify(e9).is_zero)
print()

# Test case with complex terms that don't cancel
e10 = (x + I) + (x - I)
print('Test 10: e10 = (x + I) + (x - I)')
print('e10:', e10)
print('e10.is_zero:', e10.is_zero)
print('simplify(e10):', simplify(e10))
print('simplify(e10).is_zero:', simplify(e10).is_zero)
print()

# Test case with complex terms that cancel
e11 = (x + I) + (-x - I)
print('Test 11: e11 = (x + I) + (-x - I)')
print('e11:', e11)
print('e11.is_zero:', e11.is_zero)
print('simplify(e11):', simplify(e11))
print('simplify(e11).is_zero:', simplify(e11).is_zero)
print()

# Test case with complex terms that don't cancel
e12 = (x + I) + (x - I)
print('Test 12: e12 = (x + I) + (x - I)')
print('e12:', e12)
print('e12.is_zero:', e12.is_zero)
print('simplify(e12):', simplify(e12))
print('simplify(e12).is_zero:', simplify(e12).is_zero)
""",300,0,0.0,32768
sympy__sympy-14248,truncation,3,False,LimitsExceeded,0,300,5360.97,data/r2/swebench/p30s/qwen35b/d05__b15k__tr/sympy__sympy-14248/truncation/run_3,11,23,10,9,0,False,32,"sed -n '306,315p' /testbed/sympy/printing/str.py","python3 << 'EOF'
with open('/testbed/sympy/printing/pretty/stringpict.py', 'r') as f:
    lines = f.readlines()

# Find the line with ""if i < len_res - 1 and result[i] == '-1' and result[i + 1] == xsym*:""
for i, line in enumerate(lines):
    if ""if i < len_res - 1 and result[i] == '-1' and result[i + 1] == xsym"" in line:
        # Replace with the fixed version that checks if result[i] is a prettyForm with value '-1'
        lines[i] = line.replace(
            ""if i < len_res - 1 and result[i] == '-1' and result[i + 1] == xsym('*'):"",
            ""if i < len_res - 1 and (result[i] == '-1' or (isinstance(result[i], prettyForm) and result[i].picture[0] == '-1')) and result[i + 1] == xsym('*'):""
        )
        print(f""Fixed line {i+1}: {lines[i].strip()}"")
        break

with open('/testbed/sympy/printing/pretty/stringpict.py', 'w') as f:
    f.writelines(lines)
EOF",300,0,0.0,32768
sympy__sympy-15345,truncation,2,False,Timeout,-1,65,5400.05,data/r2/swebench/p30s/qwen35b/d05__b15k__tr/sympy__sympy-15345/truncation/run_2,16,18,13,1,0,False,6,"cd /testbed && python -c ""from sympy import symbols, Max; from sympy.printing import mathematica_code; x = symbols('x'); print(repr(mathematica_code(Max(x,2))))""","cd /testbed && python -c ""from sympy import symbols, Max; from sympy.printing import mathematica_code; x = symbols('x'); print(repr(mathematica_code(Max(x,2))))""",65,0,0.0,32768
django__django-12304,summarization-free,2,False,Submitted,0,37,133.98,data/r2/swebench/p30s/qwen35b/di__b15k__su-free/django__django-12304/summarization-free/run_2,0,4,0,1,0,False,4,cat /testbed/django/db/models/enums.py,cd /testbed && git diff django/db/models/enums.py > patch.txt && echo COMPLETE_TASK_AND_SUBMIT_FINAL_OUTPUT && cat patch.txt,37,0,8.782,32768
django__django-15098,summarization-free,2,False,Submitted,0,42,138.31,data/r2/swebench/p30s/qwen35b/di__b15k__su-free/django__django-15098/summarization-free/run_2,1,0,0,0,0,False,3,"grep -n ""language_code_prefix_re"" /testbed/django/utils/translation/trans_real.py",echo COMPLETE_TASK_AND_SUBMIT_FINAL_OUTPUT && cat patch.txt,42,0,0.0,32768
django__django-12304,summarization-free,3,True,Submitted,0,37,198.18,data/r2/swebench/p30s/qwen35b/di__b15k__su-free/django__django-12304/summarization-free/run_3,1,2,0,1,0,False,3,cat /testbed/django/db/models/enums.py,echo COMPLETE_TASK_AND_SUBMIT_FINAL_OUTPUT && cat patch.txt,37,0,34.775,32768
django__django-12304,summarization-free,1,False,Submitted,0,44,207.09,data/r2/swebench/p30s/qwen35b/di__b15k__su-free/django__django-12304/summarization-free/run_1,2,2,0,1,0,False,3,cat /testbed/django/db/models/enums.py,echo COMPLETE_TASK_AND_SUBMIT_FINAL_OUTPUT && cat patch.txt,44,0,11.792,32768
django__django-12276,summarization-free,1,True,Submitted,0,66,253.26,data/r2/swebench/p30s/qwen35b/di__b15k__su-free/django__django-12276/summarization-free/run_1,0,1,0,1,0,False,3,python /testbed/test_issue.py,echo COMPLETE_TASK_AND_SUBMIT_FINAL_OUTPUT && cat patch.txt,66,0,15.703,32768
django__django-15368,summarization-free,1,True,Submitted,0,81,271.57,data/r2/swebench/p30s/qwen35b/di__b15k__su-free/django__django-15368/summarization-free/run_1,2,3,0,2,0,False,6,cd /testbed && python repro.py,echo COMPLETE_TASK_AND_SUBMIT_FINAL_OUTPUT && cat patch.txt,81,0,49.425,32768
django__django-12276,summarization-free,3,True,Submitted,0,42,315.28,data/r2/swebench/p30s/qwen35b/di__b15k__su-free/django__django-12276/summarization-free/run_3,2,7,0,1,1,False,3,cd /testbed && python test_fileinput.py,cd /testbed && git diff django/forms/widgets.py > patch.txt && echo COMPLETE_TASK_AND_SUBMIT_FINAL_OUTPUT && cat patch.txt,42,0,69.089,32768
django__django-15741,summarization-free,1,True,Submitted,0,55,149.56,data/r2/swebench/p30s/qwen35b/di__b15k__su-free/django__django-15741/summarization-free/run_1,1,5,0,1,1,False,2,cd /testbed && python /tmp/test_lazy_format.py,echo COMPLETE_TASK_AND_SUBMIT_FINAL_OUTPUT && cat patch.txt,55,0,10.292,32768
django__django-15741,summarization-free,3,True,Submitted,0,54,143.13,data/r2/swebench/p30s/qwen35b/di__b15k__su-free/django__django-15741/summarization-free/run_3,0,4,0,1,0,False,5,cd /testbed && python reproduce_issue.py,echo COMPLETE_TASK_AND_SUBMIT_FINAL_OUTPUT && cat patch.txt,54,0,9.869,32768
django__django-15278,summarization-free,3,True,Submitted,0,50,784.54,data/r2/swebench/p30s/qwen35b/di__b15k__su-free/django__django-15278/summarization-free/run_3,2,2,1,1,1,False,2,"sed -n '325,335p' /testbed/django/db/backends/sqlite3/schema.py",rm /testbed/test_nullable_onetoone.py /testbed/test_comprehensive.py && echo COMPLETE_TASK_AND_SUBMIT_FINAL_OUTPUT && cat /testbed/patch.txt 2>/dev/null || git diff /testbed/django/db/backends/sqlite3/schema.py > /testbed/patch.txt && cat /testbed/patch.txt,50,0,34.82,32768
django__django-15368,summarization-free,2,True,Submitted,0,61,762.47,data/r2/swebench/p30s/qwen35b/di__b15k__su-free/django__django-15368/summarization-free/run_2,2,7,1,1,1,False,2,"cat -n /testbed/django/db/models/query.py | sed -n '668,680p'",cd /testbed && git diff django/db/models/query.py > patch.txt && echo COMPLETE_TASK_AND_SUBMIT_FINAL_OUTPUT && cat patch.txt,61,0,38.378,32768
django__django-15368,summarization-free,3,True,Submitted,0,69,895.41,data/r2/swebench/p30s/qwen35b/di__b15k__su-free/django__django-15368/summarization-free/run_3,3,1,1,2,1,False,3,"cd /testbed && PYTHONPATH=/testbed/tests DJANGO_SETTINGS_MODULE=test_sqlite python -c ""
import os
import sys
import django

# Setup Django settings
os.environ.setdefault('DJANGO_SETTINGS_MODULE', 'test_sqlite')
sys.path.insert(0, '/testbed')
sys.path.insert(0, '/testbed/tests')

django.setup()

from django.db import models, connection
from django.db.models import F, Value, Case, When
from django.db.models.query import QuerySet

# Create a simple test model
class TestModel(models.Model):
    name = models.CharField(max_length=100)
    c8 = models.CharField(max_length=100)
    
    class Meta:
        app_label = 'test_app'
        db_table = 'test_bulk_update'

# Create the table
with connection.schema_editor() as schema_editor:
    try:
        schema_editor.create_model(TestModel)
    except Exception:
        pass

# Test the issue
print('Testing bulk_update with F() expression...')

# Create a test object
obj = TestModel.objects.create(name='test_name', c8='original_value')
print(f'Created object: id={obj.id}, name={obj.name}, c8={obj.c8}')

# Set c8 to F('name')
obj.c8 = F('name')
print(f'Set c8 to F(\""name\""), c8={obj.c8}')

# Perform bulk_update
result = TestModel.objects.bulk_update([obj], ['c8'])
print(f'bulk_update returned: {result}')

# Refresh from database
obj.refresh_from_db()
print(f'After refresh: c8={obj.c8}')

# Check if the fix worked
if obj.c8 == 'test_name':
    print('SUCCESS: F() expression was correctly resolved!')
else:
    print(f'FAILURE: F() expression was NOT resolved correctly. Got: {obj.c8}')

# Show the SQL query
print('\nLast SQL query:')
print(connection.queries[-1]['sql'])

# Clean up
TestModel.objects.all().delete()
""",echo COMPLETE_TASK_AND_SUBMIT_FINAL_OUTPUT && cat patch.txt,69,0,25.436,32768
django__django-11734,summarization-free,1,False,Submitted,0,167,1606.61,data/r2/swebench/p30s/qwen35b/di__b15k__su-free/django__django-11734/summarization-free/run_1,2,8,2,4,0,False,17,"cd /testbed && git log --oneline --all --grep=""21703"" | head -5",echo COMPLETE_TASK_AND_SUBMIT_FINAL_OUTPUT,167,0,90.062,32768
django__django-15741,summarization-free,2,True,Submitted,0,87,1456.93,data/r2/swebench/p30s/qwen35b/di__b15k__su-free/django__django-15741/summarization-free/run_2,1,1,1,2,1,False,2,cat /testbed/django/utils/formats.py,cd /testbed && git diff django/utils/formats.py > patch.txt && echo COMPLETE_TASK_AND_SUBMIT_FINAL_OUTPUT && cat patch.txt,87,0,631.941,32768
django__django-17084,summarization-free,1,True,Submitted,0,90,843.7,data/r2/swebench/p30s/qwen35b/di__b15k__su-free/django__django-17084/summarization-free/run_1,3,9,1,2,0,False,6,cd /testbed && python test_window_aggregate.py,echo COMPLETE_TASK_AND_SUBMIT_FINAL_OUTPUT && cat patch.txt,90,0,31.761,32768
django__django-12276,summarization-free,2,True,Submitted,0,52,1933.26,data/r2/swebench/p30s/qwen35b/di__b15k__su-free/django__django-12276/summarization-free/run_2,1,9,0,1,1,False,2,"sed -n '373,390p' /testbed/django/forms/widgets.py",echo COMPLETE_TASK_AND_SUBMIT_FINAL_OUTPUT && cat patch.txt,52,0,1718.373,32768
scikit-learn__scikit-learn-11578,summarization-free,1,True,Submitted,0,43,221.1,data/r2/swebench/p30s/qwen35b/di__b15k__su-free/scikit-learn__scikit-learn-11578/summarization-free/run_1,1,0,0,1,0,False,3,cd /testbed && python setup.py build_ext --inplace,echo COMPLETE_TASK_AND_SUBMIT_FINAL_OUTPUT && cat patch.txt,43,0,13.167,32768
scikit-learn__scikit-learn-11578,summarization-free,3,True,Submitted,0,87,447.05,data/r2/swebench/p30s/qwen35b/di__b15k__su-free/scikit-learn__scikit-learn-11578/summarization-free/run_3,2,2,0,2,0,False,4,"sed -n '920,930p' /testbed/sklearn/linear_model/logistic.py",echo COMPLETE_TASK_AND_SUBMIT_FINAL_OUTPUT && cat patch.txt,87,0,29.776,32768
scikit-learn__scikit-learn-11578,summarization-free,2,True,Submitted,0,31,689.5,data/r2/swebench/p30s/qwen35b/di__b15k__su-free/scikit-learn__scikit-learn-11578/summarization-free/run_2,2,0,1,0,0,False,2,"sed -n '770,785p' /testbed/sklearn/linear_model/logistic.py",echo COMPLETE_TASK_AND_SUBMIT_FINAL_OUTPUT && cat patch.txt,31,0,0.0,32768
scikit-learn__scikit-learn-12682,summarization-free,2,True,Submitted,0,108,370.51,data/r2/swebench/p30s/qwen35b/di__b15k__su-free/scikit-learn__scikit-learn-12682/summarization-free/run_2,1,17,0,3,1,False,4,"sed -n '975,995p' /testbed/sklearn/decomposition/dict_learning.py",echo COMPLETE_TASK_AND_SUBMIT_FINAL_OUTPUT && cat /tmp/patch.txt,108,0,96.587,32768
django__django-15957,summarization-free,2,False,Submitted,0,190,2489.1,data/r2/swebench/p30s/qwen35b/di__b15k__su-free/django__django-15957/summarization-free/run_2,4,7,1,6,2,False,5,"cat > /tmp/fix_related_descriptors.py << 'EOF'
# Read the file
with open('/testbed/django/db/models/fields/related_descriptors.py', 'r') as f:
    content = f.read()

# Fix ForwardManyToOneDescriptor.get_prefetch_queryset (around line 148)
old1 = '''        if queryset.query.is_sliced:
            queryset = self.get_queryset()
        queryset = queryset.filter(**query)'''

new1 = '''        if queryset.query.is_sliced:
            queryset = self.get_queryset()
        queryset = queryset.filter(**query)'''

content = content.replace(old1, new1, 1)

# Fix ForwardOneToOneDescriptor.get_prefetch_queryset (around line 409)
old2 = '''        if queryset.query.is_sliced:
            queryset = self.get_queryset()
        queryset = queryset.filter(**query)'''

new2 = '''        if queryset.query.is_sliced:
            queryset = self.get_queryset()
        queryset = queryset.filter(**query)'''

content = content.replace(old2, new2, 1)

# Fix ReverseManyToOneDescriptor.get_prefetch_queryset (around line 726)
old3 = '''            if queryset.query.is_sliced:
                queryset = super().get_queryset()
            queryset = queryset.filter(**query)'''

new3 = '''            if queryset.query.is_sliced:
                queryset = super().get_queryset()
            queryset = queryset.filter(**query)'''

content = content.replace(old3, new3, 1)

# Fix ManyToManyDescriptor.get_prefetch_queryset (around line 1061)
old4 = '''            if queryset.query.is_sliced:
                queryset = super().get_queryset()
            queryset = queryset._next_is_sticky().filter(**query)'''

new4 = '''            if queryset.query.is_sliced:
                queryset = super().get_queryset()
            queryset = queryset._next_is_sticky().filter(**query)'''

content = content.replace(old4, new4, 1)

# Write the file
with open('/testbed/django/db/models/fields/related_descriptors.py', 'w') as f:
    f.write(content)

print(""File updated"")
EOF
python /tmp/fix_related_descriptors.py",cd /testbed && git diff > patch.txt && echo COMPLETE_TASK_AND_SUBMIT_FINAL_OUTPUT && cat patch.txt,190,0,1249.3,32768
scikit-learn__scikit-learn-13135,summarization-free,1,True,Submitted,0,52,224.71,data/r2/swebench/p30s/qwen35b/di__b15k__su-free/scikit-learn__scikit-learn-13135/summarization-free/run_1,0,4,0,1,0,False,3,"cd /tmp && python -c ""import sklearn; print(sklearn.__version__)""",echo COMPLETE_TASK_AND_SUBMIT_FINAL_OUTPUT && cat patch.txt,52,0,12.434,32768
scikit-learn__scikit-learn-13135,summarization-free,2,True,Submitted,0,59,238.36,data/r2/swebench/p30s/qwen35b/di__b15k__su-free/scikit-learn__scikit-learn-13135/summarization-free/run_2,0,1,0,1,0,False,3,cd /testbed && git diff sklearn/preprocessing/_discretization.py,echo COMPLETE_TASK_AND_SUBMIT_FINAL_OUTPUT && cat patch.txt,59,0,12.145,32768
scikit-learn__scikit-learn-12682,summarization-free,3,True,Submitted,0,42,781.57,data/r2/swebench/p30s/qwen35b/di__b15k__su-free/scikit-learn__scikit-learn-12682/summarization-free/run_3,1,6,0,1,1,False,2,cd /testbed && python setup.py build_ext --inplace 2>&1 | tail -20,echo COMPLETE_TASK_AND_SUBMIT_FINAL_OUTPUT && cat /testbed/patch.txt,42,0,650.103,32768
scikit-learn__scikit-learn-13135,summarization-free,3,True,Submitted,0,51,219.13,data/r2/swebench/p30s/qwen35b/di__b15k__su-free/scikit-learn__scikit-learn-13135/summarization-free/run_3,0,9,0,1,0,False,2,cd /testbed && python reproduce_issue.py,echo COMPLETE_TASK_AND_SUBMIT_FINAL_OUTPUT && cat patch.txt,51,0,31.775,32768
scikit-learn__scikit-learn-13439,summarization-free,1,True,Submitted,0,57,195.78,data/r2/swebench/p30s/qwen35b/di__b15k__su-free/scikit-learn__scikit-learn-13439/summarization-free/run_1,1,1,0,1,1,False,9,"grep -n ""__getitem__\|__len__"" /testbed/sklearn/pipeline.py",echo COMPLETE_TASK_AND_SUBMIT_FINAL_OUTPUT && cat patch.txt,57,0,52.496,32768
django__django-15525,summarization-free,3,True,Submitted,0,156,4032.92,data/r2/swebench/p30s/qwen35b/di__b15k__su-free/django__django-15525/summarization-free/run_3,8,4,5,5,1,False,4,"sed -n '325,350p' /testbed/django/core/serializers/base.py",echo COMPLETE_TASK_AND_SUBMIT_FINAL_OUTPUT && cat patch.txt,156,0,638.639,32768
django__django-15278,summarization-free,2,True,Submitted,0,88,4455.89,data/r2/swebench/p30s/qwen35b/di__b15k__su-free/django__django-15278/summarization-free/run_2,7,7,7,2,0,False,8,"cat > /testbed/test_issue.py << 'EOF'
import os
import sys
import django

# Create a minimal Django settings
os.environ.setdefault('DJANGO_SETTINGS_MODULE', 'test_settings')

# Create settings module
import types
settings = types.ModuleType('test_settings')
settings.SECRET_KEY = 'test-secret-key'
settings.DATABASES = {
    'default': {
        'ENGINE': 'django.db.backends.sqlite3',
        'NAME': ':memory:',
    }
}
settings.INSTALLED_APPS = [
    'django.contrib.contenttypes',
    'django.contrib.auth',
]
settings.USE_TZ = True
settings.DEFAULT_AUTO_FIELD = 'django.db.models.BigAutoField'

sys.modules['test_settings'] = settings
django.setup()

from django.db import connection, models
from django.db.backends.sqlite3.schema import DatabaseSchemaEditor
from django.db import transaction

# Create a simple test model
class TestModel(models.Model):
    name = models.CharField(max_length=100)
    
    class Meta:
        app_label = 'test_app'

# Create the table
with connection.schema_editor() as schema_editor:
    schema_editor.create_model(TestModel)

# Now try to add a nullable OneToOneField
class RelatedModel(models.Model):
    value = models.CharField(max_length=100)
    
    class Meta:
        app_label = 'test_app'

with connection.schema_editor() as schema_editor:
    schema_editor.create_model(RelatedModel)

# This should fail with the current code
try:
    with connection.schema_editor() as schema_editor:
        # First add the field to the model
        field = models.OneToOneField(
            RelatedModel,
            null=True,
            blank=True,
            on_delete=models.SET_NULL,
            related_name=""test_related""
        )
        TestModel._meta.add_field(field)
        # Now add the field to the database
        schema_editor.add_field(TestModel, field)
    print(""SUCCESS: Field added without error"")
except Exception as e:
    import traceback
    print(f""ERROR: {type(e).__name__}: {e}"")
    traceback.print_exc()

# Clean up
with connection.schema_editor() as schema_editor:
    schema_editor.delete_model(RelatedModel)
    schema_editor.delete_model(TestModel)
EOF
python /testbed/test_issue.py",echo COMPLETE_TASK_AND_SUBMIT_FINAL_OUTPUT && cat patch.txt,88,0,25.452,32768
django__django-11734,summarization-free,2,False,LimitsExceeded,0,300,4500.12,data/r2/swebench/p30s/qwen35b/di__b15k__su-free/django__django-11734/summarization-free/run_2,8,29,1,11,2,False,81,"grep -rn ""This queryset contains a reference"" /testbed/django/ --include=""*.py""",cat /testbed/tests/queries/models.py,300,0,3129.014,32768
scikit-learn__scikit-learn-13779,summarization-free,1,True,Submitted,0,74,248.53,data/r2/swebench/p30s/qwen35b/di__b15k__su-free/scikit-learn__scikit-learn-13779/summarization-free/run_1,0,6,0,1,0,False,7,"sed -n '79,83p' /testbed/sklearn/ensemble/voting.py",echo COMPLETE_TASK_AND_SUBMIT_FINAL_OUTPUT && cat patch.txt,74,0,10.894,32768
scikit-learn__scikit-learn-13779,summarization-free,3,True,Submitted,0,31,112.35,data/r2/swebench/p30s/qwen35b/di__b15k__su-free/scikit-learn__scikit-learn-13779/summarization-free/run_3,1,0,0,0,0,False,3,"sed -n '75,95p' /testbed/sklearn/ensemble/voting.py",echo COMPLETE_TASK_AND_SUBMIT_FINAL_OUTPUT && cat patch.txt,31,0,0.0,32768
scikit-learn__scikit-learn-13779,summarization-free,2,True,Submitted,0,50,209.25,data/r2/swebench/p30s/qwen35b/di__b15k__su-free/scikit-learn__scikit-learn-13779/summarization-free/run_2,0,4,0,1,0,False,2,cd /testbed && python setup.py build_ext --inplace 2>&1 | tail -20,echo COMPLETE_TASK_AND_SUBMIT_FINAL_OUTPUT && cat patch.txt,50,0,16.371,32768
django__django-15098,summarization-free,1,False,Submitted,0,129,4709.26,data/r2/swebench/p30s/qwen35b/di__b15k__su-free/django__django-15098/summarization-free/run_1,6,11,4,3,1,False,6,"cd /testbed && python -c ""
from django.utils.translation.trans_real import language_code_prefix_re

# Test cases
test_paths = [
    '/en-us/',
    '/en-latn-us/',
    '/en-Latn-US/',
    '/fr/',
    '/zh-hans-cn/',
    '/en/',
    '/en-US/',
    '/en-US',
    '/de-simple-page/',  # Should NOT match
    '/de-at/',
    '/de-ch/',
]

for path in test_paths:
    match = language_code_prefix_re.match(path)
    if match:
        print(f'{path} -> matched: {match.group(1)}')
    else:
        print(f'{path} -> NO MATCH')
""",echo COMPLETE_TASK_AND_SUBMIT_FINAL_OUTPUT && cat patch.txt,129,0,1833.7,32768
django__django-17084,summarization-free,3,True,Submitted,0,274,2954.86,data/r2/swebench/p30s/qwen35b/di__b15k__su-free/django__django-17084/summarization-free/run_3,3,13,1,8,3,False,30,"grep -n ""get_aggregation"" /testbed/django/db/models/query.py",echo COMPLETE_TASK_AND_SUBMIT_FINAL_OUTPUT && cat patch.txt,274,0,1563.002,32768
scikit-learn__scikit-learn-13439,summarization-free,3,True,Submitted,0,39,793.96,data/r2/swebench/p30s/qwen35b/di__b15k__su-free/scikit-learn__scikit-learn-13439/summarization-free/run_3,0,1,0,1,0,False,3,cd /testbed && python setup.py build_ext --inplace,cd /testbed && git diff sklearn/pipeline.py > patch.txt && echo COMPLETE_TASK_AND_SUBMIT_FINAL_OUTPUT && cat patch.txt,39,0,670.953,32768
django__django-15957,summarization-free,1,False,LimitsExceeded,0,300,4460.47,data/r2/swebench/p30s/qwen35b/di__b15k__su-free/django__django-15957/summarization-free/run_1,7,16,4,7,2,False,23,"sed -n '1844,1860p' /testbed/django/db/models/query.py","cat > /testbed/test_prefetch_slice.py << 'EOF'
import os
import sys
import django

# Use Django's test settings
os.environ.setdefault('DJANGO_SETTINGS_MODULE', 'django.conf.global_settings')
sys.path.insert(0, '/testbed')

from django.conf import settings
if not settings.configured:
    settings.configure(
        DEBUG=True,
        DATABASES={
            'default': {
                'ENGINE': 'django.db.backends.sqlite3',
                'NAME': ':memory:',
            }
        },
        INSTALLED_APPS=[
            'django.contrib.contenttypes',
            'django.contrib.auth',
        ],
        DEFAULT_AUTO_FIELD='django.db.models.BigAutoField',
    )

django.setup()

from django.db import models
from django.db.models import Prefetch

# Create test models
class Category(models.Model):
    name = models.CharField(max_length=100)
    
    class Meta:
        app_label = 'test_app'

class Post(models.Model):
    title = models.CharField(max_length=100)
    category = models.ForeignKey(Category, on_delete=models.CASCADE, related_name='posts')
    
    class Meta:
        app_label = 'test_app'

# Create tables
from django.db import connection
with connection.schema_editor() as schema_editor:
    schema_editor.create_model(Category)
    schema_editor.create_model(Post)

# Create test data
cat1 = Category.objects.create(name='Cat1')
cat2 = Category.objects.create(name='Cat2')

for i in range(10):
    Post.objects.create(title=f'Post {i}', category=cat1)
    Post.objects.create(title=f'Post {i}', category=cat2)

# Test prefetch with slice
print(""Testing prefetch with slice..."")
try:
    categories = Category.objects.prefetch_related(
        Prefetch(
            'posts',
            queryset=Post.objects.all()[:3],
            to_attr='example_posts',
        )
    ).all()
    
    for cat in categories:
        print(f""Category: {cat.name}, Example posts: {len(cat.example_posts)}"")
        assert len(cat.example_posts) <= 3, f""Expected at most 3 posts, got {len(cat.example_posts)}""
    
    print(""SUCCESS: Prefetch with slice works!"")
except Exception as e:
    print(f""ERROR: {type(e).__name__}: {e}"")
    import traceback
    traceback.print_exc()

# Clean up
Category.objects.all().delete()
Post.objects.all().delete()
EOF
python /testbed/test_prefetch_slice.py",300,0,1326.873,32768
scikit-learn__scikit-learn-14894,summarization-free,1,True,Submitted,0,69,239.36,data/r2/swebench/p30s/qwen35b/di__b15k__su-free/scikit-learn__scikit-learn-14894/summarization-free/run_1,0,4,0,1,0,False,3,cd /testbed && PYTHONPATH=/testbed python reproduce_issue.py,echo COMPLETE_TASK_AND_SUBMIT_FINAL_OUTPUT && cat patch.txt,69,0,12.069,32768
django__django-11734,summarization-free,3,False,Timeout,-1,198,5400.04,data/r2/swebench/p30s/qwen35b/di__b15k__su-free/django__django-11734/summarization-free/run_3,4,30,4,7,0,False,14,"grep -rn ""ResolvedOuterRef"" django/","cat > /testbed/test_reproduce.py << 'EOF'
import os
import django

os.environ.setdefault('DJANGO_SETTINGS_MODULE', 'tests.settings')
django.setup()

from django.db.models import Exists, OuterRef
from tests.queries.models import Number, Item, Tag, NamedCategory

# Create test data
NamedCategory.objects.all().delete()
Tag.objects.all().delete()
Item.objects.all().delete()
Number.objects.all().delete()

cat1 = NamedCategory.objects.create(name='cat1')
cat2 = NamedCategory.objects.create(name='cat2')
tag1 = Tag.objects.create(name='tag1', category=cat1)
tag2 = Tag.objects.create(name='tag2', category=cat2)
item1 = Item.objects.create(name='item1', created='2021-01-01', modified='2021-01-02', note_id=1)
item1.tags.add(tag1)
item2 = Item.objects.create(name='item2', created='2021-01-01', modified='2021-01-02', note_id=1)
item2.tags.add(tag2)
Number.objects.create(num=1)
Number.objects.create(num=2)

# Test 1: filter() - should work
print(""Test 1: filter()"")
try:
    qs = Number.objects.annotate(
        foo=Exists(
            Item.objects.filter(tags__category_id=OuterRef('pk'))
        )
    ).filter(foo=True)
    print(f""  Success: {list(qs.values('num'))}"")
except Exception as e:
    print(f""  Error: {e}"")

# Test 2: exclude() - should fail with current code
print(""Test 2: exclude()"")
try:
    qs = Number.objects.annotate(
        foo=Exists(
            Item.objects.exclude(tags__category_id=OuterRef('pk'))
        )
    ).filter(foo=True)
    print(f""  Success: {list(qs.values('num'))}"")
except Exception as e:
    print(f""  Error: {e}"")

# Test 3: filter(~Q()) - should fail with current code
print(""Test 3: filter(~Q())"")
try:
    from django.db.models import Q
    qs = Number.objects.annotate(
        foo=Exists(
            Item.objects.filter(~Q(tags__category_id=OuterRef('pk')))
        )
    ).filter(foo=True)
    print(f""  Success: {list(qs.values('num'))}"")
except Exception as e:
    print(f""  Error: {e}"")
EOF
python /testbed/test_reproduce.py",198,0,167.291,32768
django__django-15278,summarization-free,1,False,Timeout,-1,147,5400.04,data/r2/swebench/p30s/qwen35b/di__b15k__su-free/django__django-15278/summarization-free/run_1,2,7,0,3,1,False,9,"grep -n ""resolve_relation"" /testbed/django/db/backends/sqlite3/schema.py","cat > /testbed/test_nullable_onetoone.py << 'EOF'
""""""
Test script to verify that nullable OneToOneField can be added to SQLite.
This reproduces the issue from the PR description.
""""""
import os
import sys
import django

# Create a minimal Django settings
from django.conf import settings
if not settings.configured:
    settings.configure(
        DEBUG=True,
        DATABASES={
            'default': {
                'ENGINE': 'django.db.backends.sqlite3',
                'NAME': ':memory:',
            }
        },
        INSTALLED_APPS=[
            'django.contrib.contenttypes',
            'django.contrib.auth',
        ],
        DEFAULT_AUTO_FIELD='django.db.models.BigAutoField',
    )

django.setup()

from django.db import connection, models
from django.db.models import OneToOneField, CASCADE

# Create a simple test model
class TestModel(models.Model):
    name = models.CharField(max_length=100)
    
    class Meta:
        app_label = 'contenttypes'

# Create another model with nullable OneToOneField
class RelatedModel(models.Model):
    value = models.CharField(max_length=100)
    
    class Meta:
        app_label = 'contenttypes'

class TestModelWithRelation(models.Model):
    name = models.CharField(max_length=100)
    related = OneToOneField(
        RelatedModel, 
        on_delete=CASCADE, 
        null=True, 
        blank=True,
        related_name='test_related'
    )
    
    class Meta:
        app_label = 'contenttypes'

# Create tables
with connection.schema_editor() as schema_editor:
    schema_editor.create_model(TestModel)
    schema_editor.create_model(RelatedModel)
    schema_editor.create_model(TestModelWithRelation)

print(""✓ Tables created successfully"")

# Now try to add a nullable OneToOneField to an existing table
class TestModel2(models.Model):
    name = models.CharField(max_length=100)
    
    class Meta:
        app_label = 'contenttypes'

with connection.schema_editor() as schema_editor:
    schema_editor.create_model(TestModel2)
    print(""✓ TestModel2 created successfully"")

# Add nullable OneToOneField
with connection.schema_editor() as schema_editor:
    schema_editor.add_field(
        TestModel2,
        models.OneToOneField(
            RelatedModel,
            on_delete=CASCADE,
            null=True,
            blank=True,
            related_name='test_model2_related'
        )
    )
    print(""✓ Nullable OneToOneField added successfully"")

# Verify the field exists
with connection.cursor() as cursor:
    cursor.execute(""PRAGMA table_info(contenttypes_testmodel2)"")
    columns = [row[1] for row in cursor.fetchall()]
    print(f""✓ Columns in contenttypes_testmodel2: {columns}"")
    
    if 'related_id' in columns:
        print(""✓ SUCCESS: nullable OneToOneField was added correctly!"")
    else:
        print(""✗ FAILURE: related_id column not found"")

# Clean up
with connection.schema_editor() as schema_editor:
    schema_editor.delete_model(TestModelWithRelation)
    schema_editor.delete_model(TestModel2)
    schema_editor.delete_model(TestModel)
    schema_editor.delete_model(RelatedModel)

print(""\nAll tests passed!"")
EOF
cd /testbed && python test_nullable_onetoone.py",147,0,2867.817,32768
django__django-15098,summarization-free,3,False,Timeout,-1,49,5400.06,data/r2/swebench/p30s/qwen35b/di__b15k__su-free/django__django-15098/summarization-free/run_3,10,11,9,1,1,False,3,"sed -n '40,50p' /testbed/django/utils/translation/trans_real.py","cd /testbed && python -c ""
import re
pattern = r'^/([a-zA-Z]{1,8}(?:-[a-zA-Z0-9]{1,8})*(?:@[a-zA-Z0-9]{1,20})?)(/|$)'
match = re.match(pattern, '/de-simple-page/')
if match:
    print(f'Matched: {match.group(1)}')
else:
    print('No match')
""",49,0,63.716,32768
scikit-learn__scikit-learn-14894,summarization-free,2,True,Submitted,0,35,135.15,data/r2/swebench/p30s/qwen35b/di__b15k__su-free/scikit-learn__scikit-learn-14894/summarization-free/run_2,0,1,0,0,0,False,2,cd /testbed && python reproduce_issue.py,echo COMPLETE_TASK_AND_SUBMIT_FINAL_OUTPUT && cat patch.txt,35,0,0.0,32768
scikit-learn__scikit-learn-14053,summarization-free,1,True,Submitted,0,53,908.25,data/r2/swebench/p30s/qwen35b/di__b15k__su-free/scikit-learn__scikit-learn-14053/summarization-free/run_1,1,2,1,1,0,False,6,"cd /testbed && sed -n '890,940p' sklearn/tree/export.py",echo COMPLETE_TASK_AND_SUBMIT_FINAL_OUTPUT && cat patch.txt,53,0,13.158,32768
django__django-15525,summarization-free,1,False,Timeout,-1,197,5400.03,data/r2/swebench/p30s/qwen35b/di__b15k__su-free/django__django-15525/summarization-free/run_1,6,11,5,7,2,False,4,cat /testbed/tests/multiple_database/models.py,"cat -n /testbed/django/core/serializers/base.py | sed -n '391,420p'",197,0,1643.096,32768
django__django-15525,summarization-free,2,False,Timeout,-1,135,5400.03,data/r2/swebench/p30s/qwen35b/di__b15k__su-free/django__django-15525/summarization-free/run_2,7,4,7,4,1,False,5,cat /testbed/tests/fixtures/fixtures/forward_reference_fk_natural_key.json,"grep -n ""other"" /testbed/tests/fixtures/tests.py | head -30",135,0,202.413,32768
scikit-learn__scikit-learn-25232,summarization-free,1,False,Submitted,0,59,261.15,data/r2/swebench/p30s/qwen35b/di__b15k__su-free/scikit-learn__scikit-learn-25232/summarization-free/run_1,2,9,0,2,0,False,3,"sed -n '610,625p' /testbed/sklearn/impute/_iterative.py",echo COMPLETE_TASK_AND_SUBMIT_FINAL_OUTPUT && cat patch.txt,59,0,24.103,32768
scikit-learn__scikit-learn-12682,summarization-free,1,True,Submitted,0,162,3148.17,data/r2/swebench/p30s/qwen35b/di__b15k__su-free/scikit-learn__scikit-learn-12682/summarization-free/run_1,0,25,0,9,1,False,6,cat /testbed/examples/decomposition/plot_sparse_coding.py,echo COMPLETE_TASK_AND_SUBMIT_FINAL_OUTPUT && cat patch.txt,162,0,2606.319,32768
scikit-learn__scikit-learn-14894,summarization-free,3,True,Submitted,0,56,301.98,data/r2/swebench/p30s/qwen35b/di__b15k__su-free/scikit-learn__scikit-learn-14894/summarization-free/run_3,0,3,0,1,0,False,2,cd /testbed && python reproduce_issue.py,echo COMPLETE_TASK_AND_SUBMIT_FINAL_OUTPUT && cat patch.txt,56,0,14.353,32768
scikit-learn__scikit-learn-14053,summarization-free,3,True,Submitted,0,117,1064.71,data/r2/swebench/p30s/qwen35b/di__b15k__su-free/scikit-learn__scikit-learn-14053/summarization-free/run_3,1,4,1,3,1,False,13,"sed -n '268,285p' /testbed/sklearn/tree/export.py",echo COMPLETE_TASK_AND_SUBMIT_FINAL_OUTPUT && cat patch.txt,117,0,63.922,32768
scikit-learn__scikit-learn-25232,summarization-free,3,True,Submitted,0,82,356.89,data/r2/swebench/p30s/qwen35b/di__b15k__su-free/scikit-learn__scikit-learn-25232/summarization-free/run_3,0,6,0,3,0,False,3,cd /testbed && python setup.py build_ext --inplace 2>&1 | tail -20,echo COMPLETE_TASK_AND_SUBMIT_FINAL_OUTPUT && cat patch.txt,82,0,83.818,32768
scikit-learn__scikit-learn-14087,summarization-free,1,False,Submitted,0,69,1128.58,data/r2/swebench/p30s/qwen35b/di__b15k__su-free/scikit-learn__scikit-learn-14087/summarization-free/run_1,0,2,0,2,0,False,4,cd /testbed && python setup.py build_ext --inplace 2>&1 | tail -20,echo COMPLETE_TASK_AND_SUBMIT_FINAL_OUTPUT && cat patch.txt,69,0,83.715,32768
scikit-learn__scikit-learn-25232,summarization-free,2,False,Submitted,0,79,444.86,data/r2/swebench/p30s/qwen35b/di__b15k__su-free/scikit-learn__scikit-learn-25232/summarization-free/run_2,3,6,0,2,1,True,4,"python -c ""import sklearn; print(sklearn.__version__)""","echo COMPLETE_TASK_AND_SUBMIT_FINAL_OUTPUT && cat /testbed/sklearn/impute/_iterative.py | git diff --no-index /dev/null - 2>/dev/null | grep -E ""^\+.*fill_value"" | head -20",79,0,130.181,32768
sympy__sympy-14531,summarization-free,3,False,Submitted,0,59,171.34,data/r2/swebench/p30s/qwen35b/di__b15k__su-free/sympy__sympy-14531/summarization-free/run_3,0,4,0,1,0,False,7,python /testbed/reproduce_issue.py,cd /testbed && git diff > patch.txt && echo COMPLETE_TASK_AND_SUBMIT_FINAL_OUTPUT && cat patch.txt,59,0,12.057,32768
sympy__sympy-14711,summarization-free,1,True,Submitted,0,55,188.46,data/r2/swebench/p30s/qwen35b/di__b15k__su-free/sympy__sympy-14711/summarization-free/run_1,0,1,0,0,0,False,4,"sed -n '58,65p' /testbed/sympy/physics/vector/vector.py",cd /testbed && git diff sympy/physics/vector/vector.py > patch.txt && echo COMPLETE_TASK_AND_SUBMIT_FINAL_OUTPUT && cat patch.txt,55,0,0.0,32768
scikit-learn__scikit-learn-26194,summarization-free,2,False,Submitted,0,47,492.47,data/r2/swebench/p30s/qwen35b/di__b15k__su-free/scikit-learn__scikit-learn-26194/summarization-free/run_2,0,5,0,1,0,False,3,"cat -n /testbed/sklearn/metrics/_ranking.py | sed -n '1080,1095p'",echo COMPLETE_TASK_AND_SUBMIT_FINAL_OUTPUT && cat patch.txt,47,0,11.54,32768
sympy__sympy-14531,summarization-free,1,False,Submitted,0,118,411.51,data/r2/swebench/p30s/qwen35b/di__b15k__su-free/sympy__sympy-14531/summarization-free/run_1,0,14,0,2,0,False,7,"cd /testbed && python -c ""
from sympy import *
from sympy.printing import sstr

x = Symbol('x')

print('Test AppliedPredicate:')
result = sstr(Exists(x, x > S(1)/2), sympy_integers=True)
print('sstr(Exists(x, x > S(1)/2), sympy_integers=True):', repr(result))
""",echo COMPLETE_TASK_AND_SUBMIT_FINAL_OUTPUT && cat patch.txt,118,0,86.193,32768
sympy__sympy-14248,summarization-free,2,False,Submitted,0,138,497.39,data/r2/swebench/p30s/qwen35b/di__b15k__su-free/sympy__sympy-14248/summarization-free/run_2,3,19,0,3,1,False,14,cd /testbed && python test_matadd.py,cd /testbed && git diff > patch.txt && echo COMPLETE_TASK_AND_SUBMIT_FINAL_OUTPUT && cat patch.txt,138,0,86.491,32768
sympy__sympy-14531,summarization-free,2,True,Submitted,0,137,448.4,data/r2/swebench/p30s/qwen35b/di__b15k__su-free/sympy__sympy-14531/summarization-free/run_2,1,10,0,3,1,False,10,python /testbed/test_issue.py,echo COMPLETE_TASK_AND_SUBMIT_FINAL_OUTPUT && cat patch.txt,137,0,77.614,32768
scikit-learn__scikit-learn-26194,summarization-free,1,False,Submitted,0,37,828.59,data/r2/swebench/p30s/qwen35b/di__b15k__su-free/scikit-learn__scikit-learn-26194/summarization-free/run_1,1,3,0,0,0,False,2,cd /testbed && python reproduce_issue.py,echo COMPLETE_TASK_AND_SUBMIT_FINAL_OUTPUT && cat patch.txt,37,0,0.0,32768
sympy__sympy-14711,summarization-free,3,True,Submitted,0,62,252.23,data/r2/swebench/p30s/qwen35b/di__b15k__su-free/sympy__sympy-14711/summarization-free/run_3,2,12,0,1,0,False,5,python3.10 /testbed/test_fix.py,echo COMPLETE_TASK_AND_SUBMIT_FINAL_OUTPUT && cat patch.txt,62,0,27.665,32768
django__django-15957,summarization-free,3,False,Timeout,-1,143,5400.03,data/r2/swebench/p30s/qwen35b/di__b15k__su-free/django__django-15957/summarization-free/run_3,10,2,7,4,1,False,16,"cat /testbed/django/db/models/fields/related_descriptors.py | sed -n '1058,1070p'","cat /testbed/django/db/models/fields/related_descriptors.py | sed -n '1058,1070p'",143,0,847.036,32768
sympy__sympy-15345,summarization-free,1,True,Submitted,0,55,238.02,data/r2/swebench/p30s/qwen35b/di__b15k__su-free/sympy__sympy-15345/summarization-free/run_1,0,12,0,1,0,False,4,"cd /testbed && python -c ""from sympy import symbols, Max, Min; from sympy.printing.mathematica import mathematica_code; x = symbols('x'); print('Max(x, 2):', repr(mathematica_code(Max(x, 2)))); print('Min(x, 2):', repr(mathematica_code(Min(x, 2))))""",echo COMPLETE_TASK_AND_SUBMIT_FINAL_OUTPUT && cat patch.txt,55,0,16.366,32768
sympy__sympy-15345,summarization-free,3,True,Submitted,0,54,220.36,data/r2/swebench/p30s/qwen35b/di__b15k__su-free/sympy__sympy-15345/summarization-free/run_3,1,7,0,0,0,False,2,"cd /testbed && python -c ""from sympy import symbols, Max; from sympy.printing.mathematica import mathematica_code; x = symbols('x'); print(repr(mathematica_code(Max(x,2))))""",echo COMPLETE_TASK_AND_SUBMIT_FINAL_OUTPUT && cat patch.txt,54,0,0.0,32768
sympy__sympy-15345,summarization-free,2,True,Submitted,0,62,279.27,data/r2/swebench/p30s/qwen35b/di__b15k__su-free/sympy__sympy-15345/summarization-free/run_2,0,5,0,1,0,False,2,cat /testbed/sympy/printing/mathematica.py,cd /testbed && git diff sympy/printing/mathematica.py > patch.txt && echo COMPLETE_TASK_AND_SUBMIT_FINAL_OUTPUT && cat patch.txt,62,0,12.863,32768
django__django-17084,summarization-free,2,True,Submitted,0,219,4952.18,data/r2/swebench/p30s/qwen35b/di__b15k__su-free/django__django-17084/summarization-free/run_2,5,32,2,4,1,False,16,"find /testbed -name ""settings.py"" -type f 2>/dev/null | head -20",echo COMPLETE_TASK_AND_SUBMIT_FINAL_OUTPUT && cat patch.txt,219,0,2422.199,32768
scikit-learn__scikit-learn-26194,summarization-free,3,False,Submitted,0,48,989.14,data/r2/swebench/p30s/qwen35b/di__b15k__su-free/scikit-learn__scikit-learn-26194/summarization-free/run_3,0,1,0,1,1,False,3,cd /testbed && python setup.py build_ext --inplace 2>&1 | tail -20,echo COMPLETE_TASK_AND_SUBMIT_FINAL_OUTPUT && cat patch.txt,48,0,644.433,32768
scikit-learn__scikit-learn-14087,summarization-free,2,False,Submitted,0,37,1991.41,data/r2/swebench/p30s/qwen35b/di__b15k__su-free/scikit-learn__scikit-learn-14087/summarization-free/run_2,3,2,2,1,0,False,3,"sed -n '2170,2180p' /testbed/sklearn/linear_model/logistic.py",echo COMPLETE_TASK_AND_SUBMIT_FINAL_OUTPUT && cat patch.txt,37,0,11.405,32768
sympy__sympy-18211,summarization-free,2,False,Submitted,0,49,194.38,data/r2/swebench/p30s/qwen35b/di__b15k__su-free/sympy__sympy-18211/summarization-free/run_2,1,18,0,1,1,False,4,python /testbed/test_issue.py,echo COMPLETE_TASK_AND_SUBMIT_FINAL_OUTPUT && cat patch.txt,49,0,44.289,32768
sympy__sympy-19954,summarization-free,1,True,Submitted,0,27,104.83,data/r2/swebench/p30s/qwen35b/di__b15k__su-free/sympy__sympy-19954/summarization-free/run_1,1,3,0,0,0,False,3,cd /testbed && python reproduce_issue.py,echo COMPLETE_TASK_AND_SUBMIT_FINAL_OUTPUT && cat patch.txt,27,0,0.0,32768
sympy__sympy-19954,summarization-free,2,True,Submitted,0,21,91.76,data/r2/swebench/p30s/qwen35b/di__b15k__su-free/sympy__sympy-19954/summarization-free/run_2,0,1,0,0,0,False,2,python /testbed/reproduce_issue.py,echo COMPLETE_TASK_AND_SUBMIT_FINAL_OUTPUT && cat patch.txt,21,0,0.0,32768
sympy__sympy-14711,summarization-free,2,True,Submitted,0,83,856.32,data/r2/swebench/p30s/qwen35b/di__b15k__su-free/sympy__sympy-14711/summarization-free/run_2,1,1,1,1,1,False,7,cd /testbed && python reproduce_issue.py,cd /testbed && git diff sympy/physics/vector/vector.py > patch.txt && echo COMPLETE_TASK_AND_SUBMIT_FINAL_OUTPUT && cat patch.txt,83,0,11.966,32768
sympy__sympy-19954,summarization-free,3,True,Submitted,0,28,187.17,data/r2/swebench/p30s/qwen35b/di__b15k__su-free/sympy__sympy-19954/summarization-free/run_3,0,3,0,1,0,False,4,cd /testbed && python reproduce_issue.py,cd /testbed && git diff sympy/combinatorics/perm_groups.py > patch.txt && echo COMPLETE_TASK_AND_SUBMIT_FINAL_OUTPUT && cat patch.txt,28,0,19.045,32768
sympy__sympy-17318,summarization-free,2,False,Submitted,0,38,770.97,data/r2/swebench/p30s/qwen35b/di__b15k__su-free/sympy__sympy-17318/summarization-free/run_2,2,1,1,1,0,False,2,"cat > /testbed/reproduce_issue.py << 'EOF'
from sympy import sqrt, I, S, Mul, Add, Pow
from sympy.simplify.sqrtdenest import sqrtdenest, _sqrt_match

# Let's try to trigger the error directly
# The issue is that split_surds is called with an empty list of surds

# First, let's see what happens when we call split_surds with an empty expression
from sympy.simplify.radsimp import split_surds

# Try with an expression that has no surds
expr = S(3)/2 + S(3)/2*I
print(""Testing expression:"", expr)
print(""Expression args:"", expr.args)
try:
    result = split_surds(expr)
    print(""Result:"", result)
except Exception as e:
    import traceback
    print(""Error:"", type(e).__name__, str(e))
    traceback.print_exc()

# Try with an expression that has surds but they don't match the pattern
expr2 = sqrt(2)*sqrt(4 + 3*I)
print(""\nTesting expression2:"", expr2)
print(""Expression2 args:"", expr2.args if hasattr(expr2, 'args') else ""N/A"")
try:
    result = split_surds(expr2)
    print(""Result:"", result)
except Exception as e:
    import traceback
    print(""Error:"", type(e).__name__, str(e))
    traceback.print_exc()

# Try the exact expression from the issue
print(""\n\nTrying exact expression from issue..."")
expr3 = (3 - sqrt(2)*sqrt(4 + 3*I) + 3*I)/2
print(""Testing expression3:"", expr3)
print(""Expression3 type:"", type(expr3))
print(""Expression3 args:"", expr3.args if hasattr(expr3, 'args') else ""N/A"")
try:
    result = sqrtdenest(expr3)
    print(""Result:"", result)
except Exception as e:
    import traceback
    print(""Error:"", type(e).__name__, str(e))
    traceback.print_exc()
EOF
python /testbed/reproduce_issue.py",echo COMPLETE_TASK_AND_SUBMIT_FINAL_OUTPUT && cat patch.txt,38,0,19.637,32768
sympy__sympy-15875,summarization-free,3,False,Submitted,0,45,872.25,data/r2/swebench/p30s/qwen35b/di__b15k__su-free/sympy__sympy-15875/summarization-free/run_3,1,10,1,1,0,False,2,"cd /testbed && python3 -c ""from sympy import *; e = -2*I + (1 + I)**2; print('e.is_zero:', e.is_zero); print('simplify(e).is_zero:', simplify(e).is_zero)""",echo COMPLETE_TASK_AND_SUBMIT_FINAL_OUTPUT && cat patch.txt,45,0,13.692,32768
sympy__sympy-24213,summarization-free,1,True,Submitted,0,18,70.18,data/r2/swebench/p30s/qwen35b/di__b15k__su-free/sympy__sympy-24213/summarization-free/run_1,1,0,0,0,0,False,3,python /testbed/reproduce_issue.py,echo COMPLETE_TASK_AND_SUBMIT_FINAL_OUTPUT && cat patch.txt,18,0,0.0,32768
sympy__sympy-18211,summarization-free,1,True,Submitted,0,53,777.14,data/r2/swebench/p30s/qwen35b/di__b15k__su-free/sympy__sympy-18211/summarization-free/run_1,1,17,0,1,1,False,4,python /testbed/test_issue.py,echo COMPLETE_TASK_AND_SUBMIT_FINAL_OUTPUT && cat patch.txt,53,0,618.098,32768
sympy__sympy-15875,summarization-free,1,False,Submitted,0,55,1050.81,data/r2/swebench/p30s/qwen35b/di__b15k__su-free/sympy__sympy-15875/summarization-free/run_1,3,4,1,1,0,False,4,"cd /testbed && python3 -c ""from sympy import *; e = -2*I + (1 + I)**2; print('e:', e); print('e.args:', e.args); a = e.args[0]; print('a:', a); print('a.is_real:', a.is_real); print('a.is_imaginary:', a.is_imaginary); print('a.is_zero:', a.is_zero); print('a.is_zero is False:', a.is_zero is False)""",echo COMPLETE_TASK_AND_SUBMIT_FINAL_OUTPUT && cat patch.txt,55,0,12.34,32768
sympy__sympy-24213,summarization-free,2,True,Submitted,0,32,110.05,data/r2/swebench/p30s/qwen35b/di__b15k__su-free/sympy__sympy-24213/summarization-free/run_2,0,6,0,0,0,False,2,python /testbed/reproduce_issue.py,echo COMPLETE_TASK_AND_SUBMIT_FINAL_OUTPUT && cat patch.txt,32,0,0.0,32768
sympy__sympy-17318,summarization-free,3,False,Submitted,0,39,856.82,data/r2/swebench/p30s/qwen35b/di__b15k__su-free/sympy__sympy-17318/summarization-free/run_3,1,5,1,1,0,False,3,cd /testbed && python -m pytest sympy/simplify/tests/test_sqrtdenest.py -v,cd /testbed && git diff > patch.txt && echo COMPLETE_TASK_AND_SUBMIT_FINAL_OUTPUT && cat patch.txt,39,0,11.116,32768
sympy__sympy-24213,summarization-free,3,True,Submitted,0,35,105.81,data/r2/swebench/p30s/qwen35b/di__b15k__su-free/sympy__sympy-24213/summarization-free/run_3,1,3,0,0,0,False,2,python /testbed/reproduce_issue.py,echo COMPLETE_TASK_AND_SUBMIT_FINAL_OUTPUT && cat patch.txt,35,0,0.0,32768
scikit-learn__scikit-learn-13439,summarization-free,2,False,Submitted,0,102,3490.79,data/r2/swebench/p30s/qwen35b/di__b15k__su-free/scikit-learn__scikit-learn-13439/summarization-free/run_2,0,1,0,2,1,True,4,cd /testbed && git diff sklearn/pipeline.py,"echo COMPLETE_TASK_AND_SUBMIT_FINAL_OUTPUT && cat /testbed/sklearn/pipeline.py | grep -A 12 ""def __len__""",102,0,2908.32,32768
sympy__sympy-18211,summarization-free,3,False,Submitted,0,113,992.06,data/r2/swebench/p30s/qwen35b/di__b15k__su-free/sympy__sympy-18211/summarization-free/run_3,2,13,1,2,0,False,11,"sed -n '938,943p' /testbed/sympy/solvers/inequalities.py",echo COMPLETE_TASK_AND_SUBMIT_FINAL_OUTPUT && cat patch.txt,113,0,91.624,32768
sympy__sympy-20438,summarization-free,1,False,Submitted,0,103,943.21,data/r2/swebench/p30s/qwen35b/di__b15k__su-free/sympy__sympy-20438/summarization-free/run_1,2,10,1,2,1,False,7,"grep -n ""def equals"" /testbed/sympy/sets/sets.py",echo COMPLETE_TASK_AND_SUBMIT_FINAL_OUTPUT && cat patch.txt,103,0,72.821,32768
sympy__sympy-20438,summarization-free,3,False,Submitted,0,54,926.89,data/r2/swebench/p30s/qwen35b/di__b15k__su-free/sympy__sympy-20438/summarization-free/run_3,2,22,1,1,0,False,4,"grep -n ""ProductSet"" /testbed/sympy/sets/tests/test_sets.py | head -20",echo COMPLETE_TASK_AND_SUBMIT_FINAL_OUTPUT && cat patch.txt,54,0,18.397,32768
sympy__sympy-17318,summarization-free,1,False,Submitted,0,60,1880.28,data/r2/swebench/p30s/qwen35b/di__b15k__su-free/sympy__sympy-17318/summarization-free/run_1,0,4,0,2,1,False,2,"cat -n /testbed/sympy/simplify/radsimp.py | sed -n '1062,1101p'",echo COMPLETE_TASK_AND_SUBMIT_FINAL_OUTPUT && cat patch.txt,60,0,1599.548,32768
scikit-learn__scikit-learn-14053,summarization-free,2,False,Submitted,0,268,3784.94,data/r2/swebench/p30s/qwen35b/di__b15k__su-free/scikit-learn__scikit-learn-14053/summarization-free/run_2,3,12,2,7,0,True,5,ls -la /testbed/,echo COMPLETE_TASK_AND_SUBMIT_FINAL_OUTPUT && cat patch.txt,268,0,1808.953,32768
sympy__sympy-14248,summarization-free,3,False,Submitted,0,129,3517.21,data/r2/swebench/p30s/qwen35b/di__b15k__su-free/sympy__sympy-14248/summarization-free/run_3,5,16,4,3,1,False,6,cd /testbed && python reproduce_issue.py,echo COMPLETE_TASK_AND_SUBMIT_FINAL_OUTPUT && cat patch.txt,129,0,1056.701,32768
sympy__sympy-20438,summarization-free,2,False,Submitted,0,134,2885.06,data/r2/swebench/p30s/qwen35b/di__b15k__su-free/sympy__sympy-20438/summarization-free/run_2,2,28,2,3,1,False,26,"cd /testbed && find . -name ""*.py"" -path ""*/tests/*"" -exec grep -l ""issubset"" {} \;",echo COMPLETE_TASK_AND_SUBMIT_FINAL_OUTPUT && cat patch.txt,134,0,1710.11,32768
scikit-learn__scikit-learn-14087,summarization-free,3,False,Timeout,-1,41,5400.04,data/r2/swebench/p30s/qwen35b/di__b15k__su-free/scikit-learn__scikit-learn-14087/summarization-free/run_3,9,0,9,1,0,False,2,cd /testbed && python setup.py build_ext --inplace,cd /testbed && python setup.py build_ext --inplace 2>&1 | tail -20,41,0,15.647,32768
sympy__sympy-15875,summarization-free,2,False,Submitted,0,106,3999.3,data/r2/swebench/p30s/qwen35b/di__b15k__su-free/sympy__sympy-15875/summarization-free/run_2,5,4,4,3,2,False,5,"sed -n '532,570p' /testbed/sympy/core/add.py",echo COMPLETE_TASK_AND_SUBMIT_FINAL_OUTPUT && cat patch.txt,106,0,1641.689,32768
sympy__sympy-14248,summarization-free,1,False,Timeout,-1,205,5400.03,data/r2/swebench/p30s/qwen35b/di__b15k__su-free/sympy__sympy-14248/summarization-free/run_1,9,22,8,5,3,False,8,"grep -n ""MutableSet\|MutableMapping"" /testbed/sympy/core/compatibility.py","cd /testbed && cat > /tmp/fix_pretty7.py << 'EOF'
import sys

# Read the file
with open('sympy/printing/pretty/pretty.py', 'r') as f:
    content = f.read()

# Find and replace the _print_MatAdd method
old_method = '''    def _print_MatAdd(self, expr):
        from sympy.core.numbers import NegativeOne
        from sympy.matrices.expressions import MatMul
        args = list(expr.args)
        signs = []
        for i, arg in enumerate(args):
            if isinstance(arg, MatMul) and arg.args and arg.args[0] == NegativeOne:
                signs.append('-')
                args[i] = Mul(*arg.args[1:], evaluate=False)
            else:
                signs.append('+')
        # Remove leading + if present
        if signs and signs[0] == '+':
            signs = signs[1:]
            args = args[1:]
        
        # Build the pretty form with signs, similar to _print_Add
        pforms = []
        for i, arg in enumerate(args):
            pform = self._print(arg)
            if signs[i] == '-':
                # Prepend a minus sign to the pretty form
                if i == 0:
                    # First term: just prepend minus
                    if pform.height() > 1:
                        pform_neg = '- '
                    else:
                        pform_neg = '-'
                else:
                    # Subsequent terms: prepend "" - ""
                    pform_neg = ' - '
                
                # Add parentheses if needed
                if pform.binding > prettyForm.NEG or pform.binding == prettyForm.ADD:
                    p = stringPict(*pform.parens())
                else:
                    p = pform
                p = stringPict.next(pform_neg, p)
                pform = prettyForm(binding=prettyForm.NEG, *p)
            pforms.append(pform)
        
        if not pforms:
            return prettyForm('0')
        
        # Join all pforms with appropriate signs
        result = pforms[0]
        for i, pform in enumerate(pforms[1:]):
            sign = '+' if signs[i+1] == '+' else ' - '
            result = prettyForm(*stringPict.next(result, sign, pform))
        return result'''

new_method = '''    def _print_MatAdd(self, expr):
        from sympy.core.numbers import NegativeOne
        from sympy.matrices.expressions import MatMul
        args = list(expr.args)
        signs = []
        for i, arg in enumerate(args):
            if isinstance(arg, MatMul) and arg.args and arg.args[0] == NegativeOne:
                signs.append('-')
                args[i] = Mul(*arg.args[1:], evaluate=False)
            else:
                signs.append('+')
        # Remove leading + if present
        if signs and signs[0] == '+':
            signs = signs[1:]
            args = args[1:]
        
        # Build the pretty form with signs, similar to _print_Add
        pforms = []
        for i, arg in enumerate(args):
            pform = self._print(arg)
            pforms.append(pform)
        
        if not pforms:
            return prettyForm('0')
        
        # Join all pforms with appropriate signs
        result = pforms[0]
        for i, pform in enumerate(pforms[1:]):
            sign = '+' if signs[i+1] == '+' else ' - '
            result = prettyForm(*stringPict.next(result, sign, pform))
        return result'''

if old_method in content:
    content = content.replace(old_method, new_method)
    with open('sympy/printing/pretty/pretty.py', 'w') as f:
        f.write(content)
    print(""Successfully updated _print_MatAdd in pretty.py"")
else:
    print(""Could not find the old method in pretty.py"")
    sys.exit(1)
EOF
python /tmp/fix_pretty7.py",205,0,1406.714,32768
django__django-12304,tool-result-clear,2,False,Submitted,0,21,109.72,data/r2/swebench/p30s/qwen35b/di__b15k__trc/django__django-12304/tool-result-clear/run_2,1,3,0,0,0,False,4,cat /testbed/django/db/models/enums.py,echo COMPLETE_TASK_AND_SUBMIT_FINAL_OUTPUT && cat patch.txt,21,0,0.0,32768
django__django-12276,tool-result-clear,1,False,Submitted,0,60,160.54,data/r2/swebench/p30s/qwen35b/di__b15k__trc/django__django-12276/tool-result-clear/run_1,0,7,0,1,0,False,5,cd /testbed && python test_file_input.py,echo COMPLETE_TASK_AND_SUBMIT_FINAL_OUTPUT && cat patch.txt,60,0,0.0,32768
django__django-12304,tool-result-clear,1,False,Submitted,0,42,173.21,data/r2/swebench/p30s/qwen35b/di__b15k__trc/django__django-12304/tool-result-clear/run_1,0,1,0,1,0,False,3,cat /testbed/django/db/models/enums.py,echo COMPLETE_TASK_AND_SUBMIT_FINAL_OUTPUT && cat patch.txt,42,0,0.0,32768
django__django-15098,tool-result-clear,1,False,Submitted,0,62,171.37,data/r2/swebench/p30s/qwen35b/di__b15k__trc/django__django-15098/tool-result-clear/run_1,1,7,0,1,0,False,2,cat /testbed/django/conf/urls/i18n.py,echo COMPLETE_TASK_AND_SUBMIT_FINAL_OUTPUT && cat patch.txt,62,0,0.0,32768
django__django-12304,tool-result-clear,3,False,Submitted,0,39,177.89,data/r2/swebench/p30s/qwen35b/di__b15k__trc/django__django-12304/tool-result-clear/run_3,0,2,0,1,0,False,3,cat /testbed/django/db/models/enums.py,echo COMPLETE_TASK_AND_SUBMIT_FINAL_OUTPUT && cat patch.txt,39,0,0.0,32768
django__django-12276,tool-result-clear,3,True,Submitted,0,47,180.0,data/r2/swebench/p30s/qwen35b/di__b15k__trc/django__django-12276/tool-result-clear/run_3,1,5,0,0,0,False,4,python /testbed/test_file_input.py,echo COMPLETE_TASK_AND_SUBMIT_FINAL_OUTPUT && cat patch.txt,47,0,0.0,32768
django__django-12276,tool-result-clear,2,True,Submitted,0,48,197.4,data/r2/swebench/p30s/qwen35b/di__b15k__trc/django__django-12276/tool-result-clear/run_2,1,9,0,1,0,False,2,"grep -n ""use_required_attribute"" /testbed/django/forms/widgets.py",cd /testbed && git diff django/forms/widgets.py > patch.txt && echo COMPLETE_TASK_AND_SUBMIT_FINAL_OUTPUT && cat patch.txt,48,0,0.0,32768
django__django-15368,tool-result-clear,2,True,Submitted,0,68,157.25,data/r2/swebench/p30s/qwen35b/di__b15k__trc/django__django-15368/tool-result-clear/run_2,1,4,0,1,0,False,1,"find /testbed -type f -name ""query.py"" | head -20",echo COMPLETE_TASK_AND_SUBMIT_FINAL_OUTPUT && cat patch.txt,68,0,0.0,32768
django__django-15278,tool-result-clear,1,True,Submitted,0,96,327.47,data/r2/swebench/p30s/qwen35b/di__b15k__trc/django__django-15278/tool-result-clear/run_1,1,1,0,3,0,False,8,"grep -rn ""add_field"" /testbed/tests/backends/ 2>/dev/null | head -20",echo COMPLETE_TASK_AND_SUBMIT_FINAL_OUTPUT && cat patch.txt,96,0,0.0,32768
django__django-15278,tool-result-clear,3,True,Submitted,0,77,329.58,data/r2/swebench/p30s/qwen35b/di__b15k__trc/django__django-15278/tool-result-clear/run_3,2,4,0,3,0,False,3,"sed -n '325,335p' /testbed/django/db/backends/sqlite3/schema.py",echo COMPLETE_TASK_AND_SUBMIT_FINAL_OUTPUT && cat patch.txt,77,0,0.0,32768
django__django-15741,tool-result-clear,1,True,Submitted,0,58,155.68,data/r2/swebench/p30s/qwen35b/di__b15k__trc/django__django-15741/tool-result-clear/run_1,1,1,0,1,0,False,5,cd /testbed && python reproduce_issue.py,cd /testbed && git diff django/utils/formats.py > patch.txt && echo COMPLETE_TASK_AND_SUBMIT_FINAL_OUTPUT && cat patch.txt,58,0,0.0,32768
django__django-15368,tool-result-clear,3,True,Submitted,0,85,246.8,data/r2/swebench/p30s/qwen35b/di__b15k__trc/django__django-15368/tool-result-clear/run_3,2,27,0,2,0,False,3,"find /testbed -name ""settings.py"" -type f 2>/dev/null | head -20",echo COMPLETE_TASK_AND_SUBMIT_FINAL_OUTPUT && cat patch.txt,85,0,0.0,32768
django__django-15278,tool-result-clear,2,True,Submitted,0,110,465.87,data/r2/swebench/p30s/qwen35b/di__b15k__trc/django__django-15278/tool-result-clear/run_2,8,20,0,8,0,False,5,"sed -n '325,335p' /testbed/django/db/backends/sqlite3/schema.py",echo COMPLETE_TASK_AND_SUBMIT_FINAL_OUTPUT && cat /testbed/patch.txt,110,0,0.0,32768
django__django-15098,tool-result-clear,2,False,Submitted,0,258,859.3,data/r2/swebench/p30s/qwen35b/di__b15k__trc/django__django-15098/tool-result-clear/run_2,1,1,0,120,0,False,17,cd /testbed && python tests/runtests.py i18n.tests --parallel=1 2>&1 | tail -30,echo COMPLETE_TASK_AND_SUBMIT_FINAL_OUTPUT && cat patch.txt,258,0,0.0,32768
django__django-15741,tool-result-clear,2,True,Submitted,0,90,848.78,data/r2/swebench/p30s/qwen35b/di__b15k__trc/django__django-15741/tool-result-clear/run_2,2,14,0,1,0,False,10,"find /testbed -name ""settings.py"" -type f 2>/dev/null | head -20",echo COMPLETE_TASK_AND_SUBMIT_FINAL_OUTPUT && cat patch.txt,90,0,0.0,32768
django__django-15525,tool-result-clear,1,True,Submitted,0,65,875.23,data/r2/swebench/p30s/qwen35b/di__b15k__trc/django__django-15525/tool-result-clear/run_1,3,14,0,2,0,False,4,python /testbed/test_reproduce.py,echo COMPLETE_TASK_AND_SUBMIT_FINAL_OUTPUT && cat patch.txt,65,0,0.0,32768
django__django-15741,tool-result-clear,3,True,Submitted,0,85,805.56,data/r2/swebench/p30s/qwen35b/di__b15k__trc/django__django-15741/tool-result-clear/run_3,0,4,0,2,0,False,4,"sed -n '100,120p' /testbed/django/utils/formats.py",echo COMPLETE_TASK_AND_SUBMIT_FINAL_OUTPUT && cat patch.txt,85,0,0.0,32768
django__django-15368,tool-result-clear,1,True,Submitted,0,111,1447.1,data/r2/swebench/p30s/qwen35b/di__b15k__trc/django__django-15368/tool-result-clear/run_1,2,37,1,2,0,False,4,"cat -n /testbed/django/db/models/query.py | sed -n '665,685p'",echo COMPLETE_TASK_AND_SUBMIT_FINAL_OUTPUT && cat patch.txt,111,0,0.0,32768
scikit-learn__scikit-learn-11578,tool-result-clear,2,True,Submitted,0,68,842.67,data/r2/swebench/p30s/qwen35b/di__b15k__trc/scikit-learn__scikit-learn-11578/tool-result-clear/run_2,3,12,1,4,0,False,5,"cat -n /testbed/sklearn/linear_model/logistic.py | sed -n '773,785p'",echo COMPLETE_TASK_AND_SUBMIT_FINAL_OUTPUT && cat patch.txt,68,0,0.0,32768
scikit-learn__scikit-learn-11578,tool-result-clear,1,True,Submitted,0,72,881.0,data/r2/swebench/p30s/qwen35b/di__b15k__trc/scikit-learn__scikit-learn-11578/tool-result-clear/run_1,2,7,1,4,0,False,3,cd /tmp && python test_fix.py,echo COMPLETE_TASK_AND_SUBMIT_FINAL_OUTPUT && cat patch.txt,72,0,0.0,32768
scikit-learn__scikit-learn-12682,tool-result-clear,2,True,Submitted,0,67,327.04,data/r2/swebench/p30s/qwen35b/di__b15k__trc/scikit-learn__scikit-learn-12682/tool-result-clear/run_2,0,18,0,3,0,False,3,cd /testbed && python setup.py build_ext --inplace 2>&1 | tail -20,echo COMPLETE_TASK_AND_SUBMIT_FINAL_OUTPUT && cat patch.txt,67,0,0.0,32768
scikit-learn__scikit-learn-12682,tool-result-clear,3,False,Submitted,0,54,302.14,data/r2/swebench/p30s/qwen35b/di__b15k__trc/scikit-learn__scikit-learn-12682/tool-result-clear/run_3,2,1,0,4,0,False,4,cd /testbed && git diff sklearn/decomposition/dict_learning.py > patch.txt && cat patch.txt,echo COMPLETE_TASK_AND_SUBMIT_FINAL_OUTPUT && cat patch.txt,54,0,0.0,32768
scikit-learn__scikit-learn-13135,tool-result-clear,2,True,Submitted,0,42,177.99,data/r2/swebench/p30s/qwen35b/di__b15k__trc/scikit-learn__scikit-learn-13135/tool-result-clear/run_2,0,2,0,1,0,False,3,cd /testbed && python reproduce_issue.py,echo COMPLETE_TASK_AND_SUBMIT_FINAL_OUTPUT && cat patch.txt,42,0,0.0,32768
scikit-learn__scikit-learn-12682,tool-result-clear,1,True,Submitted,0,90,965.32,data/r2/swebench/p30s/qwen35b/di__b15k__trc/scikit-learn__scikit-learn-12682/tool-result-clear/run_1,1,35,0,6,0,False,3,"sed -n '864,880p' /testbed/sklearn/decomposition/dict_learning.py",echo COMPLETE_TASK_AND_SUBMIT_FINAL_OUTPUT && cat patch.txt,90,0,0.0,32768
scikit-learn__scikit-learn-13135,tool-result-clear,1,True,Submitted,0,43,194.9,data/r2/swebench/p30s/qwen35b/di__b15k__trc/scikit-learn__scikit-learn-13135/tool-result-clear/run_1,0,4,0,1,0,False,2,cd /testbed && python reproduce_issue.py,echo COMPLETE_TASK_AND_SUBMIT_FINAL_OUTPUT && cat patch.txt,43,0,0.0,32768
scikit-learn__scikit-learn-13439,tool-result-clear,1,True,Submitted,0,36,136.01,data/r2/swebench/p30s/qwen35b/di__b15k__trc/scikit-learn__scikit-learn-13439/tool-result-clear/run_1,1,3,0,0,0,False,4,cat /testbed/patch.txt,echo COMPLETE_TASK_AND_SUBMIT_FINAL_OUTPUT && cat /testbed/patch.txt,36,0,0.0,32768
scikit-learn__scikit-learn-13135,tool-result-clear,3,True,Submitted,0,33,154.14,data/r2/swebench/p30s/qwen35b/di__b15k__trc/scikit-learn__scikit-learn-13135/tool-result-clear/run_3,1,1,0,0,0,False,3,"sed -n '165,180p' /testbed/sklearn/preprocessing/_discretization.py",echo COMPLETE_TASK_AND_SUBMIT_FINAL_OUTPUT && cat patch.txt,33,0,0.0,32768
scikit-learn__scikit-learn-13439,tool-result-clear,2,True,Submitted,0,53,206.24,data/r2/swebench/p30s/qwen35b/di__b15k__trc/scikit-learn__scikit-learn-13439/tool-result-clear/run_2,1,3,0,1,0,False,2,cd /testbed && python setup.py build_ext --inplace 2>&1 | tail -20,echo COMPLETE_TASK_AND_SUBMIT_FINAL_OUTPUT && cat patch.txt,53,0,0.0,32768
scikit-learn__scikit-learn-13439,tool-result-clear,3,True,Submitted,0,90,341.48,data/r2/swebench/p30s/qwen35b/di__b15k__trc/scikit-learn__scikit-learn-13439/tool-result-clear/run_3,1,8,0,1,0,False,22,"sed -n '675,1100p' /testbed/sklearn/pipeline.py | grep -n ""def __getitem__""",cd /testbed && git diff sklearn/pipeline.py > patch.txt && echo COMPLETE_TASK_AND_SUBMIT_FINAL_OUTPUT && cat patch.txt,90,0,0.0,32768
scikit-learn__scikit-learn-13779,tool-result-clear,2,True,Submitted,0,57,325.49,data/r2/swebench/p30s/qwen35b/di__b15k__trc/scikit-learn__scikit-learn-13779/tool-result-clear/run_2,0,9,0,1,0,False,2,cd /tmp && python /testbed/reproduce_issue.py,echo COMPLETE_TASK_AND_SUBMIT_FINAL_OUTPUT && cat patch.txt,57,0,0.0,32768
scikit-learn__scikit-learn-13779,tool-result-clear,3,True,Submitted,0,42,249.66,data/r2/swebench/p30s/qwen35b/di__b15k__trc/scikit-learn__scikit-learn-13779/tool-result-clear/run_3,0,1,0,1,0,False,2,cd /tmp && python /testbed/reproduce_issue.py,echo COMPLETE_TASK_AND_SUBMIT_FINAL_OUTPUT && cat patch.txt,42,0,0.0,32768
scikit-learn__scikit-learn-13779,tool-result-clear,1,True,Submitted,0,47,808.14,data/r2/swebench/p30s/qwen35b/di__b15k__trc/scikit-learn__scikit-learn-13779/tool-result-clear/run_1,1,6,1,1,0,False,3,"sed -n '79,83p' /testbed/sklearn/ensemble/voting.py",echo COMPLETE_TASK_AND_SUBMIT_FINAL_OUTPUT && cat patch.txt,47,0,0.0,32768
scikit-learn__scikit-learn-14053,tool-result-clear,3,False,Submitted,0,52,950.49,data/r2/swebench/p30s/qwen35b/di__b15k__trc/scikit-learn__scikit-learn-14053/tool-result-clear/run_3,3,0,1,3,0,False,5,"sed -n '890,945p' /testbed/sklearn/tree/export.py",echo COMPLETE_TASK_AND_SUBMIT_FINAL_OUTPUT && cat patch.txt,52,0,0.0,32768
scikit-learn__scikit-learn-14053,tool-result-clear,2,True,Submitted,0,64,1481.7,data/r2/swebench/p30s/qwen35b/di__b15k__trc/scikit-learn__scikit-learn-14053/tool-result-clear/run_2,2,4,0,2,0,False,3,cd /testbed && python reproduce_issue.py,echo COMPLETE_TASK_AND_SUBMIT_FINAL_OUTPUT && cat patch.txt,64,0,0.0,32768
django__django-11734,tool-result-clear,2,False,Timeout,-1,53,5400.05,data/r2/swebench/p30s/qwen35b/di__b15k__trc/django__django-11734/tool-result-clear/run_2,5,18,4,2,0,False,4,"sed -n '1685,1750p' /testbed/django/db/models/sql/query.py","grep -A 10 ""class OuterRef"" /testbed/django/db/models/expressions.py",53,0,0.0,32768
django__django-11734,tool-result-clear,1,False,Timeout,-1,90,5400.06,data/r2/swebench/p30s/qwen35b/di__b15k__trc/django__django-11734/tool-result-clear/run_1,5,33,4,9,0,False,7,"sed -n '1328,1335p' django/db/models/sql/query.py","sed -n '1685,1750p' /testbed/django/db/models/sql/query.py",90,0,0.0,32768
django__django-11734,tool-result-clear,3,False,Timeout,-1,240,5400.06,data/r2/swebench/p30s/qwen35b/di__b15k__trc/django__django-11734/tool-result-clear/run_3,8,92,6,103,0,False,21,"sed -n '1331,1450p' /testbed/django/db/models/sql/query.py","grep -r ""DATABASES"" /testbed/django/test/*.py 2>/dev/null | head -10",240,0,0.0,32768
django__django-15098,tool-result-clear,3,False,Timeout,-1,65,5400.05,data/r2/swebench/p30s/qwen35b/di__b15k__trc/django__django-15098/tool-result-clear/run_3,10,23,5,9,0,False,4,"cd /testbed && python -c ""
import os
import sys
sys.path.insert(0, '/testbed')
os.environ.setdefault('DJANGO_SETTINGS_MODULE', 'test_settings')

import types
settings = types.ModuleType('test_settings')
settings.USE_I18N = True
settings.LANGUAGE_CODE = 'en-us'
settings.LANGUAGES = [
    ('en-us', 'English'),
    ('en-latn-us', 'Latin English'),
    ('en-Latn-US', 'BCP 47 case format'),
]
settings.MIDDLEWARE = [
    'django.middleware.locale.LocaleMiddleware',
    'django.middleware.common.CommonMiddleware',
]
settings.ROOT_URLCONF = 'test_urls'
settings.DATABASES = {'default': {'ENGINE': 'django.db.backends.sqlite3', 'NAME': ':memory:'}}
settings.SECRET_KEY = 'test-secret-key'
sys.modules['test_settings'] = settings

import django
django.setup()

from django.utils.translation.trans_real import get_language_from_path

test_paths = [
    '/en-us/',
    '/en-latn-us/',
    '/en-Latn-US/',
    '/EN-US/',
    '/EN-LATN-US/',
    '/En-Latn-US/',
]

for path in test_paths:
    lang = get_language_from_path(path)
    print(f\""get_language_from_path('{path}'): {lang}\"")
""","cat > /tmp/fix_locale.py << 'EOF'
import re

# Read the file
with open('/testbed/django/urls/resolvers.py', 'r') as f:
    content = f.read()

# Find and replace the LocalePrefixPattern class
old_class = '''class LocalePrefixPattern:
    def __init__(self, prefix_default_language=True):
        self.prefix_default_language = prefix_default_language
        self.converters = {}

    @property
    def regex(self):
        # This is only used by reverse() and cached in _reverse_dict.
        return re.compile(re.escape(self.language_prefix), re.IGNORECASE)

    @property
    def language_prefix(self):
        language_code = get_language() or settings.LANGUAGE_CODE
        if language_code == settings.LANGUAGE_CODE and not self.prefix_default_language:
            return ''
        else:
            return '%s/' % language_code

    def match(self, path):
        language_prefix = self.language_prefix
        if language_prefix:
            match = self.regex.match(path)
            if match:
                return path[len(language_prefix):], (), {}
        return None

    def check(self):
        return []

    def describe(self):
        return ""'{}'"".format(self)

    def __str__(self):
        return self.language_prefix'''

new_class = '''class LocalePrefixPattern:
    def __init__(self, prefix_default_language=True):
        self.prefix_default_language = prefix_default_language
        self.converters = {}

    @property
    def regex(self):
        # This is only used by reverse() and cached in _reverse_dict.
        return re.compile(self.language_prefix_regex, re.IGNORECASE)

    @property
    def language_prefix_regex(self):
        language_code = get_language() or settings.LANGUAGE_CODE
        if language_code == settings.LANGUAGE_CODE and not self.prefix_default_language:
            return ''
        else:
            return '%s/' % language_code

    def match(self, path):
        language_prefix = self.language_prefix_regex
        if language_prefix:
            match = self.regex.match(path)
            if match:
                return path[len(language_prefix):], (), {}
        return None

    def check(self):
        return []

    def describe(self):
        return ""'{}'"".format(self)

    def __str__(self):
        return self.language_prefix_regex'''

if old_class in content:
    content = content.replace(old_class, new_class)
    with open('/testbed/django/urls/resolvers.py', 'w') as f:
        f.write(content)
    print(""Successfully updated LocalePrefixPattern class"")
else:
    print(""Could not find the expected class definition"")
EOF
python /tmp/fix_locale.py",65,0,0.0,32768
scikit-learn__scikit-learn-14894,tool-result-clear,3,True,Submitted,0,35,155.45,data/r2/swebench/p30s/qwen35b/di__b15k__trc/scikit-learn__scikit-learn-14894/tool-result-clear/run_3,0,2,0,0,0,False,2,cd /testbed && python reproduce_issue.py,echo COMPLETE_TASK_AND_SUBMIT_FINAL_OUTPUT && cat patch.txt,35,0,0.0,32768
django__django-15525,tool-result-clear,2,False,Timeout,-1,31,5400.03,data/r2/swebench/p30s/qwen35b/di__b15k__trc/django__django-15525/tool-result-clear/run_2,4,0,4,0,0,False,6,"cat /testbed/django/core/serializers/base.py | sed -n '325,347p'","cat /testbed/django/core/serializers/base.py | sed -n '325,347p'",31,0,0.0,32768
django__django-15525,tool-result-clear,3,False,Timeout,-1,151,5400.03,data/r2/swebench/p30s/qwen35b/di__b15k__trc/django__django-15525/tool-result-clear/run_3,6,9,4,69,0,False,17,"cat /testbed/django/core/serializers/base.py | sed -n '325,355p'","find /testbed -name ""*.py"" | xargs grep -l ""def db_for_read"" 2>/dev/null | head -5",151,0,0.0,32768
scikit-learn__scikit-learn-14894,tool-result-clear,2,True,Submitted,0,63,310.94,data/r2/swebench/p30s/qwen35b/di__b15k__trc/scikit-learn__scikit-learn-14894/tool-result-clear/run_2,0,7,0,2,0,False,5,"cd /tmp && python -c ""import sklearn; print(sklearn.__file__)""",cd /testbed && git diff sklearn/svm/base.py > patch.txt && echo COMPLETE_TASK_AND_SUBMIT_FINAL_OUTPUT && cat patch.txt,63,0,0.0,32768
django__django-15957,tool-result-clear,1,False,Timeout,-1,51,5400.04,data/r2/swebench/p30s/qwen35b/di__b15k__trc/django__django-15957/tool-result-clear/run_1,6,9,5,1,0,False,4,"sed -n '710,735p' /testbed/django/db/models/fields/related_descriptors.py","sed -n '710,735p' /testbed/django/db/models/fields/related_descriptors.py",51,0,0.0,32768
django__django-15957,tool-result-clear,2,False,Timeout,-1,64,5400.04,data/r2/swebench/p30s/qwen35b/di__b15k__trc/django__django-15957/tool-result-clear/run_2,4,11,4,1,0,False,3,python /testbed/test_prefetch_slice.py,"sed -n '319,365p' /testbed/django/db/models/sql/query.py",64,0,0.0,32768
scikit-learn__scikit-learn-25232,tool-result-clear,1,False,Submitted,0,46,187.98,data/r2/swebench/p30s/qwen35b/di__b15k__trc/scikit-learn__scikit-learn-25232/tool-result-clear/run_1,1,8,0,1,0,False,2,"sed -n '610,630p' /testbed/sklearn/impute/_iterative.py",echo COMPLETE_TASK_AND_SUBMIT_FINAL_OUTPUT && cat patch.txt,46,0,0.0,32768
django__django-17084,tool-result-clear,1,False,Timeout,-1,146,5400.03,data/r2/swebench/p30s/qwen35b/di__b15k__trc/django__django-17084/tool-result-clear/run_1,10,30,6,41,0,False,3,"cd /testbed && grep -n ""aggregate"" tests/expressions_window/tests.py | head -20","cd /testbed && grep -n ""annotation_select"" django/db/models/sql/query.py | head -30",146,0,0.0,32768
scikit-learn__scikit-learn-25232,tool-result-clear,2,True,Submitted,0,66,283.1,data/r2/swebench/p30s/qwen35b/di__b15k__trc/scikit-learn__scikit-learn-25232/tool-result-clear/run_2,2,14,0,4,0,False,4,"sed -n '273,295p' /testbed/sklearn/impute/_iterative.py",echo COMPLETE_TASK_AND_SUBMIT_FINAL_OUTPUT && cat patch.txt,66,0,0.0,32768
django__django-17084,tool-result-clear,2,False,Timeout,-1,131,5400.03,data/r2/swebench/p30s/qwen35b/di__b15k__trc/django__django-17084/tool-result-clear/run_2,7,31,6,22,0,False,10,"grep -B 5 -A 20 ""aggregate.*Window\|Window.*aggregate"" /testbed/tests/expressions_window/tests.py","grep -n ""aggregate"" /testbed/tests/expressions_window/tests.py",131,0,0.0,32768
scikit-learn__scikit-learn-14087,tool-result-clear,3,False,Submitted,0,106,619.48,data/r2/swebench/p30s/qwen35b/di__b15k__trc/scikit-learn__scikit-learn-14087/tool-result-clear/run_3,1,6,0,35,0,False,16,"cat /testbed/sklearn/linear_model/logistic.py | sed -n '2168,2195p'",echo COMPLETE_TASK_AND_SUBMIT_FINAL_OUTPUT && cat patch.txt,106,0,0.0,32768
scikit-learn__scikit-learn-14894,tool-result-clear,1,True,Submitted,0,40,793.46,data/r2/swebench/p30s/qwen35b/di__b15k__trc/scikit-learn__scikit-learn-14894/tool-result-clear/run_1,0,1,0,1,0,False,3,cd /tmp && python reproduce_issue.py,echo COMPLETE_TASK_AND_SUBMIT_FINAL_OUTPUT && cat patch.txt,40,0,0.0,32768
django__django-17084,tool-result-clear,3,False,Timeout,-1,146,5400.04,data/r2/swebench/p30s/qwen35b/di__b15k__trc/django__django-17084/tool-result-clear/run_3,6,16,4,32,0,False,12,cd /testbed && python test_issue.py,"python << 'EOF'
# Fix the code to handle Ref expressions properly
with open('/testbed/django/db/models/sql/query.py', 'r') as f:
    content = f.read()

# Remove all debug output and fix the code
old_code = '''            # Also update the outer query's annotations
            for alias, aggregate in aggregates.items():
                outer_query.annotations[alias] = aggregates[alias]
            if (
                inner_query.select == ()'''

new_code = '''            # Also update the outer query's annotations
            for alias, aggregate in aggregates.items():
                outer_query.annotations[alias] = aggregates[alias]
            if (
                inner_query.select == ()'''

if old_code in content:
    content = content.replace(old_code, new_code)
    with open('/testbed/django/db/models/sql/query.py', 'w') as f:
        f.write(content)
    print(""Successfully fixed the code"")
else:
    print(""Could not find the code to replace"")
EOF",146,0,0.0,32768
scikit-learn__scikit-learn-25232,tool-result-clear,3,False,LimitsExceeded,0,300,731.13,data/r2/swebench/p30s/qwen35b/di__b15k__trc/scikit-learn__scikit-learn-25232/tool-result-clear/run_3,0,153,0,170,0,False,228,cd /testbed && git diff sklearn/impute/_iterative.py,cd /testbed && git diff sklearn/impute/_iterative.py,300,0,0.0,32768
scikit-learn__scikit-learn-14053,tool-result-clear,1,True,Submitted,0,88,3383.3,data/r2/swebench/p30s/qwen35b/di__b15k__trc/scikit-learn__scikit-learn-14053/tool-result-clear/run_1,4,4,2,2,0,False,5,"sed -n '885,900p' /testbed/sklearn/tree/export.py",echo COMPLETE_TASK_AND_SUBMIT_FINAL_OUTPUT && cat patch.txt,88,0,0.0,32768
sympy__sympy-14711,tool-result-clear,1,True,Submitted,0,59,207.3,data/r2/swebench/p30s/qwen35b/di__b15k__trc/sympy__sympy-14711/tool-result-clear/run_1,0,3,0,1,0,False,5,python /testbed/test_issue.py,echo COMPLETE_TASK_AND_SUBMIT_FINAL_OUTPUT && cat patch.txt,59,0,0.0,32768
scikit-learn__scikit-learn-11578,tool-result-clear,3,False,Timeout,-1,218,5400.04,data/r2/swebench/p30s/qwen35b/di__b15k__trc/scikit-learn__scikit-learn-11578/tool-result-clear/run_3,8,21,5,54,0,False,17,cd /tmp && python reproduce_issue.py,"sed -n '900,920p' /opt/miniconda3/lib/python3.11/site-packages/sklearn/linear_model/_logistic.py",218,0,0.0,32768
sympy__sympy-15345,tool-result-clear,1,True,Submitted,0,39,189.2,data/r2/swebench/p30s/qwen35b/di__b15k__trc/sympy__sympy-15345/tool-result-clear/run_1,0,7,0,0,0,False,2,cat /testbed/sympy/printing/mathematica.py,echo COMPLETE_TASK_AND_SUBMIT_FINAL_OUTPUT && cat patch.txt,39,0,0.0,32768
scikit-learn__scikit-learn-26194,tool-result-clear,2,False,Submitted,0,44,858.8,data/r2/swebench/p30s/qwen35b/di__b15k__trc/scikit-learn__scikit-learn-26194/tool-result-clear/run_2,0,0,0,1,0,False,3,cat patch.txt,echo COMPLETE_TASK_AND_SUBMIT_FINAL_OUTPUT && cat patch.txt,44,0,0.0,32768
sympy__sympy-15345,tool-result-clear,2,True,Submitted,0,59,241.3,data/r2/swebench/p30s/qwen35b/di__b15k__trc/sympy__sympy-15345/tool-result-clear/run_2,1,17,0,1,0,False,3,cd /testbed && python test_issue.py,echo COMPLETE_TASK_AND_SUBMIT_FINAL_OUTPUT && cat patch.txt,59,0,0.0,32768
sympy__sympy-14711,tool-result-clear,2,True,Submitted,0,150,507.86,data/r2/swebench/p30s/qwen35b/di__b15k__trc/sympy__sympy-14711/tool-result-clear/run_2,0,8,0,43,0,False,8,python /testbed/test_original_issue.py,"rm -f /testbed/test_final_check.py && echo COMPLETE_TASK_AND_SUBMIT_FINAL_OUTPUT && cat << 'EOF'
diff --git a/sympy/physics/vector/vector.py b/sympy/physics/vector/vector.py
index a048ee57f..5d89e0f91 100644
--- a/sympy/physics/vector/vector.py
+++ b/sympy/physics/vector/vector.py
@@ -57,6 +57,8 @@ def __hash__(self):
 
     def __add__(self, other):
         """"""The add operator for Vector. """"""
+        if other == 0:
+            other = Vector(0)
         other = _check_vector(other)
         return Vector(self.args + other.args)
 
EOF",150,0,0.0,32768
scikit-learn__scikit-learn-26194,tool-result-clear,3,False,Submitted,0,81,1156.25,data/r2/swebench/p30s/qwen35b/di__b15k__trc/scikit-learn__scikit-learn-26194/tool-result-clear/run_3,1,2,0,26,0,False,4,"sed -n '1080,1095p' /testbed/sklearn/metrics/_ranking.py",echo COMPLETE_TASK_AND_SUBMIT_FINAL_OUTPUT && cat patch.txt,81,0,0.0,32768
sympy__sympy-14531,tool-result-clear,3,True,Submitted,0,101,900.03,data/r2/swebench/p30s/qwen35b/di__b15k__trc/sympy__sympy-14531/tool-result-clear/run_3,1,13,1,2,0,False,10,"cd /testbed && grep -n ""def _print"" sympy/printing/codeprinter.py | head -30",echo COMPLETE_TASK_AND_SUBMIT_FINAL_OUTPUT && cat patch.txt,101,0,0.0,32768
sympy__sympy-14248,tool-result-clear,2,False,Submitted,0,151,1150.3,data/r2/swebench/p30s/qwen35b/di__b15k__trc/sympy__sympy-14248/tool-result-clear/run_2,2,20,1,22,0,False,13,cd /testbed && python /tmp/test_matrix_print.py,echo COMPLETE_TASK_AND_SUBMIT_FINAL_OUTPUT && cat patch.txt,151,0,0.0,32768
sympy__sympy-17318,tool-result-clear,1,False,Submitted,0,32,212.69,data/r2/swebench/p30s/qwen35b/di__b15k__trc/sympy__sympy-17318/tool-result-clear/run_1,0,6,0,1,0,False,2,"sed -n '1060,1120p' /testbed/sympy/simplify/radsimp.py",echo COMPLETE_TASK_AND_SUBMIT_FINAL_OUTPUT && cat patch.txt,32,0,0.0,32768
sympy__sympy-14711,tool-result-clear,3,True,Submitted,0,31,709.67,data/r2/swebench/p30s/qwen35b/di__b15k__trc/sympy__sympy-14711/tool-result-clear/run_3,1,0,1,0,0,False,3,"cat /testbed/sympy/physics/vector/vector.py | sed -n '58,65p'",echo COMPLETE_TASK_AND_SUBMIT_FINAL_OUTPUT && cat patch.txt,31,0,0.0,32768
sympy__sympy-17318,tool-result-clear,2,False,Submitted,0,35,186.49,data/r2/swebench/p30s/qwen35b/di__b15k__trc/sympy__sympy-17318/tool-result-clear/run_2,1,6,0,1,0,False,3,"cat > /testbed/test_fix.py << 'EOF'
from sympy import sqrt, I, S, Mul, Add, Pow, expand_mul, Dummy, sympify
from sympy.simplify.sqrtdenest import sqrtdenest, _sqrt_match, _sqrtdenest0
from sympy.simplify.radsimp import split_surds

# Test 1: Empty surds case
print(""Test 1: Empty surds case"")
try:
    result = split_surds(Add())
    print(""  split_surds(Add()) result:"", result)
    print(""  PASS"")
except Exception as e:
    print(""  FAIL:"", type(e).__name__, str(e))

# Test 2: Expression from PR description
print(""\nTest 2: Expression from PR description"")
expr_str = ""(3 - sqrt(2)*sqrt(4 + 3*I) + 3*I)/2""
expr = sympify(expr_str)
print(""  Expression:"", expr)
try:
    result = sqrtdenest(expr)
    print(""  Result:"", result)
    print(""  PASS"")
except Exception as e:
    print(""  FAIL:"", type(e).__name__, str(e))

# Test 3: Normal case that should work
print(""\nTest 3: Normal case that should work"")
expr2 = sqrt(5 + 2*sqrt(6))
print(""  Expression:"", expr2)
try:
    result = sqrtdenest(expr2)
    print(""  Result:"", result)
    print(""  PASS"")
except Exception as e:
    print(""  FAIL:"", type(e).__name__, str(e))

# Test 4: Another case with surds
print(""\nTest 4: Another case with surds"")
expr3 = 3*sqrt(3) + sqrt(5)/7 + sqrt(6) + sqrt(10) + sqrt(15)
print(""  Expression:"", expr3)
try:
    result = split_surds(expr3)
    print(""  Result:"", result)
    print(""  PASS"")
except Exception as e:
    print(""  FAIL:"", type(e).__name__, str(e))
EOF
python /testbed/test_fix.py",echo COMPLETE_TASK_AND_SUBMIT_FINAL_OUTPUT && cat patch.txt,35,0,0.0,32768
sympy__sympy-19954,tool-result-clear,1,True,Submitted,0,22,91.06,data/r2/swebench/p30s/qwen35b/di__b15k__trc/sympy__sympy-19954/tool-result-clear/run_1,0,0,0,0,0,False,3,cd /testbed && python reproduce_issue.py,echo COMPLETE_TASK_AND_SUBMIT_FINAL_OUTPUT && cat patch.txt,22,0,0.0,32768
sympy__sympy-18211,tool-result-clear,3,True,Submitted,0,50,144.41,data/r2/swebench/p30s/qwen35b/di__b15k__trc/sympy__sympy-18211/tool-result-clear/run_3,0,14,0,1,0,False,2,"cd /testbed && python -c ""from sympy import *; n = symbols('n'); Eq(n*cos(n) - 3*sin(n), 0).as_set()""",echo COMPLETE_TASK_AND_SUBMIT_FINAL_OUTPUT && cat patch.txt,50,0,0.0,32768
sympy__sympy-17318,tool-result-clear,3,False,Submitted,0,60,251.99,data/r2/swebench/p30s/qwen35b/di__b15k__trc/sympy__sympy-17318/tool-result-clear/run_3,0,9,0,1,0,False,9,cd /testbed && python reproduce_issue.py,echo COMPLETE_TASK_AND_SUBMIT_FINAL_OUTPUT && cat patch.txt,60,0,0.0,32768
sympy__sympy-14531,tool-result-clear,1,False,Submitted,0,155,1391.44,data/r2/swebench/p30s/qwen35b/di__b15k__trc/sympy__sympy-14531/tool-result-clear/run_1,3,10,1,24,0,False,17,"grep -n ""Mapping"" /testbed/sympy/core/compatibility.py",echo COMPLETE_TASK_AND_SUBMIT_FINAL_OUTPUT && cat patch.txt,155,0,0.0,32768
sympy__sympy-19954,tool-result-clear,2,True,Submitted,0,24,96.34,data/r2/swebench/p30s/qwen35b/di__b15k__trc/sympy__sympy-19954/tool-result-clear/run_2,0,3,0,0,0,False,3,cd /testbed && python reproduce_issue.py,echo COMPLETE_TASK_AND_SUBMIT_FINAL_OUTPUT && cat patch.txt,24,0,0.0,32768
sympy__sympy-15345,tool-result-clear,3,True,Submitted,0,52,936.73,data/r2/swebench/p30s/qwen35b/di__b15k__trc/sympy__sympy-15345/tool-result-clear/run_3,2,9,1,1,0,False,2,cat /testbed/sympy/printing/mathematica.py,echo COMPLETE_TASK_AND_SUBMIT_FINAL_OUTPUT && cat patch.txt,52,0,0.0,32768
sympy__sympy-24213,tool-result-clear,1,True,Submitted,0,34,135.03,data/r2/swebench/p30s/qwen35b/di__b15k__trc/sympy__sympy-24213/tool-result-clear/run_1,0,3,0,0,0,False,3,cd /testbed && python reproduce_issue.py,cd /testbed && git diff sympy/physics/units/unitsystem.py > patch.txt && echo COMPLETE_TASK_AND_SUBMIT_FINAL_OUTPUT && cat patch.txt,34,0,0.0,32768
sympy__sympy-24213,tool-result-clear,2,True,Submitted,0,24,62.92,data/r2/swebench/p30s/qwen35b/di__b15k__trc/sympy__sympy-24213/tool-result-clear/run_2,0,6,0,0,0,False,3,cd /testbed && python reproduce_issue.py,echo COMPLETE_TASK_AND_SUBMIT_FINAL_OUTPUT && cat patch.txt,24,0,0.0,32768
sympy__sympy-18211,tool-result-clear,1,True,Submitted,0,48,729.21,data/r2/swebench/p30s/qwen35b/di__b15k__trc/sympy__sympy-18211/tool-result-clear/run_1,1,4,1,1,0,False,3,"sed -n '389,396p' /testbed/sympy/core/relational.py",echo COMPLETE_TASK_AND_SUBMIT_FINAL_OUTPUT && cat patch.txt,48,0,0.0,32768
sympy__sympy-24213,tool-result-clear,3,True,Submitted,0,34,81.86,data/r2/swebench/p30s/qwen35b/di__b15k__trc/sympy__sympy-24213/tool-result-clear/run_3,1,1,0,0,0,False,3,python /testbed/reproduce_issue.py,echo COMPLETE_TASK_AND_SUBMIT_FINAL_OUTPUT && cat patch.txt,34,0,0.0,32768
sympy__sympy-18211,tool-result-clear,2,False,Submitted,0,69,770.71,data/r2/swebench/p30s/qwen35b/di__b15k__trc/sympy__sympy-18211/tool-result-clear/run_2,1,21,1,1,0,False,4,"sed -n '525,545p' /testbed/sympy/solvers/inequalities.py",echo COMPLETE_TASK_AND_SUBMIT_FINAL_OUTPUT && cat patch.txt,69,0,0.0,32768
sympy__sympy-19954,tool-result-clear,3,True,Submitted,0,23,640.96,data/r2/swebench/p30s/qwen35b/di__b15k__trc/sympy__sympy-19954/tool-result-clear/run_3,2,2,1,0,0,False,3,cd /testbed && python reproduce_issue.py,cd /testbed && git diff sympy/combinatorics/perm_groups.py > patch.txt && echo COMPLETE_TASK_AND_SUBMIT_FINAL_OUTPUT && cat patch.txt,23,0,0.0,32768
scikit-learn__scikit-learn-14087,tool-result-clear,2,False,Submitted,0,41,3259.12,data/r2/swebench/p30s/qwen35b/di__b15k__trc/scikit-learn__scikit-learn-14087/tool-result-clear/run_2,3,0,3,1,0,False,2,cd /testbed && python setup.py build_ext --inplace 2>&1 | tail -20,echo COMPLETE_TASK_AND_SUBMIT_FINAL_OUTPUT && cat patch.txt,41,0,0.0,32768
sympy__sympy-15875,tool-result-clear,1,False,Submitted,0,58,1519.24,data/r2/swebench/p30s/qwen35b/di__b15k__trc/sympy__sympy-15875/tool-result-clear/run_1,2,10,2,1,0,False,5,"sed -n '532,570p' /testbed/sympy/core/add.py",echo COMPLETE_TASK_AND_SUBMIT_FINAL_OUTPUT && cat patch.txt,58,0,0.0,32768
sympy__sympy-20438,tool-result-clear,2,False,Submitted,0,75,869.16,data/r2/swebench/p30s/qwen35b/di__b15k__trc/sympy__sympy-20438/tool-result-clear/run_2,3,19,1,3,0,False,4,cat /testbed/sympy/sets/handlers/issubset.py,echo COMPLETE_TASK_AND_SUBMIT_FINAL_OUTPUT && cat patch.txt,75,0,0.0,32768
sympy__sympy-14531,tool-result-clear,2,True,Submitted,0,154,2383.42,data/r2/swebench/p30s/qwen35b/di__b15k__trc/sympy__sympy-14531/tool-result-clear/run_2,6,44,3,20,0,False,8,"cd /testbed && python -c ""
from sympy import symbols, S, Eq, Limit, sstr
x, y = symbols('x y')

# Test case 1: sstr with sympy_integers=True
print('Test 1: sstr(x + S(1)/2, sympy_integers=True)')
print(repr(sstr(x + S(1)/2, sympy_integers=True)))
print()

print('Test 2: sstr(Eq(x, S(1)/2), sympy_integers=True)')
print(repr(sstr(Eq(x, S(1)/2), sympy_integers=True)))
print()

print('Test 3: sstr(Limit(x, x, S(1)/2), sympy_integers=True)')
print(repr(sstr(Limit(x, x, S(1)/2), sympy_integers=True)))
""",echo COMPLETE_TASK_AND_SUBMIT_FINAL_OUTPUT && cat /testbed/patch.txt,154,0,0.0,32768
sympy__sympy-20438,tool-result-clear,1,False,Submitted,0,65,1280.85,data/r2/swebench/p30s/qwen35b/di__b15k__trc/sympy__sympy-20438/tool-result-clear/run_1,3,27,2,2,0,False,4,python /testbed/reproduce_issue.py,echo COMPLETE_TASK_AND_SUBMIT_FINAL_OUTPUT && cat patch.txt,65,0,0.0,32768
sympy__sympy-15875,tool-result-clear,3,True,Submitted,0,56,1901.06,data/r2/swebench/p30s/qwen35b/di__b15k__trc/sympy__sympy-15875/tool-result-clear/run_3,5,9,3,1,0,False,4,"sed -n '532,565p' /testbed/sympy/core/add.py",echo COMPLETE_TASK_AND_SUBMIT_FINAL_OUTPUT && cat patch.txt,56,0,0.0,32768
scikit-learn__scikit-learn-26194,tool-result-clear,1,False,Submitted,0,42,3022.13,data/r2/swebench/p30s/qwen35b/di__b15k__trc/scikit-learn__scikit-learn-26194/tool-result-clear/run_1,5,7,4,1,0,False,6,"cat -n /testbed/sklearn/metrics/_ranking.py | sed -n '1080,1090p'",echo COMPLETE_TASK_AND_SUBMIT_FINAL_OUTPUT && cat patch.txt,42,0,0.0,32768
scikit-learn__scikit-learn-14087,tool-result-clear,1,False,Timeout,-1,34,5400.02,data/r2/swebench/p30s/qwen35b/di__b15k__trc/scikit-learn__scikit-learn-14087/tool-result-clear/run_1,6,3,6,1,0,False,4,"sed -n '2168,2180p' /testbed/sklearn/linear_model/logistic.py","sed -n '2140,2195p' /testbed/sklearn/linear_model/logistic.py",34,0,0.0,32768
sympy__sympy-20438,tool-result-clear,3,False,Submitted,0,76,2570.86,data/r2/swebench/p30s/qwen35b/di__b15k__trc/sympy__sympy-20438/tool-result-clear/run_3,5,30,5,2,0,False,5,python /testbed/reproduce_issue.py,echo COMPLETE_TASK_AND_SUBMIT_FINAL_OUTPUT && cat patch.txt,76,0,0.0,32768
sympy__sympy-14248,tool-result-clear,3,False,LimitsExceeded,0,300,5159.67,data/r2/swebench/p30s/qwen35b/di__b15k__trc/sympy__sympy-14248/tool-result-clear/run_3,4,223,2,218,0,False,11,cd /testbed && python reproduce_issue.py,"cd /testbed && sed -n '840,870p' sympy/printing/pretty/pretty.py",300,0,0.0,32768
sympy__sympy-14248,tool-result-clear,1,False,Timeout,-1,171,5400.05,data/r2/swebench/p30s/qwen35b/di__b15k__trc/sympy__sympy-14248/tool-result-clear/run_1,15,59,9,48,0,False,21,cd /testbed && python3.10 reproduce_issue.py,"grep -A 60 ""def _print_Add"" /testbed/sympy/printing/pretty/pretty.py | head -70",171,0,0.0,32768
sympy__sympy-15875,tool-result-clear,2,False,LimitsExceeded,0,300,4943.87,data/r2/swebench/p30s/qwen35b/di__b15k__trc/sympy__sympy-15875/tool-result-clear/run_2,11,14,10,95,0,False,40,"grep -B5 -A30 ""is_zero"" sympy/core/assumptions.py | head -150","sed -n '532,620p' sympy/core/add.py",300,0,0.0,32768
django__django-12304,full-context,1,False,Submitted,0,27,89.63,data/r2/swebench/p30s/qwen35b/di__binf__fc/django__django-12304/full-context/run_1,1,0,0,0,0,False,6,cat /testbed/django/db/models/enums.py,cd /testbed && git diff django/db/models/enums.py > patch.txt && echo COMPLETE_TASK_AND_SUBMIT_FINAL_OUTPUT && cat patch.txt,27,0,0.0,32768
django__django-15741,full-context,1,True,Submitted,0,41,141.48,data/r2/swebench/p30s/qwen35b/di__binf__fc/django__django-15741/full-context/run_1,1,0,0,0,0,False,4,cd /testbed && python reproduce_issue.py,echo COMPLETE_TASK_AND_SUBMIT_FINAL_OUTPUT && cat patch.txt,41,0,0.0,32768
django__django-12276,full-context,1,True,Submitted,0,51,152.04,data/r2/swebench/p30s/qwen35b/di__binf__fc/django__django-12276/full-context/run_1,0,13,0,0,0,False,3,python /testbed/test_issue.py,echo COMPLETE_TASK_AND_SUBMIT_FINAL_OUTPUT && cat patch.txt,51,0,0.0,32768
scikit-learn__scikit-learn-13439,full-context,1,True,Submitted,0,49,164.33,data/r2/swebench/p30s/qwen35b/di__binf__fc/scikit-learn__scikit-learn-13439/full-context/run_1,0,7,0,0,0,False,2,cd /testbed && git diff sklearn/pipeline.py,echo COMPLETE_TASK_AND_SUBMIT_FINAL_OUTPUT && cat patch.txt,49,0,0.0,32768
scikit-learn__scikit-learn-13135,full-context,1,True,Submitted,0,39,171.09,data/r2/swebench/p30s/qwen35b/di__binf__fc/scikit-learn__scikit-learn-13135/full-context/run_1,0,1,0,0,0,False,5,"sed -n '165,180p' /testbed/sklearn/preprocessing/_discretization.py",echo COMPLETE_TASK_AND_SUBMIT_FINAL_OUTPUT && cat patch.txt,39,0,0.0,32768
django__django-15278,full-context,1,True,Submitted,0,40,220.77,data/r2/swebench/p30s/qwen35b/di__binf__fc/django__django-15278/full-context/run_1,2,1,0,0,0,False,7,"sed -n '325,335p' /testbed/django/db/backends/sqlite3/schema.py",echo COMPLETE_TASK_AND_SUBMIT_FINAL_OUTPUT && cat patch.txt,40,0,0.0,32768
scikit-learn__scikit-learn-11578,full-context,1,True,Submitted,0,49,254.33,data/r2/swebench/p30s/qwen35b/di__binf__fc/scikit-learn__scikit-learn-11578/full-context/run_1,2,2,0,0,0,False,3,cd /tmp && python reproduce_issue.py,echo COMPLETE_TASK_AND_SUBMIT_FINAL_OUTPUT && cat patch.txt,49,0,0.0,32768
scikit-learn__scikit-learn-14894,full-context,1,True,Submitted,0,34,126.9,data/r2/swebench/p30s/qwen35b/di__binf__fc/scikit-learn__scikit-learn-14894/full-context/run_1,0,1,0,0,0,False,3,cd /testbed && python reproduce_issue.py,echo COMPLETE_TASK_AND_SUBMIT_FINAL_OUTPUT && cat patch.txt,34,0,0.0,32768
django__django-15525,full-context,1,False,Submitted,0,76,392.56,data/r2/swebench/p30s/qwen35b/di__binf__fc/django__django-15525/full-context/run_1,1,0,0,0,0,True,5,"cat /testbed/django/core/serializers/base.py | sed -n '325,360p'","echo COMPLETE_TASK_AND_SUBMIT_FINAL_OUTPUT && cat /testbed/django/core/serializers/base.py | sed -n '325,360p'",76,0,0.0,32768
sympy__sympy-14531,full-context,1,True,Submitted,0,65,172.58,data/r2/swebench/p30s/qwen35b/di__binf__fc/sympy__sympy-14531/full-context/run_1,1,3,0,0,0,False,7,"cd /testbed && python -c ""
from sympy import symbols, S, sstr, Eq, Limit
x, y = symbols('x y')

print('Test 1: sstr(x + S(1)/2, sympy_integers=True)')
print(repr(sstr(x + S(1)/2, sympy_integers=True)))
print()

print('Test 2: sstr(Eq(x, S(1)/2), sympy_integers=True)')
print(repr(sstr(Eq(x, S(1)/2), sympy_integers=True)))
print()

print('Test 3: sstr(Limit(x, x, S(1)/2), sympy_integers=True)')
print(repr(sstr(Limit(x, x, S(1)/2), sympy_integers=True)))
""",echo COMPLETE_TASK_AND_SUBMIT_FINAL_OUTPUT && cat patch.txt,65,0,0.0,32768
scikit-learn__scikit-learn-12682,full-context,1,True,Submitted,0,79,393.88,data/r2/swebench/p30s/qwen35b/di__binf__fc/scikit-learn__scikit-learn-12682/full-context/run_1,2,20,0,0,0,False,3,cd /testbed && python setup.py build_ext --inplace 2>&1 | tail -20,echo COMPLETE_TASK_AND_SUBMIT_FINAL_OUTPUT && cat /tmp/patch.txt,79,0,0.0,32768
scikit-learn__scikit-learn-25232,full-context,1,True,Submitted,0,81,305.42,data/r2/swebench/p30s/qwen35b/di__binf__fc/scikit-learn__scikit-learn-25232/full-context/run_1,0,13,0,0,0,False,3,"cd /testbed && sed -n '115,135p' sklearn/impute/_iterative.py",echo COMPLETE_TASK_AND_SUBMIT_FINAL_OUTPUT && cat patch.txt,81,0,0.0,32768
sympy__sympy-17318,full-context,1,False,Submitted,0,32,147.4,data/r2/swebench/p30s/qwen35b/di__binf__fc/sympy__sympy-17318/full-context/run_1,0,12,0,0,0,False,2,python /testbed/reproduce_issue.py,echo COMPLETE_TASK_AND_SUBMIT_FINAL_OUTPUT && cat patch.txt,32,0,0.0,32768
sympy__sympy-14711,full-context,1,True,Submitted,0,72,300.69,data/r2/swebench/p30s/qwen35b/di__binf__fc/sympy__sympy-14711/full-context/run_1,0,3,0,0,0,False,4,"sed -n '58,65p' /testbed/sympy/physics/vector/vector.py",echo COMPLETE_TASK_AND_SUBMIT_FINAL_OUTPUT && cat patch.txt,72,0,0.0,32768
sympy__sympy-19954,full-context,1,True,Submitted,0,33,123.1,data/r2/swebench/p30s/qwen35b/di__binf__fc/sympy__sympy-19954/full-context/run_1,0,9,0,0,0,False,4,cd /testbed && python reproduce_issue.py,echo COMPLETE_TASK_AND_SUBMIT_FINAL_OUTPUT && cat patch.txt,33,0,0.0,32768
sympy__sympy-15345,full-context,1,True,Submitted,0,80,321.18,data/r2/swebench/p30s/qwen35b/di__binf__fc/sympy__sympy-15345/full-context/run_1,2,48,0,0,0,False,8,"cd /testbed && python3 -c ""from sympy import symbols, Max; from sympy.printing.mathematica import mathematica_code; x = symbols('x'); print(repr(mathematica_code(Max(x,2))))""",echo COMPLETE_TASK_AND_SUBMIT_FINAL_OUTPUT && cat patch.txt,80,0,0.0,32768
scikit-learn__scikit-learn-26194,full-context,1,False,Submitted,0,54,495.86,data/r2/swebench/p30s/qwen35b/di__binf__fc/scikit-learn__scikit-learn-26194/full-context/run_1,0,6,0,0,0,False,4,"python -c ""
import numpy as np
from sklearn.metrics import roc_curve

# Test case from PR description
rng = np.random.RandomState(42)
y_true = rng.randint(0, 2, size=10)
y_score = rng.rand(10)
fpr, tpr, thresholds = roc_curve(y_true, y_score)
print('Original sklearn thresholds:', thresholds)
print('thresholds > 1:', thresholds > 1)
print('thresholds < 0:', thresholds < 0)
""",echo COMPLETE_TASK_AND_SUBMIT_FINAL_OUTPUT && cat patch.txt,54,0,0.0,32768
sympy__sympy-18211,full-context,1,True,Submitted,0,79,277.78,data/r2/swebench/p30s/qwen35b/di__binf__fc/sympy__sympy-18211/full-context/run_1,1,38,0,0,0,False,8,python /testbed/test_issue.py,echo COMPLETE_TASK_AND_SUBMIT_FINAL_OUTPUT && cat patch.txt,79,0,0.0,32768
sympy__sympy-24213,full-context,1,True,Submitted,0,31,136.68,data/r2/swebench/p30s/qwen35b/di__binf__fc/sympy__sympy-24213/full-context/run_1,1,3,0,0,0,False,3,cd /testbed && python reproduce_issue.py,echo COMPLETE_TASK_AND_SUBMIT_FINAL_OUTPUT && cat patch.txt,31,0,0.0,32768
django__django-15368,full-context,1,True,Submitted,0,61,807.44,data/r2/swebench/p30s/qwen35b/di__binf__fc/django__django-15368/full-context/run_1,3,14,1,0,0,False,2,"sed -n '668,680p' /testbed/django/db/models/query.py",echo COMPLETE_TASK_AND_SUBMIT_FINAL_OUTPUT && cat patch.txt,61,0,0.0,32768
scikit-learn__scikit-learn-13779,full-context,1,True,Submitted,0,52,833.09,data/r2/swebench/p30s/qwen35b/di__binf__fc/scikit-learn__scikit-learn-13779/full-context/run_1,1,2,1,0,0,False,3,cd /testbed && python reproduce_issue.py,echo COMPLETE_TASK_AND_SUBMIT_FINAL_OUTPUT && cat patch.txt,52,0,0.0,32768
sympy__sympy-14248,full-context,1,False,Submitted,0,136,1056.55,data/r2/swebench/p30s/qwen35b/di__binf__fc/sympy__sympy-14248/full-context/run_1,2,32,1,0,0,False,18,cd /testbed && python reproduce_issue.py,echo COMPLETE_TASK_AND_SUBMIT_FINAL_OUTPUT && cat patch.txt,136,0,0.0,32768
scikit-learn__scikit-learn-14053,full-context,1,True,Submitted,0,41,1353.64,data/r2/swebench/p30s/qwen35b/di__binf__fc/scikit-learn__scikit-learn-14053/full-context/run_1,1,2,1,0,0,False,3,"cd /testbed && sed -n '892,896p' sklearn/tree/export.py",echo COMPLETE_TASK_AND_SUBMIT_FINAL_OUTPUT && cat patch.txt,41,0,0.0,32768
django__django-15957,full-context,1,False,Submitted,0,99,1466.68,data/r2/swebench/p30s/qwen35b/di__binf__fc/django__django-15957/full-context/run_1,4,26,1,0,0,False,7,"sed -n '124,135p' /testbed/django/db/models/fields/related_descriptors.py",echo COMPLETE_TASK_AND_SUBMIT_FINAL_OUTPUT && cat patch.txt,99,0,0.0,32768
sympy__sympy-20438,full-context,1,False,Submitted,0,59,1617.11,data/r2/swebench/p30s/qwen35b/di__binf__fc/sympy__sympy-20438/full-context/run_1,3,29,3,0,0,False,2,"sed -n '692,900p' /testbed/sympy/sets/sets.py",echo COMPLETE_TASK_AND_SUBMIT_FINAL_OUTPUT && cat patch.txt,59,0,0.0,32768
scikit-learn__scikit-learn-14087,full-context,1,False,Submitted,0,59,2693.26,data/r2/swebench/p30s/qwen35b/di__binf__fc/scikit-learn__scikit-learn-14087/full-context/run_1,5,1,5,0,0,False,2,cd /testbed && python setup.py build_ext --inplace 2>&1 | tail -20,echo COMPLETE_TASK_AND_SUBMIT_FINAL_OUTPUT && cat /tmp/patch.txt,59,0,0.0,32768
sympy__sympy-15875,full-context,1,False,Submitted,0,91,3093.92,data/r2/swebench/p30s/qwen35b/di__binf__fc/sympy__sympy-15875/full-context/run_1,6,4,6,0,0,False,12,"cd /testbed && cat > test_issue.py << 'EOF'
from sympy import *

# Test case from the issue
e = -2*I + (1 + I)**2
print('e:', e)
print('e.is_zero:', e.is_zero)
print('simplify(e):', simplify(e))
print('simplify(e).is_zero:', simplify(e).is_zero)
print()

# Let's trace through the logic manually
print('Tracing through _eval_is_zero:')
nz = []
z = 0
im_or_z = False
im = False
for a in e.args:
    print(f'  Processing {a}:')
    if a.is_real:
        print(f'    is_real=True')
        if a.is_zero:
            z += 1
            print(f'    is_zero=True, z={z}')
        elif a.is_zero is False:
            nz.append(a)
            print(f'    is_zero=False, nz={nz}')
        else:
            print(f'    is_zero=None, returning None')
    elif a.is_imaginary:
        im = True
        print(f'    is_imaginary=True, im={im}')
    elif (S.ImaginaryUnit*a).is_real:
        im_or_z = True
        print(f'    (I*a).is_real=True, im_or_z={im_or_z}')
    else:
        print(f'    unknown, returning None')
print(f'After loop: nz={nz}, z={z}, im_or_z={im_or_z}, im={im}')
print(f'len(nz)={len(nz)}, len(e.args)={len(e.args)}')
b = Add(*nz)
print(f'b = Add(*nz) = {b}')
print(f'b.is_zero = {b.is_zero}')
print()
print('Checking conditions:')
print(f'  z == len(self.args): {z} == {len(e.args)} = {z == len(e.args)}')
print(f'  len(nz) == len(self.args): {len(nz)} == {len(e.args)} = {len(nz) == len(e.args)}')
print(f'  b.is_zero: {b.is_zero}')
if b.is_zero:
    print(f'  not im_or_z and not im: {not im_or_z} and {not im} = {not im_or_z and not im}')
    print(f'  im and not im_or_z: {im} and {not im_or_z} = {im and not im_or_z}')
EOF
python3 test_issue.py",echo COMPLETE_TASK_AND_SUBMIT_FINAL_OUTPUT && cat patch.txt,91,0,0.0,32768
django__django-17084,full-context,1,False,LimitsExceeded,0,300,4272.1,data/r2/swebench/p30s/qwen35b/di__binf__fc/django__django-17084/full-context/run_1,8,208,7,0,0,False,180,"sed -n '475,495p' /testbed/django/db/models/sql/query.py","sed -n '475,495p' /testbed/django/db/models/sql/query.py",300,0,0.0,32768
django__django-15098,full-context,1,False,,-1,77,5400.01,data/r2/swebench/p30s/qwen35b/di__binf__fc/django__django-15098/full-context/run_1,13,2,12,0,0,False,3,"grep -n ""language_code_prefix_re"" /testbed/django/utils/translation/trans_real.py","cd /testbed && python -c ""
import re
# Current regex
regex = re.compile(r'^/(\w+(?:[-@]\w+){0,2})')
path = '/de-simple-page/'
match = regex.match(path)
if match:
    print(f'Matched: {match.group(1)}')
else:
    print('No match')
""",77,0,0.0,32768
django__django-11734,full-context,1,False,,-1,290,5400.01,data/r2/swebench/p30s/qwen35b/di__binf__fc/django__django-11734/full-context/run_1,9,229,9,0,0,False,193,"sed -n '2147,2200p' /testbed/django/db/models/sql/query.py","sed -n '2147,2200p' /testbed/django/db/models/sql/query.py",290,0,0.0,32768
django__django-12304,full-context,3,True,Submitted,0,19,132.54,data/r2/swebench/p30s/qwen35b/di__binf__fc/django__django-12304/full-context/run_3,0,0,0,0,0,False,4,cat /testbed/django/db/models/enums.py,echo COMPLETE_TASK_AND_SUBMIT_FINAL_OUTPUT && cat patch.txt,19,0,0.0,32768
django__django-15741,full-context,2,True,Submitted,0,46,152.77,data/r2/swebench/p30s/qwen35b/di__binf__fc/django__django-15741/full-context/run_2,1,0,0,0,0,False,2,cd /testbed && python test_lazy_format.py,echo COMPLETE_TASK_AND_SUBMIT_FINAL_OUTPUT && cat patch.txt,46,0,0.0,32768
django__django-15368,full-context,2,True,Submitted,0,51,181.96,data/r2/swebench/p30s/qwen35b/di__binf__fc/django__django-15368/full-context/run_2,0,8,0,0,0,False,3,cd /testbed && python /tmp/test_bulk_update.py,echo COMPLETE_TASK_AND_SUBMIT_FINAL_OUTPUT && cat patch.txt,51,0,0.0,32768
django__django-12276,full-context,2,True,Submitted,0,49,226.63,data/r2/swebench/p30s/qwen35b/di__binf__fc/django__django-12276/full-context/run_2,1,3,0,0,0,False,3,cd /testbed && git diff django/forms/widgets.py,echo COMPLETE_TASK_AND_SUBMIT_FINAL_OUTPUT && cat patch.txt,49,0,0.0,32768
django__django-15741,full-context,3,True,Submitted,0,75,233.7,data/r2/swebench/p30s/qwen35b/di__binf__fc/django__django-15741/full-context/run_3,0,5,0,0,0,True,5,cd /testbed && python reproduce_issue.py,echo COMPLETE_TASK_AND_SUBMIT_FINAL_OUTPUT && cat /testbed/fix.patch,75,0,0.0,32768
django__django-12304,full-context,2,True,Submitted,0,48,237.19,data/r2/swebench/p30s/qwen35b/di__binf__fc/django__django-12304/full-context/run_2,0,2,0,0,0,False,4,cat /testbed/django/db/models/enums.py,echo COMPLETE_TASK_AND_SUBMIT_FINAL_OUTPUT && cat patch.txt,48,0,0.0,32768
django__django-15278,full-context,2,True,Submitted,0,74,277.67,data/r2/swebench/p30s/qwen35b/di__binf__fc/django__django-15278/full-context/run_2,2,6,0,0,0,False,4,"sed -n '325,335p' /testbed/django/db/backends/sqlite3/schema.py",echo COMPLETE_TASK_AND_SUBMIT_FINAL_OUTPUT && cat patch.txt,74,0,0.0,32768
scikit-learn__scikit-learn-11578,full-context,2,True,Submitted,0,31,167.97,data/r2/swebench/p30s/qwen35b/di__binf__fc/scikit-learn__scikit-learn-11578/full-context/run_2,1,2,0,0,0,False,2,python /testbed/reproduce_issue.py,echo COMPLETE_TASK_AND_SUBMIT_FINAL_OUTPUT && cat patch.txt,31,0,0.0,32768
django__django-15098,full-context,2,False,Submitted,0,74,471.33,data/r2/swebench/p30s/qwen35b/di__binf__fc/django__django-15098/full-context/run_2,1,6,0,0,0,False,4,sed -n '46p' /testbed/django/utils/translation/trans_real.py,echo COMPLETE_TASK_AND_SUBMIT_FINAL_OUTPUT && cat patch.txt,74,0,0.0,32768
scikit-learn__scikit-learn-11578,full-context,3,True,Submitted,0,65,384.73,data/r2/swebench/p30s/qwen35b/di__binf__fc/scikit-learn__scikit-learn-11578/full-context/run_3,2,3,0,0,0,False,4,cd /testbed && git diff sklearn/linear_model/logistic.py,echo COMPLETE_TASK_AND_SUBMIT_FINAL_OUTPUT && cat patch.txt,65,0,0.0,32768
scikit-learn__scikit-learn-12682,full-context,2,True,Submitted,0,92,356.24,data/r2/swebench/p30s/qwen35b/di__binf__fc/scikit-learn__scikit-learn-12682/full-context/run_2,1,0,0,0,0,False,24,"sed -n '1150,1180p' /testbed/sklearn/decomposition/dict_learning.py",echo COMPLETE_TASK_AND_SUBMIT_FINAL_OUTPUT && cat /tmp/patch.txt,92,0,0.0,32768
scikit-learn__scikit-learn-13135,full-context,2,True,Submitted,0,44,214.42,data/r2/swebench/p30s/qwen35b/di__binf__fc/scikit-learn__scikit-learn-13135/full-context/run_2,0,4,0,0,0,False,5,"sed -n '165,180p' /testbed/sklearn/preprocessing/_discretization.py",echo COMPLETE_TASK_AND_SUBMIT_FINAL_OUTPUT && cat patch.txt,44,0,0.0,32768
scikit-learn__scikit-learn-13135,full-context,3,True,Submitted,0,32,123.22,data/r2/swebench/p30s/qwen35b/di__binf__fc/scikit-learn__scikit-learn-13135/full-context/run_3,0,2,0,0,0,False,2,"sed -n '165,180p' /testbed/sklearn/preprocessing/_discretization.py",echo COMPLETE_TASK_AND_SUBMIT_FINAL_OUTPUT && cat patch.txt,32,0,0.0,32768
scikit-learn__scikit-learn-13439,full-context,2,True,Submitted,0,44,166.01,data/r2/swebench/p30s/qwen35b/di__binf__fc/scikit-learn__scikit-learn-13439/full-context/run_2,0,8,0,0,0,False,2,"grep -n ""len(pipe"" /testbed/sklearn/tests/test_pipeline.py",echo COMPLETE_TASK_AND_SUBMIT_FINAL_OUTPUT && cat patch.txt,44,0,0.0,32768
django__django-12276,full-context,3,False,Submitted,0,57,814.33,data/r2/swebench/p30s/qwen35b/di__binf__fc/django__django-12276/full-context/run_3,1,9,0,0,0,True,7,cd /testbed && python test_issue.py,"echo COMPLETE_TASK_AND_SUBMIT_FINAL_OUTPUT && cat /testbed/django/forms/widgets.py | sed -n '385,400p'",57,0,0.0,32768
django__django-15368,full-context,3,True,Submitted,0,51,835.48,data/r2/swebench/p30s/qwen35b/di__binf__fc/django__django-15368/full-context/run_3,1,8,0,0,0,False,2,python /testbed/reproduce_issue.py,echo COMPLETE_TASK_AND_SUBMIT_FINAL_OUTPUT && cat patch.txt,51,0,0.0,32768
scikit-learn__scikit-learn-13439,full-context,3,True,Submitted,0,45,178.05,data/r2/swebench/p30s/qwen35b/di__binf__fc/scikit-learn__scikit-learn-13439/full-context/run_3,0,8,0,0,0,False,2,cd /testbed && git diff sklearn/pipeline.py,echo COMPLETE_TASK_AND_SUBMIT_FINAL_OUTPUT && cat patch.txt,45,0,0.0,32768
django__django-15525,full-context,2,False,Submitted,0,69,935.85,data/r2/swebench/p30s/qwen35b/di__binf__fc/django__django-15525/full-context/run_2,1,2,0,0,0,True,3,"sed -n '325,355p' /testbed/django/core/serializers/base.py","echo COMPLETE_TASK_AND_SUBMIT_FINAL_OUTPUT && cat /testbed/django/core/serializers/base.py | sed -n '325,355p'",69,0,0.0,32768
scikit-learn__scikit-learn-13779,full-context,3,True,Submitted,0,36,165.29,data/r2/swebench/p30s/qwen35b/di__binf__fc/scikit-learn__scikit-learn-13779/full-context/run_3,0,2,0,0,0,False,2,"sed -n '78,90p' /testbed/sklearn/ensemble/voting.py",echo COMPLETE_TASK_AND_SUBMIT_FINAL_OUTPUT && cat patch.txt,36,0,0.0,32768
django__django-11734,full-context,2,False,Submitted,0,113,1041.3,data/r2/swebench/p30s/qwen35b/di__binf__fc/django__django-11734/full-context/run_2,0,19,0,0,0,False,2,python /tmp/test_issue.py,echo COMPLETE_TASK_AND_SUBMIT_FINAL_OUTPUT && cat patch.txt,113,0,0.0,32768
django__django-15525,full-context,3,True,Submitted,0,74,1127.99,data/r2/swebench/p30s/qwen35b/di__binf__fc/django__django-15525/full-context/run_3,1,8,0,0,0,False,4,python /testbed/test_reproduce.py,echo COMPLETE_TASK_AND_SUBMIT_FINAL_OUTPUT && cat patch.txt,74,0,0.0,32768
scikit-learn__scikit-learn-14894,full-context,2,True,Submitted,0,49,200.15,data/r2/swebench/p30s/qwen35b/di__binf__fc/scikit-learn__scikit-learn-14894/full-context/run_2,0,9,0,0,0,False,3,"sed -n '232,260p' /testbed/sklearn/svm/base.py",echo COMPLETE_TASK_AND_SUBMIT_FINAL_OUTPUT && cat patch.txt,49,0,0.0,32768
scikit-learn__scikit-learn-14894,full-context,3,False,Submitted,0,48,158.32,data/r2/swebench/p30s/qwen35b/di__binf__fc/scikit-learn__scikit-learn-14894/full-context/run_3,0,2,0,0,0,False,3,cd /testbed && python reproduce_issue.py,echo COMPLETE_TASK_AND_SUBMIT_FINAL_OUTPUT && cat patch.txt,48,0,0.0,32768
scikit-learn__scikit-learn-14053,full-context,3,True,Submitted,0,61,367.1,data/r2/swebench/p30s/qwen35b/di__binf__fc/scikit-learn__scikit-learn-14053/full-context/run_3,0,3,0,0,0,False,6,"cd /testbed && sed -n '890,900p' sklearn/tree/export.py",echo COMPLETE_TASK_AND_SUBMIT_FINAL_OUTPUT && cat patch.txt,61,0,0.0,32768
scikit-learn__scikit-learn-14087,full-context,3,False,Submitted,0,69,377.36,data/r2/swebench/p30s/qwen35b/di__binf__fc/scikit-learn__scikit-learn-14087/full-context/run_3,0,9,0,0,0,False,4,"sed -n '2168,2195p' /testbed/sklearn/linear_model/logistic.py",echo COMPLETE_TASK_AND_SUBMIT_FINAL_OUTPUT && cat patch.txt,69,0,0.0,32768
scikit-learn__scikit-learn-25232,full-context,2,True,Submitted,0,69,281.52,data/r2/swebench/p30s/qwen35b/di__binf__fc/scikit-learn__scikit-learn-25232/full-context/run_2,1,9,0,0,0,False,2,"sed -n '285,300p' /testbed/sklearn/impute/_iterative.py",echo COMPLETE_TASK_AND_SUBMIT_FINAL_OUTPUT && cat /testbed/patch.txt 2>/dev/null || git diff sklearn/impute/_iterative.py > /testbed/patch.txt && cat /testbed/patch.txt,69,0,0.0,32768
scikit-learn__scikit-learn-25232,full-context,3,True,Submitted,0,50,288.81,data/r2/swebench/p30s/qwen35b/di__binf__fc/scikit-learn__scikit-learn-25232/full-context/run_3,1,4,0,0,0,False,2,"sed -n '605,630p' /testbed/sklearn/impute/_iterative.py",echo COMPLETE_TASK_AND_SUBMIT_FINAL_OUTPUT && cat patch.txt,50,0,0.0,32768
scikit-learn__scikit-learn-13779,full-context,2,True,Submitted,0,43,817.88,data/r2/swebench/p30s/qwen35b/di__binf__fc/scikit-learn__scikit-learn-13779/full-context/run_2,0,1,0,0,0,False,3,"sed -n '78,86p' /testbed/sklearn/ensemble/voting.py",echo COMPLETE_TASK_AND_SUBMIT_FINAL_OUTPUT && cat /testbed/patch.txt,43,0,0.0,32768
scikit-learn__scikit-learn-14053,full-context,2,False,Submitted,0,40,753.69,data/r2/swebench/p30s/qwen35b/di__binf__fc/scikit-learn__scikit-learn-14053/full-context/run_2,0,10,0,0,0,False,3,"cd /tmp && python -c ""from sklearn.tree import DecisionTreeClassifier; from sklearn.tree.export import export_text; from sklearn.datasets import load_iris; X, y = load_iris(return_X_y=True); X = X[:, 0].reshape(-1, 1); tree = DecisionTreeClassifier(); tree.fit(X, y); tree_text = export_text(tree, feature_names=['sepal_length']); print(tree_text)""",echo COMPLETE_TASK_AND_SUBMIT_FINAL_OUTPUT && cat patch.txt,40,0,0.0,32768
sympy__sympy-14531,full-context,2,False,Submitted,0,109,255.62,data/r2/swebench/p30s/qwen35b/di__binf__fc/sympy__sympy-14531/full-context/run_2,1,6,0,0,0,False,22,"grep -n ""Mapping"" /testbed/sympy/core/compatibility.py",echo COMPLETE_TASK_AND_SUBMIT_FINAL_OUTPUT && cat patch.txt,109,0,0.0,32768
sympy__sympy-14711,full-context,2,True,Submitted,0,66,219.01,data/r2/swebench/p30s/qwen35b/di__binf__fc/sympy__sympy-14711/full-context/run_2,0,13,0,0,0,False,6,"cd /testbed && python3 -c ""
from sympy.physics.vector import ReferenceFrame
N = ReferenceFrame('N')
result = 0 * N.x
print('Type:', type(result))
print('Value:', result)
print('Is Vector:', isinstance(result, type(N.x)))
""",echo COMPLETE_TASK_AND_SUBMIT_FINAL_OUTPUT && cat patch.txt,66,0,0.0,32768
scikit-learn__scikit-learn-12682,full-context,3,True,Submitted,0,88,1531.53,data/r2/swebench/p30s/qwen35b/di__binf__fc/scikit-learn__scikit-learn-12682/full-context/run_3,0,22,0,0,0,False,5,"sed -n '864,880p' /testbed/sklearn/decomposition/dict_learning.py",echo COMPLETE_TASK_AND_SUBMIT_FINAL_OUTPUT && cat /tmp/patch.txt,88,0,0.0,32768
sympy__sympy-14711,full-context,3,True,Submitted,0,90,342.76,data/r2/swebench/p30s/qwen35b/di__binf__fc/sympy__sympy-14711/full-context/run_3,1,11,0,0,0,False,5,"cd /testbed && python3 -c ""
from sympy.physics.vector import ReferenceFrame, Vector
N = ReferenceFrame('N')
print('N.x:', N.x)
print('type(N.x):', type(N.x))
print('0 * N.x:', 0 * N.x)
print('type(0 * N.x):', type(0 * N.x))
print('args of 0 * N.x:', (0 * N.x).args)
""",echo COMPLETE_TASK_AND_SUBMIT_FINAL_OUTPUT && cat /tmp/vector_fix.patch,90,0,0.0,32768
django__django-17084,full-context,3,True,Submitted,0,85,2173.51,data/r2/swebench/p30s/qwen35b/di__binf__fc/django__django-17084/full-context/run_3,3,33,0,0,0,False,3,"grep -n ""annotate.*Window\|Window.*annotate"" /testbed/tests/expressions_window/tests.py | head -20",cd /testbed && git diff django/db/models/sql/query.py > patch.txt && echo COMPLETE_TASK_AND_SUBMIT_FINAL_OUTPUT && cat patch.txt,85,0,0.0,32768
scikit-learn__scikit-learn-26194,full-context,3,False,Submitted,0,64,1208.84,data/r2/swebench/p30s/qwen35b/di__binf__fc/scikit-learn__scikit-learn-26194/full-context/run_3,0,5,0,0,0,False,3,"cd /tmp && python -c ""from sklearn.metrics import roc_curve; import numpy as np; rng = np.random.RandomState(42); y_true = rng.randint(0, 2, size=10); y_score = rng.rand(10); fpr, tpr, thresholds = roc_curve(y_true, y_score); print('thresholds:', thresholds); print('thresholds max:', thresholds.max()); print('Any threshold > 1:', (thresholds > 1).any())""",echo COMPLETE_TASK_AND_SUBMIT_FINAL_OUTPUT && cat patch.txt,64,0,0.0,32768
sympy__sympy-14531,full-context,3,True,Submitted,0,112,875.46,data/r2/swebench/p30s/qwen35b/di__binf__fc/sympy__sympy-14531/full-context/run_3,0,7,0,0,0,False,8,"grep -n ""Mapping"" /testbed/sympy/core/compatibility.py",echo COMPLETE_TASK_AND_SUBMIT_FINAL_OUTPUT && cat patch.txt,112,0,0.0,32768
scikit-learn__scikit-learn-26194,full-context,2,False,Submitted,0,44,1456.41,data/r2/swebench/p30s/qwen35b/di__binf__fc/scikit-learn__scikit-learn-26194/full-context/run_2,0,3,0,0,0,False,4,cd /testbed && git diff sklearn/metrics/_ranking.py,echo COMPLETE_TASK_AND_SUBMIT_FINAL_OUTPUT && cat patch.txt,44,0,0.0,32768
sympy__sympy-18211,full-context,2,False,Submitted,0,100,470.19,data/r2/swebench/p30s/qwen35b/di__binf__fc/sympy__sympy-18211/full-context/run_2,2,12,0,0,0,False,7,"sed -n '1,15p' /testbed/sympy/solvers/inequalities.py",echo COMPLETE_TASK_AND_SUBMIT_FINAL_OUTPUT && cat patch.txt,100,0,0.0,32768
sympy__sympy-18211,full-context,3,True,Submitted,0,41,162.46,data/r2/swebench/p30s/qwen35b/di__binf__fc/sympy__sympy-18211/full-context/run_3,1,9,0,0,0,False,2,"cd /testbed && python -c ""from sympy import *; n = symbols('n'); Eq(n*cos(n) - 3*sin(n), 0).as_set()""",echo COMPLETE_TASK_AND_SUBMIT_FINAL_OUTPUT && cat patch.txt,41,0,0.0,32768
sympy__sympy-19954,full-context,2,True,Submitted,0,26,107.04,data/r2/swebench/p30s/qwen35b/di__binf__fc/sympy__sympy-19954/full-context/run_2,0,0,0,0,0,False,2,python /testbed/reproduce_issue.py,echo COMPLETE_TASK_AND_SUBMIT_FINAL_OUTPUT && cat patch.txt,26,0,0.0,32768
sympy__sympy-17318,full-context,3,False,Submitted,0,53,975.2,data/r2/swebench/p30s/qwen35b/di__binf__fc/sympy__sympy-17318/full-context/run_3,0,8,0,0,0,False,2,"cd /testbed && python -c ""from sympy import sqrt, I; from sympy.simplify.sqrtdenest import sqrtdenest; print(sqrtdenest((3 - sqrt(2)*sqrt(4 + 3*I) + 3*I)/2))""",echo COMPLETE_TASK_AND_SUBMIT_FINAL_OUTPUT && cat patch.txt,53,0,0.0,32768
sympy__sympy-19954,full-context,3,True,Submitted,0,28,132.6,data/r2/swebench/p30s/qwen35b/di__binf__fc/sympy__sympy-19954/full-context/run_3,0,2,0,0,0,False,3,python /testbed/reproduce_issue.py,echo COMPLETE_TASK_AND_SUBMIT_FINAL_OUTPUT && cat patch.txt,28,0,0.0,32768
django__django-15957,full-context,2,False,Submitted,0,143,3533.19,data/r2/swebench/p30s/qwen35b/di__binf__fc/django__django-15957/full-context/run_2,5,58,0,0,0,False,9,cd /testbed && python tests/runtests.py prefetch_related.test_slice 2>&1,echo COMPLETE_TASK_AND_SUBMIT_FINAL_OUTPUT && cat patch.txt,143,0,0.0,32768
sympy__sympy-14248,full-context,3,False,Submitted,0,116,2551.28,data/r2/swebench/p30s/qwen35b/di__binf__fc/sympy__sympy-14248/full-context/run_3,1,43,0,0,0,False,16,cd /testbed && python reproduce_issue.py,echo COMPLETE_TASK_AND_SUBMIT_FINAL_OUTPUT && cat patch.txt,116,0,0.0,32768
sympy__sympy-24213,full-context,3,True,Submitted,0,27,89.32,data/r2/swebench/p30s/qwen35b/di__binf__fc/sympy__sympy-24213/full-context/run_3,0,5,0,0,0,False,2,python /testbed/reproduce_issue.py,git diff /testbed/sympy/physics/units/unitsystem.py > patch.txt && echo COMPLETE_TASK_AND_SUBMIT_FINAL_OUTPUT && cat patch.txt,27,0,0.0,32768
sympy__sympy-24213,full-context,2,True,Submitted,0,26,716.58,data/r2/swebench/p30s/qwen35b/di__binf__fc/sympy__sympy-24213/full-context/run_2,0,5,0,0,0,False,2,"sed -n '173,183p' /testbed/sympy/physics/units/unitsystem.py",echo COMPLETE_TASK_AND_SUBMIT_FINAL_OUTPUT && cat patch.txt,26,0,0.0,32768
sympy__sympy-20438,full-context,3,False,Submitted,0,72,923.26,data/r2/swebench/p30s/qwen35b/di__binf__fc/sympy__sympy-20438/full-context/run_3,4,17,0,0,0,False,14,"sed -n '880,890p' /testbed/sympy/sets/sets.py",echo COMPLETE_TASK_AND_SUBMIT_FINAL_OUTPUT && cat patch.txt,72,0,0.0,32768
django__django-15278,full-context,3,True,Submitted,0,102,4612.21,data/r2/swebench/p30s/qwen35b/di__binf__fc/django__django-15278/full-context/run_3,2,4,0,0,0,False,6,"grep -n ""sqlite"" /testbed/tests/schema/tests.py",echo COMPLETE_TASK_AND_SUBMIT_FINAL_OUTPUT && cat /testbed/patch.txt,102,0,0.0,32768
sympy__sympy-14248,full-context,2,False,Submitted,0,136,3452.08,data/r2/swebench/p30s/qwen35b/di__binf__fc/sympy__sympy-14248/full-context/run_2,4,28,0,0,0,False,12,cd /testbed && python3.10 reproduce_issue.py,echo COMPLETE_TASK_AND_SUBMIT_FINAL_OUTPUT && cat patch.txt,136,0,0.0,32768
django__django-11734,full-context,3,False,Timeout,-1,76,5400.03,data/r2/swebench/p30s/qwen35b/di__binf__fc/django__django-11734/full-context/run_3,4,10,1,0,0,False,2,"sed -n '1199,1330p' django/db/models/sql/query.py","sed -n '1331,1375p' django/db/models/sql/query.py",76,0,0.0,32768
django__django-15098,full-context,3,False,Timeout,-1,65,5400.06,data/r2/swebench/p30s/qwen35b/di__binf__fc/django__django-15098/full-context/run_3,2,1,1,0,0,False,6,cd /testbed && python test_issue.py,cd /testbed && python test_issue.py,65,0,0.0,32768
django__django-15957,full-context,3,False,Timeout,-1,143,5400.03,data/r2/swebench/p30s/qwen35b/di__binf__fc/django__django-15957/full-context/run_3,2,28,1,0,0,False,10,python /testbed/test_comprehensive.py,"sed -n '55,75p' /testbed/test_comprehensive.py",143,0,0.0,32768
django__django-17084,full-context,2,False,Timeout,-1,161,5400.03,data/r2/swebench/p30s/qwen35b/di__binf__fc/django__django-17084/full-context/run_2,2,16,1,0,0,False,10,"sed -n '425,460p' /testbed/django/db/models/sql/query.py","python3 << 'EOF'
with open('/testbed/django/db/models/sql/query.py', 'r') as f:
    content = f.read()

# Find the location to insert the code
old_code = '''        # Stash resolved aggregates now that they have been allowed to resolve
        # against each other.
        aggregates = {alias: self.annotations.pop(alias) for alias in aggregate_exprs}
        self.set_annotation_mask(annotation_select_mask)
        # Existing usage of aggregation can be determined by the presence of
        # selected aggregates but also by filters against aliased aggregates.
        _, having, qualify = self.where.split_having_qualify()
        # Window functions require a subquery when aggregating over them.
        # Check if any annotation (including those referenced by aggregates) contains window functions.
        has_window_functions = any(
            getattr(annotation, ""contains_over_clause"", False)
            for annotation in aggregates.values()
        )
        # Also check if any aggregate expressions reference annotations with window functions
        if not has_window_functions:
            for aggregate in aggregates.values():
                for ref in aggregate.get_refs():
                    if ref in self.annotations and getattr(self.annotations[ref], ""contains_over_clause"", False):
                        has_window_functions = True
                        break
                if has_window_functions:
                    break
        if has_window_functions:
            has_existing_aggregation = True'''

new_code = '''        # Stash resolved aggregates now that they have been allowed to resolve
        # against each other.
        aggregates = {alias: self.annotations.pop(alias) for alias in aggregate_exprs}
        self.set_annotation_mask(annotation_select_mask)
        # Existing usage of aggregation can be determined by the presence of
        # selected aggregates but also by filters against aliased aggregates.
        _, having, qualify = self.where.split_having_qualify()
        # Window functions require a subquery when aggregating over them.
        # Check if any annotation (including those referenced by aggregates) contains window functions.
        has_window_functions = any(
            getattr(annotation, ""contains_over_clause"", False)
            for annotation in self.annotations.values()
        )
        # Also check if any aggregate expressions reference annotations with window functions
        if not has_window_functions:
            for aggregate in aggregates.values():
                for ref in aggregate.get_refs():
                    if ref in self.annotations and getattr(self.annotations[ref], ""contains_over_clause"", False):
                        has_window_functions = True
                        break
                if has_window_functions:
                    break
        if has_window_functions:
            has_existing_aggregation = True'''

if old_code in content:
    content = content.replace(old_code, new_code)
    with open('/testbed/django/db/models/sql/query.py', 'w') as f:
        f.write(content)
    print(""File modified successfully"")
else:
    print(""Could not find the target code"")
EOF",161,0,0.0,32768
sympy__sympy-17318,full-context,2,True,Submitted,0,54,3248.44,data/r2/swebench/p30s/qwen35b/di__binf__fc/sympy__sympy-17318/full-context/run_2,2,18,2,0,0,False,3,python /testbed/reproduce_issue.py,echo COMPLETE_TASK_AND_SUBMIT_FINAL_OUTPUT && cat patch.txt,54,0,0.0,32768
sympy__sympy-20438,full-context,2,False,Submitted,0,98,2645.7,data/r2/swebench/p30s/qwen35b/di__binf__fc/sympy__sympy-20438/full-context/run_2,5,38,3,0,0,False,6,python /testbed/reproduce_issue.py,echo COMPLETE_TASK_AND_SUBMIT_FINAL_OUTPUT && cat patch.txt,98,0,0.0,32768
scikit-learn__scikit-learn-14087,full-context,2,False,Timeout,-1,31,5400.04,data/r2/swebench/p30s/qwen35b/di__binf__fc/scikit-learn__scikit-learn-14087/full-context/run_2,3,2,3,0,0,False,3,"sed -n '2085,2130p' /testbed/sklearn/linear_model/logistic.py","sed -n '2085,2130p' /testbed/sklearn/linear_model/logistic.py",31,0,0.0,32768
sympy__sympy-15875,full-context,2,False,Submitted,0,72,4656.32,data/r2/swebench/p30s/qwen35b/di__binf__fc/sympy__sympy-15875/full-context/run_2,7,27,5,0,0,False,7,"cd /testbed && python3 -c ""from sympy import *; e = -2*I + (1 + I)**2; print('e.is_zero:', e.is_zero); print('simplify(e).is_zero:', simplify(e).is_zero)""",echo COMPLETE_TASK_AND_SUBMIT_FINAL_OUTPUT && cat patch.txt,72,0,0.0,32768
sympy__sympy-15345,full-context,2,False,Timeout,-1,108,5400.04,data/r2/swebench/p30s/qwen35b/di__binf__fc/sympy__sympy-15345/full-context/run_2,6,1,5,0,0,False,31,"cd /testbed && python -c ""
from sympy import symbols, Max
from sympy.printing.mathematica import MCodePrinter

x = symbols('x')
m = Max(x, 2)
printer = MCodePrinter()

# Check which _print_Function is being used
print('MCodePrinter._print_Function:', MCodePrinter._print_Function)
print('printer._print_Function:', printer._print_Function)

# Check if they're the same
print()
print('Are they the same?', MCodePrinter._print_Function is printer._print_Function)

# Check what _print does
print()
print('Checking _print method resolution:')
classes = type(m).__mro__
print('  Classes:', [c.__name__ for c in classes])

# Check if there's a _print_Max in any class
for cls in classes:
    if hasattr(cls, '_print_Max'):
        print(f'  {cls.__name__} has _print_Max')
    if hasattr(cls, '_print_Function'):
        print(f'  {cls.__name__} has _print_Function')

# Check what _print actually does
print()
print('Calling printer._print(m):')
result = printer._print(m)
print(f'  Result: {result}')
""","cd /testbed && python -c ""
from sympy import symbols, Max
from sympy.printing.mathematica import MCodePrinter

x = symbols('x')
m = Max(x, 2)
printer = MCodePrinter()

# Check which _print_Function is being used
print('MCodePrinter._print_Function:', MCodePrinter._print_Function)
print('printer._print_Function:', printer._print_Function)

# Check if they're the same
print()
print('Are they the same?', MCodePrinter._print_Function is printer._print_Function)

# Check what _print does
print()
print('Checking _print method resolution:')
classes = type(m).__mro__
print('  Classes:', [c.__name__ for c in classes])

# Check if there's a _print_Max in any class
for cls in classes:
    if hasattr(cls, '_print_Max'):
        print(f'  {cls.__name__} has _print_Max')
    if hasattr(cls, '_print_Function'):
        print(f'  {cls.__name__} has _print_Function')

# Check what _print actually does
print()
print('Calling printer._print(m):')
result = printer._print(m)
print(f'  Result: {result}')
""",108,0,0.0,32768
sympy__sympy-15345,full-context,3,False,Timeout,-1,74,5400.05,data/r2/swebench/p30s/qwen35b/di__binf__fc/sympy__sympy-15345/full-context/run_3,7,24,5,0,0,False,6,cd /testbed && python reproduce_issue.py,"cat > /testbed/debug_args2.py << 'EOF'
from sympy import symbols, Max, Min
from sympy.core.sorting import ordered

x = symbols('x')

max_expr = Max(x, 2)
print(f""Max(x, 2).args = {max_expr.args}"")
print(f""Max(x, 2)._argset = {max_expr._argset}"")

# Check what ordered returns
print(f""ordered(max_expr._argset) = {list(ordered(max_expr._argset))}"")

# Check the original order
print(f""Original order: (x, 2)"")
EOF
python /testbed/debug_args2.py",74,0,0.0,32768
sympy__sympy-15875,full-context,3,False,Timeout,-1,85,5400.04,data/r2/swebench/p30s/qwen35b/di__binf__fc/sympy__sympy-15875/full-context/run_3,10,9,7,0,0,False,9,"cd /testbed && python -c ""from sympy import *; x = Symbol('x', real=True, finite=False); e = 1 + x**2 + (1 + x)*(1 - x); print('e:', e); print('e.expand():', e.expand()); print('e.is_finite:', e.is_finite)""","cat > /tmp/fix6.py << 'EOF'
import sys

# Read the file
with open('/testbed/sympy/core/add.py', 'r') as f:
    content = f.read()

# Find and replace the _eval_is_zero method
old_method = '''    def _eval_is_zero(self):
        if self.is_commutative is False:
            # issue 10528: there is no way to know if a nc symbol
            # is zero or not
            return
        nz = []
        z = 0
        im_or_z = False
        im = False
        for a in self.args:
            if a.is_real:
                if a.is_zero:
                    z += 1
                elif a.is_zero is False:
                    nz.append(a)
                else:
                    return
            elif a.is_imaginary:
                im = True
            elif (S.ImaginaryUnit*a).is_real:
                im_or_z = True
            else:
                return
        if z == len(self.args):
            return True
        if len(nz) == len(self.args):
            return None
        b = self.func(*nz)
        if b.is_zero:
            if not im_or_z and not im:
                return True
            if im and not im_or_z:
                return False
        if b.is_zero is False:
            return False
        # If we couldn't determine if the expression is zero, try expanding
        # to see if terms cancel out (e.g., (1+I)**2 - 2*I)
        expanded = self.expand()
        if expanded == 0:
            return True
        return None'''

new_method = '''    def _eval_is_zero(self):
        if self.is_commutative is False:
            # issue 10528: there is no way to know if a nc symbol
            # is zero or not
            return
        # Expand the expression to simplify it before checking
        # This is necessary to detect cases like (1+I)**2 - 2*I = 0
        expanded = self.expand()
        if expanded == 0:
            return True
        nz = []
        z = 0
        im_or_z = False
        im = False
        for a in expanded.args:
            if a.is_real:
                if a.is_zero:
                    z += 1
                elif a.is_zero is False:
                    nz.append(a)
                else:
                    return
            elif a.is_imaginary:
                im = True
            elif (S.ImaginaryUnit*a).is_real:
                im_or_z = True
            else:
                return
        if z == len(expanded.args):
            return True
        if len(nz) == len(expanded.args):
            return None
        b = expanded.func(*nz)
        if b.is_zero:
            if not im_or_z and not im:
                return True
            if im and not im_or_z:
                return False
        if b.is_zero is False:
            return False
        return None'''

if old_method in content:
    content = content.replace(old_method, new_method)
    with open('/testbed/sympy/core/add.py', 'w') as f:
        f.write(content)
    print(""Successfully patched the file"")
else:
    print(""Could not find the method to patch"")
    sys.exit(1)
EOF
python /tmp/fix6.py",85,0,0.0,32768
