cell,path,key,timestamp,exit_status,returncode,e2e_latency_s,n_calls,resolved,compression_events
ablation/qwen35b/d07__b10k__su-partial,ICLR_results/swebench/ablation/qwen35b/d07__b10k__su-partial/sympy__sympy-11618/summarization-partial/run_1/trajectory.json,sympy__sympy-11618__summarization-partial__r1,2026-09-08T11:04:33.069315,Submitted,0,82.35,54,True,2
ablation/qwen35b/d03__b10k__ss-partial,ICLR_results/swebench/ablation/qwen35b/d03__b10k__ss-partial/sympy__sympy-24066/structured-summarize-partial/run_3/trajectory.json,sympy__sympy-24066__structured-summarize-partial__r3,2026-09-08T08:13:23.326106,Submitted,0,701.61,79,True,4
ablation/qwen35b/d03__b10k__ss-partial,ICLR_results/swebench/ablation/qwen35b/d03__b10k__ss-partial/sympy__sympy-24066/structured-summarize-partial/run_2/trajectory.json,sympy__sympy-24066__structured-summarize-partial__r2,2026-09-08T08:09:13.905291,Submitted,0,491.48,63,True,2
ablation/qwen35b/d03__b10k__ss-partial,ICLR_results/swebench/ablation/qwen35b/d03__b10k__ss-partial/django__django-13012/structured-summarize-partial/run_3/trajectory.json,django__django-13012__structured-summarize-partial__r3,2026-09-08T07:28:17.557484,,-1,1500.05,114,,6
ablation/qwen35b/d03__b10k__ss-partial,ICLR_results/swebench/ablation/qwen35b/d03__b10k__ss-partial/sympy__sympy-19637/structured-summarize-partial/run_3/trajectory.json,sympy__sympy-19637__structured-summarize-partial__r3,2026-09-08T08:03:22.834569,Submitted,0,154.46,24,True,1
ablation/qwen35b/d03__b10k__ss-partial,ICLR_results/swebench/ablation/qwen35b/d03__b10k__ss-partial/sympy__sympy-19637/structured-summarize-partial/run_1/trajectory.json,sympy__sympy-19637__structured-summarize-partial__r1,2026-09-08T08:05:39.799261,Submitted,0,305.6,37,True,1
ablation/qwen35b/d03__b10k__ss-partial,ICLR_results/swebench/ablation/qwen35b/d03__b10k__ss-partial/scikit-learn__scikit-learn-15100/structured-summarize-partial/run_3/trajectory.json,scikit-learn__scikit-learn-15100__structured-summarize-partial__r3,2026-09-08T07:56:45.897610,Submitted,0,1393.45,82,True,5
ablation/qwen35b/d03__b10k__ss-partial,ICLR_results/swebench/ablation/qwen35b/d03__b10k__ss-partial/scikit-learn__scikit-learn-15100/structured-summarize-partial/run_2/trajectory.json,scikit-learn__scikit-learn-15100__structured-summarize-partial__r2,2026-09-08T07:42:13.587083,Submitted,0,628.26,40,,2
ablation/qwen35b/d03__b10k__ss-partial,ICLR_results/swebench/ablation/qwen35b/d03__b10k__ss-partial/scikit-learn__scikit-learn-15100/structured-summarize-partial/run_1/trajectory.json,scikit-learn__scikit-learn-15100__structured-summarize-partial__r1,2026-09-08T07:33:32.446604,Submitted,0,314.83,17,True,1
ablation/qwen35b/d03__b10k__ss-partial,ICLR_results/swebench/ablation/qwen35b/d03__b10k__ss-partial/sympy__sympy-13091/structured-summarize-partial/run_3/trajectory.json,sympy__sympy-13091__structured-summarize-partial__r3,2026-09-08T08:04:12.278730,LimitsExceeded,0,1061.29,125,,5
ablation/qwen35b/d03__b10k__ss-partial,ICLR_results/swebench/ablation/qwen35b/d03__b10k__ss-partial/sympy__sympy-13091/structured-summarize-partial/run_2/trajectory.json,sympy__sympy-13091__structured-summarize-partial__r2,2026-09-08T08:10:37.985303,,-1,1500.02,118,,4
ablation/qwen35b/d03__b10k__ss-partial,ICLR_results/swebench/ablation/qwen35b/d03__b10k__ss-partial/sympy__sympy-17630/structured-summarize-partial/run_3/trajectory.json,sympy__sympy-17630__structured-summarize-partial__r3,2026-09-08T08:16:07.269877,LimitsExceeded,0,966.53,125,,9
ablation/qwen35b/d03__b10k__ss-partial,ICLR_results/swebench/ablation/qwen35b/d03__b10k__ss-partial/sympy__sympy-17630/structured-summarize-partial/run_2/trajectory.json,sympy__sympy-17630__structured-summarize-partial__r2,2026-09-08T08:16:16.229883,LimitsExceeded,0,1034.31,125,,10
ablation/qwen35b/d03__b10k__ss-partial,ICLR_results/swebench/ablation/qwen35b/d03__b10k__ss-partial/sympy__sympy-17630/structured-summarize-partial/run_1/trajectory.json,sympy__sympy-17630__structured-summarize-partial__r1,2026-09-08T08:14:11.375887,LimitsExceeded,0,983.15,125,,10
ablation/qwen35b/d03__b10k__ss-partial,ICLR_results/swebench/ablation/qwen35b/d03__b10k__ss-partial/django__django-11299/structured-summarize-partial/run_3/trajectory.json,django__django-11299__structured-summarize-partial__r3,2026-09-08T07:23:25.274311,LimitsExceeded,0,1207.8,125,,10
ablation/qwen35b/d03__b10k__ss-partial,ICLR_results/swebench/ablation/qwen35b/d03__b10k__ss-partial/django__django-11299/structured-summarize-partial/run_2/trajectory.json,django__django-11299__structured-summarize-partial__r2,2026-09-08T07:18:10.144400,Submitted,0,892.68,76,True,5
ablation/qwen35b/d03__b10k__ss-partial,ICLR_results/swebench/ablation/qwen35b/d03__b10k__ss-partial/django__django-11299/structured-summarize-partial/run_1/trajectory.json,django__django-11299__structured-summarize-partial__r1,2026-09-08T07:27:36.630445,LimitsExceeded,0,1459.17,125,,8
ablation/qwen35b/d03__b10k__ss-partial,ICLR_results/swebench/ablation/qwen35b/d03__b10k__ss-partial/scikit-learn__scikit-learn-13328/structured-summarize-partial/run_3/trajectory.json,scikit-learn__scikit-learn-13328__structured-summarize-partial__r3,2026-09-08T07:53:17.567981,,-1,1500.01,87,,9
ablation/qwen35b/d03__b10k__ss-partial,ICLR_results/swebench/ablation/qwen35b/d03__b10k__ss-partial/scikit-learn__scikit-learn-13328/structured-summarize-partial/run_2/trajectory.json,scikit-learn__scikit-learn-13328__structured-summarize-partial__r2,2026-09-08T07:52:30.962828,Submitted,0,1453.44,80,True,7
ablation/qwen35b/d03__b10k__ss-partial,ICLR_results/swebench/ablation/qwen35b/d03__b10k__ss-partial/scikit-learn__scikit-learn-13328/structured-summarize-partial/run_1/trajectory.json,scikit-learn__scikit-learn-13328__structured-summarize-partial__r1,2026-09-08T07:38:54.271964,Submitted,0,677.64,67,True,5
ablation/qwen35b/d03__b10k__ss-partial,ICLR_results/swebench/ablation/qwen35b/d03__b10k__ss-partial/scikit-learn__scikit-learn-13779/structured-summarize-partial/run_3/trajectory.json,scikit-learn__scikit-learn-13779__structured-summarize-partial__r3,2026-09-08T07:53:17.594279,,-1,1500.0,83,,5
ablation/qwen35b/d03__b10k__ss-partial,ICLR_results/swebench/ablation/qwen35b/d03__b10k__ss-partial/scikit-learn__scikit-learn-13779/structured-summarize-partial/run_1/trajectory.json,scikit-learn__scikit-learn-13779__structured-summarize-partial__r1,2026-09-08T07:36:02.413420,Submitted,0,464.84,35,True,1
ablation/qwen35b/d03__b10k__ss-partial,ICLR_results/swebench/ablation/qwen35b/d03__b10k__ss-partial/sympy__sympy-15345/structured-summarize-partial/run_2/trajectory.json,sympy__sympy-15345__structured-summarize-partial__r2,2026-09-08T08:03:24.482732,Submitted,0,398.58,46,True,1
ablation/qwen35b/d03__b10k__ss-partial,ICLR_results/swebench/ablation/qwen35b/d03__b10k__ss-partial/sympy__sympy-15345/structured-summarize-partial/run_1/trajectory.json,sympy__sympy-15345__structured-summarize-partial__r1,2026-09-08T08:13:54.889597,LimitsExceeded,0,1237.29,125,,7
ablation/qwen35b/d03__b10k__ss-partial,ICLR_results/swebench/ablation/qwen35b/d03__b10k__ss-partial/django__django-14580/structured-summarize-partial/run_3/trajectory.json,django__django-14580__structured-summarize-partial__r3,2026-09-08T07:18:33.270379,Submitted,0,915.65,83,True,4
ablation/qwen35b/d03__b10k__ss-partial,ICLR_results/swebench/ablation/qwen35b/d03__b10k__ss-partial/django__django-14580/structured-summarize-partial/run_2/trajectory.json,django__django-14580__structured-summarize-partial__r2,2026-09-08T07:10:48.344849,Submitted,0,450.74,37,True,2
ablation/qwen35b/d03__b10k__ss-partial,ICLR_results/swebench/ablation/qwen35b/d03__b10k__ss-partial/django__django-14580/structured-summarize-partial/run_1/trajectory.json,django__django-14580__structured-summarize-partial__r1,2026-09-08T07:17:55.506083,Submitted,0,877.9,62,True,3
ablation/qwen35b/d03__b10k__ss-partial,ICLR_results/swebench/ablation/qwen35b/d03__b10k__ss-partial/django__django-14915/structured-summarize-partial/run_1/trajectory.json,django__django-14915__structured-summarize-partial__r1,2026-09-08T07:13:42.929248,Submitted,0,340.54,42,True,1
ablation/qwen35b/d03__b10k__ss-partial,ICLR_results/swebench/ablation/qwen35b/d03__b10k__ss-partial/django__django-17087/structured-summarize-partial/run_2/trajectory.json,django__django-17087__structured-summarize-partial__r2,2026-09-08T07:23:52.612459,Submitted,0,550.67,85,True,2
ablation/qwen35b/d03__b10k__ss-partial,ICLR_results/swebench/ablation/qwen35b/d03__b10k__ss-partial/sympy__sympy-15017/structured-summarize-partial/run_3/trajectory.json,sympy__sympy-15017__structured-summarize-partial__r3,2026-09-08T07:57:48.225389,Submitted,0,270.65,34,True,1
ablation/qwen35b/d03__b10k__ss-partial,ICLR_results/swebench/ablation/qwen35b/d03__b10k__ss-partial/sympy__sympy-15017/structured-summarize-partial/run_2/trajectory.json,sympy__sympy-15017__structured-summarize-partial__r2,2026-09-08T08:00:00.737959,Submitted,0,449.77,63,True,2
ablation/qwen35b/d03__b10k__ss-partial,ICLR_results/swebench/ablation/qwen35b/d03__b10k__ss-partial/scikit-learn__scikit-learn-10297/structured-summarize-partial/run_3/trajectory.json,scikit-learn__scikit-learn-10297__structured-summarize-partial__r3,2026-09-08T07:43:10.157279,,-1,1500.01,111,,6
ablation/qwen35b/d03__b10k__ss-partial,ICLR_results/swebench/ablation/qwen35b/d03__b10k__ss-partial/scikit-learn__scikit-learn-10297/structured-summarize-partial/run_1/trajectory.json,scikit-learn__scikit-learn-10297__structured-summarize-partial__r1,2026-09-08T07:24:16.416616,Submitted,0,380.91,23,True,1
ablation/qwen35b/d03__b10k__ss-partial,ICLR_results/swebench/ablation/qwen35b/d03__b10k__ss-partial/scikit-learn__scikit-learn-14496/structured-summarize-partial/run_2/trajectory.json,scikit-learn__scikit-learn-14496__structured-summarize-partial__r2,2026-09-08T07:34:01.894883,Submitted,0,344.29,27,True,1
ablation/qwen35b/d03__b10k__ss-partial,ICLR_results/swebench/ablation/qwen35b/d03__b10k__ss-partial/django__django-13964/structured-summarize-partial/run_3/trajectory.json,django__django-13964__structured-summarize-partial__r3,2026-09-08T07:28:17.613941,,-1,1500.05,81,,6
ablation/qwen35b/d03__b10k__ss-partial,ICLR_results/swebench/ablation/qwen35b/d03__b10k__ss-partial/django__django-13964/structured-summarize-partial/run_2/trajectory.json,django__django-13964__structured-summarize-partial__r2,2026-09-08T07:28:17.608408,,-1,1500.04,89,,6
ablation/qwen35b/d03__b10k__ss-partial,ICLR_results/swebench/ablation/qwen35b/d03__b10k__ss-partial/django__django-13964/structured-summarize-partial/run_1/trajectory.json,django__django-13964__structured-summarize-partial__r1,2026-09-08T07:18:17.766226,Submitted,0,900.2,67,False,5
ablation/qwen35b/d03__b10k__ss-partial,ICLR_results/swebench/ablation/qwen35b/d03__b10k__ss-partial/sympy__sympy-13757/structured-summarize-partial/run_3/trajectory.json,sympy__sympy-13757__structured-summarize-partial__r3,2026-09-08T08:01:52.246662,Submitted,0,747.5,64,False,4
ablation/qwen35b/d03__b10k__ss-partial,ICLR_results/swebench/ablation/qwen35b/d03__b10k__ss-partial/sympy__sympy-13757/structured-summarize-partial/run_2/trajectory.json,sympy__sympy-13757__structured-summarize-partial__r2,2026-09-08T08:05:49.856146,Submitted,0,993.43,103,False,5
ablation/qwen35b/d03__b10k__ss-partial,ICLR_results/swebench/ablation/qwen35b/d03__b10k__ss-partial/sympy__sympy-13757/structured-summarize-partial/run_1/trajectory.json,sympy__sympy-13757__structured-summarize-partial__r1,2026-09-08T08:08:02.616185,LimitsExceeded,0,1147.31,125,,5
ablation/qwen35b/d03__b10k__ss-partial,ICLR_results/swebench/ablation/qwen35b/d03__b10k__ss-partial/scikit-learn__scikit-learn-25747/structured-summarize-partial/run_3/trajectory.json,scikit-learn__scikit-learn-25747__structured-summarize-partial__r3,2026-09-08T08:00:48.367398,,-1,1500.01,62,,7
ablation/qwen35b/d03__b10k__ss-partial,ICLR_results/swebench/ablation/qwen35b/d03__b10k__ss-partial/scikit-learn__scikit-learn-25747/structured-summarize-partial/run_2/trajectory.json,scikit-learn__scikit-learn-25747__structured-summarize-partial__r2,2026-09-08T08:00:34.193508,,-1,1500.0,60,,7
ablation/qwen35b/d03__b10k__ss-partial,ICLR_results/swebench/ablation/qwen35b/d03__b10k__ss-partial/scikit-learn__scikit-learn-25747/structured-summarize-partial/run_1/trajectory.json,scikit-learn__scikit-learn-25747__structured-summarize-partial__r1,2026-09-08T07:59:01.912975,,-1,1500.01,81,,7
ablation/qwen35b/d03__b10k__ss-partial,ICLR_results/swebench/ablation/qwen35b/d03__b10k__ss-partial/sympy__sympy-13031/structured-summarize-partial/run_3/trajectory.json,sympy__sympy-13031__structured-summarize-partial__r3,2026-09-08T08:01:41.713731,LimitsExceeded,0,1111.55,125,,4
ablation/qwen35b/d03__b10k__ss-partial,ICLR_results/swebench/ablation/qwen35b/d03__b10k__ss-partial/sympy__sympy-13031/structured-summarize-partial/run_2/trajectory.json,sympy__sympy-13031__structured-summarize-partial__r2,2026-09-08T08:07:13.593809,,-1,1500.0,107,,4
ablation/qwen35b/d03__b10k__ss-partial,ICLR_results/swebench/ablation/qwen35b/d03__b10k__ss-partial/django__django-11292/structured-summarize-partial/run_3/trajectory.json,django__django-11292__structured-summarize-partial__r3,2026-09-08T07:14:41.939032,Submitted,0,684.5,49,True,2
ablation/qwen35b/d03__b10k__ss-partial,ICLR_results/swebench/ablation/qwen35b/d03__b10k__ss-partial/django__django-11292/structured-summarize-partial/run_2/trajectory.json,django__django-11292__structured-summarize-partial__r2,2026-09-08T07:08:02.391232,Submitted,0,284.96,31,True,1
ablation/qwen35b/d03__b10k__ss-partial,ICLR_results/swebench/ablation/qwen35b/d03__b10k__ss-partial/django__django-11292/structured-summarize-partial/run_1/trajectory.json,django__django-11292__structured-summarize-partial__r1,2026-09-08T07:10:34.165993,Submitted,0,436.74,27,True,1
ablation/qwen35b/d03__b10k__ss-partial,ICLR_results/swebench/ablation/qwen35b/d03__b10k__ss-partial/django__django-12273/structured-summarize-partial/run_3/trajectory.json,django__django-12273__structured-summarize-partial__r3,2026-09-08T07:28:17.591925,,-1,1500.05,80,,6
ablation/qwen35b/d03__b10k__ss-partial,ICLR_results/swebench/ablation/qwen35b/d03__b10k__ss-partial/django__django-12273/structured-summarize-partial/run_2/trajectory.json,django__django-12273__structured-summarize-partial__r2,2026-09-08T07:28:17.517912,,-1,1500.05,47,,3
ablation/qwen35b/d03__b10k__ss-partial,ICLR_results/swebench/ablation/qwen35b/d03__b10k__ss-partial/django__django-12273/structured-summarize-partial/run_1/trajectory.json,django__django-12273__structured-summarize-partial__r1,2026-09-08T07:28:17.568942,,-1,1500.03,68,,4
ablation/qwen35b/d03__b10k__ss-partial,ICLR_results/swebench/ablation/qwen35b/d03__b10k__ss-partial/sympy__sympy-24443/structured-summarize-partial/run_3/trajectory.json,sympy__sympy-24443__structured-summarize-partial__r3,2026-09-08T08:09:45.865329,Submitted,0,383.03,31,True,1
ablation/qwen35b/d03__b10k__ss-partial,ICLR_results/swebench/ablation/qwen35b/d03__b10k__ss-partial/sympy__sympy-24443/structured-summarize-partial/run_2/trajectory.json,sympy__sympy-24443__structured-summarize-partial__r2,2026-09-08T08:07:07.330833,Submitted,0,315.08,16,True,1
ablation/qwen35b/d03__b10k__ss-partial,ICLR_results/swebench/ablation/qwen35b/d03__b10k__ss-partial/sympy__sympy-11618/structured-summarize-partial/run_3/trajectory.json,sympy__sympy-11618__structured-summarize-partial__r3,2026-09-08T07:48:55.305034,Submitted,0,464.35,55,True,1
ablation/qwen35b/d03__b10k__ss-partial,ICLR_results/swebench/ablation/qwen35b/d03__b10k__ss-partial/sympy__sympy-11618/structured-summarize-partial/run_2/trajectory.json,sympy__sympy-11618__structured-summarize-partial__r2,2026-09-08T07:49:24.747737,Submitted,0,621.5,53,True,2
ablation/qwen35b/d03__b10k__ss-partial,ICLR_results/swebench/ablation/qwen35b/d03__b10k__ss-partial/sympy__sympy-11618/structured-summarize-partial/run_1/trajectory.json,sympy__sympy-11618__structured-summarize-partial__r1,2026-09-08T07:45:37.967575,Submitted,0,403.69,58,True,1
ablation/qwen35b/d03__b10k__ss-partial,ICLR_results/swebench/ablation/qwen35b/d03__b10k__ss-partial/django__django-14999/structured-summarize-partial/run_3/trajectory.json,django__django-14999__structured-summarize-partial__r3,2026-09-08T07:38:42.935905,,-1,1500.01,93,,5
ablation/qwen35b/d03__b10k__ss-partial,ICLR_results/swebench/ablation/qwen35b/d03__b10k__ss-partial/django__django-14999/structured-summarize-partial/run_2/trajectory.json,django__django-14999__structured-summarize-partial__r2,2026-09-08T07:35:48.348479,,-1,1500.0,97,,7
ablation/qwen35b/d03__b10k__ss-partial,ICLR_results/swebench/ablation/qwen35b/d03__b10k__ss-partial/django__django-14999/structured-summarize-partial/run_1/trajectory.json,django__django-14999__structured-summarize-partial__r1,2026-09-08T07:35:34.184950,,-1,1500.02,103,,5
ablation/qwen35b/d03__b10k__ss-partial,ICLR_results/swebench/ablation/qwen35b/d03__b10k__ss-partial/scikit-learn__scikit-learn-11310/structured-summarize-partial/run_3/trajectory.json,scikit-learn__scikit-learn-11310__structured-summarize-partial__r3,2026-09-08T07:49:16.421772,,-1,1500.0,114,,8
ablation/qwen35b/d03__b10k__ss-partial,ICLR_results/swebench/ablation/qwen35b/d03__b10k__ss-partial/scikit-learn__scikit-learn-11310/structured-summarize-partial/run_1/trajectory.json,scikit-learn__scikit-learn-11310__structured-summarize-partial__r1,2026-09-08T07:46:30.992089,Submitted,0,1358.38,125,False,9
ablation/qwen35b/d03__b10k__ss-partial,ICLR_results/swebench/ablation/qwen35b/d03__b10k__ss-partial/scikit-learn__scikit-learn-10908/structured-summarize-partial/run_3/trajectory.json,scikit-learn__scikit-learn-10908__structured-summarize-partial__r3,2026-09-08T07:39:03.248460,Submitted,0,937.97,64,True,4
ablation/qwen35b/d03__b10k__ss-partial,ICLR_results/swebench/ablation/qwen35b/d03__b10k__ss-partial/scikit-learn__scikit-learn-10908/structured-summarize-partial/run_2/trajectory.json,scikit-learn__scikit-learn-10908__structured-summarize-partial__r2,2026-09-08T07:41:10.953325,Submitted,0,1357.68,88,True,6
ablation/qwen35b/d03__b10k__ss-partial,ICLR_results/swebench/ablation/qwen35b/d03__b10k__ss-partial/scikit-learn__scikit-learn-10908/structured-summarize-partial/run_1/trajectory.json,scikit-learn__scikit-learn-10908__structured-summarize-partial__r1,2026-09-08T07:31:45.323720,Submitted,0,807.54,72,True,3
ablation/qwen35b/d03__b10k__ss-partial,ICLR_results/swebench/ablation/qwen35b/d03__b10k__ss-partial/scikit-learn__scikit-learn-26323/structured-summarize-partial/run_3/trajectory.json,scikit-learn__scikit-learn-26323__structured-summarize-partial__r3,2026-09-08T08:03:42.942597,,-1,1500.0,112,,8
ablation/qwen35b/d03__b10k__ss-partial,ICLR_results/swebench/ablation/qwen35b/d03__b10k__ss-partial/scikit-learn__scikit-learn-26323/structured-summarize-partial/run_1/trajectory.json,scikit-learn__scikit-learn-26323__structured-summarize-partial__r1,2026-09-08T08:01:02.421764,,-1,1500.01,119,,9
ablation/qwen35b/d03__b10k__ss,ICLR_results/swebench/ablation/qwen35b/d03__b10k__ss/sympy__sympy-24066/structured-summarize/run_1/trajectory.json,sympy__sympy-24066__structured-summarize__r1,2026-09-08T06:43:33.928364,Submitted,0,829.84,70,False,4
ablation/qwen35b/d03__b10k__ss,ICLR_results/swebench/ablation/qwen35b/d03__b10k__ss/django__django-13012/structured-summarize/run_3/trajectory.json,django__django-13012__structured-summarize__r3,2026-09-08T05:56:03.178577,Submitted,0,979.1,50,True,2
ablation/qwen35b/d03__b10k__ss,ICLR_results/swebench/ablation/qwen35b/d03__b10k__ss/scikit-learn__scikit-learn-15100/structured-summarize/run_1/trajectory.json,scikit-learn__scikit-learn-15100__structured-summarize__r1,2026-09-08T06:13:09.972555,Submitted,0,505.73,20,True,1
ablation/qwen35b/d03__b10k__ss,ICLR_results/swebench/ablation/qwen35b/d03__b10k__ss/scikit-learn__scikit-learn-11578/structured-summarize/run_3/trajectory.json,scikit-learn__scikit-learn-11578__structured-summarize__r3,2026-09-08T06:10:29.674114,Submitted,0,345.52,17,True,1
ablation/qwen35b/d03__b10k__ss,ICLR_results/swebench/ablation/qwen35b/d03__b10k__ss/scikit-learn__scikit-learn-11578/structured-summarize/run_1/trajectory.json,scikit-learn__scikit-learn-11578__structured-summarize__r1,2026-09-08T06:19:20.862666,Submitted,0,876.71,35,True,2
ablation/qwen35b/d03__b10k__ss,ICLR_results/swebench/ablation/qwen35b/d03__b10k__ss/sympy__sympy-13091/structured-summarize/run_2/trajectory.json,sympy__sympy-13091__structured-summarize__r2,2026-09-08T06:33:05.720241,Submitted,0,722.53,82,False,3
ablation/qwen35b/d03__b10k__ss,ICLR_results/swebench/ablation/qwen35b/d03__b10k__ss/sympy__sympy-17630/structured-summarize/run_2/trajectory.json,sympy__sympy-17630__structured-summarize__r2,2026-09-08T06:34:46.296748,Submitted,0,302.22,39,False,2
ablation/qwen35b/d03__b10k__ss,ICLR_results/swebench/ablation/qwen35b/d03__b10k__ss/sympy__sympy-17630/structured-summarize/run_1/trajectory.json,sympy__sympy-17630__structured-summarize__r1,2026-09-08T06:44:45.762983,Submitted,0,901.7,63,False,4
ablation/qwen35b/d03__b10k__ss,ICLR_results/swebench/ablation/qwen35b/d03__b10k__ss/django__django-11299/structured-summarize/run_3/trajectory.json,django__django-11299__structured-summarize__r3,2026-09-08T06:04:44.075443,,-1,1500.02,87,,5
ablation/qwen35b/d03__b10k__ss,ICLR_results/swebench/ablation/qwen35b/d03__b10k__ss/django__django-11299/structured-summarize/run_2/trajectory.json,django__django-11299__structured-summarize__r2,2026-09-08T06:04:44.035335,Submitted,-1,1500.01,65,True,4
ablation/qwen35b/d03__b10k__ss,ICLR_results/swebench/ablation/qwen35b/d03__b10k__ss/django__django-11299/structured-summarize/run_1/trajectory.json,django__django-11299__structured-summarize__r1,2026-09-08T06:04:10.231935,Submitted,0,1466.23,81,True,6
ablation/qwen35b/d03__b10k__ss,ICLR_results/swebench/ablation/qwen35b/d03__b10k__ss/scikit-learn__scikit-learn-13328/structured-summarize/run_1/trajectory.json,scikit-learn__scikit-learn-13328__structured-summarize__r1,2026-09-08T06:29:44.171173,,-1,1500.01,80,,9
ablation/qwen35b/d03__b10k__ss,ICLR_results/swebench/ablation/qwen35b/d03__b10k__ss/scikit-learn__scikit-learn-13779/structured-summarize/run_3/trajectory.json,scikit-learn__scikit-learn-13779__structured-summarize__r3,2026-09-08T06:29:44.244122,,-1,1500.02,66,,4
ablation/qwen35b/d03__b10k__ss,ICLR_results/swebench/ablation/qwen35b/d03__b10k__ss/scikit-learn__scikit-learn-13779/structured-summarize/run_1/trajectory.json,scikit-learn__scikit-learn-13779__structured-summarize__r1,2026-09-08T06:29:44.230813,,-1,1500.06,64,,5
ablation/qwen35b/d03__b10k__ss,ICLR_results/swebench/ablation/qwen35b/d03__b10k__ss/sympy__sympy-15345/structured-summarize/run_2/trajectory.json,sympy__sympy-15345__structured-summarize__r2,2026-09-08T06:49:44.911957,LimitsExceeded,0,1359.75,125,,6
ablation/qwen35b/d03__b10k__ss,ICLR_results/swebench/ablation/qwen35b/d03__b10k__ss/sympy__sympy-15345/structured-summarize/run_1/trajectory.json,sympy__sympy-15345__structured-summarize__r1,2026-09-08T06:45:27.366205,Submitted,0,1156.47,120,True,5
ablation/qwen35b/d03__b10k__ss,ICLR_results/swebench/ablation/qwen35b/d03__b10k__ss/django__django-14580/structured-summarize/run_3/trajectory.json,django__django-14580__structured-summarize__r3,2026-09-08T06:04:44.244032,,-1,1500.01,87,,6
ablation/qwen35b/d03__b10k__ss,ICLR_results/swebench/ablation/qwen35b/d03__b10k__ss/django__django-14580/structured-summarize/run_2/trajectory.json,django__django-14580__structured-summarize__r2,2026-09-08T06:04:44.227011,,-1,1500.05,66,,5
ablation/qwen35b/d03__b10k__ss,ICLR_results/swebench/ablation/qwen35b/d03__b10k__ss/django__django-14580/structured-summarize/run_1/trajectory.json,django__django-14580__structured-summarize__r1,2026-09-08T06:04:44.174522,,-1,1500.01,63,,6
ablation/qwen35b/d03__b10k__ss,ICLR_results/swebench/ablation/qwen35b/d03__b10k__ss/django__django-14915/structured-summarize/run_2/trajectory.json,django__django-14915__structured-summarize__r2,2026-09-08T05:50:03.439998,Submitted,0,619.24,38,True,2
ablation/qwen35b/d03__b10k__ss,ICLR_results/swebench/ablation/qwen35b/d03__b10k__ss/django__django-17087/structured-summarize/run_2/trajectory.json,django__django-17087__structured-summarize__r2,2026-09-08T06:21:03.194105,,-1,1500.01,108,,6
ablation/qwen35b/d03__b10k__ss,ICLR_results/swebench/ablation/qwen35b/d03__b10k__ss/scikit-learn__scikit-learn-10297/structured-summarize/run_1/trajectory.json,scikit-learn__scikit-learn-10297__structured-summarize__r1,2026-09-08T06:21:08.982514,Submitted,0,1018.75,66,True,3
ablation/qwen35b/d03__b10k__ss,ICLR_results/swebench/ablation/qwen35b/d03__b10k__ss/django__django-13964/structured-summarize/run_3/trajectory.json,django__django-13964__structured-summarize__r3,2026-09-08T06:04:44.147825,,-1,1500.01,19,,0
ablation/qwen35b/d03__b10k__ss,ICLR_results/swebench/ablation/qwen35b/d03__b10k__ss/django__django-13964/structured-summarize/run_2/trajectory.json,django__django-13964__structured-summarize__r2,2026-09-08T06:04:44.143862,,-1,1500.02,74,,6
ablation/qwen35b/d03__b10k__ss,ICLR_results/swebench/ablation/qwen35b/d03__b10k__ss/django__django-13964/structured-summarize/run_1/trajectory.json,django__django-13964__structured-summarize__r1,2026-09-08T06:04:44.152604,,-1,1500.04,49,,3
ablation/qwen35b/d03__b10k__ss,ICLR_results/swebench/ablation/qwen35b/d03__b10k__ss/sympy__sympy-13757/structured-summarize/run_3/trajectory.json,sympy__sympy-13757__structured-summarize__r3,2026-09-08T06:47:04.653414,LimitsExceeded,0,1257.26,125,,7
ablation/qwen35b/d03__b10k__ss,ICLR_results/swebench/ablation/qwen35b/d03__b10k__ss/sympy__sympy-13757/structured-summarize/run_1/trajectory.json,sympy__sympy-13757__structured-summarize__r1,2026-09-08T06:44:14.320652,LimitsExceeded,0,1385.33,125,,10
ablation/qwen35b/d03__b10k__ss,ICLR_results/swebench/ablation/qwen35b/d03__b10k__ss/scikit-learn__scikit-learn-25747/structured-summarize/run_2/trajectory.json,scikit-learn__scikit-learn-25747__structured-summarize__r2,2026-09-08T06:35:29.693453,,-1,1500.01,89,,8
ablation/qwen35b/d03__b10k__ss,ICLR_results/swebench/ablation/qwen35b/d03__b10k__ss/scikit-learn__scikit-learn-25747/structured-summarize/run_1/trajectory.json,scikit-learn__scikit-learn-25747__structured-summarize__r1,2026-09-08T06:26:10.885716,Submitted,0,1286.64,54,False,7
ablation/qwen35b/d03__b10k__ss,ICLR_results/swebench/ablation/qwen35b/d03__b10k__ss/sympy__sympy-13031/structured-summarize/run_2/trajectory.json,sympy__sympy-13031__structured-summarize__r2,2026-09-08T06:39:42.533250,Submitted,0,1221.67,86,,3
ablation/qwen35b/d03__b10k__ss,ICLR_results/swebench/ablation/qwen35b/d03__b10k__ss/django__django-11292/structured-summarize/run_1/trajectory.json,django__django-11292__structured-summarize__r1,2026-09-08T05:53:46.990339,Submitted,0,843.02,41,False,2
ablation/qwen35b/d03__b10k__ss,ICLR_results/swebench/ablation/qwen35b/d03__b10k__ss/django__django-12273/structured-summarize/run_3/trajectory.json,django__django-12273__structured-summarize__r3,2026-09-08T06:04:44.100421,,-1,1500.0,85,,3
ablation/qwen35b/d03__b10k__ss,ICLR_results/swebench/ablation/qwen35b/d03__b10k__ss/django__django-12273/structured-summarize/run_2/trajectory.json,django__django-12273__structured-summarize__r2,2026-09-08T06:04:44.164163,,-1,1500.03,38,,3
ablation/qwen35b/d03__b10k__ss,ICLR_results/swebench/ablation/qwen35b/d03__b10k__ss/django__django-12273/structured-summarize/run_1/trajectory.json,django__django-12273__structured-summarize__r1,2026-09-08T06:04:44.067727,,-1,1500.0,69,,5
ablation/qwen35b/d03__b10k__ss,ICLR_results/swebench/ablation/qwen35b/d03__b10k__ss/sympy__sympy-24443/structured-summarize/run_1/trajectory.json,sympy__sympy-24443__structured-summarize__r1,2026-09-08T06:41:35.911861,Submitted,0,711.76,30,True,1
ablation/qwen35b/d03__b10k__ss,ICLR_results/swebench/ablation/qwen35b/d03__b10k__ss/django__django-14999/structured-summarize/run_3/trajectory.json,django__django-14999__structured-summarize__r3,2026-09-08T06:18:46.999275,,-1,1500.0,71,,4
ablation/qwen35b/d03__b10k__ss,ICLR_results/swebench/ablation/qwen35b/d03__b10k__ss/django__django-14999/structured-summarize/run_2/trajectory.json,django__django-14999__structured-summarize__r2,2026-09-08T06:12:57.716333,Submitted,0,1374.28,74,False,5
ablation/qwen35b/d03__b10k__ss,ICLR_results/swebench/ablation/qwen35b/d03__b10k__ss/django__django-14999/structured-summarize/run_1/trajectory.json,django__django-14999__structured-summarize__r1,2026-09-08T06:04:44.246494,,-1,1500.03,70,,4
ablation/qwen35b/d03__b10k__ss,ICLR_results/swebench/ablation/qwen35b/d03__b10k__ss/scikit-learn__scikit-learn-11310/structured-summarize/run_3/trajectory.json,scikit-learn__scikit-learn-11310__structured-summarize__r3,2026-09-08T06:29:44.146870,,-1,1500.0,99,,8
ablation/qwen35b/d03__b10k__ss,ICLR_results/swebench/ablation/qwen35b/d03__b10k__ss/scikit-learn__scikit-learn-11310/structured-summarize/run_1/trajectory.json,scikit-learn__scikit-learn-11310__structured-summarize__r1,2026-09-08T06:26:07.390110,Submitted,0,1283.29,73,False,3
ablation/qwen35b/d03__b10k__ss,ICLR_results/swebench/ablation/qwen35b/d03__b10k__ss/scikit-learn__scikit-learn-10908/structured-summarize/run_3/trajectory.json,scikit-learn__scikit-learn-10908__structured-summarize__r3,2026-09-08T06:29:44.083433,,-1,1500.01,104,,6
ablation/qwen35b/d03__b10k__ss,ICLR_results/swebench/ablation/qwen35b/d03__b10k__ss/scikit-learn__scikit-learn-10908/structured-summarize/run_2/trajectory.json,scikit-learn__scikit-learn-10908__structured-summarize__r2,2026-09-08T06:29:44.076652,,-1,1500.01,63,,4
ablation/qwen35b/d03__b10k__ss,ICLR_results/swebench/ablation/qwen35b/d03__b10k__ss/scikit-learn__scikit-learn-10908/structured-summarize/run_1/trajectory.json,scikit-learn__scikit-learn-10908__structured-summarize__r1,2026-09-08T06:29:44.061113,,-1,1500.02,66,,4
ablation/qwen35b/d03__b10k__ss,ICLR_results/swebench/ablation/qwen35b/d03__b10k__ss/scikit-learn__scikit-learn-26323/structured-summarize/run_3/trajectory.json,scikit-learn__scikit-learn-26323__structured-summarize__r3,2026-09-08T06:43:37.271942,LimitsExceeded,0,1490.27,125,,9
ablation/qwen35b/d03__b10k__ss,ICLR_results/swebench/ablation/qwen35b/d03__b10k__ss/scikit-learn__scikit-learn-26323/structured-summarize/run_2/trajectory.json,scikit-learn__scikit-learn-26323__structured-summarize__r2,2026-09-08T06:27:05.163917,Submitted,0,835.19,56,True,4
ablation/qwen35b/d03__b10k__ss,ICLR_results/swebench/ablation/qwen35b/d03__b10k__ss/scikit-learn__scikit-learn-26323/structured-summarize/run_1/trajectory.json,scikit-learn__scikit-learn-26323__structured-summarize__r1,2026-09-08T06:33:19.808402,Submitted,0,1222.09,65,False,4
ablation/qwen35b/d03__b15k__ss,ICLR_results/swebench/ablation/qwen35b/d03__b15k__ss/scikit-learn__scikit-learn-11578/structured-summarize/run_2/trajectory.json,scikit-learn__scikit-learn-11578__structured-summarize__r2,2026-09-08T08:43:25.418899,Submitted,0,627.58,63,True,2
ablation/qwen35b/d03__b15k__ss,ICLR_results/swebench/ablation/qwen35b/d03__b15k__ss/django__django-11299/structured-summarize/run_2/trajectory.json,django__django-11299__structured-summarize__r2,2026-09-08T08:48:06.369903,LimitsExceeded,0,908.54,125,,5
ablation/qwen35b/d03__b15k__ss,ICLR_results/swebench/ablation/qwen35b/d03__b15k__ss/django__django-11299/structured-summarize/run_1/trajectory.json,django__django-11299__structured-summarize__r1,2026-09-08T08:38:47.135405,Submitted,0,349.31,28,True,1
ablation/qwen35b/d03__b15k__ss,ICLR_results/swebench/ablation/qwen35b/d03__b15k__ss/django__django-14580/structured-summarize/run_3/trajectory.json,django__django-14580__structured-summarize__r3,2026-09-08T08:52:20.889920,LimitsExceeded,0,1163.06,125,,5
ablation/qwen35b/d03__b15k__ss,ICLR_results/swebench/ablation/qwen35b/d03__b15k__ss/django__django-17087/structured-summarize/run_3/trajectory.json,django__django-17087__structured-summarize__r3,2026-09-08T08:51:14.852333,LimitsExceeded,0,1097.02,125,,3
ablation/qwen35b/d03__b15k__ss,ICLR_results/swebench/ablation/qwen35b/d03__b15k__ss/django__django-13964/structured-summarize/run_3/trajectory.json,django__django-13964__structured-summarize__r3,2026-09-08T08:57:54.678736,LimitsExceeded,0,1496.85,125,,6
ablation/qwen35b/d03__b15k__ss,ICLR_results/swebench/ablation/qwen35b/d03__b15k__ss/django__django-13964/structured-summarize/run_2/trajectory.json,django__django-13964__structured-summarize__r2,2026-09-08T08:52:53.562791,LimitsExceeded,0,1195.73,125,,5
ablation/qwen35b/d03__b15k__ss,ICLR_results/swebench/ablation/qwen35b/d03__b15k__ss/django__django-13964/structured-summarize/run_1/trajectory.json,django__django-13964__structured-summarize__r1,2026-09-08T08:53:36.138434,Submitted,0,1238.31,70,True,3
ablation/qwen35b/d03__b15k__ss,ICLR_results/swebench/ablation/qwen35b/d03__b15k__ss/sympy__sympy-13757/structured-summarize/run_3/trajectory.json,sympy__sympy-13757__structured-summarize__r3,2026-09-08T08:53:02.533217,Submitted,0,669.46,106,False,3
ablation/qwen35b/d03__b15k__ss,ICLR_results/swebench/ablation/qwen35b/d03__b15k__ss/sympy__sympy-13757/structured-summarize/run_2/trajectory.json,sympy__sympy-13757__structured-summarize__r2,2026-09-08T08:52:52.967916,LimitsExceeded,0,845.83,125,,3
ablation/qwen35b/d03__b15k__ss,ICLR_results/swebench/ablation/qwen35b/d03__b15k__ss/scikit-learn__scikit-learn-25747/structured-summarize/run_2/trajectory.json,scikit-learn__scikit-learn-25747__structured-summarize__r2,2026-09-08T08:42:48.028854,Submitted,0,590.19,53,False,3
ablation/qwen35b/d03__b15k__ss,ICLR_results/swebench/ablation/qwen35b/d03__b15k__ss/sympy__sympy-13031/structured-summarize/run_1/trajectory.json,sympy__sympy-13031__structured-summarize__r1,2026-09-08T08:47:59.942636,Submitted,0,902.1,92,True,2
ablation/qwen35b/d03__b15k__ss,ICLR_results/swebench/ablation/qwen35b/d03__b15k__ss/django__django-12273/structured-summarize/run_1/trajectory.json,django__django-12273__structured-summarize__r1,2026-09-08T08:50:29.708335,Submitted,0,1051.88,118,False,3
ablation/qwen35b/d03__b15k__ss,ICLR_results/swebench/ablation/qwen35b/d03__b15k__ss/sympy__sympy-24443/structured-summarize/run_1/trajectory.json,sympy__sympy-24443__structured-summarize__r1,2026-09-08T08:47:19.320203,Submitted,0,271.29,22,True,0
ablation/qwen35b/d03__b15k__ss,ICLR_results/swebench/ablation/qwen35b/d03__b15k__ss/django__django-14999/structured-summarize/run_2/trajectory.json,django__django-14999__structured-summarize__r2,2026-09-08T08:46:56.134897,Submitted,0,838.3,94,False,4
ablation/qwen35b/d03__b15k__ss,ICLR_results/swebench/ablation/qwen35b/d03__b15k__ss/django__django-14999/structured-summarize/run_1/trajectory.json,django__django-14999__structured-summarize__r1,2026-09-08T08:52:39.992535,LimitsExceeded,0,1182.16,125,,4
ablation/qwen35b/d03__b15k__ss,ICLR_results/swebench/ablation/qwen35b/d03__b15k__ss/scikit-learn__scikit-learn-11310/structured-summarize/run_3/trajectory.json,scikit-learn__scikit-learn-11310__structured-summarize__r3,2026-09-08T08:41:53.075264,Submitted,0,535.24,72,True,3
ablation/qwen35b/d03__b15k__ss,ICLR_results/swebench/ablation/qwen35b/d03__b15k__ss/scikit-learn__scikit-learn-10908/structured-summarize/run_3/trajectory.json,scikit-learn__scikit-learn-10908__structured-summarize__r3,2026-09-08T08:43:06.367449,Submitted,0,608.53,72,True,2
ablation/qwen35b/d03__b15k__ss,ICLR_results/swebench/ablation/qwen35b/d03__b15k__ss/scikit-learn__scikit-learn-10908/structured-summarize/run_1/trajectory.json,scikit-learn__scikit-learn-10908__structured-summarize__r1,2026-09-08T08:46:09.026642,Submitted,0,791.19,78,True,2
ablation/qwen35b/d07__b10k__su-full,ICLR_results/swebench/ablation/qwen35b/d07__b10k__su-full/scikit-learn__scikit-learn-10908/summarization/run_2/trajectory.json,scikit-learn__scikit-learn-10908__summarization__r2,2026-09-08T11:03:10.607738,LimitsExceeded,0,488.22,125,,8
ablation/qwen35b/d07__b10k__ss-partial,ICLR_results/swebench/ablation/qwen35b/d07__b10k__ss-partial/sympy__sympy-24066/structured-summarize-partial/run_3/trajectory.json,sympy__sympy-24066__structured-summarize-partial__r3,2026-09-08T12:49:17.380835,Submitted,0,409.54,36,,2
ablation/qwen35b/d07__b10k__ss-partial,ICLR_results/swebench/ablation/qwen35b/d07__b10k__ss-partial/sympy__sympy-24066/structured-summarize-partial/run_2/trajectory.json,sympy__sympy-24066__structured-summarize-partial__r2,2026-09-08T12:47:57.957279,Submitted,0,339.36,39,,3
ablation/qwen35b/d07__b10k__ss-partial,ICLR_results/swebench/ablation/qwen35b/d07__b10k__ss-partial/sympy__sympy-24066/structured-summarize-partial/run_1/trajectory.json,sympy__sympy-24066__structured-summarize-partial__r1,2026-09-08T12:47:27.388782,Submitted,0,317.3,25,,2
ablation/qwen35b/d07__b10k__ss-partial,ICLR_results/swebench/ablation/qwen35b/d07__b10k__ss-partial/django__django-13012/structured-summarize-partial/run_3/trajectory.json,django__django-13012__structured-summarize-partial__r3,2026-09-08T12:13:17.171718,Submitted,0,973.93,98,True,9
ablation/qwen35b/d07__b10k__ss-partial,ICLR_results/swebench/ablation/qwen35b/d07__b10k__ss-partial/django__django-13012/structured-summarize-partial/run_2/trajectory.json,django__django-13012__structured-summarize-partial__r2,2026-09-08T12:05:13.850956,Submitted,0,490.61,64,True,4
ablation/qwen35b/d07__b10k__ss-partial,ICLR_results/swebench/ablation/qwen35b/d07__b10k__ss-partial/django__django-13012/structured-summarize-partial/run_1/trajectory.json,django__django-13012__structured-summarize-partial__r1,2026-09-08T12:17:53.443380,LimitsExceeded,0,1250.2,125,,9
ablation/qwen35b/d07__b10k__ss-partial,ICLR_results/swebench/ablation/qwen35b/d07__b10k__ss-partial/sympy__sympy-19637/structured-summarize-partial/run_1/trajectory.json,sympy__sympy-19637__structured-summarize-partial__r1,2026-09-08T12:42:10.091714,Submitted,0,182.34,25,,1
ablation/qwen35b/d07__b10k__ss-partial,ICLR_results/swebench/ablation/qwen35b/d07__b10k__ss-partial/scikit-learn__scikit-learn-15100/structured-summarize-partial/run_3/trajectory.json,scikit-learn__scikit-learn-15100__structured-summarize-partial__r3,2026-09-08T12:26:18.647037,Submitted,0,255.39,26,True,1
ablation/qwen35b/d07__b10k__ss-partial,ICLR_results/swebench/ablation/qwen35b/d07__b10k__ss-partial/scikit-learn__scikit-learn-11578/structured-summarize-partial/run_3/trajectory.json,scikit-learn__scikit-learn-11578__structured-summarize-partial__r3,2026-09-08T12:26:59.886131,Submitted,0,532.63,53,True,5
ablation/qwen35b/d07__b10k__ss-partial,ICLR_results/swebench/ablation/qwen35b/d07__b10k__ss-partial/scikit-learn__scikit-learn-11578/structured-summarize-partial/run_2/trajectory.json,scikit-learn__scikit-learn-11578__structured-summarize-partial__r2,2026-09-08T12:26:55.072454,Submitted,0,541.63,44,True,4
ablation/qwen35b/d07__b10k__ss-partial,ICLR_results/swebench/ablation/qwen35b/d07__b10k__ss-partial/scikit-learn__scikit-learn-11578/structured-summarize-partial/run_1/trajectory.json,scikit-learn__scikit-learn-11578__structured-summarize-partial__r1,2026-09-08T12:42:27.842704,,-1,1500.01,91,,12
ablation/qwen35b/d07__b10k__ss-partial,ICLR_results/swebench/ablation/qwen35b/d07__b10k__ss-partial/sympy__sympy-13091/structured-summarize-partial/run_3/trajectory.json,sympy__sympy-13091__structured-summarize-partial__r3,2026-09-08T12:49:19.661101,Submitted,0,1147.24,125,,9
ablation/qwen35b/d07__b10k__ss-partial,ICLR_results/swebench/ablation/qwen35b/d07__b10k__ss-partial/sympy__sympy-13091/structured-summarize-partial/run_2/trajectory.json,sympy__sympy-13091__structured-summarize-partial__r2,2026-09-08T12:47:17.012360,Submitted,0,1026.81,114,,7
ablation/qwen35b/d07__b10k__ss-partial,ICLR_results/swebench/ablation/qwen35b/d07__b10k__ss-partial/sympy__sympy-13091/structured-summarize-partial/run_1/trajectory.json,sympy__sympy-13091__structured-summarize-partial__r1,2026-09-08T12:48:36.032337,LimitsExceeded,0,1209.67,125,,8
ablation/qwen35b/d07__b10k__ss-partial,ICLR_results/swebench/ablation/qwen35b/d07__b10k__ss-partial/sympy__sympy-17630/structured-summarize-partial/run_3/trajectory.json,sympy__sympy-17630__structured-summarize-partial__r3,2026-09-08T12:44:37.452389,Submitted,0,338.94,49,,4
ablation/qwen35b/d07__b10k__ss-partial,ICLR_results/swebench/ablation/qwen35b/d07__b10k__ss-partial/sympy__sympy-17630/structured-summarize-partial/run_1/trajectory.json,sympy__sympy-17630__structured-summarize-partial__r1,2026-09-08T12:51:49.393161,Submitted,0,805.89,79,,8
ablation/qwen35b/d07__b10k__ss-partial,ICLR_results/swebench/ablation/qwen35b/d07__b10k__ss-partial/django__django-11299/structured-summarize-partial/run_3/trajectory.json,django__django-11299__structured-summarize-partial__r3,2026-09-08T12:03:44.693556,Submitted,0,401.46,45,True,4
ablation/qwen35b/d07__b10k__ss-partial,ICLR_results/swebench/ablation/qwen35b/d07__b10k__ss-partial/django__django-11299/structured-summarize-partial/run_2/trajectory.json,django__django-11299__structured-summarize-partial__r2,2026-09-08T12:03:03.697789,Submitted,0,360.46,46,True,3
ablation/qwen35b/d07__b10k__ss-partial,ICLR_results/swebench/ablation/qwen35b/d07__b10k__ss-partial/django__django-11299/structured-summarize-partial/run_1/trajectory.json,django__django-11299__structured-summarize-partial__r1,2026-09-08T12:17:27.835689,Submitted,0,1224.6,125,True,12
ablation/qwen35b/d07__b10k__ss-partial,ICLR_results/swebench/ablation/qwen35b/d07__b10k__ss-partial/scikit-learn__scikit-learn-13328/structured-summarize-partial/run_3/trajectory.json,scikit-learn__scikit-learn-13328__structured-summarize-partial__r3,2026-09-08T12:31:02.006271,Submitted,0,687.69,67,True,7
ablation/qwen35b/d07__b10k__ss-partial,ICLR_results/swebench/ablation/qwen35b/d07__b10k__ss-partial/scikit-learn__scikit-learn-13328/structured-summarize-partial/run_2/trajectory.json,scikit-learn__scikit-learn-13328__structured-summarize-partial__r2,2026-09-08T12:25:31.263951,Submitted,0,385.44,61,True,5
ablation/qwen35b/d07__b10k__ss-partial,ICLR_results/swebench/ablation/qwen35b/d07__b10k__ss-partial/scikit-learn__scikit-learn-13328/structured-summarize-partial/run_1/trajectory.json,scikit-learn__scikit-learn-13328__structured-summarize-partial__r1,2026-09-08T12:25:37.476083,Submitted,0,395.08,45,True,3
ablation/qwen35b/d07__b10k__ss-partial,ICLR_results/swebench/ablation/qwen35b/d07__b10k__ss-partial/scikit-learn__scikit-learn-13779/structured-summarize-partial/run_3/trajectory.json,scikit-learn__scikit-learn-13779__structured-summarize-partial__r3,2026-09-08T12:28:18.338711,Submitted,0,375.09,59,True,4
ablation/qwen35b/d07__b10k__ss-partial,ICLR_results/swebench/ablation/qwen35b/d07__b10k__ss-partial/scikit-learn__scikit-learn-13779/structured-summarize-partial/run_2/trajectory.json,scikit-learn__scikit-learn-13779__structured-summarize-partial__r2,2026-09-08T12:33:27.735001,Submitted,0,684.49,72,,4
ablation/qwen35b/d07__b10k__ss-partial,ICLR_results/swebench/ablation/qwen35b/d07__b10k__ss-partial/scikit-learn__scikit-learn-13779/structured-summarize-partial/run_1/trajectory.json,scikit-learn__scikit-learn-13779__structured-summarize-partial__r1,2026-09-08T12:30:12.417092,Submitted,0,624.61,69,True,5
ablation/qwen35b/d07__b10k__ss-partial,ICLR_results/swebench/ablation/qwen35b/d07__b10k__ss-partial/sympy__sympy-15345/structured-summarize-partial/run_3/trajectory.json,sympy__sympy-15345__structured-summarize-partial__r3,2026-09-08T12:50:03.623154,LimitsExceeded,0,786.69,125,,7
ablation/qwen35b/d07__b10k__ss-partial,ICLR_results/swebench/ablation/qwen35b/d07__b10k__ss-partial/sympy__sympy-15345/structured-summarize-partial/run_2/trajectory.json,sympy__sympy-15345__structured-summarize-partial__r2,2026-09-08T12:45:55.579556,Submitted,0,579.27,79,,4
ablation/qwen35b/d07__b10k__ss-partial,ICLR_results/swebench/ablation/qwen35b/d07__b10k__ss-partial/sympy__sympy-15345/structured-summarize-partial/run_1/trajectory.json,sympy__sympy-15345__structured-summarize-partial__r1,2026-09-08T12:52:01.537131,LimitsExceeded,0,955.57,125,,9
ablation/qwen35b/d07__b10k__ss-partial,ICLR_results/swebench/ablation/qwen35b/d07__b10k__ss-partial/django__django-14580/structured-summarize-partial/run_3/trajectory.json,django__django-14580__structured-summarize-partial__r3,2026-09-08T12:19:34.317142,LimitsExceeded,0,1351.07,125,,13
ablation/qwen35b/d07__b10k__ss-partial,ICLR_results/swebench/ablation/qwen35b/d07__b10k__ss-partial/django__django-14580/structured-summarize-partial/run_2/trajectory.json,django__django-14580__structured-summarize-partial__r2,2026-09-08T12:22:03.252682,,-1,1500.01,105,,9
ablation/qwen35b/d07__b10k__ss-partial,ICLR_results/swebench/ablation/qwen35b/d07__b10k__ss-partial/django__django-14580/structured-summarize-partial/run_1/trajectory.json,django__django-14580__structured-summarize-partial__r1,2026-09-08T12:22:03.252319,,-1,1500.01,117,,12
ablation/qwen35b/d07__b10k__ss-partial,ICLR_results/swebench/ablation/qwen35b/d07__b10k__ss-partial/django__django-17087/structured-summarize-partial/run_2/trajectory.json,django__django-17087__structured-summarize-partial__r2,2026-09-08T12:12:05.961763,Submitted,0,209.4,25,True,1
ablation/qwen35b/d07__b10k__ss-partial,ICLR_results/swebench/ablation/qwen35b/d07__b10k__ss-partial/django__django-17087/structured-summarize-partial/run_1/trajectory.json,django__django-17087__structured-summarize-partial__r1,2026-09-08T12:10:04.160700,Submitted,0,187.56,39,True,2
ablation/qwen35b/d07__b10k__ss-partial,ICLR_results/swebench/ablation/qwen35b/d07__b10k__ss-partial/sympy__sympy-15017/structured-summarize-partial/run_3/trajectory.json,sympy__sympy-15017__structured-summarize-partial__r3,2026-09-08T12:36:56.928950,Submitted,0,194.98,35,,1
ablation/qwen35b/d07__b10k__ss-partial,ICLR_results/swebench/ablation/qwen35b/d07__b10k__ss-partial/sympy__sympy-15017/structured-summarize-partial/run_2/trajectory.json,sympy__sympy-15017__structured-summarize-partial__r2,2026-09-08T12:36:16.306373,Submitted,0,156.52,31,,1
ablation/qwen35b/d07__b10k__ss-partial,ICLR_results/swebench/ablation/qwen35b/d07__b10k__ss-partial/sympy__sympy-15017/structured-summarize-partial/run_1/trajectory.json,sympy__sympy-15017__structured-summarize-partial__r1,2026-09-08T12:38:58.509705,Submitted,0,326.5,42,,2
ablation/qwen35b/d07__b10k__ss-partial,ICLR_results/swebench/ablation/qwen35b/d07__b10k__ss-partial/scikit-learn__scikit-learn-10297/structured-summarize-partial/run_3/trajectory.json,scikit-learn__scikit-learn-10297__structured-summarize-partial__r3,2026-09-08T12:33:32.008334,LimitsExceeded,0,1407.85,125,,12
ablation/qwen35b/d07__b10k__ss-partial,ICLR_results/swebench/ablation/qwen35b/d07__b10k__ss-partial/scikit-learn__scikit-learn-10297/structured-summarize-partial/run_2/trajectory.json,scikit-learn__scikit-learn-10297__structured-summarize-partial__r2,2026-09-08T12:18:07.260054,Submitted,0,484.16,65,True,7
ablation/qwen35b/d07__b10k__ss-partial,ICLR_results/swebench/ablation/qwen35b/d07__b10k__ss-partial/scikit-learn__scikit-learn-10297/structured-summarize-partial/run_1/trajectory.json,scikit-learn__scikit-learn-10297__structured-summarize-partial__r1,2026-09-08T12:15:37.159013,Submitted,0,410.17,56,True,3
ablation/qwen35b/d07__b10k__ss-partial,ICLR_results/swebench/ablation/qwen35b/d07__b10k__ss-partial/scikit-learn__scikit-learn-14496/structured-summarize-partial/run_2/trajectory.json,scikit-learn__scikit-learn-14496__structured-summarize-partial__r2,2026-09-08T12:28:24.601374,Submitted,0,381.35,50,True,2
ablation/qwen35b/d07__b10k__ss-partial,ICLR_results/swebench/ablation/qwen35b/d07__b10k__ss-partial/django__django-13964/structured-summarize-partial/run_3/trajectory.json,django__django-13964__structured-summarize-partial__r3,2026-09-08T12:13:12.884374,Submitted,0,969.64,80,False,9
ablation/qwen35b/d07__b10k__ss-partial,ICLR_results/swebench/ablation/qwen35b/d07__b10k__ss-partial/django__django-13964/structured-summarize-partial/run_2/trajectory.json,django__django-13964__structured-summarize-partial__r2,2026-09-08T12:08:36.556387,Submitted,0,693.31,55,True,6
ablation/qwen35b/d07__b10k__ss-partial,ICLR_results/swebench/ablation/qwen35b/d07__b10k__ss-partial/django__django-13964/structured-summarize-partial/run_1/trajectory.json,django__django-13964__structured-summarize-partial__r1,2026-09-08T12:08:46.984085,Submitted,0,703.74,57,True,5
ablation/qwen35b/d07__b10k__ss-partial,ICLR_results/swebench/ablation/qwen35b/d07__b10k__ss-partial/sympy__sympy-13757/structured-summarize-partial/run_3/trajectory.json,sympy__sympy-13757__structured-summarize-partial__r3,2026-09-08T12:50:50.518517,Submitted,0,1042.78,111,,9
ablation/qwen35b/d07__b10k__ss-partial,ICLR_results/swebench/ablation/qwen35b/d07__b10k__ss-partial/sympy__sympy-13757/structured-summarize-partial/run_2/trajectory.json,sympy__sympy-13757__structured-summarize-partial__r2,2026-09-08T12:48:06.116918,LimitsExceeded,0,929.6,125,,7
ablation/qwen35b/d07__b10k__ss-partial,ICLR_results/swebench/ablation/qwen35b/d07__b10k__ss-partial/sympy__sympy-13757/structured-summarize-partial/run_1/trajectory.json,sympy__sympy-13757__structured-summarize-partial__r1,2026-09-08T12:48:28.869972,Submitted,0,1046.86,74,,4
ablation/qwen35b/d07__b10k__ss-partial,ICLR_results/swebench/ablation/qwen35b/d07__b10k__ss-partial/scikit-learn__scikit-learn-25747/structured-summarize-partial/run_2/trajectory.json,scikit-learn__scikit-learn-25747__structured-summarize-partial__r2,2026-09-08T12:39:07.752481,Submitted,0,816.48,59,,8
ablation/qwen35b/d07__b10k__ss-partial,ICLR_results/swebench/ablation/qwen35b/d07__b10k__ss-partial/scikit-learn__scikit-learn-25747/structured-summarize-partial/run_1/trajectory.json,scikit-learn__scikit-learn-25747__structured-summarize-partial__r1,2026-09-08T12:33:39.782061,Submitted,0,630.61,47,,3
ablation/qwen35b/d07__b10k__ss-partial,ICLR_results/swebench/ablation/qwen35b/d07__b10k__ss-partial/sympy__sympy-13031/structured-summarize-partial/run_3/trajectory.json,sympy__sympy-13031__structured-summarize-partial__r3,2026-09-08T12:49:27.053676,Submitted,0,1262.45,117,,7
ablation/qwen35b/d07__b10k__ss-partial,ICLR_results/swebench/ablation/qwen35b/d07__b10k__ss-partial/sympy__sympy-13031/structured-summarize-partial/run_2/trajectory.json,sympy__sympy-13031__structured-summarize-partial__r2,2026-09-08T12:45:41.531457,Submitted,0,1043.19,101,,6
ablation/qwen35b/d07__b10k__ss-partial,ICLR_results/swebench/ablation/qwen35b/d07__b10k__ss-partial/django__django-11292/structured-summarize-partial/run_2/trajectory.json,django__django-11292__structured-summarize-partial__r2,2026-09-08T12:10:15.238228,Submitted,0,792.0,78,True,6
ablation/qwen35b/d07__b10k__ss-partial,ICLR_results/swebench/ablation/qwen35b/d07__b10k__ss-partial/django__django-12273/structured-summarize-partial/run_3/trajectory.json,django__django-12273__structured-summarize-partial__r3,2026-09-08T12:22:03.242812,,-1,1500.0,87,,6
ablation/qwen35b/d07__b10k__ss-partial,ICLR_results/swebench/ablation/qwen35b/d07__b10k__ss-partial/django__django-12273/structured-summarize-partial/run_2/trajectory.json,django__django-12273__structured-summarize-partial__r2,2026-09-08T12:22:03.242543,,-1,1500.0,57,,4
ablation/qwen35b/d07__b10k__ss-partial,ICLR_results/swebench/ablation/qwen35b/d07__b10k__ss-partial/django__django-12273/structured-summarize-partial/run_1/trajectory.json,django__django-12273__structured-summarize-partial__r1,2026-09-08T12:14:24.089192,Submitted,0,1040.85,42,False,5
ablation/qwen35b/d07__b10k__ss-partial,ICLR_results/swebench/ablation/qwen35b/d07__b10k__ss-partial/sympy__sympy-24443/structured-summarize-partial/run_3/trajectory.json,sympy__sympy-24443__structured-summarize-partial__r3,2026-09-08T12:55:43.441423,Submitted,0,665.99,62,,8
ablation/qwen35b/d07__b10k__ss-partial,ICLR_results/swebench/ablation/qwen35b/d07__b10k__ss-partial/sympy__sympy-11618/structured-summarize-partial/run_1/trajectory.json,sympy__sympy-11618__structured-summarize-partial__r1,2026-09-08T12:33:41.941507,Submitted,0,402.05,61,,2
ablation/qwen35b/d07__b10k__ss-partial,ICLR_results/swebench/ablation/qwen35b/d07__b10k__ss-partial/django__django-14999/structured-summarize-partial/run_3/trajectory.json,django__django-14999__structured-summarize-partial__r3,2026-09-08T12:23:09.167153,LimitsExceeded,0,1075.32,125,,11
ablation/qwen35b/d07__b10k__ss-partial,ICLR_results/swebench/ablation/qwen35b/d07__b10k__ss-partial/django__django-14999/structured-summarize-partial/run_2/trajectory.json,django__django-14999__structured-summarize-partial__r2,2026-09-08T12:06:56.595187,Submitted,0,191.9,38,False,2
ablation/qwen35b/d07__b10k__ss-partial,ICLR_results/swebench/ablation/qwen35b/d07__b10k__ss-partial/django__django-14999/structured-summarize-partial/run_1/trajectory.json,django__django-14999__structured-summarize-partial__r1,2026-09-08T12:10:03.101923,Submitted,0,419.4,29,False,3
ablation/qwen35b/d07__b10k__ss-partial,ICLR_results/swebench/ablation/qwen35b/d07__b10k__ss-partial/scikit-learn__scikit-learn-11310/structured-summarize-partial/run_3/trajectory.json,scikit-learn__scikit-learn-11310__structured-summarize-partial__r3,2026-09-08T12:28:26.358460,Submitted,0,769.2,96,False,8
ablation/qwen35b/d07__b10k__ss-partial,ICLR_results/swebench/ablation/qwen35b/d07__b10k__ss-partial/scikit-learn__scikit-learn-11310/structured-summarize-partial/run_2/trajectory.json,scikit-learn__scikit-learn-11310__structured-summarize-partial__r2,2026-09-08T12:36:05.966801,LimitsExceeded,0,1301.88,125,,12
ablation/qwen35b/d07__b10k__ss-partial,ICLR_results/swebench/ablation/qwen35b/d07__b10k__ss-partial/scikit-learn__scikit-learn-11310/structured-summarize-partial/run_1/trajectory.json,scikit-learn__scikit-learn-11310__structured-summarize-partial__r1,2026-09-08T12:30:10.203297,LimitsExceeded,0,1013.03,125,,8
ablation/qwen35b/d07__b10k__ss-partial,ICLR_results/swebench/ablation/qwen35b/d07__b10k__ss-partial/scikit-learn__scikit-learn-10908/structured-summarize-partial/run_3/trajectory.json,scikit-learn__scikit-learn-10908__structured-summarize-partial__r3,2026-09-08T12:19:02.392742,Submitted,0,349.51,39,True,3
ablation/qwen35b/d07__b10k__ss-partial,ICLR_results/swebench/ablation/qwen35b/d07__b10k__ss-partial/scikit-learn__scikit-learn-10908/structured-summarize-partial/run_2/trajectory.json,scikit-learn__scikit-learn-10908__structured-summarize-partial__r2,2026-09-08T12:19:47.809538,Submitted,0,461.85,51,False,3
ablation/qwen35b/d07__b10k__ss-partial,ICLR_results/swebench/ablation/qwen35b/d07__b10k__ss-partial/scikit-learn__scikit-learn-10908/structured-summarize-partial/run_1/trajectory.json,scikit-learn__scikit-learn-10908__structured-summarize-partial__r1,2026-09-08T12:19:05.819653,Submitted,0,530.58,46,True,4
ablation/qwen35b/d07__b10k__ss-partial,ICLR_results/swebench/ablation/qwen35b/d07__b10k__ss-partial/scikit-learn__scikit-learn-26323/structured-summarize-partial/run_3/trajectory.json,scikit-learn__scikit-learn-26323__structured-summarize-partial__r3,2026-09-08T12:38:23.497629,Submitted,0,688.42,65,,6
ablation/qwen35b/d07__b10k__ss-partial,ICLR_results/swebench/ablation/qwen35b/d07__b10k__ss-partial/scikit-learn__scikit-learn-26323/structured-summarize-partial/run_2/trajectory.json,scikit-learn__scikit-learn-26323__structured-summarize-partial__r2,2026-09-08T12:32:36.520244,Submitted,0,377.87,45,,3
ablation/qwen35b/d07__b10k__ss-partial,ICLR_results/swebench/ablation/qwen35b/d07__b10k__ss-partial/scikit-learn__scikit-learn-26323/structured-summarize-partial/run_1/trajectory.json,scikit-learn__scikit-learn-26323__structured-summarize-partial__r1,2026-09-08T12:42:18.596896,Submitted,0,1001.12,91,,8
ablation/qwen35b/d03__b15k__ss-partial,ICLR_results/swebench/ablation/qwen35b/d03__b15k__ss-partial/sympy__sympy-24066/structured-summarize-partial/run_3/trajectory.json,sympy__sympy-24066__structured-summarize-partial__r3,2026-09-08T09:37:39.909502,Submitted,0,546.15,49,True,1
ablation/qwen35b/d03__b15k__ss-partial,ICLR_results/swebench/ablation/qwen35b/d03__b15k__ss-partial/sympy__sympy-24066/structured-summarize-partial/run_2/trajectory.json,sympy__sympy-24066__structured-summarize-partial__r2,2026-09-08T09:32:34.887314,Submitted,0,271.67,44,True,1
ablation/qwen35b/d03__b15k__ss-partial,ICLR_results/swebench/ablation/qwen35b/d03__b15k__ss-partial/sympy__sympy-24066/structured-summarize-partial/run_1/trajectory.json,sympy__sympy-24066__structured-summarize-partial__r1,2026-09-08T09:44:06.517008,LimitsExceeded,0,970.98,125,,6
ablation/qwen35b/d03__b15k__ss-partial,ICLR_results/swebench/ablation/qwen35b/d03__b15k__ss-partial/scikit-learn__scikit-learn-11578/structured-summarize-partial/run_3/trajectory.json,scikit-learn__scikit-learn-11578__structured-summarize-partial__r3,2026-09-08T09:31:20.832792,Submitted,0,964.96,85,True,4
ablation/qwen35b/d03__b15k__ss-partial,ICLR_results/swebench/ablation/qwen35b/d03__b15k__ss-partial/scikit-learn__scikit-learn-11578/structured-summarize-partial/run_2/trajectory.json,scikit-learn__scikit-learn-11578__structured-summarize-partial__r2,2026-09-08T09:32:38.934294,Submitted,0,1224.72,95,True,4
ablation/qwen35b/d03__b15k__ss-partial,ICLR_results/swebench/ablation/qwen35b/d03__b15k__ss-partial/scikit-learn__scikit-learn-11578/structured-summarize-partial/run_1/trajectory.json,scikit-learn__scikit-learn-11578__structured-summarize-partial__r1,2026-09-08T09:19:48.136362,Submitted,0,583.63,49,True,2
ablation/qwen35b/d03__b15k__ss-partial,ICLR_results/swebench/ablation/qwen35b/d03__b15k__ss-partial/sympy__sympy-13091/structured-summarize-partial/run_3/trajectory.json,sympy__sympy-13091__structured-summarize-partial__r3,2026-09-08T09:35:13.623215,LimitsExceeded,0,742.89,125,,3
ablation/qwen35b/d03__b15k__ss-partial,ICLR_results/swebench/ablation/qwen35b/d03__b15k__ss-partial/sympy__sympy-13091/structured-summarize-partial/run_1/trajectory.json,sympy__sympy-13091__structured-summarize-partial__r1,2026-09-08T09:32:52.074583,LimitsExceeded,0,629.74,125,,2
ablation/qwen35b/d03__b15k__ss-partial,ICLR_results/swebench/ablation/qwen35b/d03__b15k__ss-partial/sympy__sympy-17630/structured-summarize-partial/run_3/trajectory.json,sympy__sympy-17630__structured-summarize-partial__r3,2026-09-08T09:40:09.457708,Submitted,0,839.82,110,False,5
ablation/qwen35b/d03__b15k__ss-partial,ICLR_results/swebench/ablation/qwen35b/d03__b15k__ss-partial/sympy__sympy-17630/structured-summarize-partial/run_1/trajectory.json,sympy__sympy-17630__structured-summarize-partial__r1,2026-09-08T09:31:39.464287,Submitted,0,351.05,27,False,1
ablation/qwen35b/d03__b15k__ss-partial,ICLR_results/swebench/ablation/qwen35b/d03__b15k__ss-partial/django__django-11299/structured-summarize-partial/run_2/trajectory.json,django__django-11299__structured-summarize-partial__r2,2026-09-08T09:22:22.328820,LimitsExceeded,0,1128.58,125,,5
ablation/qwen35b/d03__b15k__ss-partial,ICLR_results/swebench/ablation/qwen35b/d03__b15k__ss-partial/django__django-11299/structured-summarize-partial/run_1/trajectory.json,django__django-11299__structured-summarize-partial__r1,2026-09-08T09:15:27.931364,LimitsExceeded,0,714.18,125,,2
ablation/qwen35b/d03__b15k__ss-partial,ICLR_results/swebench/ablation/qwen35b/d03__b15k__ss-partial/scikit-learn__scikit-learn-13328/structured-summarize-partial/run_1/trajectory.json,scikit-learn__scikit-learn-13328__structured-summarize-partial__r1,2026-09-08T09:20:03.895312,Submitted,0,275.96,41,True,1
ablation/qwen35b/d03__b15k__ss-partial,ICLR_results/swebench/ablation/qwen35b/d03__b15k__ss-partial/scikit-learn__scikit-learn-13779/structured-summarize-partial/run_3/trajectory.json,scikit-learn__scikit-learn-13779__structured-summarize-partial__r3,2026-09-08T09:22:50.724308,Submitted,0,189.43,28,True,0
ablation/qwen35b/d03__b15k__ss-partial,ICLR_results/swebench/ablation/qwen35b/d03__b15k__ss-partial/scikit-learn__scikit-learn-13779/structured-summarize-partial/run_2/trajectory.json,scikit-learn__scikit-learn-13779__structured-summarize-partial__r2,2026-09-08T09:23:51.305710,Submitted,0,393.05,31,True,1
ablation/qwen35b/d03__b15k__ss-partial,ICLR_results/swebench/ablation/qwen35b/d03__b15k__ss-partial/django__django-14580/structured-summarize-partial/run_2/trajectory.json,django__django-14580__structured-summarize-partial__r2,2026-09-08T09:20:44.973363,LimitsExceeded,0,1031.22,125,,5
ablation/qwen35b/d03__b15k__ss-partial,ICLR_results/swebench/ablation/qwen35b/d03__b15k__ss-partial/django__django-14580/structured-summarize-partial/run_1/trajectory.json,django__django-14580__structured-summarize-partial__r1,2026-09-08T09:27:55.534418,LimitsExceeded,0,1461.78,125,,5
ablation/qwen35b/d03__b15k__ss-partial,ICLR_results/swebench/ablation/qwen35b/d03__b15k__ss-partial/django__django-17087/structured-summarize-partial/run_3/trajectory.json,django__django-17087__structured-summarize-partial__r3,2026-09-08T09:28:03.208320,LimitsExceeded,0,1469.45,125,,4
ablation/qwen35b/d03__b15k__ss-partial,ICLR_results/swebench/ablation/qwen35b/d03__b15k__ss-partial/django__django-17087/structured-summarize-partial/run_1/trajectory.json,django__django-17087__structured-summarize-partial__r1,2026-09-08T09:22:03.032068,LimitsExceeded,0,1109.27,125,,4
ablation/qwen35b/d03__b15k__ss-partial,ICLR_results/swebench/ablation/qwen35b/d03__b15k__ss-partial/scikit-learn__scikit-learn-10297/structured-summarize-partial/run_2/trajectory.json,scikit-learn__scikit-learn-10297__structured-summarize-partial__r2,2026-09-08T09:12:14.211719,Submitted,0,520.45,47,True,1
ablation/qwen35b/d03__b15k__ss-partial,ICLR_results/swebench/ablation/qwen35b/d03__b15k__ss-partial/django__django-13964/structured-summarize-partial/run_3/trajectory.json,django__django-13964__structured-summarize-partial__r3,2026-09-08T09:19:41.287626,Submitted,0,967.53,114,True,4
ablation/qwen35b/d03__b15k__ss-partial,ICLR_results/swebench/ablation/qwen35b/d03__b15k__ss-partial/sympy__sympy-13757/structured-summarize-partial/run_3/trajectory.json,sympy__sympy-13757__structured-summarize-partial__r3,2026-09-08T09:38:13.131951,LimitsExceeded,0,768.4,125,,2
ablation/qwen35b/d03__b15k__ss-partial,ICLR_results/swebench/ablation/qwen35b/d03__b15k__ss-partial/sympy__sympy-13757/structured-summarize-partial/run_1/trajectory.json,sympy__sympy-13757__structured-summarize-partial__r1,2026-09-08T09:44:06.730080,LimitsExceeded,0,1215.42,125,,4
ablation/qwen35b/d03__b15k__ss-partial,ICLR_results/swebench/ablation/qwen35b/d03__b15k__ss-partial/scikit-learn__scikit-learn-25747/structured-summarize-partial/run_3/trajectory.json,scikit-learn__scikit-learn-25747__structured-summarize-partial__r3,2026-09-08T09:32:48.543539,Submitted,0,764.65,47,False,2
ablation/qwen35b/d03__b15k__ss-partial,ICLR_results/swebench/ablation/qwen35b/d03__b15k__ss-partial/scikit-learn__scikit-learn-25747/structured-summarize-partial/run_1/trajectory.json,scikit-learn__scikit-learn-25747__structured-summarize-partial__r1,2026-09-08T09:38:55.521287,LimitsExceeded,0,1147.38,125,,5
ablation/qwen35b/d03__b15k__ss-partial,ICLR_results/swebench/ablation/qwen35b/d03__b15k__ss-partial/sympy__sympy-13031/structured-summarize-partial/run_2/trajectory.json,sympy__sympy-13031__structured-summarize-partial__r2,2026-09-08T09:28:45.658321,Submitted,0,402.62,62,False,1
ablation/qwen35b/d03__b15k__ss-partial,ICLR_results/swebench/ablation/qwen35b/d03__b15k__ss-partial/django__django-11292/structured-summarize-partial/run_3/trajectory.json,django__django-11292__structured-summarize-partial__r3,2026-09-08T09:09:29.917045,Submitted,0,356.17,32,True,0
ablation/qwen35b/d03__b15k__ss-partial,ICLR_results/swebench/ablation/qwen35b/d03__b15k__ss-partial/django__django-11292/structured-summarize-partial/run_2/trajectory.json,django__django-11292__structured-summarize-partial__r2,2026-09-08T09:10:04.500566,Submitted,0,390.75,67,True,1
ablation/qwen35b/d03__b15k__ss-partial,ICLR_results/swebench/ablation/qwen35b/d03__b15k__ss-partial/django__django-12273/structured-summarize-partial/run_3/trajectory.json,django__django-12273__structured-summarize-partial__r3,2026-09-08T09:28:33.756728,,-1,1500.0,53,,3
ablation/qwen35b/d03__b15k__ss-partial,ICLR_results/swebench/ablation/qwen35b/d03__b15k__ss-partial/django__django-12273/structured-summarize-partial/run_2/trajectory.json,django__django-12273__structured-summarize-partial__r2,2026-09-08T09:28:33.756902,,-1,1500.0,60,,2
ablation/qwen35b/d03__b15k__ss-partial,ICLR_results/swebench/ablation/qwen35b/d03__b15k__ss-partial/django__django-12273/structured-summarize-partial/run_1/trajectory.json,django__django-12273__structured-summarize-partial__r1,2026-09-08T09:15:15.872882,Submitted,0,702.12,40,False,2
ablation/qwen35b/d03__b15k__ss-partial,ICLR_results/swebench/ablation/qwen35b/d03__b15k__ss-partial/sympy__sympy-24443/structured-summarize-partial/run_3/trajectory.json,sympy__sympy-24443__structured-summarize-partial__r3,2026-09-08T09:39:27.410956,Submitted,0,644.3,62,True,2
ablation/qwen35b/d03__b15k__ss-partial,ICLR_results/swebench/ablation/qwen35b/d03__b15k__ss-partial/sympy__sympy-24443/structured-summarize-partial/run_1/trajectory.json,sympy__sympy-24443__structured-summarize-partial__r1,2026-09-08T09:38:12.853724,Submitted,0,579.1,32,True,1
ablation/qwen35b/d03__b15k__ss-partial,ICLR_results/swebench/ablation/qwen35b/d03__b15k__ss-partial/sympy__sympy-11618/structured-summarize-partial/run_3/trajectory.json,sympy__sympy-11618__structured-summarize-partial__r3,2026-09-08T09:25:48.407808,Submitted,0,303.43,55,True,1
ablation/qwen35b/d03__b15k__ss-partial,ICLR_results/swebench/ablation/qwen35b/d03__b15k__ss-partial/django__django-14999/structured-summarize-partial/run_1/trajectory.json,django__django-14999__structured-summarize-partial__r1,2026-09-08T09:09:51.645529,Submitted,0,377.89,38,True,1
ablation/qwen35b/d03__b15k__ss-partial,ICLR_results/swebench/ablation/qwen35b/d03__b15k__ss-partial/scikit-learn__scikit-learn-11310/structured-summarize-partial/run_3/trajectory.json,scikit-learn__scikit-learn-11310__structured-summarize-partial__r3,2026-09-08T09:20:29.167212,Submitted,0,637.52,86,False,4
ablation/qwen35b/d03__b15k__ss-partial,ICLR_results/swebench/ablation/qwen35b/d03__b15k__ss-partial/scikit-learn__scikit-learn-11310/structured-summarize-partial/run_1/trajectory.json,scikit-learn__scikit-learn-11310__structured-summarize-partial__r1,2026-09-08T09:28:43.110997,LimitsExceeded,0,1153.19,125,,4
ablation/qwen35b/d03__b15k__ss-partial,ICLR_results/swebench/ablation/qwen35b/d03__b15k__ss-partial/scikit-learn__scikit-learn-10908/structured-summarize-partial/run_3/trajectory.json,scikit-learn__scikit-learn-10908__structured-summarize-partial__r3,2026-09-08T09:25:24.728257,LimitsExceeded,0,1310.97,125,,4
ablation/qwen35b/d03__b15k__ss-partial,ICLR_results/swebench/ablation/qwen35b/d03__b15k__ss-partial/scikit-learn__scikit-learn-10908/structured-summarize-partial/run_2/trajectory.json,scikit-learn__scikit-learn-10908__structured-summarize-partial__r2,2026-09-08T09:17:18.248637,Submitted,0,824.49,102,True,3
ablation/qwen35b/d03__b15k__ss-partial,ICLR_results/swebench/ablation/qwen35b/d03__b15k__ss-partial/scikit-learn__scikit-learn-26323/structured-summarize-partial/run_1/trajectory.json,scikit-learn__scikit-learn-26323__structured-summarize-partial__r1,2026-09-08T09:26:09.638001,Submitted,0,340.47,52,True,2
ablation/qwen35b/d03__b20k__ss,ICLR_results/swebench/ablation/qwen35b/d03__b20k__ss/sympy__sympy-15345/structured-summarize/run_1/trajectory.json,sympy__sympy-15345__structured-summarize__r1,2026-09-08T10:02:20.804797,Submitted,0,415.69,43,True,1
ablation/qwen35b/d03__b20k__ss,ICLR_results/swebench/ablation/qwen35b/d03__b20k__ss/scikit-learn__scikit-learn-10297/structured-summarize/run_2/trajectory.json,scikit-learn__scikit-learn-10297__structured-summarize__r2,2026-09-08T09:58:43.546713,Submitted,0,198.43,33,True,0
ablation/qwen35b/d03__b20k__ss,ICLR_results/swebench/ablation/qwen35b/d03__b20k__ss/django__django-13964/structured-summarize/run_1/trajectory.json,django__django-13964__structured-summarize__r1,2026-09-08T10:09:34.594460,Submitted,0,849.48,85,True,3
ablation/qwen35b/d03__b20k__ss,ICLR_results/swebench/ablation/qwen35b/d03__b20k__ss/scikit-learn__scikit-learn-25747/structured-summarize/run_3/trajectory.json,scikit-learn__scikit-learn-25747__structured-summarize__r3,2026-09-08T10:03:50.198993,Submitted,0,505.08,69,False,2
ablation/qwen35b/d03__b20k__ss,ICLR_results/swebench/ablation/qwen35b/d03__b20k__ss/scikit-learn__scikit-learn-25747/structured-summarize/run_1/trajectory.json,scikit-learn__scikit-learn-25747__structured-summarize__r1,2026-09-08T10:08:26.170132,Submitted,0,781.05,110,False,3
ablation/qwen35b/d03__b20k__ss,ICLR_results/swebench/ablation/qwen35b/d03__b20k__ss/sympy__sympy-13031/structured-summarize/run_3/trajectory.json,sympy__sympy-13031__structured-summarize__r3,2026-09-08T10:04:27.173786,Submitted,0,542.06,96,False,1
ablation/qwen35b/d03__b20k__ss,ICLR_results/swebench/ablation/qwen35b/d03__b20k__ss/sympy__sympy-13031/structured-summarize/run_2/trajectory.json,sympy__sympy-13031__structured-summarize__r2,2026-09-08T10:10:18.044899,LimitsExceeded,0,892.93,125,,2
ablation/qwen35b/d03__b20k__ss,ICLR_results/swebench/ablation/qwen35b/d03__b20k__ss/django__django-12273/structured-summarize/run_1/trajectory.json,django__django-12273__structured-summarize__r1,2026-09-08T10:09:52.142918,Submitted,0,867.03,93,True,3
ablation/qwen35b/d03__b20k__ss,ICLR_results/swebench/ablation/qwen35b/d03__b20k__ss/django__django-14999/structured-summarize/run_1/trajectory.json,django__django-14999__structured-summarize__r1,2026-09-08T10:06:23.934175,Submitted,0,658.82,124,True,3
ablation/qwen35b/d03__b20k__ss-partial,ICLR_results/swebench/ablation/qwen35b/d03__b20k__ss-partial/django__django-11299/structured-summarize-partial/run_3/trajectory.json,django__django-11299__structured-summarize-partial__r3,2026-09-08T10:23:11.068932,Submitted,0,553.29,48,True,2
ablation/qwen35b/d03__b20k__ss-partial,ICLR_results/swebench/ablation/qwen35b/d03__b20k__ss-partial/django__django-11299/structured-summarize-partial/run_2/trajectory.json,django__django-11299__structured-summarize-partial__r2,2026-09-08T10:23:10.944008,Submitted,0,553.17,46,True,1
ablation/qwen35b/d03__b20k__ss-partial,ICLR_results/swebench/ablation/qwen35b/d03__b20k__ss-partial/django__django-11299/structured-summarize-partial/run_1/trajectory.json,django__django-11299__structured-summarize-partial__r1,2026-09-08T10:20:25.197050,Submitted,0,387.42,43,True,1
ablation/qwen35b/d03__b20k__ss-partial,ICLR_results/swebench/ablation/qwen35b/d03__b20k__ss-partial/scikit-learn__scikit-learn-13328/structured-summarize-partial/run_3/trajectory.json,scikit-learn__scikit-learn-13328__structured-summarize-partial__r3,2026-09-08T10:27:26.894306,Submitted,0,809.11,101,True,2
ablation/qwen35b/d03__b20k__ss-partial,ICLR_results/swebench/ablation/qwen35b/d03__b20k__ss-partial/scikit-learn__scikit-learn-13328/structured-summarize-partial/run_2/trajectory.json,scikit-learn__scikit-learn-13328__structured-summarize-partial__r2,2026-09-08T10:23:35.840941,Submitted,0,578.06,70,True,2
ablation/qwen35b/d03__b20k__ss-partial,ICLR_results/swebench/ablation/qwen35b/d03__b20k__ss-partial/scikit-learn__scikit-learn-13779/structured-summarize-partial/run_3/trajectory.json,scikit-learn__scikit-learn-13779__structured-summarize-partial__r3,2026-09-08T10:38:57.790446,,-1,1500.0,78,,2
ablation/qwen35b/d03__b20k__ss-partial,ICLR_results/swebench/ablation/qwen35b/d03__b20k__ss-partial/scikit-learn__scikit-learn-13779/structured-summarize-partial/run_1/trajectory.json,scikit-learn__scikit-learn-13779__structured-summarize-partial__r1,2026-09-08T10:18:55.903568,Submitted,0,298.12,34,True,0
ablation/qwen35b/d03__b20k__ss-partial,ICLR_results/swebench/ablation/qwen35b/d03__b20k__ss-partial/sympy__sympy-15345/structured-summarize-partial/run_2/trajectory.json,sympy__sympy-15345__structured-summarize-partial__r2,2026-09-08T10:35:56.056036,Submitted,0,513.71,57,True,0
ablation/qwen35b/d03__b20k__ss-partial,ICLR_results/swebench/ablation/qwen35b/d03__b20k__ss-partial/sympy__sympy-15345/structured-summarize-partial/run_1/trajectory.json,sympy__sympy-15345__structured-summarize-partial__r1,2026-09-08T10:34:44.796201,Submitted,0,540.68,64,True,1
ablation/qwen35b/d03__b20k__ss-partial,ICLR_results/swebench/ablation/qwen35b/d03__b20k__ss-partial/django__django-14580/structured-summarize-partial/run_3/trajectory.json,django__django-14580__structured-summarize-partial__r3,2026-09-08T10:21:54.895198,Submitted,0,477.12,34,False,1
ablation/qwen35b/d03__b20k__ss-partial,ICLR_results/swebench/ablation/qwen35b/d03__b20k__ss-partial/scikit-learn__scikit-learn-14496/structured-summarize-partial/run_2/trajectory.json,scikit-learn__scikit-learn-14496__structured-summarize-partial__r2,2026-09-08T10:18:07.946865,Submitted,0,250.16,29,True,0
ablation/qwen35b/d03__b20k__ss-partial,ICLR_results/swebench/ablation/qwen35b/d03__b20k__ss-partial/django__django-13964/structured-summarize-partial/run_3/trajectory.json,django__django-13964__structured-summarize-partial__r3,2026-09-08T10:37:47.065780,LimitsExceeded,0,1429.29,125,,3
ablation/qwen35b/d03__b20k__ss-partial,ICLR_results/swebench/ablation/qwen35b/d03__b20k__ss-partial/sympy__sympy-13757/structured-summarize-partial/run_2/trajectory.json,sympy__sympy-13757__structured-summarize-partial__r2,2026-09-08T10:35:45.628584,Submitted,0,729.78,124,True,2
ablation/qwen35b/d03__b20k__ss-partial,ICLR_results/swebench/ablation/qwen35b/d03__b20k__ss-partial/sympy__sympy-13757/structured-summarize-partial/run_1/trajectory.json,sympy__sympy-13757__structured-summarize-partial__r1,2026-09-08T10:36:22.432042,LimitsExceeded,0,791.36,125,,1
ablation/qwen35b/d03__b20k__ss-partial,ICLR_results/swebench/ablation/qwen35b/d03__b20k__ss-partial/scikit-learn__scikit-learn-25747/structured-summarize-partial/run_2/trajectory.json,scikit-learn__scikit-learn-25747__structured-summarize-partial__r2,2026-09-08T10:33:01.181889,Submitted,0,845.27,61,False,2
ablation/qwen35b/d03__b20k__ss-partial,ICLR_results/swebench/ablation/qwen35b/d03__b20k__ss-partial/scikit-learn__scikit-learn-25747/structured-summarize-partial/run_1/trajectory.json,scikit-learn__scikit-learn-25747__structured-summarize-partial__r1,2026-09-08T10:29:06.468335,Submitted,0,658.52,62,False,2
ablation/qwen35b/d03__b20k__ss-partial,ICLR_results/swebench/ablation/qwen35b/d03__b20k__ss-partial/django__django-11292/structured-summarize-partial/run_3/trajectory.json,django__django-11292__structured-summarize-partial__r3,2026-09-08T10:20:55.808892,Submitted,0,418.03,41,True,0
ablation/qwen35b/d03__b20k__ss-partial,ICLR_results/swebench/ablation/qwen35b/d03__b20k__ss-partial/django__django-12273/structured-summarize-partial/run_3/trajectory.json,django__django-12273__structured-summarize-partial__r3,2026-09-08T10:38:57.787721,,-1,1500.0,57,,2
ablation/qwen35b/d03__b20k__ss-partial,ICLR_results/swebench/ablation/qwen35b/d03__b20k__ss-partial/django__django-12273/structured-summarize-partial/run_2/trajectory.json,django__django-12273__structured-summarize-partial__r2,2026-09-08T10:38:57.782174,,-1,1500.0,52,,1
ablation/qwen35b/d03__b20k__ss-partial,ICLR_results/swebench/ablation/qwen35b/d03__b20k__ss-partial/sympy__sympy-24443/structured-summarize-partial/run_1/trajectory.json,sympy__sympy-24443__structured-summarize-partial__r1,2026-09-08T10:45:30.298875,Submitted,0,1083.4,123,True,5
ablation/qwen35b/d03__b20k__ss-partial,ICLR_results/swebench/ablation/qwen35b/d03__b20k__ss-partial/sympy__sympy-11618/structured-summarize-partial/run_2/trajectory.json,sympy__sympy-11618__structured-summarize-partial__r2,2026-09-08T10:29:32.438630,Submitted,0,381.49,38,True,0
ablation/qwen35b/d03__b20k__ss-partial,ICLR_results/swebench/ablation/qwen35b/d03__b20k__ss-partial/django__django-14999/structured-summarize-partial/run_3/trajectory.json,django__django-14999__structured-summarize-partial__r3,2026-09-08T10:31:44.833883,LimitsExceeded,0,1067.05,125,,4
ablation/qwen35b/d03__b20k__ss-partial,ICLR_results/swebench/ablation/qwen35b/d03__b20k__ss-partial/django__django-14999/structured-summarize-partial/run_1/trajectory.json,django__django-14999__structured-summarize-partial__r1,2026-09-08T10:38:57.787544,,-1,1500.0,95,,3
ablation/qwen35b/d03__b20k__ss-partial,ICLR_results/swebench/ablation/qwen35b/d03__b20k__ss-partial/scikit-learn__scikit-learn-11310/structured-summarize-partial/run_3/trajectory.json,scikit-learn__scikit-learn-11310__structured-summarize-partial__r3,2026-09-08T10:25:44.112277,Submitted,0,706.33,85,True,3
ablation/qwen35b/d03__b20k__ss-partial,ICLR_results/swebench/ablation/qwen35b/d03__b20k__ss-partial/scikit-learn__scikit-learn-26323/structured-summarize-partial/run_3/trajectory.json,scikit-learn__scikit-learn-26323__structured-summarize-partial__r3,2026-09-08T10:29:01.664800,Submitted,0,426.77,57,True,1
ablation/qwen35b/d03__b20k__ss-partial,ICLR_results/swebench/ablation/qwen35b/d03__b20k__ss-partial/scikit-learn__scikit-learn-26323/structured-summarize-partial/run_2/trajectory.json,scikit-learn__scikit-learn-26323__structured-summarize-partial__r2,2026-09-08T10:29:02.204095,Submitted,0,486.39,47,False,1
ablation/qwen35b/d03__b20k__ss-partial,ICLR_results/swebench/ablation/qwen35b/d03__b20k__ss-partial/scikit-learn__scikit-learn-26323/structured-summarize-partial/run_1/trajectory.json,scikit-learn__scikit-learn-26323__structured-summarize-partial__r1,2026-09-08T10:27:22.347689,Submitted,0,417.15,42,True,1
ablation/qwen35b/d07__b10k__ss,ICLR_results/swebench/ablation/qwen35b/d07__b10k__ss/sympy__sympy-24066/structured-summarize/run_1/trajectory.json,sympy__sympy-24066__structured-summarize__r1,2026-09-08T11:44:22.053663,Submitted,0,790.57,100,,6
ablation/qwen35b/d07__b10k__ss,ICLR_results/swebench/ablation/qwen35b/d07__b10k__ss/django__django-13012/structured-summarize/run_3/trajectory.json,django__django-13012__structured-summarize__r3,2026-09-08T11:16:49.309160,LimitsExceeded,0,710.49,125,,4
ablation/qwen35b/d07__b10k__ss,ICLR_results/swebench/ablation/qwen35b/d07__b10k__ss/django__django-13012/structured-summarize/run_2/trajectory.json,django__django-13012__structured-summarize__r2,2026-09-08T11:18:48.474175,LimitsExceeded,0,829.65,125,,4
ablation/qwen35b/d07__b10k__ss,ICLR_results/swebench/ablation/qwen35b/d07__b10k__ss/django__django-13012/structured-summarize/run_1/trajectory.json,django__django-13012__structured-summarize__r1,2026-09-08T11:11:06.151774,Submitted,0,367.33,65,True,3
ablation/qwen35b/d07__b10k__ss,ICLR_results/swebench/ablation/qwen35b/d07__b10k__ss/scikit-learn__scikit-learn-15100/structured-summarize/run_2/trajectory.json,scikit-learn__scikit-learn-15100__structured-summarize__r2,2026-09-08T11:27:32.775723,Submitted,0,192.71,25,True,1
ablation/qwen35b/d07__b10k__ss,ICLR_results/swebench/ablation/qwen35b/d07__b10k__ss/scikit-learn__scikit-learn-11578/structured-summarize/run_2/trajectory.json,scikit-learn__scikit-learn-11578__structured-summarize__r2,2026-09-08T11:23:26.931806,Submitted,0,278.46,47,True,3
ablation/qwen35b/d07__b10k__ss,ICLR_results/swebench/ablation/qwen35b/d07__b10k__ss/sympy__sympy-13091/structured-summarize/run_3/trajectory.json,sympy__sympy-13091__structured-summarize__r3,2026-09-08T11:38:19.228912,Submitted,0,500.4,55,False,2
ablation/qwen35b/d07__b10k__ss,ICLR_results/swebench/ablation/qwen35b/d07__b10k__ss/sympy__sympy-13091/structured-summarize/run_2/trajectory.json,sympy__sympy-13091__structured-summarize__r2,2026-09-08T11:43:30.021752,LimitsExceeded,0,811.2,125,,5
ablation/qwen35b/d07__b10k__ss,ICLR_results/swebench/ablation/qwen35b/d07__b10k__ss/sympy__sympy-13091/structured-summarize/run_1/trajectory.json,sympy__sympy-13091__structured-summarize__r1,2026-09-08T11:35:35.917754,Submitted,0,385.21,58,False,2
ablation/qwen35b/d07__b10k__ss,ICLR_results/swebench/ablation/qwen35b/d07__b10k__ss/sympy__sympy-17630/structured-summarize/run_2/trajectory.json,sympy__sympy-17630__structured-summarize__r2,2026-09-08T11:38:24.348584,Submitted,0,505.51,57,False,4
ablation/qwen35b/d07__b10k__ss,ICLR_results/swebench/ablation/qwen35b/d07__b10k__ss/django__django-11299/structured-summarize/run_3/trajectory.json,django__django-11299__structured-summarize__r3,2026-09-08T11:29:58.820954,,-1,1500.0,94,,7
ablation/qwen35b/d07__b10k__ss,ICLR_results/swebench/ablation/qwen35b/d07__b10k__ss/django__django-11299/structured-summarize/run_1/trajectory.json,django__django-11299__structured-summarize__r1,2026-09-08T11:24:20.064971,Submitted,0,1161.25,110,True,8
ablation/qwen35b/d07__b10k__ss,ICLR_results/swebench/ablation/qwen35b/d07__b10k__ss/scikit-learn__scikit-learn-13328/structured-summarize/run_3/trajectory.json,scikit-learn__scikit-learn-13328__structured-summarize__r3,2026-09-08T11:35:54.724493,Submitted,0,880.58,61,True,6
ablation/qwen35b/d07__b10k__ss,ICLR_results/swebench/ablation/qwen35b/d07__b10k__ss/scikit-learn__scikit-learn-13328/structured-summarize/run_2/trajectory.json,scikit-learn__scikit-learn-13328__structured-summarize__r2,2026-09-08T11:35:20.270806,Submitted,0,943.63,124,True,10
ablation/qwen35b/d07__b10k__ss,ICLR_results/swebench/ablation/qwen35b/d07__b10k__ss/scikit-learn__scikit-learn-13779/structured-summarize/run_3/trajectory.json,scikit-learn__scikit-learn-13779__structured-summarize__r3,2026-09-08T11:28:09.810576,Submitted,0,282.88,33,True,1
ablation/qwen35b/d07__b10k__ss,ICLR_results/swebench/ablation/qwen35b/d07__b10k__ss/scikit-learn__scikit-learn-13779/structured-summarize/run_2/trajectory.json,scikit-learn__scikit-learn-13779__structured-summarize__r2,2026-09-08T11:28:38.862724,Submitted,0,414.32,48,True,3
ablation/qwen35b/d07__b10k__ss,ICLR_results/swebench/ablation/qwen35b/d07__b10k__ss/sympy__sympy-15345/structured-summarize/run_3/trajectory.json,sympy__sympy-15345__structured-summarize__r3,2026-09-08T11:40:32.673369,Submitted,0,633.84,69,False,3
ablation/qwen35b/d07__b10k__ss,ICLR_results/swebench/ablation/qwen35b/d07__b10k__ss/django__django-14580/structured-summarize/run_3/trajectory.json,django__django-14580__structured-summarize__r3,2026-09-08T11:19:36.640651,Submitted,0,877.81,85,True,5
ablation/qwen35b/d07__b10k__ss,ICLR_results/swebench/ablation/qwen35b/d07__b10k__ss/django__django-14580/structured-summarize/run_2/trajectory.json,django__django-14580__structured-summarize__r2,2026-09-08T11:29:58.836855,,-1,1500.0,123,,12
ablation/qwen35b/d07__b10k__ss,ICLR_results/swebench/ablation/qwen35b/d07__b10k__ss/django__django-17087/structured-summarize/run_2/trajectory.json,django__django-17087__structured-summarize__r2,2026-09-08T11:12:25.781937,Submitted,0,446.95,46,True,2
ablation/qwen35b/d07__b10k__ss,ICLR_results/swebench/ablation/qwen35b/d07__b10k__ss/django__django-17087/structured-summarize/run_1/trajectory.json,django__django-17087__structured-summarize__r1,2026-09-08T11:08:22.751735,Submitted,0,203.92,35,False,2
ablation/qwen35b/d07__b10k__ss,ICLR_results/swebench/ablation/qwen35b/d07__b10k__ss/scikit-learn__scikit-learn-10297/structured-summarize/run_1/trajectory.json,scikit-learn__scikit-learn-10297__structured-summarize__r1,2026-09-08T11:11:54.328116,Submitted,0,211.57,43,True,2
ablation/qwen35b/d07__b10k__ss,ICLR_results/swebench/ablation/qwen35b/d07__b10k__ss/django__django-13964/structured-summarize/run_3/trajectory.json,django__django-13964__structured-summarize__r3,2026-09-08T11:29:58.837009,,-1,1500.0,106,,10
ablation/qwen35b/d07__b10k__ss,ICLR_results/swebench/ablation/qwen35b/d07__b10k__ss/django__django-13964/structured-summarize/run_2/trajectory.json,django__django-13964__structured-summarize__r2,2026-09-08T11:29:10.708115,LimitsExceeded,0,1451.88,125,,12
ablation/qwen35b/d07__b10k__ss,ICLR_results/swebench/ablation/qwen35b/d07__b10k__ss/django__django-13964/structured-summarize/run_1/trajectory.json,django__django-13964__structured-summarize__r1,2026-09-08T11:21:14.135713,Submitted,0,975.31,68,False,5
ablation/qwen35b/d07__b10k__ss,ICLR_results/swebench/ablation/qwen35b/d07__b10k__ss/sympy__sympy-13757/structured-summarize/run_2/trajectory.json,sympy__sympy-13757__structured-summarize__r2,2026-09-08T11:43:05.230551,LimitsExceeded,0,786.39,125,,6
ablation/qwen35b/d07__b10k__ss,ICLR_results/swebench/ablation/qwen35b/d07__b10k__ss/sympy__sympy-13757/structured-summarize/run_1/trajectory.json,sympy__sympy-13757__structured-summarize__r1,2026-09-08T11:44:10.912345,LimitsExceeded,0,852.07,125,,7
ablation/qwen35b/d07__b10k__ss,ICLR_results/swebench/ablation/qwen35b/d07__b10k__ss/scikit-learn__scikit-learn-25747/structured-summarize/run_3/trajectory.json,scikit-learn__scikit-learn-25747__structured-summarize__r3,2026-09-08T11:40:24.327530,Submitted,0,771.55,66,False,6
ablation/qwen35b/d07__b10k__ss,ICLR_results/swebench/ablation/qwen35b/d07__b10k__ss/scikit-learn__scikit-learn-25747/structured-summarize/run_2/trajectory.json,scikit-learn__scikit-learn-25747__structured-summarize__r2,2026-09-08T11:38:29.909451,Submitted,0,671.1,48,False,4
ablation/qwen35b/d07__b10k__ss,ICLR_results/swebench/ablation/qwen35b/d07__b10k__ss/django__django-12273/structured-summarize/run_3/trajectory.json,django__django-12273__structured-summarize__r3,2026-09-08T11:29:58.837329,,-1,1500.0,69,,5
ablation/qwen35b/d07__b10k__ss,ICLR_results/swebench/ablation/qwen35b/d07__b10k__ss/django__django-12273/structured-summarize/run_2/trajectory.json,django__django-12273__structured-summarize__r2,2026-09-08T11:29:58.830334,,-1,1500.0,87,,7
ablation/qwen35b/d07__b10k__ss,ICLR_results/swebench/ablation/qwen35b/d07__b10k__ss/django__django-12273/structured-summarize/run_1/trajectory.json,django__django-12273__structured-summarize__r1,2026-09-08T11:29:58.836262,,-1,1500.0,109,,10
ablation/qwen35b/d07__b10k__ss,ICLR_results/swebench/ablation/qwen35b/d07__b10k__ss/sympy__sympy-11618/structured-summarize/run_1/trajectory.json,sympy__sympy-11618__structured-summarize__r1,2026-09-08T11:37:59.976390,Submitted,0,561.11,60,True,3
ablation/qwen35b/d07__b10k__ss,ICLR_results/swebench/ablation/qwen35b/d07__b10k__ss/django__django-14999/structured-summarize/run_2/trajectory.json,django__django-14999__structured-summarize__r2,2026-09-08T11:12:16.964699,Submitted,0,438.13,65,True,2
ablation/qwen35b/d07__b10k__ss,ICLR_results/swebench/ablation/qwen35b/d07__b10k__ss/scikit-learn__scikit-learn-11310/structured-summarize/run_3/trajectory.json,scikit-learn__scikit-learn-11310__structured-summarize__r3,2026-09-08T11:38:56.291077,LimitsExceeded,0,1326.98,125,,10
ablation/qwen35b/d07__b10k__ss,ICLR_results/swebench/ablation/qwen35b/d07__b10k__ss/scikit-learn__scikit-learn-11310/structured-summarize/run_2/trajectory.json,scikit-learn__scikit-learn-11310__structured-summarize__r2,2026-09-08T11:31:11.486191,LimitsExceeded,0,1125.7,125,,8
ablation/qwen35b/d07__b10k__ss,ICLR_results/swebench/ablation/qwen35b/d07__b10k__ss/scikit-learn__scikit-learn-11310/structured-summarize/run_1/trajectory.json,scikit-learn__scikit-learn-11310__structured-summarize__r1,2026-09-08T11:27:18.804649,Submitted,0,901.84,110,False,8
ablation/qwen35b/d07__b10k__ss,ICLR_results/swebench/ablation/qwen35b/d07__b10k__ss/scikit-learn__scikit-learn-10908/structured-summarize/run_3/trajectory.json,scikit-learn__scikit-learn-10908__structured-summarize__r3,2026-09-08T11:21:44.544355,Submitted,0,590.22,66,False,4
ablation/qwen35b/d07__b10k__ss,ICLR_results/swebench/ablation/qwen35b/d07__b10k__ss/scikit-learn__scikit-learn-10908/structured-summarize/run_2/trajectory.json,scikit-learn__scikit-learn-10908__structured-summarize__r2,2026-09-08T11:28:23.144041,Submitted,0,1036.99,84,True,5
ablation/qwen35b/d07__b10k__ss,ICLR_results/swebench/ablation/qwen35b/d07__b10k__ss/scikit-learn__scikit-learn-26323/structured-summarize/run_3/trajectory.json,scikit-learn__scikit-learn-26323__structured-summarize__r3,2026-09-08T11:45:33.962486,LimitsExceeded,0,1030.82,125,,9
ablation/qwen35b/d07__b10k__ss,ICLR_results/swebench/ablation/qwen35b/d07__b10k__ss/scikit-learn__scikit-learn-26323/structured-summarize/run_1/trajectory.json,scikit-learn__scikit-learn-26323__structured-summarize__r1,2026-09-08T11:46:04.174027,LimitsExceeded,0,1074.36,125,,9
main/qwen35b/di__b15k__trc-ss,ICLR_results/swebench/main/qwen35b/di__b15k__trc-ss/sympy__sympy-24066/trc-ss/run_2/trajectory.json,sympy__sympy-24066__trc-ss__r2,2026-09-08T02:02:19.936934,,-1,1500.0,96,,9
main/qwen35b/di__b15k__trc-ss,ICLR_results/swebench/main/qwen35b/di__b15k__trc-ss/sympy__sympy-15875/trc-ss/run_2/trajectory.json,sympy__sympy-15875__trc-ss__r2,2026-09-08T01:48:36.047111,Submitted,0,676.06,59,False,3
main/qwen35b/di__b15k__trc-ss,ICLR_results/swebench/main/qwen35b/di__b15k__trc-ss/django__django-14351/trc-ss/run_3/trajectory.json,django__django-14351__trc-ss__r3,2026-09-08T01:53:48.452403,LimitsExceeded,0,988.54,125,,9
main/qwen35b/di__b15k__trc-ss,ICLR_results/swebench/main/qwen35b/di__b15k__trc-ss/sympy__sympy-13798/trc-ss/run_1/trajectory.json,sympy__sympy-13798__trc-ss__r1,2026-09-08T01:44:05.796953,Submitted,0,405.83,49,False,1
main/qwen35b/di__b15k__trc-ss,ICLR_results/swebench/main/qwen35b/di__b15k__trc-ss/sympy__sympy-13031/trc-ss/run_2/trajectory.json,sympy__sympy-13031__trc-ss__r2,2026-09-08T01:46:56.541246,LimitsExceeded,0,576.64,125,,7
main/qwen35b/di__b15k__trc-ss,ICLR_results/swebench/main/qwen35b/di__b15k__trc-ss/django__django-11095/trc-ss/run_1/trajectory.json,django__django-11095__trc-ss__r1,2026-09-08T01:42:23.363491,Submitted,0,303.44,35,True,1
main/qwen35b/di__b15k__trc-ss,ICLR_results/swebench/main/qwen35b/di__b15k__trc-ss/sympy__sympy-13647/trc-ss/run_2/trajectory.json,sympy__sympy-13647__trc-ss__r2,2026-09-08T01:47:33.680415,Submitted,0,613.72,61,True,3
main/qwen35b/di__b15k__trc-ss,ICLR_results/swebench/main/qwen35b/di__b15k__trc-ss/sympy__sympy-20916/trc-ss/run_2/trajectory.json,sympy__sympy-20916__trc-ss__r2,2026-09-08T01:59:51.751776,LimitsExceeded,0,1351.77,125,,8
main/qwen35b/di__b15k__otrc-ss-partial,ICLR_results/swebench/main/qwen35b/di__b15k__otrc-ss-partial/sympy__sympy-19040/otrc-ss-partial/run_3/trajectory.json,sympy__sympy-19040__otrc-ss-partial__r3,2026-09-08T04:00:33.900347,,-1,1500.02,78,,1
main/qwen35b/di__b15k__otrc-ss-partial,ICLR_results/swebench/main/qwen35b/di__b15k__otrc-ss-partial/sympy__sympy-19040/otrc-ss-partial/run_2/trajectory.json,sympy__sympy-19040__otrc-ss-partial__r2,2026-09-08T03:59:56.891787,,-1,1500.01,90,,1
main/qwen35b/di__b15k__otrc-ss-partial,ICLR_results/swebench/main/qwen35b/di__b15k__otrc-ss-partial/sympy__sympy-19040/otrc-ss-partial/run_1/trajectory.json,sympy__sympy-19040__otrc-ss-partial__r1,2026-09-08T03:58:47.988868,,-1,1500.02,92,,1
main/qwen35b/di__b15k__otrc-ss-partial,ICLR_results/swebench/main/qwen35b/di__b15k__otrc-ss-partial/sympy__sympy-24066/otrc-ss-partial/run_1/trajectory.json,sympy__sympy-24066__otrc-ss-partial__r1,2026-09-08T03:02:29.619638,Submitted,0,777.96,41,True,0
main/qwen35b/di__b15k__otrc-ss-partial,ICLR_results/swebench/main/qwen35b/di__b15k__otrc-ss-partial/sympy__sympy-24661/otrc-ss-partial/run_3/trajectory.json,sympy__sympy-24661__otrc-ss-partial__r3,2026-09-08T04:03:14.875529,Submitted,0,1008.98,70,True,0
main/qwen35b/di__b15k__otrc-ss-partial,ICLR_results/swebench/main/qwen35b/di__b15k__otrc-ss-partial/sympy__sympy-24661/otrc-ss-partial/run_2/trajectory.json,sympy__sympy-24661__otrc-ss-partial__r2,2026-09-08T03:57:52.291545,Submitted,0,1006.82,60,True,1
main/qwen35b/di__b15k__otrc-ss-partial,ICLR_results/swebench/main/qwen35b/di__b15k__otrc-ss-partial/scikit-learn__scikit-learn-13142/otrc-ss-partial/run_1/trajectory.json,scikit-learn__scikit-learn-13142__otrc-ss-partial__r1,2026-09-08T04:11:19.345417,Submitted,0,682.45,55,True,0
main/qwen35b/di__b15k__otrc-ss-partial,ICLR_results/swebench/main/qwen35b/di__b15k__otrc-ss-partial/scikit-learn__scikit-learn-12973/otrc-ss-partial/run_3/trajectory.json,scikit-learn__scikit-learn-12973__otrc-ss-partial__r3,2026-09-08T04:07:23.704725,Submitted,0,652.91,57,False,0
main/qwen35b/di__b15k__otrc-ss-partial,ICLR_results/swebench/main/qwen35b/di__b15k__otrc-ss-partial/scikit-learn__scikit-learn-12973/otrc-ss-partial/run_1/trajectory.json,scikit-learn__scikit-learn-12973__otrc-ss-partial__r1,2026-09-08T04:05:11.458861,Submitted,0,599.33,48,True,0
main/qwen35b/di__b15k__otrc-ss-partial,ICLR_results/swebench/main/qwen35b/di__b15k__otrc-ss-partial/django__django-13810/otrc-ss-partial/run_2/trajectory.json,django__django-13810__otrc-ss-partial__r2,2026-09-08T03:25:23.592391,,-1,1500.01,50,,1
main/qwen35b/di__b15k__otrc-ss-partial,ICLR_results/swebench/main/qwen35b/di__b15k__otrc-ss-partial/django__django-13810/otrc-ss-partial/run_1/trajectory.json,django__django-13810__otrc-ss-partial__r1,2026-09-08T03:09:56.774400,Submitted,0,611.26,24,True,0
main/qwen35b/di__b15k__otrc-ss-partial,ICLR_results/swebench/main/qwen35b/di__b15k__otrc-ss-partial/sympy__sympy-12419/otrc-ss-partial/run_3/trajectory.json,sympy__sympy-12419__otrc-ss-partial__r3,2026-09-08T03:41:05.428253,,-1,1500.02,96,,1
main/qwen35b/di__b15k__otrc-ss-partial,ICLR_results/swebench/main/qwen35b/di__b15k__otrc-ss-partial/sympy__sympy-12419/otrc-ss-partial/run_2/trajectory.json,sympy__sympy-12419__otrc-ss-partial__r2,2026-09-08T03:41:05.277074,,-1,1500.02,85,,0
main/qwen35b/di__b15k__otrc-ss-partial,ICLR_results/swebench/main/qwen35b/di__b15k__otrc-ss-partial/sympy__sympy-12419/otrc-ss-partial/run_1/trajectory.json,sympy__sympy-12419__otrc-ss-partial__r1,2026-09-08T03:41:05.189940,,-1,1500.01,67,,0
main/qwen35b/di__b15k__otrc-ss-partial,ICLR_results/swebench/main/qwen35b/di__b15k__otrc-ss-partial/scikit-learn__scikit-learn-11578/otrc-ss-partial/run_2/trajectory.json,scikit-learn__scikit-learn-11578__otrc-ss-partial__r2,2026-09-08T02:49:31.656250,Submitted,0,1406.45,70,True,1
main/qwen35b/di__b15k__otrc-ss-partial,ICLR_results/swebench/main/qwen35b/di__b15k__otrc-ss-partial/sympy__sympy-13372/otrc-ss-partial/run_3/trajectory.json,sympy__sympy-13372__otrc-ss-partial__r3,2026-09-08T03:38:02.019497,Submitted,0,792.64,38,True,0
main/qwen35b/di__b15k__otrc-ss-partial,ICLR_results/swebench/main/qwen35b/di__b15k__otrc-ss-partial/sympy__sympy-13091/otrc-ss-partial/run_3/trajectory.json,sympy__sympy-13091__otrc-ss-partial__r3,2026-09-08T02:44:46.205350,Submitted,0,1120.98,48,False,0
main/qwen35b/di__b15k__otrc-ss-partial,ICLR_results/swebench/main/qwen35b/di__b15k__otrc-ss-partial/sympy__sympy-13091/otrc-ss-partial/run_2/trajectory.json,sympy__sympy-13091__otrc-ss-partial__r2,2026-09-08T02:51:05.242233,,-1,1500.02,61,,0
main/qwen35b/di__b15k__otrc-ss-partial,ICLR_results/swebench/main/qwen35b/di__b15k__otrc-ss-partial/sympy__sympy-17630/otrc-ss-partial/run_3/trajectory.json,sympy__sympy-17630__otrc-ss-partial__r3,2026-09-08T02:59:45.508502,Submitted,0,899.3,39,False,0
main/qwen35b/di__b15k__otrc-ss-partial,ICLR_results/swebench/main/qwen35b/di__b15k__otrc-ss-partial/sympy__sympy-17630/otrc-ss-partial/run_2/trajectory.json,sympy__sympy-17630__otrc-ss-partial__r2,2026-09-08T03:08:26.291964,Submitted,0,1471.79,78,False,1
main/qwen35b/di__b15k__otrc-ss-partial,ICLR_results/swebench/main/qwen35b/di__b15k__otrc-ss-partial/sympy__sympy-17630/otrc-ss-partial/run_1/trajectory.json,sympy__sympy-17630__otrc-ss-partial__r1,2026-09-08T03:08:18.789880,,-1,1500.02,109,,1
main/qwen35b/di__b15k__otrc-ss-partial,ICLR_results/swebench/main/qwen35b/di__b15k__otrc-ss-partial/django__django-15629/otrc-ss-partial/run_3/trajectory.json,django__django-15629__otrc-ss-partial__r3,2026-09-08T03:33:26.308675,,-1,1500.02,89,,1
main/qwen35b/di__b15k__otrc-ss-partial,ICLR_results/swebench/main/qwen35b/di__b15k__otrc-ss-partial/django__django-15629/otrc-ss-partial/run_2/trajectory.json,django__django-15629__otrc-ss-partial__r2,2026-09-08T03:31:41.051386,Submitted,0,1402.26,67,False,0
main/qwen35b/di__b15k__otrc-ss-partial,ICLR_results/swebench/main/qwen35b/di__b15k__otrc-ss-partial/django__django-12325/otrc-ss-partial/run_3/trajectory.json,django__django-12325__otrc-ss-partial__r3,2026-09-08T03:16:05.431279,,-1,1500.01,109,,0
main/qwen35b/di__b15k__otrc-ss-partial,ICLR_results/swebench/main/qwen35b/di__b15k__otrc-ss-partial/django__django-13809/otrc-ss-partial/run_3/trajectory.json,django__django-13809__otrc-ss-partial__r3,2026-09-08T03:00:23.580268,Submitted,0,558.18,39,True,0
main/qwen35b/di__b15k__otrc-ss-partial,ICLR_results/swebench/main/qwen35b/di__b15k__otrc-ss-partial/sympy__sympy-17318/otrc-ss-partial/run_1/trajectory.json,sympy__sympy-17318__otrc-ss-partial__r1,2026-09-08T03:55:12.117159,Submitted,0,1378.06,57,False,1
main/qwen35b/di__b15k__otrc-ss-partial,ICLR_results/swebench/main/qwen35b/di__b15k__otrc-ss-partial/sympy__sympy-18199/otrc-ss-partial/run_1/trajectory.json,sympy__sympy-18199__otrc-ss-partial__r1,2026-09-08T03:53:12.852195,Submitted,0,1186.54,46,False,1
main/qwen35b/di__b15k__otrc-ss-partial,ICLR_results/swebench/main/qwen35b/di__b15k__otrc-ss-partial/sympy__sympy-12489/otrc-ss-partial/run_3/trajectory.json,sympy__sympy-12489__otrc-ss-partial__r3,2026-09-08T03:30:45.190170,Submitted,0,879.76,63,False,0
main/qwen35b/di__b15k__otrc-ss-partial,ICLR_results/swebench/main/qwen35b/di__b15k__otrc-ss-partial/sympy__sympy-12489/otrc-ss-partial/run_2/trajectory.json,sympy__sympy-12489__otrc-ss-partial__r2,2026-09-08T03:41:05.472120,,-1,1500.04,59,,1
main/qwen35b/di__b15k__otrc-ss-partial,ICLR_results/swebench/main/qwen35b/di__b15k__otrc-ss-partial/sympy__sympy-22456/otrc-ss-partial/run_3/trajectory.json,sympy__sympy-22456__otrc-ss-partial__r3,2026-09-08T03:56:39.681949,Submitted,0,934.25,61,True,0
main/qwen35b/di__b15k__otrc-ss-partial,ICLR_results/swebench/main/qwen35b/di__b15k__otrc-ss-partial/sympy__sympy-22456/otrc-ss-partial/run_2/trajectory.json,sympy__sympy-22456__otrc-ss-partial__r2,2026-09-08T04:06:05.292938,,-1,1500.01,47,,0
main/qwen35b/di__b15k__otrc-ss-partial,ICLR_results/swebench/main/qwen35b/di__b15k__otrc-ss-partial/sympy__sympy-15875/otrc-ss-partial/run_3/trajectory.json,sympy__sympy-15875__otrc-ss-partial__r3,2026-09-08T03:56:41.066800,,-1,1500.01,48,,0
main/qwen35b/di__b15k__otrc-ss-partial,ICLR_results/swebench/main/qwen35b/di__b15k__otrc-ss-partial/django__django-15957/otrc-ss-partial/run_3/trajectory.json,django__django-15957__otrc-ss-partial__r3,2026-09-08T03:41:05.115768,,-1,1500.03,80,,1
main/qwen35b/di__b15k__otrc-ss-partial,ICLR_results/swebench/main/qwen35b/di__b15k__otrc-ss-partial/django__django-15957/otrc-ss-partial/run_2/trajectory.json,django__django-15957__otrc-ss-partial__r2,2026-09-08T03:41:05.086893,,-1,1500.0,44,,0
main/qwen35b/di__b15k__otrc-ss-partial,ICLR_results/swebench/main/qwen35b/di__b15k__otrc-ss-partial/django__django-14351/otrc-ss-partial/run_2/trajectory.json,django__django-14351__otrc-ss-partial__r2,2026-09-08T03:24:49.379446,LimitsExceeded,0,1339.76,125,,1
main/qwen35b/di__b15k__otrc-ss-partial,ICLR_results/swebench/main/qwen35b/di__b15k__otrc-ss-partial/django__django-11299/otrc-ss-partial/run_1/trajectory.json,django__django-11299__otrc-ss-partial__r1,2026-09-08T02:43:18.773390,LimitsExceeded,0,1033.78,125,,0
main/qwen35b/di__b15k__otrc-ss-partial,ICLR_results/swebench/main/qwen35b/di__b15k__otrc-ss-partial/django__django-15098/otrc-ss-partial/run_3/trajectory.json,django__django-15098__otrc-ss-partial__r3,2026-09-08T03:32:14.059643,,-1,1500.02,73,,1
main/qwen35b/di__b15k__otrc-ss-partial,ICLR_results/swebench/main/qwen35b/di__b15k__otrc-ss-partial/django__django-11477/otrc-ss-partial/run_3/trajectory.json,django__django-11477__otrc-ss-partial__r3,2026-09-08T03:16:05.249974,,-1,1500.04,56,,0
main/qwen35b/di__b15k__otrc-ss-partial,ICLR_results/swebench/main/qwen35b/di__b15k__otrc-ss-partial/django__django-11477/otrc-ss-partial/run_2/trajectory.json,django__django-11477__otrc-ss-partial__r2,2026-09-08T03:16:05.161472,,-1,1500.01,73,,0
main/qwen35b/di__b15k__otrc-ss-partial,ICLR_results/swebench/main/qwen35b/di__b15k__otrc-ss-partial/django__django-11477/otrc-ss-partial/run_1/trajectory.json,django__django-11477__otrc-ss-partial__r1,2026-09-08T03:07:14.040195,LimitsExceeded,0,968.91,125,,0
main/qwen35b/di__b15k__otrc-ss-partial,ICLR_results/swebench/main/qwen35b/di__b15k__otrc-ss-partial/scikit-learn__scikit-learn-14053/otrc-ss-partial/run_1/trajectory.json,scikit-learn__scikit-learn-14053__otrc-ss-partial__r1,2026-09-08T04:23:54.036025,Submitted,0,1252.01,105,True,1
main/qwen35b/di__b15k__otrc-ss-partial,ICLR_results/swebench/main/qwen35b/di__b15k__otrc-ss-partial/sympy__sympy-15345/otrc-ss-partial/run_3/trajectory.json,sympy__sympy-15345__otrc-ss-partial__r3,2026-09-08T03:07:40.983235,,-1,1500.0,41,,0
main/qwen35b/di__b15k__otrc-ss-partial,ICLR_results/swebench/main/qwen35b/di__b15k__otrc-ss-partial/sympy__sympy-15345/otrc-ss-partial/run_2/trajectory.json,sympy__sympy-15345__otrc-ss-partial__r2,2026-09-08T02:51:05.398142,,-1,1500.13,68,,0
main/qwen35b/di__b15k__otrc-ss-partial,ICLR_results/swebench/main/qwen35b/di__b15k__otrc-ss-partial/django__django-12304/otrc-ss-partial/run_3/trajectory.json,django__django-12304__otrc-ss-partial__r3,2026-09-08T03:16:05.410440,,-1,1500.14,62,,1
main/qwen35b/di__b15k__otrc-ss-partial,ICLR_results/swebench/main/qwen35b/di__b15k__otrc-ss-partial/django__django-12304/otrc-ss-partial/run_2/trajectory.json,django__django-12304__otrc-ss-partial__r2,2026-09-08T03:04:05.602993,Submitted,0,780.36,33,False,0
main/qwen35b/di__b15k__otrc-ss-partial,ICLR_results/swebench/main/qwen35b/di__b15k__otrc-ss-partial/scikit-learn__scikit-learn-25232/otrc-ss-partial/run_2/trajectory.json,scikit-learn__scikit-learn-25232__otrc-ss-partial__r2,2026-09-08T04:31:05.141872,,-1,1500.0,96,,1
main/qwen35b/di__b15k__otrc-ss-partial,ICLR_results/swebench/main/qwen35b/di__b15k__otrc-ss-partial/scikit-learn__scikit-learn-25232/otrc-ss-partial/run_1/trajectory.json,scikit-learn__scikit-learn-25232__otrc-ss-partial__r1,2026-09-08T04:28:59.036445,Submitted,0,1373.94,91,False,0
main/qwen35b/di__b15k__otrc-ss-partial,ICLR_results/swebench/main/qwen35b/di__b15k__otrc-ss-partial/sympy__sympy-13878/otrc-ss-partial/run_3/trajectory.json,sympy__sympy-13878__otrc-ss-partial__r3,2026-09-08T03:56:30.784539,,-1,1500.02,108,,1
main/qwen35b/di__b15k__otrc-ss-partial,ICLR_results/swebench/main/qwen35b/di__b15k__otrc-ss-partial/scikit-learn__scikit-learn-13135/otrc-ss-partial/run_2/trajectory.json,scikit-learn__scikit-learn-13135__otrc-ss-partial__r2,2026-09-08T04:23:47.993115,,-1,1500.0,108,,0
main/qwen35b/di__b15k__otrc-ss-partial,ICLR_results/swebench/main/qwen35b/di__b15k__otrc-ss-partial/scikit-learn__scikit-learn-13135/otrc-ss-partial/run_1/trajectory.json,scikit-learn__scikit-learn-13135__otrc-ss-partial__r1,2026-09-08T04:21:15.289799,Submitted,0,1402.99,124,True,1
main/qwen35b/di__b15k__otrc-ss-partial,ICLR_results/swebench/main/qwen35b/di__b15k__otrc-ss-partial/scikit-learn__scikit-learn-13124/otrc-ss-partial/run_3/trajectory.json,scikit-learn__scikit-learn-13124__otrc-ss-partial__r3,2026-09-08T04:21:41.102595,,-1,1500.03,67,,1
main/qwen35b/di__b15k__otrc-ss-partial,ICLR_results/swebench/main/qwen35b/di__b15k__otrc-ss-partial/scikit-learn__scikit-learn-13124/otrc-ss-partial/run_2/trajectory.json,scikit-learn__scikit-learn-13124__otrc-ss-partial__r2,2026-09-08T04:21:39.696558,,-1,1500.0,42,,0
main/qwen35b/di__b15k__otrc-ss-partial,ICLR_results/swebench/main/qwen35b/di__b15k__otrc-ss-partial/scikit-learn__scikit-learn-12682/otrc-ss-partial/run_2/trajectory.json,scikit-learn__scikit-learn-12682__otrc-ss-partial__r2,2026-09-08T04:18:12.880803,,-1,1500.03,79,,1
main/qwen35b/di__b15k__otrc-ss-partial,ICLR_results/swebench/main/qwen35b/di__b15k__otrc-ss-partial/scikit-learn__scikit-learn-12682/otrc-ss-partial/run_1/trajectory.json,scikit-learn__scikit-learn-12682__otrc-ss-partial__r1,2026-09-08T04:04:36.698013,Submitted,0,784.91,71,False,0
main/qwen35b/di__b15k__otrc-ss-partial,ICLR_results/swebench/main/qwen35b/di__b15k__otrc-ss-partial/sympy__sympy-13798/otrc-ss-partial/run_3/trajectory.json,sympy__sympy-13798__otrc-ss-partial__r3,2026-09-08T03:46:25.887981,Submitted,0,940.67,72,False,0
main/qwen35b/di__b15k__otrc-ss-partial,ICLR_results/swebench/main/qwen35b/di__b15k__otrc-ss-partial/sympy__sympy-13798/otrc-ss-partial/run_1/trajectory.json,sympy__sympy-13798__otrc-ss-partial__r1,2026-09-08T03:51:31.783346,Submitted,0,1346.14,93,False,1
main/qwen35b/di__b15k__otrc-ss-partial,ICLR_results/swebench/main/qwen35b/di__b15k__otrc-ss-partial/django__django-11734/otrc-ss-partial/run_2/trajectory.json,django__django-11734__otrc-ss-partial__r2,2026-09-08T03:10:33.863776,LimitsExceeded,0,1168.62,125,,1
main/qwen35b/di__b15k__otrc-ss-partial,ICLR_results/swebench/main/qwen35b/di__b15k__otrc-ss-partial/scikit-learn__scikit-learn-25102/otrc-ss-partial/run_3/trajectory.json,scikit-learn__scikit-learn-25102__otrc-ss-partial__r3,2026-09-08T04:30:11.491490,,-1,1500.03,96,,2
main/qwen35b/di__b15k__otrc-ss-partial,ICLR_results/swebench/main/qwen35b/di__b15k__otrc-ss-partial/scikit-learn__scikit-learn-25102/otrc-ss-partial/run_2/trajectory.json,scikit-learn__scikit-learn-25102__otrc-ss-partial__r2,2026-09-08T04:29:36.734608,,-1,1500.02,74,,1
main/qwen35b/di__b15k__otrc-ss-partial,ICLR_results/swebench/main/qwen35b/di__b15k__otrc-ss-partial/scikit-learn__scikit-learn-26194/otrc-ss-partial/run_3/trajectory.json,scikit-learn__scikit-learn-26194__otrc-ss-partial__r3,2026-09-08T04:27:59.441117,Submitted,0,1235.73,66,False,0
main/qwen35b/di__b15k__otrc-ss-partial,ICLR_results/swebench/main/qwen35b/di__b15k__otrc-ss-partial/scikit-learn__scikit-learn-25973/otrc-ss-partial/run_3/trajectory.json,scikit-learn__scikit-learn-25973__otrc-ss-partial__r3,2026-09-08T04:25:47.011963,LimitsExceeded,0,1181.72,125,,1
main/qwen35b/di__b15k__otrc-ss-partial,ICLR_results/swebench/main/qwen35b/di__b15k__otrc-ss-partial/django__django-15930/otrc-ss-partial/run_3/trajectory.json,django__django-15930__otrc-ss-partial__r3,2026-09-08T03:35:33.880712,,-1,1500.0,61,,0
main/qwen35b/di__b15k__otrc-ss-partial,ICLR_results/swebench/main/qwen35b/di__b15k__otrc-ss-partial/django__django-15930/otrc-ss-partial/run_2/trajectory.json,django__django-15930__otrc-ss-partial__r2,2026-09-08T03:34:56.875639,,-1,1500.07,73,,1
main/qwen35b/di__b15k__otrc-ss-partial,ICLR_results/swebench/main/qwen35b/di__b15k__otrc-ss-partial/django__django-12663/otrc-ss-partial/run_1/trajectory.json,django__django-12663__otrc-ss-partial__r1,2026-09-08T03:16:05.409843,,-1,1500.02,58,,0
main/qwen35b/di__b15k__otrc-ss-partial,ICLR_results/swebench/main/qwen35b/di__b15k__otrc-ss-partial/django__django-14725/otrc-ss-partial/run_2/trajectory.json,django__django-14725__otrc-ss-partial__r2,2026-09-08T03:29:05.625801,,-1,1500.02,53,,0
main/qwen35b/di__b15k__otrc-ss-partial,ICLR_results/swebench/main/qwen35b/di__b15k__otrc-ss-partial/sympy__sympy-20438/otrc-ss-partial/run_3/trajectory.json,sympy__sympy-20438__otrc-ss-partial__r3,2026-09-08T04:06:05.091108,,-1,1500.0,56,,1
main/qwen35b/di__b15k__otrc-ss-partial,ICLR_results/swebench/main/qwen35b/di__b15k__otrc-ss-partial/sympy__sympy-20438/otrc-ss-partial/run_2/trajectory.json,sympy__sympy-20438__otrc-ss-partial__r2,2026-09-08T04:03:02.022629,,-1,1500.0,65,,0
main/qwen35b/di__b15k__otrc-ss-partial,ICLR_results/swebench/main/qwen35b/di__b15k__otrc-ss-partial/sympy__sympy-13757/otrc-ss-partial/run_3/trajectory.json,sympy__sympy-13757__otrc-ss-partial__r3,2026-09-08T02:51:05.389214,,-1,1500.11,59,,0
main/qwen35b/di__b15k__otrc-ss-partial,ICLR_results/swebench/main/qwen35b/di__b15k__otrc-ss-partial/sympy__sympy-13757/otrc-ss-partial/run_2/trajectory.json,sympy__sympy-13757__otrc-ss-partial__r2,2026-09-08T02:51:05.383052,,-1,1500.13,63,,0
main/qwen35b/di__b15k__otrc-ss-partial,ICLR_results/swebench/main/qwen35b/di__b15k__otrc-ss-partial/sympy__sympy-13757/otrc-ss-partial/run_1/trajectory.json,sympy__sympy-13757__otrc-ss-partial__r1,2026-09-08T02:51:05.258032,,-1,1500.03,76,,1
main/qwen35b/di__b15k__otrc-ss-partial,ICLR_results/swebench/main/qwen35b/di__b15k__otrc-ss-partial/scikit-learn__scikit-learn-25747/otrc-ss-partial/run_2/trajectory.json,scikit-learn__scikit-learn-25747__otrc-ss-partial__r2,2026-09-08T02:51:05.205245,,-1,1500.0,68,,1
main/qwen35b/di__b15k__otrc-ss-partial,ICLR_results/swebench/main/qwen35b/di__b15k__otrc-ss-partial/django__django-15525/otrc-ss-partial/run_1/trajectory.json,django__django-15525__otrc-ss-partial__r1,2026-09-08T03:31:30.766946,Submitted,0,1429.77,51,True,1
main/qwen35b/di__b15k__otrc-ss-partial,ICLR_results/swebench/main/qwen35b/di__b15k__otrc-ss-partial/django__django-11433/otrc-ss-partial/run_2/trajectory.json,django__django-11433__otrc-ss-partial__r2,2026-09-08T03:16:05.076275,,-1,1500.01,19,,0
main/qwen35b/di__b15k__otrc-ss-partial,ICLR_results/swebench/main/qwen35b/di__b15k__otrc-ss-partial/scikit-learn__scikit-learn-14629/otrc-ss-partial/run_3/trajectory.json,scikit-learn__scikit-learn-14629__otrc-ss-partial__r3,2026-09-08T04:29:30.010231,,-1,1500.01,63,,0
main/qwen35b/di__b15k__otrc-ss-partial,ICLR_results/swebench/main/qwen35b/di__b15k__otrc-ss-partial/scikit-learn__scikit-learn-14629/otrc-ss-partial/run_1/trajectory.json,scikit-learn__scikit-learn-14629__otrc-ss-partial__r1,2026-09-08T04:28:14.899273,,-1,1500.02,57,,0
main/qwen35b/di__b15k__otrc-ss-partial,ICLR_results/swebench/main/qwen35b/di__b15k__otrc-ss-partial/scikit-learn__scikit-learn-13496/otrc-ss-partial/run_2/trajectory.json,scikit-learn__scikit-learn-13496__otrc-ss-partial__r2,2026-09-08T04:25:33.916351,,-1,1500.01,91,,1
main/qwen35b/di__b15k__otrc-ss-partial,ICLR_results/swebench/main/qwen35b/di__b15k__otrc-ss-partial/django__django-12273/otrc-ss-partial/run_2/trajectory.json,django__django-12273__otrc-ss-partial__r2,2026-09-08T02:51:05.068731,,-1,1500.01,34,,0
main/qwen35b/di__b15k__otrc-ss-partial,ICLR_results/swebench/main/qwen35b/di__b15k__otrc-ss-partial/django__django-12273/otrc-ss-partial/run_1/trajectory.json,django__django-12273__otrc-ss-partial__r1,2026-09-08T02:51:05.042725,,-1,1500.05,117,,0
main/qwen35b/di__b15k__otrc-ss-partial,ICLR_results/swebench/main/qwen35b/di__b15k__otrc-ss-partial/sympy__sympy-24443/otrc-ss-partial/run_3/trajectory.json,sympy__sympy-24443__otrc-ss-partial__r3,2026-09-08T03:16:05.085262,,-1,1500.03,92,,1
main/qwen35b/di__b15k__otrc-ss-partial,ICLR_results/swebench/main/qwen35b/di__b15k__otrc-ss-partial/django__django-14999/otrc-ss-partial/run_3/trajectory.json,django__django-14999__otrc-ss-partial__r3,2026-09-08T02:51:05.240358,,-1,1500.05,56,,0
main/qwen35b/di__b15k__otrc-ss-partial,ICLR_results/swebench/main/qwen35b/di__b15k__otrc-ss-partial/django__django-14999/otrc-ss-partial/run_2/trajectory.json,django__django-14999__otrc-ss-partial__r2,2026-09-08T02:51:05.127773,,-1,1500.01,87,,1
main/qwen35b/di__b15k__otrc-ss-partial,ICLR_results/swebench/main/qwen35b/di__b15k__otrc-ss-partial/django__django-14999/otrc-ss-partial/run_1/trajectory.json,django__django-14999__otrc-ss-partial__r1,2026-09-08T02:42:40.973627,Submitted,0,995.91,48,False,0
main/qwen35b/di__b15k__otrc-ss-partial,ICLR_results/swebench/main/qwen35b/di__b15k__otrc-ss-partial/scikit-learn__scikit-learn-10908/otrc-ss-partial/run_3/trajectory.json,scikit-learn__scikit-learn-10908__otrc-ss-partial__r3,2026-09-08T02:51:05.152742,,-1,1500.01,51,,1
main/qwen35b/di__b15k__otrc-ss-partial,ICLR_results/swebench/main/qwen35b/di__b15k__otrc-ss-partial/scikit-learn__scikit-learn-10908/otrc-ss-partial/run_2/trajectory.json,scikit-learn__scikit-learn-10908__otrc-ss-partial__r2,2026-09-08T02:43:54.496536,Submitted,0,1069.38,67,True,0
main/qwen35b/di__b15k__otrc-ss-partial,ICLR_results/swebench/main/qwen35b/di__b15k__otrc-ss-partial/scikit-learn__scikit-learn-9288/otrc-ss-partial/run_2/trajectory.json,scikit-learn__scikit-learn-9288__otrc-ss-partial__r2,2026-09-08T04:42:55.429170,LimitsExceeded,0,1482.54,125,,2
main/qwen35b/di__b15k__otrc-ss-partial,ICLR_results/swebench/main/qwen35b/di__b15k__otrc-ss-partial/scikit-learn__scikit-learn-9288/otrc-ss-partial/run_1/trajectory.json,scikit-learn__scikit-learn-9288__otrc-ss-partial__r1,2026-09-08T04:36:19.348189,,-1,1500.0,114,,1
main/qwen35b/di__b15k__otrc-ss-partial,ICLR_results/swebench/main/qwen35b/di__b15k__otrc-ss-partial/sympy__sympy-13647/otrc-ss-partial/run_2/trajectory.json,sympy__sympy-13647__otrc-ss-partial__r2,2026-09-08T03:33:47.962933,Submitted,0,504.36,41,True,0
main/qwen35b/di__b15k__otrc-ss-partial,ICLR_results/swebench/main/qwen35b/di__b15k__otrc-ss-partial/sympy__sympy-20916/otrc-ss-partial/run_3/trajectory.json,sympy__sympy-20916__otrc-ss-partial__r3,2026-09-08T04:04:29.994697,Submitted,0,1404.8,67,False,0
main/qwen35b/di__b15k__otrc-ss-partial,ICLR_results/swebench/main/qwen35b/di__b15k__otrc-ss-partial/sympy__sympy-20916/otrc-ss-partial/run_2/trajectory.json,sympy__sympy-20916__otrc-ss-partial__r2,2026-09-08T04:06:05.136761,,-1,1500.02,66,,1
main/qwen35b/d05__b15k__ss,ICLR_results/swebench/main/qwen35b/d05__b15k__ss/sympy__sympy-18211/structured-summarize/run_3/trajectory.json,sympy__sympy-18211__structured-summarize__r3,2026-09-07T21:07:48.791821,Submitted,0,529.49,90,False,2
main/qwen35b/d05__b15k__ss,ICLR_results/swebench/main/qwen35b/d05__b15k__ss/sympy__sympy-19040/structured-summarize/run_2/trajectory.json,sympy__sympy-19040__structured-summarize__r2,2026-09-07T21:25:26.724759,LimitsExceeded,0,1443.63,125,,5
main/qwen35b/d05__b15k__ss,ICLR_results/swebench/main/qwen35b/d05__b15k__ss/sympy__sympy-24066/structured-summarize/run_1/trajectory.json,sympy__sympy-24066__structured-summarize__r1,2026-09-07T20:47:30.674991,,-1,1500.01,71,,3
main/qwen35b/d05__b15k__ss,ICLR_results/swebench/main/qwen35b/d05__b15k__ss/django__django-15741/structured-summarize/run_3/trajectory.json,django__django-15741__structured-summarize__r3,2026-09-07T20:50:28.614551,Submitted,0,221.5,38,True,0
main/qwen35b/d05__b15k__ss,ICLR_results/swebench/main/qwen35b/d05__b15k__ss/django__django-15741/structured-summarize/run_2/trajectory.json,django__django-15741__structured-summarize__r2,2026-09-07T21:04:09.891448,LimitsExceeded,0,1071.69,125,,3
main/qwen35b/d05__b15k__ss,ICLR_results/swebench/main/qwen35b/d05__b15k__ss/django__django-13012/structured-summarize/run_2/trajectory.json,django__django-13012__structured-summarize__r2,2026-09-07T20:21:18.174795,Submitted,0,792.92,53,True,2
main/qwen35b/d05__b15k__ss,ICLR_results/swebench/main/qwen35b/d05__b15k__ss/scikit-learn__scikit-learn-12973/structured-summarize/run_3/trajectory.json,scikit-learn__scikit-learn-12973__structured-summarize__r3,2026-09-07T21:21:53.003337,Submitted,0,873.89,80,True,4
main/qwen35b/d05__b15k__ss,ICLR_results/swebench/main/qwen35b/d05__b15k__ss/django__django-13810/structured-summarize/run_1/trajectory.json,django__django-13810__structured-summarize__r1,2026-09-07T20:56:43.740234,Submitted,0,1418.48,114,False,3
main/qwen35b/d05__b15k__ss,ICLR_results/swebench/main/qwen35b/d05__b15k__ss/sympy__sympy-14531/structured-summarize/run_3/trajectory.json,sympy__sympy-14531__structured-summarize__r3,2026-09-07T21:03:51.182159,Submitted,0,622.65,107,False,2
main/qwen35b/d05__b15k__ss,ICLR_results/swebench/main/qwen35b/d05__b15k__ss/sympy__sympy-14531/structured-summarize/run_1/trajectory.json,sympy__sympy-14531__structured-summarize__r1,2026-09-07T21:03:16.774679,LimitsExceeded,0,754.45,125,,2
main/qwen35b/d05__b15k__ss,ICLR_results/swebench/main/qwen35b/d05__b15k__ss/sympy__sympy-12419/structured-summarize/run_3/trajectory.json,sympy__sympy-12419__structured-summarize__r3,2026-09-07T21:05:25.256050,LimitsExceeded,0,1066.17,125,,4
main/qwen35b/d05__b15k__ss,ICLR_results/swebench/main/qwen35b/d05__b15k__ss/django__django-17084/structured-summarize/run_2/trajectory.json,django__django-17084__structured-summarize__r2,2026-09-07T21:12:30.691750,,-1,1500.02,107,,4
main/qwen35b/d05__b15k__ss,ICLR_results/swebench/main/qwen35b/d05__b15k__ss/django__django-17084/structured-summarize/run_1/trajectory.json,django__django-17084__structured-summarize__r1,2026-09-07T20:58:59.297826,Submitted,0,721.75,66,True,2
main/qwen35b/d05__b15k__ss,ICLR_results/swebench/main/qwen35b/d05__b15k__ss/sympy__sympy-13091/structured-summarize/run_1/trajectory.json,sympy__sympy-13091__structured-summarize__r1,2026-09-07T20:27:15.259746,Submitted,0,1149.99,102,False,2
main/qwen35b/d05__b15k__ss,ICLR_results/swebench/main/qwen35b/d05__b15k__ss/django__django-11087/structured-summarize/run_1/trajectory.json,django__django-11087__structured-summarize__r1,2026-09-07T20:29:04.883855,Submitted,0,351.74,53,False,1
main/qwen35b/d05__b15k__ss,ICLR_results/swebench/main/qwen35b/d05__b15k__ss/django__django-15629/structured-summarize/run_3/trajectory.json,django__django-15629__structured-summarize__r3,2026-09-07T20:49:15.811701,Submitted,0,239.59,53,False,1
main/qwen35b/d05__b15k__ss,ICLR_results/swebench/main/qwen35b/d05__b15k__ss/django__django-15629/structured-summarize/run_2/trajectory.json,django__django-15629__structured-summarize__r2,2026-09-07T21:07:33.086815,LimitsExceeded,0,1350.76,125,,5
main/qwen35b/d05__b15k__ss,ICLR_results/swebench/main/qwen35b/d05__b15k__ss/django__django-15629/structured-summarize/run_1/trajectory.json,django__django-15629__structured-summarize__r1,2026-09-07T21:07:19.116317,LimitsExceeded,0,1473.41,125,,5
main/qwen35b/d05__b15k__ss,ICLR_results/swebench/main/qwen35b/d05__b15k__ss/django__django-12325/structured-summarize/run_3/trajectory.json,django__django-12325__structured-summarize__r3,2026-09-07T20:42:36.174094,LimitsExceeded,0,606.58,125,,1
main/qwen35b/d05__b15k__ss,ICLR_results/swebench/main/qwen35b/d05__b15k__ss/django__django-12325/structured-summarize/run_2/trajectory.json,django__django-12325__structured-summarize__r2,2026-09-07T20:42:45.709811,LimitsExceeded,0,820.83,125,,0
main/qwen35b/d05__b15k__ss,ICLR_results/swebench/main/qwen35b/d05__b15k__ss/sympy__sympy-17318/structured-summarize/run_1/trajectory.json,sympy__sympy-17318__structured-summarize__r1,2026-09-07T21:16:04.015636,Submitted,0,1078.71,71,False,3
main/qwen35b/d05__b15k__ss,ICLR_results/swebench/main/qwen35b/d05__b15k__ss/sympy__sympy-12489/structured-summarize/run_3/trajectory.json,sympy__sympy-12489__structured-summarize__r3,2026-09-07T20:53:28.535643,Submitted,0,252.72,43,False,1
main/qwen35b/d05__b15k__ss,ICLR_results/swebench/main/qwen35b/d05__b15k__ss/sympy__sympy-15875/structured-summarize/run_3/trajectory.json,sympy__sympy-15875__structured-summarize__r3,2026-09-07T21:22:49.524327,Submitted,0,1484.23,59,False,3
main/qwen35b/d05__b15k__ss,ICLR_results/swebench/main/qwen35b/d05__b15k__ss/scikit-learn__scikit-learn-25931/structured-summarize/run_3/trajectory.json,scikit-learn__scikit-learn-25931__structured-summarize__r3,2026-09-07T21:25:56.440925,Submitted,0,845.68,87,True,3
main/qwen35b/d05__b15k__ss,ICLR_results/swebench/main/qwen35b/d05__b15k__ss/django__django-15957/structured-summarize/run_1/trajectory.json,django__django-15957__structured-summarize__r1,2026-09-07T21:11:50.759127,,-1,1500.01,91,,2
main/qwen35b/d05__b15k__ss,ICLR_results/swebench/main/qwen35b/d05__b15k__ss/django__django-14351/structured-summarize/run_3/trajectory.json,django__django-14351__structured-summarize__r3,2026-09-07T20:58:05.309338,,-1,1500.03,30,,2
main/qwen35b/d05__b15k__ss,ICLR_results/swebench/main/qwen35b/d05__b15k__ss/django__django-14351/structured-summarize/run_2/trajectory.json,django__django-14351__structured-summarize__r2,2026-09-07T20:46:57.545828,Submitted,0,832.27,72,False,3
main/qwen35b/d05__b15k__ss,ICLR_results/swebench/main/qwen35b/d05__b15k__ss/django__django-14351/structured-summarize/run_1/trajectory.json,django__django-14351__structured-summarize__r1,2026-09-07T20:58:05.292677,,-1,1500.01,95,,6
main/qwen35b/d05__b15k__ss,ICLR_results/swebench/main/qwen35b/d05__b15k__ss/django__django-11299/structured-summarize/run_1/trajectory.json,django__django-11299__structured-summarize__r1,2026-09-07T20:25:16.984332,LimitsExceeded,0,1031.73,125,,7
main/qwen35b/d05__b15k__ss,ICLR_results/swebench/main/qwen35b/d05__b15k__ss/scikit-learn__scikit-learn-13328/structured-summarize/run_1/trajectory.json,scikit-learn__scikit-learn-13328__structured-summarize__r1,2026-09-07T20:23:13.139124,Submitted,0,907.88,91,True,3
main/qwen35b/d05__b15k__ss,ICLR_results/swebench/main/qwen35b/d05__b15k__ss/django__django-11477/structured-summarize/run_3/trajectory.json,django__django-11477__structured-summarize__r3,2026-09-07T20:38:52.046502,LimitsExceeded,0,747.43,125,,6
main/qwen35b/d05__b15k__ss,ICLR_results/swebench/main/qwen35b/d05__b15k__ss/scikit-learn__scikit-learn-14053/structured-summarize/run_2/trajectory.json,scikit-learn__scikit-learn-14053__structured-summarize__r2,2026-09-07T21:23:31.305488,Submitted,0,942.51,79,True,4
main/qwen35b/d05__b15k__ss,ICLR_results/swebench/main/qwen35b/d05__b15k__ss/scikit-learn__scikit-learn-14053/structured-summarize/run_1/trajectory.json,scikit-learn__scikit-learn-14053__structured-summarize__r1,2026-09-07T21:32:36.206988,,-1,1500.01,117,,4
main/qwen35b/d05__b15k__ss,ICLR_results/swebench/main/qwen35b/d05__b15k__ss/scikit-learn__scikit-learn-13779/structured-summarize/run_1/trajectory.json,scikit-learn__scikit-learn-13779__structured-summarize__r1,2026-09-07T20:14:59.680339,Submitted,0,414.42,55,True,1
main/qwen35b/d05__b15k__ss,ICLR_results/swebench/main/qwen35b/d05__b15k__ss/sympy__sympy-15345/structured-summarize/run_2/trajectory.json,sympy__sympy-15345__structured-summarize__r2,2026-09-07T20:46:18.199223,,-1,1500.02,81,,1
main/qwen35b/d05__b15k__ss,ICLR_results/swebench/main/qwen35b/d05__b15k__ss/sympy__sympy-15345/structured-summarize/run_1/trajectory.json,sympy__sympy-15345__structured-summarize__r1,2026-09-07T20:45:16.212621,LimitsExceeded,0,1486.46,125,,3
main/qwen35b/d05__b15k__ss,ICLR_results/swebench/main/qwen35b/d05__b15k__ss/scikit-learn__scikit-learn-25232/structured-summarize/run_3/trajectory.json,scikit-learn__scikit-learn-25232__structured-summarize__r3,2026-09-07T21:21:57.175671,Submitted,0,647.36,87,True,3
main/qwen35b/d05__b15k__ss,ICLR_results/swebench/main/qwen35b/d05__b15k__ss/sympy__sympy-13878/structured-summarize/run_1/trajectory.json,sympy__sympy-13878__structured-summarize__r1,2026-09-07T21:05:33.116791,LimitsExceeded,0,909.45,125,,4
main/qwen35b/d05__b15k__ss,ICLR_results/swebench/main/qwen35b/d05__b15k__ss/django__django-15278/structured-summarize/run_3/trajectory.json,django__django-15278__structured-summarize__r3,2026-09-07T20:47:39.084411,Submitted,0,527.04,66,True,2
main/qwen35b/d05__b15k__ss,ICLR_results/swebench/main/qwen35b/d05__b15k__ss/sympy__sympy-14248/structured-summarize/run_3/trajectory.json,sympy__sympy-14248__structured-summarize__r3,2026-09-07T21:11:09.810644,LimitsExceeded,0,1241.19,125,,3
main/qwen35b/d05__b15k__ss,ICLR_results/swebench/main/qwen35b/d05__b15k__ss/scikit-learn__scikit-learn-13124/structured-summarize/run_3/trajectory.json,scikit-learn__scikit-learn-13124__structured-summarize__r3,2026-09-07T21:32:33.099198,,-1,1500.01,120,,5
main/qwen35b/d05__b15k__ss,ICLR_results/swebench/main/qwen35b/d05__b15k__ss/sympy__sympy-14711/structured-summarize/run_3/trajectory.json,sympy__sympy-14711__structured-summarize__r3,2026-09-07T21:03:02.256422,Submitted,0,378.52,69,True,1
main/qwen35b/d05__b15k__ss,ICLR_results/swebench/main/qwen35b/d05__b15k__ss/scikit-learn__scikit-learn-12682/structured-summarize/run_3/trajectory.json,scikit-learn__scikit-learn-12682__structured-summarize__r3,2026-09-07T21:18:38.234820,Submitted,0,785.11,112,False,5
main/qwen35b/d05__b15k__ss,ICLR_results/swebench/main/qwen35b/d05__b15k__ss/scikit-learn__scikit-learn-12682/structured-summarize/run_2/trajectory.json,scikit-learn__scikit-learn-12682__structured-summarize__r2,2026-09-07T21:12:36.804489,Submitted,0,431.54,59,True,1
main/qwen35b/d05__b15k__ss,ICLR_results/swebench/main/qwen35b/d05__b15k__ss/scikit-learn__scikit-learn-12682/structured-summarize/run_1/trajectory.json,scikit-learn__scikit-learn-12682__structured-summarize__r1,2026-09-07T21:14:07.111781,Submitted,0,597.22,74,True,3
main/qwen35b/d05__b15k__ss,ICLR_results/swebench/main/qwen35b/d05__b15k__ss/django__django-11734/structured-summarize/run_3/trajectory.json,django__django-11734__structured-summarize__r3,2026-09-07T20:46:47.105315,LimitsExceeded,0,1063.07,125,,5
main/qwen35b/d05__b15k__ss,ICLR_results/swebench/main/qwen35b/d05__b15k__ss/django__django-11734/structured-summarize/run_2/trajectory.json,django__django-11734__structured-summarize__r2,2026-09-07T20:50:42.315376,LimitsExceeded,0,1407.05,125,,4
main/qwen35b/d05__b15k__ss,ICLR_results/swebench/main/qwen35b/d05__b15k__ss/django__django-11734/structured-summarize/run_1/trajectory.json,django__django-11734__structured-summarize__r1,2026-09-07T20:45:02.319975,LimitsExceeded,0,1076.41,125,,7
main/qwen35b/d05__b15k__ss,ICLR_results/swebench/main/qwen35b/d05__b15k__ss/scikit-learn__scikit-learn-12585/structured-summarize/run_2/trajectory.json,scikit-learn__scikit-learn-12585__structured-summarize__r2,2026-09-07T21:09:20.306528,Submitted,0,329.12,32,True,1
main/qwen35b/d05__b15k__ss,ICLR_results/swebench/main/qwen35b/d05__b15k__ss/scikit-learn__scikit-learn-26194/structured-summarize/run_1/trajectory.json,scikit-learn__scikit-learn-26194__structured-summarize__r1,2026-09-07T21:29:49.514532,Submitted,0,942.4,78,False,3
main/qwen35b/d05__b15k__ss,ICLR_results/swebench/main/qwen35b/d05__b15k__ss/scikit-learn__scikit-learn-25973/structured-summarize/run_3/trajectory.json,scikit-learn__scikit-learn-25973__structured-summarize__r3,2026-09-07T21:29:37.857279,LimitsExceeded,0,1021.05,125,,5
main/qwen35b/d05__b15k__ss,ICLR_results/swebench/main/qwen35b/d05__b15k__ss/scikit-learn__scikit-learn-25973/structured-summarize/run_2/trajectory.json,scikit-learn__scikit-learn-25973__structured-summarize__r2,2026-09-07T21:30:48.441833,LimitsExceeded,0,1097.75,125,,5
main/qwen35b/d05__b15k__ss,ICLR_results/swebench/main/qwen35b/d05__b15k__ss/django__django-13964/structured-summarize/run_3/trajectory.json,django__django-13964__structured-summarize__r3,2026-09-07T20:26:24.603502,LimitsExceeded,0,1099.35,125,,5
main/qwen35b/d05__b15k__ss,ICLR_results/swebench/main/qwen35b/d05__b15k__ss/django__django-13964/structured-summarize/run_2/trajectory.json,django__django-13964__structured-summarize__r2,2026-09-07T20:22:30.660824,Submitted,0,865.4,59,True,2
main/qwen35b/d05__b15k__ss,ICLR_results/swebench/main/qwen35b/d05__b15k__ss/django__django-13964/structured-summarize/run_1/trajectory.json,django__django-13964__structured-summarize__r1,2026-09-07T20:33:05.278990,,-1,1500.0,112,,4
main/qwen35b/d05__b15k__ss,ICLR_results/swebench/main/qwen35b/d05__b15k__ss/django__django-14725/structured-summarize/run_3/trajectory.json,django__django-14725__structured-summarize__r3,2026-09-07T21:01:23.092672,Submitted,0,1378.88,122,False,5
main/qwen35b/d05__b15k__ss,ICLR_results/swebench/main/qwen35b/d05__b15k__ss/django__django-14725/structured-summarize/run_2/trajectory.json,django__django-14725__structured-summarize__r2,2026-09-07T20:50:23.666697,LimitsExceeded,0,869.17,125,,6
main/qwen35b/d05__b15k__ss,ICLR_results/swebench/main/qwen35b/d05__b15k__ss/django__django-14725/structured-summarize/run_1/trajectory.json,django__django-14725__structured-summarize__r1,2026-09-07T20:46:50.746699,Submitted,0,825.45,124,False,4
main/qwen35b/d05__b15k__ss,ICLR_results/swebench/main/qwen35b/d05__b15k__ss/sympy__sympy-20438/structured-summarize/run_3/trajectory.json,sympy__sympy-20438__structured-summarize__r3,2026-09-07T21:20:27.291831,LimitsExceeded,0,1045.03,125,,4
main/qwen35b/d05__b15k__ss,ICLR_results/swebench/main/qwen35b/d05__b15k__ss/sympy__sympy-13757/structured-summarize/run_1/trajectory.json,sympy__sympy-13757__structured-summarize__r1,2026-09-07T20:38:24.208658,LimitsExceeded,0,1404.53,125,,4
main/qwen35b/d05__b15k__ss,ICLR_results/swebench/main/qwen35b/d05__b15k__ss/scikit-learn__scikit-learn-25747/structured-summarize/run_3/trajectory.json,scikit-learn__scikit-learn-25747__structured-summarize__r3,2026-09-07T20:32:29.596821,LimitsExceeded,0,1464.33,125,,8
main/qwen35b/d05__b15k__ss,ICLR_results/swebench/main/qwen35b/d05__b15k__ss/django__django-15525/structured-summarize/run_3/trajectory.json,django__django-15525__structured-summarize__r3,2026-09-07T21:07:36.189505,,-1,1500.01,74,,3
main/qwen35b/d05__b15k__ss,ICLR_results/swebench/main/qwen35b/d05__b15k__ss/scikit-learn__scikit-learn-14629/structured-summarize/run_2/trajectory.json,scikit-learn__scikit-learn-14629__structured-summarize__r2,2026-09-07T21:28:29.966947,Submitted,0,1149.66,120,False,3
main/qwen35b/d05__b15k__ss,ICLR_results/swebench/main/qwen35b/d05__b15k__ss/django__django-12273/structured-summarize/run_1/trajectory.json,django__django-12273__structured-summarize__r1,2026-09-07T20:33:05.255576,,-1,1500.0,101,,5
main/qwen35b/d05__b15k__ss,ICLR_results/swebench/main/qwen35b/d05__b15k__ss/django__django-11095/structured-summarize/run_3/trajectory.json,django__django-11095__structured-summarize__r3,2026-09-07T20:35:54.500824,Submitted,0,637.51,111,True,3
main/qwen35b/d05__b15k__ss,ICLR_results/swebench/main/qwen35b/d05__b15k__ss/django__django-14999/structured-summarize/run_3/trajectory.json,django__django-14999__structured-summarize__r3,2026-09-07T20:27:05.908363,LimitsExceeded,0,1140.65,125,,5
main/qwen35b/d05__b15k__ss,ICLR_results/swebench/main/qwen35b/d05__b15k__ss/scikit-learn__scikit-learn-11310/structured-summarize/run_2/trajectory.json,scikit-learn__scikit-learn-11310__structured-summarize__r2,2026-09-07T20:29:04.033238,LimitsExceeded,0,1258.77,125,,4
main/qwen35b/d05__b15k__ss,ICLR_results/swebench/main/qwen35b/d05__b15k__ss/scikit-learn__scikit-learn-10908/structured-summarize/run_3/trajectory.json,scikit-learn__scikit-learn-10908__structured-summarize__r3,2026-09-07T20:33:05.279999,,-1,1500.0,96,,3
main/qwen35b/d05__b15k__ss,ICLR_results/swebench/main/qwen35b/d05__b15k__ss/scikit-learn__scikit-learn-10908/structured-summarize/run_2/trajectory.json,scikit-learn__scikit-learn-10908__structured-summarize__r2,2026-09-07T20:33:05.280311,,-1,1500.01,102,,3
main/qwen35b/d05__b15k__ss,ICLR_results/swebench/main/qwen35b/d05__b15k__ss/scikit-learn__scikit-learn-9288/structured-summarize/run_3/trajectory.json,scikit-learn__scikit-learn-9288__structured-summarize__r3,2026-09-07T21:31:47.537316,LimitsExceeded,0,821.83,125,,6
main/qwen35b/d05__b15k__ss,ICLR_results/swebench/main/qwen35b/d05__b15k__ss/scikit-learn__scikit-learn-9288/structured-summarize/run_2/trajectory.json,scikit-learn__scikit-learn-9288__structured-summarize__r2,2026-09-07T21:26:52.536183,Submitted,0,648.51,92,True,3
main/qwen35b/d05__b15k__ss,ICLR_results/swebench/main/qwen35b/d05__b15k__ss/scikit-learn__scikit-learn-26323/structured-summarize/run_3/trajectory.json,scikit-learn__scikit-learn-26323__structured-summarize__r3,2026-09-07T20:20:29.742911,Submitted,0,744.48,61,True,2
main/qwen35b/d05__b15k__ss,ICLR_results/swebench/main/qwen35b/d05__b15k__ss/scikit-learn__scikit-learn-26323/structured-summarize/run_2/trajectory.json,scikit-learn__scikit-learn-26323__structured-summarize__r2,2026-09-07T20:33:05.280506,,-1,1500.01,119,,5
main/qwen35b/d05__b15k__ss,ICLR_results/swebench/main/qwen35b/d05__b15k__ss/sympy__sympy-20916/structured-summarize/run_2/trajectory.json,sympy__sympy-20916__structured-summarize__r2,2026-09-07T21:18:05.707889,LimitsExceeded,0,888.93,125,,2
main/qwen35b/d05__b15k__ss-partial,ICLR_results/swebench/main/qwen35b/d05__b15k__ss-partial/sympy__sympy-17139/structured-summarize-partial/run_1/trajectory.json,sympy__sympy-17139__structured-summarize-partial__r1,2026-09-07T23:19:01.103572,Submitted,0,417.03,36,False,1
main/qwen35b/d05__b15k__ss-partial,ICLR_results/swebench/main/qwen35b/d05__b15k__ss-partial/django__django-12276/structured-summarize-partial/run_2/trajectory.json,django__django-12276__structured-summarize-partial__r2,2026-09-07T22:31:11.048809,Submitted,0,380.13,51,True,1
main/qwen35b/d05__b15k__ss-partial,ICLR_results/swebench/main/qwen35b/d05__b15k__ss-partial/django__django-12276/structured-summarize-partial/run_1/trajectory.json,django__django-12276__structured-summarize-partial__r1,2026-09-07T22:34:10.446434,Submitted,0,574.78,72,True,2
main/qwen35b/d05__b15k__ss-partial,ICLR_results/swebench/main/qwen35b/d05__b15k__ss-partial/sympy__sympy-19040/structured-summarize-partial/run_3/trajectory.json,sympy__sympy-19040__structured-summarize-partial__r3,2026-09-07T23:39:26.677372,,-1,1500.01,102,,6
main/qwen35b/d05__b15k__ss-partial,ICLR_results/swebench/main/qwen35b/d05__b15k__ss-partial/scikit-learn__scikit-learn-14710/structured-summarize-partial/run_3/trajectory.json,scikit-learn__scikit-learn-14710__structured-summarize-partial__r3,2026-09-07T23:50:07.478865,Submitted,0,688.58,90,False,3
main/qwen35b/d05__b15k__ss-partial,ICLR_results/swebench/main/qwen35b/d05__b15k__ss-partial/scikit-learn__scikit-learn-14710/structured-summarize-partial/run_1/trajectory.json,scikit-learn__scikit-learn-14710__structured-summarize-partial__r1,2026-09-07T23:45:05.280345,Submitted,0,502.96,45,,2
main/qwen35b/d05__b15k__ss-partial,ICLR_results/swebench/main/qwen35b/d05__b15k__ss-partial/sympy__sympy-24066/structured-summarize-partial/run_2/trajectory.json,sympy__sympy-24066__structured-summarize-partial__r2,2026-09-07T22:21:29.883336,Submitted,0,434.84,44,True,1
main/qwen35b/d05__b15k__ss-partial,ICLR_results/swebench/main/qwen35b/d05__b15k__ss-partial/sympy__sympy-24066/structured-summarize-partial/run_1/trajectory.json,sympy__sympy-24066__structured-summarize-partial__r1,2026-09-07T22:22:50.360980,Submitted,0,515.32,53,True,1
main/qwen35b/d05__b15k__ss-partial,ICLR_results/swebench/main/qwen35b/d05__b15k__ss-partial/django__django-15741/structured-summarize-partial/run_3/trajectory.json,django__django-15741__structured-summarize-partial__r3,2026-09-07T22:54:54.398190,Submitted,0,351.43,45,True,1
main/qwen35b/d05__b15k__ss-partial,ICLR_results/swebench/main/qwen35b/d05__b15k__ss-partial/django__django-13012/structured-summarize-partial/run_2/trajectory.json,django__django-13012__structured-summarize-partial__r2,2026-09-07T22:07:16.584455,Submitted,0,1081.56,103,True,2
main/qwen35b/d05__b15k__ss-partial,ICLR_results/swebench/main/qwen35b/d05__b15k__ss-partial/scikit-learn__scikit-learn-13142/structured-summarize-partial/run_3/trajectory.json,scikit-learn__scikit-learn-13142__structured-summarize-partial__r3,2026-09-07T23:39:12.704397,Submitted,0,561.04,31,True,1
main/qwen35b/d05__b15k__ss-partial,ICLR_results/swebench/main/qwen35b/d05__b15k__ss-partial/scikit-learn__scikit-learn-13142/structured-summarize-partial/run_2/trajectory.json,scikit-learn__scikit-learn-13142__structured-summarize-partial__r2,2026-09-07T23:34:22.493989,Submitted,0,280.93,35,True,1
main/qwen35b/d05__b15k__ss-partial,ICLR_results/swebench/main/qwen35b/d05__b15k__ss-partial/scikit-learn__scikit-learn-13142/structured-summarize-partial/run_1/trajectory.json,scikit-learn__scikit-learn-13142__structured-summarize-partial__r1,2026-09-07T23:36:20.839872,Submitted,0,451.36,60,False,2
main/qwen35b/d05__b15k__ss-partial,ICLR_results/swebench/main/qwen35b/d05__b15k__ss-partial/scikit-learn__scikit-learn-12973/structured-summarize-partial/run_2/trajectory.json,scikit-learn__scikit-learn-12973__structured-summarize-partial__r2,2026-09-07T23:29:41.558536,Submitted,0,306.28,47,False,2
main/qwen35b/d05__b15k__ss-partial,ICLR_results/swebench/main/qwen35b/d05__b15k__ss-partial/scikit-learn__scikit-learn-12973/structured-summarize-partial/run_1/trajectory.json,scikit-learn__scikit-learn-12973__structured-summarize-partial__r1,2026-09-07T23:38:38.898321,Submitted,0,909.84,90,True,5
main/qwen35b/d05__b15k__ss-partial,ICLR_results/swebench/main/qwen35b/d05__b15k__ss-partial/sympy__sympy-14531/structured-summarize-partial/run_3/trajectory.json,sympy__sympy-14531__structured-summarize-partial__r3,2026-09-07T23:14:58.691731,LimitsExceeded,0,650.62,125,,3
main/qwen35b/d05__b15k__ss-partial,ICLR_results/swebench/main/qwen35b/d05__b15k__ss-partial/sympy__sympy-18189/structured-summarize-partial/run_2/trajectory.json,sympy__sympy-18189__structured-summarize-partial__r2,2026-09-07T23:33:06.332861,Submitted,0,1172.87,73,True,3
main/qwen35b/d05__b15k__ss-partial,ICLR_results/swebench/main/qwen35b/d05__b15k__ss-partial/sympy__sympy-12419/structured-summarize-partial/run_2/trajectory.json,sympy__sympy-12419__structured-summarize-partial__r2,2026-09-07T23:20:51.608497,,-1,1500.01,108,,4
main/qwen35b/d05__b15k__ss-partial,ICLR_results/swebench/main/qwen35b/d05__b15k__ss-partial/scikit-learn__scikit-learn-14894/structured-summarize-partial/run_3/trajectory.json,scikit-learn__scikit-learn-14894__structured-summarize-partial__r3,2026-09-07T23:45:57.495704,Submitted,0,390.81,34,True,1
main/qwen35b/d05__b15k__ss-partial,ICLR_results/swebench/main/qwen35b/d05__b15k__ss-partial/scikit-learn__scikit-learn-14894/structured-summarize-partial/run_1/trajectory.json,scikit-learn__scikit-learn-14894__structured-summarize-partial__r1,2026-09-07T23:46:22.518676,Submitted,0,429.81,40,True,1
main/qwen35b/d05__b15k__ss-partial,ICLR_results/swebench/main/qwen35b/d05__b15k__ss-partial/scikit-learn__scikit-learn-11578/structured-summarize-partial/run_3/trajectory.json,scikit-learn__scikit-learn-11578__structured-summarize-partial__r3,2026-09-07T22:00:36.541181,Submitted,0,324.62,33,True,1
main/qwen35b/d05__b15k__ss-partial,ICLR_results/swebench/main/qwen35b/d05__b15k__ss-partial/scikit-learn__scikit-learn-11578/structured-summarize-partial/run_2/trajectory.json,scikit-learn__scikit-learn-11578__structured-summarize-partial__r2,2026-09-07T22:16:14.349701,LimitsExceeded,0,1344.62,125,,6
main/qwen35b/d05__b15k__ss-partial,ICLR_results/swebench/main/qwen35b/d05__b15k__ss-partial/scikit-learn__scikit-learn-11578/structured-summarize-partial/run_1/trajectory.json,scikit-learn__scikit-learn-11578__structured-summarize-partial__r1,2026-09-07T22:05:28.329921,Submitted,0,973.3,72,True,4
main/qwen35b/d05__b15k__ss-partial,ICLR_results/swebench/main/qwen35b/d05__b15k__ss-partial/sympy__sympy-13372/structured-summarize-partial/run_1/trajectory.json,sympy__sympy-13372__structured-summarize-partial__r1,2026-09-07T23:04:06.583092,Submitted,0,365.62,66,True,1
main/qwen35b/d05__b15k__ss-partial,ICLR_results/swebench/main/qwen35b/d05__b15k__ss-partial/django__django-17084/structured-summarize-partial/run_3/trajectory.json,django__django-17084__structured-summarize-partial__r3,2026-09-07T23:20:43.465442,,-1,1500.01,89,,3
main/qwen35b/d05__b15k__ss-partial,ICLR_results/swebench/main/qwen35b/d05__b15k__ss-partial/django__django-17084/structured-summarize-partial/run_2/trajectory.json,django__django-17084__structured-summarize-partial__r2,2026-09-07T23:19:54.428301,,-1,1500.02,80,,3
main/qwen35b/d05__b15k__ss-partial,ICLR_results/swebench/main/qwen35b/d05__b15k__ss-partial/django__django-17084/structured-summarize-partial/run_1/trajectory.json,django__django-17084__structured-summarize-partial__r1,2026-09-07T23:07:29.102252,Submitted,0,759.39,106,False,4
main/qwen35b/d05__b15k__ss-partial,ICLR_results/swebench/main/qwen35b/d05__b15k__ss-partial/django__django-11087/structured-summarize-partial/run_3/trajectory.json,django__django-11087__structured-summarize-partial__r3,2026-09-07T22:22:12.543631,Submitted,0,342.4,48,False,1
main/qwen35b/d05__b15k__ss-partial,ICLR_results/swebench/main/qwen35b/d05__b15k__ss-partial/django__django-11087/structured-summarize-partial/run_2/trajectory.json,django__django-11087__structured-summarize-partial__r2,2026-09-07T22:24:20.853150,Submitted,0,486.5,56,False,2
main/qwen35b/d05__b15k__ss-partial,ICLR_results/swebench/main/qwen35b/d05__b15k__ss-partial/django__django-11087/structured-summarize-partial/run_1/trajectory.json,django__django-11087__structured-summarize-partial__r1,2026-09-07T22:27:26.519612,Submitted,0,702.63,72,False,3
main/qwen35b/d05__b15k__ss-partial,ICLR_results/swebench/main/qwen35b/d05__b15k__ss-partial/sympy__sympy-17630/structured-summarize-partial/run_3/trajectory.json,sympy__sympy-17630__structured-summarize-partial__r3,2026-09-07T22:24:50.915428,Submitted,0,635.89,53,False,2
main/qwen35b/d05__b15k__ss-partial,ICLR_results/swebench/main/qwen35b/d05__b15k__ss-partial/sympy__sympy-17630/structured-summarize-partial/run_2/trajectory.json,sympy__sympy-17630__structured-summarize-partial__r2,2026-09-07T22:27:58.046427,Submitted,0,848.86,83,False,3
main/qwen35b/d05__b15k__ss-partial,ICLR_results/swebench/main/qwen35b/d05__b15k__ss-partial/django__django-15629/structured-summarize-partial/run_3/trajectory.json,django__django-15629__structured-summarize-partial__r3,2026-09-07T22:55:51.594123,Submitted,0,428.36,48,False,1
main/qwen35b/d05__b15k__ss-partial,ICLR_results/swebench/main/qwen35b/d05__b15k__ss-partial/django__django-15629/structured-summarize-partial/run_1/trajectory.json,django__django-15629__structured-summarize-partial__r1,2026-09-07T22:51:37.773189,Submitted,0,203.18,26,False,1
main/qwen35b/d05__b15k__ss-partial,ICLR_results/swebench/main/qwen35b/d05__b15k__ss-partial/django__django-12325/structured-summarize-partial/run_3/trajectory.json,django__django-12325__structured-summarize-partial__r3,2026-09-07T22:54:49.709022,Submitted,0,1418.66,69,False,3
main/qwen35b/d05__b15k__ss-partial,ICLR_results/swebench/main/qwen35b/d05__b15k__ss-partial/django__django-12325/structured-summarize-partial/run_2/trajectory.json,django__django-12325__structured-summarize-partial__r2,2026-09-07T22:41:19.672916,Submitted,0,679.29,50,False,2
main/qwen35b/d05__b15k__ss-partial,ICLR_results/swebench/main/qwen35b/d05__b15k__ss-partial/django__django-12325/structured-summarize-partial/run_1/trajectory.json,django__django-12325__structured-summarize-partial__r1,2026-09-07T22:42:44.343250,Submitted,0,886.29,125,False,2
main/qwen35b/d05__b15k__ss-partial,ICLR_results/swebench/main/qwen35b/d05__b15k__ss-partial/django__django-13809/structured-summarize-partial/run_2/trajectory.json,django__django-13809__structured-summarize-partial__r2,2026-09-07T22:38:14.362929,Submitted,0,278.35,40,True,1
main/qwen35b/d05__b15k__ss-partial,ICLR_results/swebench/main/qwen35b/d05__b15k__ss-partial/django__django-13809/structured-summarize-partial/run_1/trajectory.json,django__django-13809__structured-summarize-partial__r1,2026-09-07T22:42:54.943941,Submitted,0,559.13,88,True,3
main/qwen35b/d05__b15k__ss-partial,ICLR_results/swebench/main/qwen35b/d05__b15k__ss-partial/django__django-15368/structured-summarize-partial/run_2/trajectory.json,django__django-15368__structured-summarize-partial__r2,2026-09-07T22:53:42.903612,Submitted,0,525.37,87,True,3
main/qwen35b/d05__b15k__ss-partial,ICLR_results/swebench/main/qwen35b/d05__b15k__ss-partial/django__django-15368/structured-summarize-partial/run_1/trajectory.json,django__django-15368__structured-summarize-partial__r1,2026-09-07T22:57:44.906272,Submitted,0,769.64,105,True,3
main/qwen35b/d05__b15k__ss-partial,ICLR_results/swebench/main/qwen35b/d05__b15k__ss-partial/sympy__sympy-17318/structured-summarize-partial/run_2/trajectory.json,sympy__sympy-17318__structured-summarize-partial__r2,2026-09-07T23:29:51.666694,LimitsExceeded,0,1038.58,125,,3
main/qwen35b/d05__b15k__ss-partial,ICLR_results/swebench/main/qwen35b/d05__b15k__ss-partial/sympy__sympy-17318/structured-summarize-partial/run_1/trajectory.json,sympy__sympy-17318__structured-summarize-partial__r1,2026-09-07T23:18:37.458708,Submitted,0,386.82,34,False,1
main/qwen35b/d05__b15k__ss-partial,ICLR_results/swebench/main/qwen35b/d05__b15k__ss-partial/sympy__sympy-18199/structured-summarize-partial/run_2/trajectory.json,sympy__sympy-18199__structured-summarize-partial__r2,2026-09-07T23:17:33.571986,Submitted,0,232.33,31,False,1
main/qwen35b/d05__b15k__ss-partial,ICLR_results/swebench/main/qwen35b/d05__b15k__ss-partial/sympy__sympy-12489/structured-summarize-partial/run_2/trajectory.json,sympy__sympy-12489__structured-summarize-partial__r2,2026-09-07T23:09:53.309357,LimitsExceeded,0,728.4,125,,2
main/qwen35b/d05__b15k__ss-partial,ICLR_results/swebench/main/qwen35b/d05__b15k__ss-partial/sympy__sympy-22456/structured-summarize-partial/run_2/trajectory.json,sympy__sympy-22456__structured-summarize-partial__r2,2026-09-07T23:26:30.792911,Submitted,0,449.69,47,True,1
main/qwen35b/d05__b15k__ss-partial,ICLR_results/swebench/main/qwen35b/d05__b15k__ss-partial/sympy__sympy-15875/structured-summarize-partial/run_2/trajectory.json,sympy__sympy-15875__structured-summarize-partial__r2,2026-09-07T23:34:00.810069,Submitted,0,1461.05,75,False,4
main/qwen35b/d05__b15k__ss-partial,ICLR_results/swebench/main/qwen35b/d05__b15k__ss-partial/scikit-learn__scikit-learn-25931/structured-summarize-partial/run_1/trajectory.json,scikit-learn__scikit-learn-25931__structured-summarize-partial__r1,2026-09-08T00:06:21.008170,LimitsExceeded,0,1223.51,125,,6
main/qwen35b/d05__b15k__ss-partial,ICLR_results/swebench/main/qwen35b/d05__b15k__ss-partial/django__django-15957/structured-summarize-partial/run_3/trajectory.json,django__django-15957__structured-summarize-partial__r3,2026-09-07T23:14:26.661481,LimitsExceeded,0,1320.12,125,,4
main/qwen35b/d05__b15k__ss-partial,ICLR_results/swebench/main/qwen35b/d05__b15k__ss-partial/django__django-15957/structured-summarize-partial/run_2/trajectory.json,django__django-15957__structured-summarize-partial__r2,2026-09-07T23:12:33.081391,Submitted,0,1255.31,58,False,2
main/qwen35b/d05__b15k__ss-partial,ICLR_results/swebench/main/qwen35b/d05__b15k__ss-partial/django__django-15957/structured-summarize-partial/run_1/trajectory.json,django__django-15957__structured-summarize-partial__r1,2026-09-07T23:04:08.070595,LimitsExceeded,0,750.44,125,,5
main/qwen35b/d05__b15k__ss-partial,ICLR_results/swebench/main/qwen35b/d05__b15k__ss-partial/django__django-14351/structured-summarize-partial/run_3/trajectory.json,django__django-14351__structured-summarize-partial__r3,2026-09-07T22:48:43.232722,Submitted,0,781.09,76,False,3
main/qwen35b/d05__b15k__ss-partial,ICLR_results/swebench/main/qwen35b/d05__b15k__ss-partial/django__django-14351/structured-summarize-partial/run_2/trajectory.json,django__django-14351__structured-summarize-partial__r2,2026-09-07T22:59:10.459571,,-1,1500.01,80,,2
main/qwen35b/d05__b15k__ss-partial,ICLR_results/swebench/main/qwen35b/d05__b15k__ss-partial/django__django-11299/structured-summarize-partial/run_2/trajectory.json,django__django-11299__structured-summarize-partial__r2,2026-09-07T22:03:04.889268,Submitted,0,829.87,107,True,3
main/qwen35b/d05__b15k__ss-partial,ICLR_results/swebench/main/qwen35b/d05__b15k__ss-partial/scikit-learn__scikit-learn-13328/structured-summarize-partial/run_3/trajectory.json,scikit-learn__scikit-learn-13328__structured-summarize-partial__r3,2026-09-07T22:07:16.744428,Submitted,0,524.78,70,True,3
main/qwen35b/d05__b15k__ss-partial,ICLR_results/swebench/main/qwen35b/d05__b15k__ss-partial/scikit-learn__scikit-learn-10844/structured-summarize-partial/run_3/trajectory.json,scikit-learn__scikit-learn-10844__structured-summarize-partial__r3,2026-09-07T23:28:31.010932,Submitted,0,516.58,51,True,1
main/qwen35b/d05__b15k__ss-partial,ICLR_results/swebench/main/qwen35b/d05__b15k__ss-partial/django__django-15098/structured-summarize-partial/run_3/trajectory.json,django__django-15098__structured-summarize-partial__r3,2026-09-07T22:50:03.552559,Submitted,0,443.05,46,False,1
main/qwen35b/d05__b15k__ss-partial,ICLR_results/swebench/main/qwen35b/d05__b15k__ss-partial/django__django-11477/structured-summarize-partial/run_2/trajectory.json,django__django-11477__structured-summarize-partial__r2,2026-09-07T22:33:36.016607,LimitsExceeded,0,645.65,125,,1
main/qwen35b/d05__b15k__ss-partial,ICLR_results/swebench/main/qwen35b/d05__b15k__ss-partial/django__django-11477/structured-summarize-partial/run_1/trajectory.json,django__django-11477__structured-summarize-partial__r1,2026-09-07T22:33:13.121398,LimitsExceeded,0,660.36,125,,5
main/qwen35b/d05__b15k__ss-partial,ICLR_results/swebench/main/qwen35b/d05__b15k__ss-partial/sympy__sympy-16450/structured-summarize-partial/run_2/trajectory.json,sympy__sympy-16450__structured-summarize-partial__r2,2026-09-07T23:13:41.246030,Submitted,0,227.94,39,True,0
main/qwen35b/d05__b15k__ss-partial,ICLR_results/swebench/main/qwen35b/d05__b15k__ss-partial/scikit-learn__scikit-learn-14053/structured-summarize-partial/run_2/trajectory.json,scikit-learn__scikit-learn-14053__structured-summarize-partial__r2,2026-09-07T23:54:03.443891,LimitsExceeded,0,1199.61,125,,5
main/qwen35b/d05__b15k__ss-partial,ICLR_results/swebench/main/qwen35b/d05__b15k__ss-partial/scikit-learn__scikit-learn-14053/structured-summarize-partial/run_1/trajectory.json,scikit-learn__scikit-learn-14053__structured-summarize-partial__r1,2026-09-07T23:39:36.114923,Submitted,0,335.3,57,True,1
main/qwen35b/d05__b15k__ss-partial,ICLR_results/swebench/main/qwen35b/d05__b15k__ss-partial/scikit-learn__scikit-learn-13779/structured-summarize-partial/run_3/trajectory.json,scikit-learn__scikit-learn-13779__structured-summarize-partial__r3,2026-09-07T22:10:42.125375,Submitted,0,605.58,47,True,1
main/qwen35b/d05__b15k__ss-partial,ICLR_results/swebench/main/qwen35b/d05__b15k__ss-partial/scikit-learn__scikit-learn-13779/structured-summarize-partial/run_1/trajectory.json,scikit-learn__scikit-learn-13779__structured-summarize-partial__r1,2026-09-07T22:06:47.542375,Submitted,0,490.05,41,True,1
main/qwen35b/d05__b15k__ss-partial,ICLR_results/swebench/main/qwen35b/d05__b15k__ss-partial/django__django-14580/structured-summarize-partial/run_1/trajectory.json,django__django-14580__structured-summarize-partial__r1,2026-09-07T21:53:49.726320,Submitted,0,274.7,59,True,1
main/qwen35b/d05__b15k__ss-partial,ICLR_results/swebench/main/qwen35b/d05__b15k__ss-partial/django__django-12304/structured-summarize-partial/run_3/trajectory.json,django__django-12304__structured-summarize-partial__r3,2026-09-07T22:52:26.531583,,-1,1500.01,61,,3
main/qwen35b/d05__b15k__ss-partial,ICLR_results/swebench/main/qwen35b/d05__b15k__ss-partial/scikit-learn__scikit-learn-25232/structured-summarize-partial/run_3/trajectory.json,scikit-learn__scikit-learn-25232__structured-summarize-partial__r3,2026-09-07T23:56:05.312517,Submitted,0,660.03,82,,4
main/qwen35b/d05__b15k__ss-partial,ICLR_results/swebench/main/qwen35b/d05__b15k__ss-partial/scikit-learn__scikit-learn-25232/structured-summarize-partial/run_1/trajectory.json,scikit-learn__scikit-learn-25232__structured-summarize-partial__r1,2026-09-07T23:52:09.469985,Submitted,0,511.33,45,False,2
main/qwen35b/d05__b15k__ss-partial,ICLR_results/swebench/main/qwen35b/d05__b15k__ss-partial/sympy__sympy-15349/structured-summarize-partial/run_3/trajectory.json,sympy__sympy-15349__structured-summarize-partial__r3,2026-09-07T23:14:49.454009,Submitted,0,320.06,32,True,1
main/qwen35b/d05__b15k__ss-partial,ICLR_results/swebench/main/qwen35b/d05__b15k__ss-partial/django__django-15278/structured-summarize-partial/run_3/trajectory.json,django__django-15278__structured-summarize-partial__r3,2026-09-07T23:08:22.320499,,-1,1500.01,114,,4
main/qwen35b/d05__b15k__ss-partial,ICLR_results/swebench/main/qwen35b/d05__b15k__ss-partial/django__django-15278/structured-summarize-partial/run_2/trajectory.json,django__django-15278__structured-summarize-partial__r2,2026-09-07T22:48:14.593364,Submitted,0,319.64,49,True,1
main/qwen35b/d05__b15k__ss-partial,ICLR_results/swebench/main/qwen35b/d05__b15k__ss-partial/django__django-15278/structured-summarize-partial/run_1/trajectory.json,django__django-15278__structured-summarize-partial__r1,2026-09-07T22:49:02.966500,Submitted,0,378.61,51,True,1
main/qwen35b/d05__b15k__ss-partial,ICLR_results/swebench/main/qwen35b/d05__b15k__ss-partial/scikit-learn__scikit-learn-13135/structured-summarize-partial/run_3/trajectory.json,scikit-learn__scikit-learn-13135__structured-summarize-partial__r3,2026-09-07T23:33:56.770400,Submitted,0,325.76,56,True,1
main/qwen35b/d05__b15k__ss-partial,ICLR_results/swebench/main/qwen35b/d05__b15k__ss-partial/scikit-learn__scikit-learn-13135/structured-summarize-partial/run_2/trajectory.json,scikit-learn__scikit-learn-13135__structured-summarize-partial__r2,2026-09-07T23:32:42.069522,Submitted,0,305.41,45,True,1
main/qwen35b/d05__b15k__ss-partial,ICLR_results/swebench/main/qwen35b/d05__b15k__ss-partial/django__django-16667/structured-summarize-partial/run_3/trajectory.json,django__django-16667__structured-summarize-partial__r3,2026-09-07T23:09:29.393599,Submitted,0,946.49,101,False,5
main/qwen35b/d05__b15k__ss-partial,ICLR_results/swebench/main/qwen35b/d05__b15k__ss-partial/scikit-learn__scikit-learn-13124/structured-summarize-partial/run_3/trajectory.json,scikit-learn__scikit-learn-13124__structured-summarize-partial__r3,2026-09-07T23:36:42.319649,Submitted,0,558.55,35,False,2
main/qwen35b/d05__b15k__ss-partial,ICLR_results/swebench/main/qwen35b/d05__b15k__ss-partial/scikit-learn__scikit-learn-13124/structured-summarize-partial/run_2/trajectory.json,scikit-learn__scikit-learn-13124__structured-summarize-partial__r2,2026-09-07T23:51:30.810288,,-1,1500.02,60,,4
main/qwen35b/d05__b15k__ss-partial,ICLR_results/swebench/main/qwen35b/d05__b15k__ss-partial/scikit-learn__scikit-learn-13124/structured-summarize-partial/run_1/trajectory.json,scikit-learn__scikit-learn-13124__structured-summarize-partial__r1,2026-09-07T23:47:46.849313,Submitted,0,1294.2,70,False,5
main/qwen35b/d05__b15k__ss-partial,ICLR_results/swebench/main/qwen35b/d05__b15k__ss-partial/django__django-17087/structured-summarize-partial/run_3/trajectory.json,django__django-17087__structured-summarize-partial__r3,2026-09-07T21:58:37.484170,Submitted,0,562.46,76,True,1
main/qwen35b/d05__b15k__ss-partial,ICLR_results/swebench/main/qwen35b/d05__b15k__ss-partial/django__django-17087/structured-summarize-partial/run_1/trajectory.json,django__django-17087__structured-summarize-partial__r1,2026-09-07T22:06:13.151120,LimitsExceeded,0,1018.13,125,,4
main/qwen35b/d05__b15k__ss-partial,ICLR_results/swebench/main/qwen35b/d05__b15k__ss-partial/sympy__sympy-14711/structured-summarize-partial/run_3/trajectory.json,sympy__sympy-14711__structured-summarize-partial__r3,2026-09-07T23:21:26.816087,LimitsExceeded,0,784.49,125,,2
main/qwen35b/d05__b15k__ss-partial,ICLR_results/swebench/main/qwen35b/d05__b15k__ss-partial/sympy__sympy-14711/structured-summarize-partial/run_2/trajectory.json,sympy__sympy-14711__structured-summarize-partial__r2,2026-09-07T23:13:33.458041,Submitted,0,364.35,45,True,1
main/qwen35b/d05__b15k__ss-partial,ICLR_results/swebench/main/qwen35b/d05__b15k__ss-partial/sympy__sympy-14711/structured-summarize-partial/run_1/trajectory.json,sympy__sympy-14711__structured-summarize-partial__r1,2026-09-07T23:21:51.347756,Submitted,0,1025.46,120,False,3
main/qwen35b/d05__b15k__ss-partial,ICLR_results/swebench/main/qwen35b/d05__b15k__ss-partial/scikit-learn__scikit-learn-12682/structured-summarize-partial/run_3/trajectory.json,scikit-learn__scikit-learn-12682__structured-summarize-partial__r3,2026-09-07T23:27:36.656837,Submitted,0,345.31,45,True,1
main/qwen35b/d05__b15k__ss-partial,ICLR_results/swebench/main/qwen35b/d05__b15k__ss-partial/scikit-learn__scikit-learn-12682/structured-summarize-partial/run_1/trajectory.json,scikit-learn__scikit-learn-12682__structured-summarize-partial__r1,2026-09-07T23:28:49.476853,Submitted,0,442.66,69,True,2
main/qwen35b/d05__b15k__ss-partial,ICLR_results/swebench/main/qwen35b/d05__b15k__ss-partial/sympy__sympy-13798/structured-summarize-partial/run_3/trajectory.json,sympy__sympy-13798__structured-summarize-partial__r3,2026-09-07T23:18:38.125964,LimitsExceeded,0,871.54,125,,3
main/qwen35b/d05__b15k__ss-partial,ICLR_results/swebench/main/qwen35b/d05__b15k__ss-partial/sympy__sympy-13798/structured-summarize-partial/run_1/trajectory.json,sympy__sympy-13798__structured-summarize-partial__r1,2026-09-07T23:12:04.070659,Submitted,0,600.8,68,False,2
main/qwen35b/d05__b15k__ss-partial,ICLR_results/swebench/main/qwen35b/d05__b15k__ss-partial/django__django-11734/structured-summarize-partial/run_3/trajectory.json,django__django-11734__structured-summarize-partial__r3,2026-09-07T22:43:22.306501,LimitsExceeded,0,1141.45,125,,5
main/qwen35b/d05__b15k__ss-partial,ICLR_results/swebench/main/qwen35b/d05__b15k__ss-partial/django__django-11734/structured-summarize-partial/run_2/trajectory.json,django__django-11734__structured-summarize-partial__r2,2026-09-07T22:42:40.492374,LimitsExceeded,0,1100.3,125,,6
main/qwen35b/d05__b15k__ss-partial,ICLR_results/swebench/main/qwen35b/d05__b15k__ss-partial/scikit-learn__scikit-learn-12585/structured-summarize-partial/run_3/trajectory.json,scikit-learn__scikit-learn-12585__structured-summarize-partial__r3,2026-09-07T23:24:35.273116,Submitted,0,223.66,21,True,0
main/qwen35b/d05__b15k__ss-partial,ICLR_results/swebench/main/qwen35b/d05__b15k__ss-partial/scikit-learn__scikit-learn-12585/structured-summarize-partial/run_2/trajectory.json,scikit-learn__scikit-learn-12585__structured-summarize-partial__r2,2026-09-07T23:27:23.766016,Submitted,0,400.3,35,True,1
main/qwen35b/d05__b15k__ss-partial,ICLR_results/swebench/main/qwen35b/d05__b15k__ss-partial/scikit-learn__scikit-learn-25102/structured-summarize-partial/run_2/trajectory.json,scikit-learn__scikit-learn-25102__structured-summarize-partial__r2,2026-09-07T23:53:02.597093,Submitted,0,783.89,108,False,5
main/qwen35b/d05__b15k__ss-partial,ICLR_results/swebench/main/qwen35b/d05__b15k__ss-partial/scikit-learn__scikit-learn-25102/structured-summarize-partial/run_1/trajectory.json,scikit-learn__scikit-learn-25102__structured-summarize-partial__r1,2026-09-07T23:55:18.844488,Submitted,0,942.72,60,False,4
main/qwen35b/d05__b15k__ss-partial,ICLR_results/swebench/main/qwen35b/d05__b15k__ss-partial/sympy__sympy-15017/structured-summarize-partial/run_3/trajectory.json,sympy__sympy-15017__structured-summarize-partial__r3,2026-09-07T22:18:39.693493,Submitted,0,367.02,36,True,1
main/qwen35b/d05__b15k__ss-partial,ICLR_results/swebench/main/qwen35b/d05__b15k__ss-partial/scikit-learn__scikit-learn-14496/structured-summarize-partial/run_2/trajectory.json,scikit-learn__scikit-learn-14496__structured-summarize-partial__r2,2026-09-07T22:05:00.365456,Submitted,0,162.76,24,True,0
main/qwen35b/d05__b15k__ss-partial,ICLR_results/swebench/main/qwen35b/d05__b15k__ss-partial/scikit-learn__scikit-learn-26194/structured-summarize-partial/run_3/trajectory.json,scikit-learn__scikit-learn-26194__structured-summarize-partial__r3,2026-09-07T23:57:44.253464,Submitted,0,443.27,28,False,1
main/qwen35b/d05__b15k__ss-partial,ICLR_results/swebench/main/qwen35b/d05__b15k__ss-partial/scikit-learn__scikit-learn-26194/structured-summarize-partial/run_2/trajectory.json,scikit-learn__scikit-learn-26194__structured-summarize-partial__r2,2026-09-07T23:54:59.457638,Submitted,0,291.98,27,False,1
main/qwen35b/d05__b15k__ss-partial,ICLR_results/swebench/main/qwen35b/d05__b15k__ss-partial/scikit-learn__scikit-learn-26194/structured-summarize-partial/run_1/trajectory.json,scikit-learn__scikit-learn-26194__structured-summarize-partial__r1,2026-09-07T23:58:24.166052,Submitted,0,564.06,68,False,2
main/qwen35b/d05__b15k__ss-partial,ICLR_results/swebench/main/qwen35b/d05__b15k__ss-partial/scikit-learn__scikit-learn-25973/structured-summarize-partial/run_3/trajectory.json,scikit-learn__scikit-learn-25973__structured-summarize-partial__r3,2026-09-08T00:08:49.527579,Submitted,0,1262.68,118,True,6
main/qwen35b/d05__b15k__ss-partial,ICLR_results/swebench/main/qwen35b/d05__b15k__ss-partial/scikit-learn__scikit-learn-25973/structured-summarize-partial/run_2/trajectory.json,scikit-learn__scikit-learn-25973__structured-summarize-partial__r2,2026-09-08T00:04:04.253976,LimitsExceeded,0,1061.73,125,,6
main/qwen35b/d05__b15k__ss-partial,ICLR_results/swebench/main/qwen35b/d05__b15k__ss-partial/scikit-learn__scikit-learn-25973/structured-summarize-partial/run_1/trajectory.json,scikit-learn__scikit-learn-25973__structured-summarize-partial__r1,2026-09-08T00:01:02.437060,Submitted,0,893.27,98,True,3
main/qwen35b/d05__b15k__ss-partial,ICLR_results/swebench/main/qwen35b/d05__b15k__ss-partial/django__django-15930/structured-summarize-partial/run_3/trajectory.json,django__django-15930__structured-summarize-partial__r3,2026-09-07T23:15:03.565426,,-1,1500.01,110,,4
main/qwen35b/d05__b15k__ss-partial,ICLR_results/swebench/main/qwen35b/d05__b15k__ss-partial/django__django-13964/structured-summarize-partial/run_2/trajectory.json,django__django-13964__structured-summarize-partial__r2,2026-09-07T22:14:15.037647,,-1,1500.01,123,,5
main/qwen35b/d05__b15k__ss-partial,ICLR_results/swebench/main/qwen35b/d05__b15k__ss-partial/django__django-13964/structured-summarize-partial/run_1/trajectory.json,django__django-13964__structured-summarize-partial__r1,2026-09-07T22:14:15.035807,,-1,1500.0,90,,4
main/qwen35b/d05__b15k__ss-partial,ICLR_results/swebench/main/qwen35b/d05__b15k__ss-partial/django__django-12663/structured-summarize-partial/run_3/trajectory.json,django__django-12663__structured-summarize-partial__r3,2026-09-07T22:44:55.262296,Submitted,0,687.96,107,False,3
main/qwen35b/d05__b15k__ss-partial,ICLR_results/swebench/main/qwen35b/d05__b15k__ss-partial/django__django-12663/structured-summarize-partial/run_2/trajectory.json,django__django-12663__structured-summarize-partial__r2,2026-09-07T22:44:57.528380,LimitsExceeded,0,704.41,125,,4
main/qwen35b/d05__b15k__ss-partial,ICLR_results/swebench/main/qwen35b/d05__b15k__ss-partial/django__django-12663/structured-summarize-partial/run_1/trajectory.json,django__django-12663__structured-summarize-partial__r1,2026-09-07T22:47:10.625156,LimitsExceeded,0,893.87,125,,4
main/qwen35b/d05__b15k__ss-partial,ICLR_results/swebench/main/qwen35b/d05__b15k__ss-partial/django__django-14725/structured-summarize-partial/run_3/trajectory.json,django__django-14725__structured-summarize-partial__r3,2026-09-07T23:02:03.264900,LimitsExceeded,0,1243.59,125,,6
main/qwen35b/d05__b15k__ss-partial,ICLR_results/swebench/main/qwen35b/d05__b15k__ss-partial/django__django-14725/structured-summarize-partial/run_2/trajectory.json,django__django-14725__structured-summarize-partial__r2,2026-09-07T22:55:43.450298,Submitted,0,1049.09,124,False,4
main/qwen35b/d05__b15k__ss-partial,ICLR_results/swebench/main/qwen35b/d05__b15k__ss-partial/django__django-14725/structured-summarize-partial/run_1/trajectory.json,django__django-14725__structured-summarize-partial__r1,2026-09-07T22:51:37.622196,Submitted,0,867.09,73,False,2
main/qwen35b/d05__b15k__ss-partial,ICLR_results/swebench/main/qwen35b/d05__b15k__ss-partial/sympy__sympy-20438/structured-summarize-partial/run_3/trajectory.json,sympy__sympy-20438__structured-summarize-partial__r3,2026-09-07T23:30:32.417319,Submitted,0,928.85,79,False,2
main/qwen35b/d05__b15k__ss-partial,ICLR_results/swebench/main/qwen35b/d05__b15k__ss-partial/sympy__sympy-20438/structured-summarize-partial/run_2/trajectory.json,sympy__sympy-20438__structured-summarize-partial__r2,2026-09-07T23:39:58.708504,,-1,1500.01,120,,4
main/qwen35b/d05__b15k__ss-partial,ICLR_results/swebench/main/qwen35b/d05__b15k__ss-partial/sympy__sympy-20438/structured-summarize-partial/run_1/trajectory.json,sympy__sympy-20438__structured-summarize-partial__r1,2026-09-07T23:26:12.647971,Submitted,0,683.19,63,False,3
main/qwen35b/d05__b15k__ss-partial,ICLR_results/swebench/main/qwen35b/d05__b15k__ss-partial/sympy__sympy-13757/structured-summarize-partial/run_3/trajectory.json,sympy__sympy-13757__structured-summarize-partial__r3,2026-09-07T22:37:10.528433,,-1,1500.02,123,,5
main/qwen35b/d05__b15k__ss-partial,ICLR_results/swebench/main/qwen35b/d05__b15k__ss-partial/scikit-learn__scikit-learn-25747/structured-summarize-partial/run_3/trajectory.json,scikit-learn__scikit-learn-25747__structured-summarize-partial__r3,2026-09-07T22:30:00.372259,,-1,1500.01,87,,5
main/qwen35b/d05__b15k__ss-partial,ICLR_results/swebench/main/qwen35b/d05__b15k__ss-partial/scikit-learn__scikit-learn-25747/structured-summarize-partial/run_1/trajectory.json,scikit-learn__scikit-learn-25747__structured-summarize-partial__r1,2026-09-07T22:16:30.132621,LimitsExceeded,0,805.24,125,,5
main/qwen35b/d05__b15k__ss-partial,ICLR_results/swebench/main/qwen35b/d05__b15k__ss-partial/scikit-learn__scikit-learn-14087/structured-summarize-partial/run_3/trajectory.json,scikit-learn__scikit-learn-14087__structured-summarize-partial__r3,2026-09-07T23:59:25.956732,,-1,1500.02,55,,3
main/qwen35b/d05__b15k__ss-partial,ICLR_results/swebench/main/qwen35b/d05__b15k__ss-partial/scikit-learn__scikit-learn-14087/structured-summarize-partial/run_1/trajectory.json,scikit-learn__scikit-learn-14087__structured-summarize-partial__r1,2026-09-07T23:59:22.532739,,-1,1500.03,32,,1
main/qwen35b/d05__b15k__ss-partial,ICLR_results/swebench/main/qwen35b/d05__b15k__ss-partial/sympy__sympy-13031/structured-summarize-partial/run_3/trajectory.json,sympy__sympy-13031__structured-summarize-partial__r3,2026-09-07T22:35:42.135885,,-1,1500.01,66,,2
main/qwen35b/d05__b15k__ss-partial,ICLR_results/swebench/main/qwen35b/d05__b15k__ss-partial/sympy__sympy-13031/structured-summarize-partial/run_2/trajectory.json,sympy__sympy-13031__structured-summarize-partial__r2,2026-09-07T22:15:43.887715,Submitted,0,306.45,82,False,1
main/qwen35b/d05__b15k__ss-partial,ICLR_results/swebench/main/qwen35b/d05__b15k__ss-partial/sympy__sympy-13031/structured-summarize-partial/run_1/trajectory.json,sympy__sympy-13031__structured-summarize-partial__r1,2026-09-07T22:32:16.757398,,-1,1500.01,63,,1
main/qwen35b/d05__b15k__ss-partial,ICLR_results/swebench/main/qwen35b/d05__b15k__ss-partial/django__django-15525/structured-summarize-partial/run_3/trajectory.json,django__django-15525__structured-summarize-partial__r3,2026-09-07T23:04:45.874893,Submitted,0,1053.32,62,True,3
main/qwen35b/d05__b15k__ss-partial,ICLR_results/swebench/main/qwen35b/d05__b15k__ss-partial/django__django-15525/structured-summarize-partial/run_2/trajectory.json,django__django-15525__structured-summarize-partial__r2,2026-09-07T23:12:10.637589,,-1,1500.01,58,,3
main/qwen35b/d05__b15k__ss-partial,ICLR_results/swebench/main/qwen35b/d05__b15k__ss-partial/django__django-15525/structured-summarize-partial/run_1/trajectory.json,django__django-15525__structured-summarize-partial__r1,2026-09-07T22:58:00.956859,Submitted,0,691.06,49,True,2
main/qwen35b/d05__b15k__ss-partial,ICLR_results/swebench/main/qwen35b/d05__b15k__ss-partial/django__django-11433/structured-summarize-partial/run_2/trajectory.json,django__django-11433__structured-summarize-partial__r2,2026-09-07T22:47:12.555041,,-1,1500.01,114,,5
main/qwen35b/d05__b15k__ss-partial,ICLR_results/swebench/main/qwen35b/d05__b15k__ss-partial/django__django-11433/structured-summarize-partial/run_1/trajectory.json,django__django-11433__structured-summarize-partial__r1,2026-09-07T22:46:29.895521,,-1,1500.01,64,,2
main/qwen35b/d05__b15k__ss-partial,ICLR_results/swebench/main/qwen35b/d05__b15k__ss-partial/django__django-11292/structured-summarize-partial/run_2/trajectory.json,django__django-11292__structured-summarize-partial__r2,2026-09-07T21:55:11.923121,Submitted,0,356.9,58,True,1
main/qwen35b/d05__b15k__ss-partial,ICLR_results/swebench/main/qwen35b/d05__b15k__ss-partial/scikit-learn__scikit-learn-14629/structured-summarize-partial/run_3/trajectory.json,scikit-learn__scikit-learn-14629__structured-summarize-partial__r3,2026-09-08T00:01:23.561159,,-1,1500.02,110,,4
main/qwen35b/d05__b15k__ss-partial,ICLR_results/swebench/main/qwen35b/d05__b15k__ss-partial/scikit-learn__scikit-learn-14629/structured-summarize-partial/run_2/trajectory.json,scikit-learn__scikit-learn-14629__structured-summarize-partial__r2,2026-09-07T23:49:00.109046,Submitted,0,759.27,115,False,3
main/qwen35b/d05__b15k__ss-partial,ICLR_results/swebench/main/qwen35b/d05__b15k__ss-partial/scikit-learn__scikit-learn-14629/structured-summarize-partial/run_1/trajectory.json,scikit-learn__scikit-learn-14629__structured-summarize-partial__r1,2026-09-07T23:50:20.980705,Submitted,0,866.9,86,True,3
main/qwen35b/d05__b15k__ss-partial,ICLR_results/swebench/main/qwen35b/d05__b15k__ss-partial/scikit-learn__scikit-learn-13496/structured-summarize-partial/run_3/trajectory.json,scikit-learn__scikit-learn-13496__structured-summarize-partial__r3,2026-09-07T23:36:23.543849,Submitted,0,146.77,22,True,0
main/qwen35b/d05__b15k__ss-partial,ICLR_results/swebench/main/qwen35b/d05__b15k__ss-partial/scikit-learn__scikit-learn-13496/structured-summarize-partial/run_1/trajectory.json,scikit-learn__scikit-learn-13496__structured-summarize-partial__r1,2026-09-07T23:46:09.168517,LimitsExceeded,0,782.83,125,,5
main/qwen35b/d05__b15k__ss-partial,ICLR_results/swebench/main/qwen35b/d05__b15k__ss-partial/django__django-12273/structured-summarize-partial/run_3/trajectory.json,django__django-12273__structured-summarize-partial__r3,2026-09-07T22:14:15.021865,,-1,1500.0,67,,2
main/qwen35b/d05__b15k__ss-partial,ICLR_results/swebench/main/qwen35b/d05__b15k__ss-partial/django__django-12273/structured-summarize-partial/run_2/trajectory.json,django__django-12273__structured-summarize-partial__r2,2026-09-07T22:12:32.665148,LimitsExceeded,0,1397.65,125,,4
main/qwen35b/d05__b15k__ss-partial,ICLR_results/swebench/main/qwen35b/d05__b15k__ss-partial/sympy__sympy-24443/structured-summarize-partial/run_2/trajectory.json,sympy__sympy-24443__structured-summarize-partial__r2,2026-09-07T22:24:35.667186,Submitted,0,620.63,32,True,1
main/qwen35b/d05__b15k__ss-partial,ICLR_results/swebench/main/qwen35b/d05__b15k__ss-partial/sympy__sympy-24443/structured-summarize-partial/run_1/trajectory.json,sympy__sympy-24443__structured-summarize-partial__r1,2026-09-07T22:21:04.660524,Submitted,0,409.62,30,True,1
main/qwen35b/d05__b15k__ss-partial,ICLR_results/swebench/main/qwen35b/d05__b15k__ss-partial/scikit-learn__scikit-learn-13439/structured-summarize-partial/run_2/trajectory.json,scikit-learn__scikit-learn-13439__structured-summarize-partial__r2,2026-09-07T23:35:54.083994,Submitted,0,192.01,35,True,0
main/qwen35b/d05__b15k__ss-partial,ICLR_results/swebench/main/qwen35b/d05__b15k__ss-partial/scikit-learn__scikit-learn-13439/structured-summarize-partial/run_1/trajectory.json,scikit-learn__scikit-learn-13439__structured-summarize-partial__r1,2026-09-07T23:34:25.938699,Submitted,0,233.52,35,True,1
main/qwen35b/d05__b15k__ss-partial,ICLR_results/swebench/main/qwen35b/d05__b15k__ss-partial/django__django-11095/structured-summarize-partial/run_2/trajectory.json,django__django-11095__structured-summarize-partial__r2,2026-09-07T22:33:35.816591,Submitted,0,751.15,71,True,2
main/qwen35b/d05__b15k__ss-partial,ICLR_results/swebench/main/qwen35b/d05__b15k__ss-partial/django__django-11095/structured-summarize-partial/run_1/trajectory.json,django__django-11095__structured-summarize-partial__r1,2026-09-07T22:33:27.301556,Submitted,0,887.6,97,True,2
main/qwen35b/d05__b15k__ss-partial,ICLR_results/swebench/main/qwen35b/d05__b15k__ss-partial/sympy__sympy-11618/structured-summarize-partial/run_3/trajectory.json,sympy__sympy-11618__structured-summarize-partial__r3,2026-09-07T22:12:10.505691,Submitted,0,293.92,50,False,1
main/qwen35b/d05__b15k__ss-partial,ICLR_results/swebench/main/qwen35b/d05__b15k__ss-partial/sympy__sympy-11618/structured-summarize-partial/run_2/trajectory.json,sympy__sympy-11618__structured-summarize-partial__r2,2026-09-07T22:13:49.180466,Submitted,0,421.64,58,True,1
main/qwen35b/d05__b15k__ss-partial,ICLR_results/swebench/main/qwen35b/d05__b15k__ss-partial/django__django-14999/structured-summarize-partial/run_2/trajectory.json,django__django-14999__structured-summarize-partial__r2,2026-09-07T22:14:15.038194,,-1,1500.01,94,,6
main/qwen35b/d05__b15k__ss-partial,ICLR_results/swebench/main/qwen35b/d05__b15k__ss-partial/django__django-14999/structured-summarize-partial/run_1/trajectory.json,django__django-14999__structured-summarize-partial__r1,2026-09-07T22:10:37.429898,LimitsExceeded,0,1282.41,125,,5
main/qwen35b/d05__b15k__ss-partial,ICLR_results/swebench/main/qwen35b/d05__b15k__ss-partial/scikit-learn__scikit-learn-11310/structured-summarize-partial/run_1/trajectory.json,scikit-learn__scikit-learn-11310__structured-summarize-partial__r1,2026-09-07T22:02:17.603891,Submitted,0,782.57,95,False,3
main/qwen35b/d05__b15k__ss-partial,ICLR_results/swebench/main/qwen35b/d05__b15k__ss-partial/scikit-learn__scikit-learn-10908/structured-summarize-partial/run_2/trajectory.json,scikit-learn__scikit-learn-10908__structured-summarize-partial__r2,2026-09-07T22:14:15.036937,,-1,1500.01,105,,4
main/qwen35b/d05__b15k__ss-partial,ICLR_results/swebench/main/qwen35b/d05__b15k__ss-partial/scikit-learn__scikit-learn-10908/structured-summarize-partial/run_1/trajectory.json,scikit-learn__scikit-learn-10908__structured-summarize-partial__r1,2026-09-07T21:58:31.963103,Submitted,0,556.94,58,True,2
main/qwen35b/d05__b15k__ss-partial,ICLR_results/swebench/main/qwen35b/d05__b15k__ss-partial/scikit-learn__scikit-learn-9288/structured-summarize-partial/run_3/trajectory.json,scikit-learn__scikit-learn-9288__structured-summarize-partial__r3,2026-09-08T00:05:24.457844,LimitsExceeded,0,741.85,125,,7
main/qwen35b/d05__b15k__ss-partial,ICLR_results/swebench/main/qwen35b/d05__b15k__ss-partial/scikit-learn__scikit-learn-9288/structured-summarize-partial/run_2/trajectory.json,scikit-learn__scikit-learn-9288__structured-summarize-partial__r2,2026-09-08T00:08:49.627486,LimitsExceeded,0,1000.16,125,,9
main/qwen35b/d05__b15k__ss-partial,ICLR_results/swebench/main/qwen35b/d05__b15k__ss-partial/scikit-learn__scikit-learn-9288/structured-summarize-partial/run_1/trajectory.json,scikit-learn__scikit-learn-9288__structured-summarize-partial__r1,2026-09-07T23:58:31.065096,Submitted,0,420.25,56,True,2
main/qwen35b/d05__b15k__ss-partial,ICLR_results/swebench/main/qwen35b/d05__b15k__ss-partial/scikit-learn__scikit-learn-26323/structured-summarize-partial/run_3/trajectory.json,scikit-learn__scikit-learn-26323__structured-summarize-partial__r3,2026-09-07T22:24:20.191145,Submitted,0,1087.04,100,True,4
main/qwen35b/d05__b15k__ss-partial,ICLR_results/swebench/main/qwen35b/d05__b15k__ss-partial/scikit-learn__scikit-learn-26323/structured-summarize-partial/run_1/trajectory.json,scikit-learn__scikit-learn-26323__structured-summarize-partial__r1,2026-09-07T22:22:12.755271,Submitted,0,1004.42,85,True,3
main/qwen35b/d05__b15k__ss-partial,ICLR_results/swebench/main/qwen35b/d05__b15k__ss-partial/sympy__sympy-13647/structured-summarize-partial/run_1/trajectory.json,sympy__sympy-13647__structured-summarize-partial__r1,2026-09-07T23:09:39.756106,Submitted,0,629.3,65,True,2
main/qwen35b/d05__b15k__ss-partial,ICLR_results/swebench/main/qwen35b/d05__b15k__ss-partial/sympy__sympy-20916/structured-summarize-partial/run_3/trajectory.json,sympy__sympy-20916__structured-summarize-partial__r3,2026-09-07T23:43:38.142217,,-1,1500.02,99,,4
main/qwen35b/d05__b15k__ss-partial,ICLR_results/swebench/main/qwen35b/d05__b15k__ss-partial/sympy__sympy-20916/structured-summarize-partial/run_2/trajectory.json,sympy__sympy-20916__structured-summarize-partial__r2,2026-09-07T23:34:03.837025,Submitted,0,926.38,75,,2
main/qwen35b/d05__b15k__ss-partial,ICLR_results/swebench/main/qwen35b/d05__b15k__ss-partial/sympy__sympy-20916/structured-summarize-partial/run_1/trajectory.json,sympy__sympy-20916__structured-summarize-partial__r1,2026-09-07T23:23:29.054483,Submitted,0,355.48,40,False,1
main/qwen35b/d05__b15k__su-full,ICLR_results/swebench/main/qwen35b/d05__b15k__su-full/sympy__sympy-22456/summarization/run_2/trajectory.json,sympy__sympy-22456__summarization__r2,2026-09-07T20:08:04.985782,LimitsExceeded,0,370.9,125,,1
