benchmark	section	cohort_model_path	cell	key	task	condition	run	primitive	budget_tokens	depth	rerun_reason	rerun_priority	summary_marker_errors	exit_status	resolved	started_at_CDT	source_run_dir	source_trial_dir	harbor_job
terminalbench	main	glm47flash	d05__b3k__ss	cartpole-rl-training__structured-summarize__r1	cartpole-rl-training	structured-summarize	1	structured_summarize	3000	0.5	tb_erasure_possible	probable	0	CancelledError	False	2026-09-06T21:03:06.642594-05:00	ICLR_results/terminalbench/main/glm47flash/d05__b3k__ss/cartpole-rl-training/structured-summarize/run_1	logs/harbor_jobs/terminalbench/glm47flash/glm47flash-structured-summarize-r1-1788742172351/cartpole-rl-training__KzeBbSM	glm47flash-structured-summarize-r1-1788742172351
terminalbench	main	glm47flash	d05__b3k__ss	eval-mteb.hard__structured-summarize__r1	eval-mteb.hard	structured-summarize	1	structured_summarize	3000	0.5	tb_erasure_possible	probable	0	Submitted	True	2026-09-06T20:56:57.768336-05:00	ICLR_results/terminalbench/main/glm47flash/d05__b3k__ss/eval-mteb.hard/structured-summarize/run_1	logs/harbor_jobs/terminalbench/glm47flash/glm47flash-structured-summarize-r1-1788742172351/eval-mteb.hard__qHENzpL	glm47flash-structured-summarize-r1-1788742172351
terminalbench	main	glm47flash	d05__b3k__ss	fibonacci-server__structured-summarize__r1	fibonacci-server	structured-summarize	1	structured_summarize	3000	0.5	tb_erasure_possible	probable	0	Submitted	False	2026-09-06T20:02:25.860373-05:00	ICLR_results/terminalbench/main/glm47flash/d05__b3k__ss/fibonacci-server/structured-summarize/run_1	logs/harbor_jobs/terminalbench/glm47flash/glm47flash-structured-summarize-r1-1788742172351/fibonacci-server__Fy4esUF	glm47flash-structured-summarize-r1-1788742172351
terminalbench	main	glm47flash	d05__b3k__ss	fix-pandas-version__structured-summarize__r1	fix-pandas-version	structured-summarize	1	structured_summarize	3000	0.5	tb_erasure_possible	probable	0	Submitted	True	2026-09-06T20:11:37.466515-05:00	ICLR_results/terminalbench/main/glm47flash/d05__b3k__ss/fix-pandas-version/structured-summarize/run_1	logs/harbor_jobs/terminalbench/glm47flash/glm47flash-structured-summarize-r1-1788742172351/fix-pandas-version__VYDf54W	glm47flash-structured-summarize-r1-1788742172351
terminalbench	main	glm47flash	d05__b3k__ss	git-workflow-hack__structured-summarize__r1	git-workflow-hack	structured-summarize	1	structured_summarize	3000	0.5	tb_erasure_possible	probable	0	CancelledError	False	2026-09-06T20:37:04.751465-05:00	ICLR_results/terminalbench/main/glm47flash/d05__b3k__ss/git-workflow-hack/structured-summarize/run_1	logs/harbor_jobs/terminalbench/glm47flash/glm47flash-structured-summarize-r1-1788742172351/git-workflow-hack__oxeP5Zb	glm47flash-structured-summarize-r1-1788742172351
terminalbench	main	glm47flash	d05__b3k__ss	gpt2-codegolf__structured-summarize__r1	gpt2-codegolf	structured-summarize	1	structured_summarize	3000	0.5	tb_erasure_possible	probable	0	CancelledError	False	2026-09-06T20:05:45.763113-05:00	ICLR_results/terminalbench/main/glm47flash/d05__b3k__ss/gpt2-codegolf/structured-summarize/run_1	logs/harbor_jobs/terminalbench/glm47flash/glm47flash-structured-summarize-r1-1788742172351/gpt2-codegolf__2rwjG8a	glm47flash-structured-summarize-r1-1788742172351
terminalbench	main	glm47flash	d05__b3k__ss	heterogeneous-dates__structured-summarize__r1	heterogeneous-dates	structured-summarize	1	structured_summarize	3000	0.5	summary_failure_accounting	priority	0	CancelledError	False	2026-09-06T21:09:36.729471-05:00	ICLR_results/terminalbench/main/glm47flash/d05__b3k__ss/heterogeneous-dates/structured-summarize/run_1	logs/harbor_jobs/terminalbench/glm47flash/glm47flash-structured-summarize-r1-1788742172351/heterogeneous-dates__JdNBaJW	glm47flash-structured-summarize-r1-1788742172351
terminalbench	main	glm47flash	d05__b3k__ss	hf-model-inference__structured-summarize__r1	hf-model-inference	structured-summarize	1	structured_summarize	3000	0.5	tb_erasure_possible	probable	0	Submitted	False	2026-09-06T20:07:25.276387-05:00	ICLR_results/terminalbench/main/glm47flash/d05__b3k__ss/hf-model-inference/structured-summarize/run_1	logs/harbor_jobs/terminalbench/glm47flash/glm47flash-structured-summarize-r1-1788742172351/hf-model-inference__V3GkoLz	glm47flash-structured-summarize-r1-1788742172351
terminalbench	main	glm47flash	d05__b3k__ss	password-recovery__structured-summarize__r1	password-recovery	structured-summarize	1	structured_summarize	3000	0.5	tb_erasure_possible	probable	0	CancelledError	False	2026-09-06T20:43:29.057733-05:00	ICLR_results/terminalbench/main/glm47flash/d05__b3k__ss/password-recovery/structured-summarize/run_1	logs/harbor_jobs/terminalbench/glm47flash/glm47flash-structured-summarize-r1-1788742172351/password-recovery__87dq554	glm47flash-structured-summarize-r1-1788742172351
terminalbench	main	glm47flash	d05__b3k__ss	prove-plus-comm__structured-summarize__r1	prove-plus-comm	structured-summarize	1	structured_summarize	3000	0.5	summary_failure_accounting	priority	0	CancelledError	False	2026-09-06T19:49:33.949527-05:00	ICLR_results/terminalbench/main/glm47flash/d05__b3k__ss/prove-plus-comm/structured-summarize/run_1	logs/harbor_jobs/terminalbench/glm47flash/glm47flash-structured-summarize-r1-1788742172351/prove-plus-comm__Ua8skEj	glm47flash-structured-summarize-r1-1788742172351
terminalbench	main	glm47flash	d05__b3k__ss	pytorch-model-cli.hard__structured-summarize__r1	pytorch-model-cli.hard	structured-summarize	1	structured_summarize	3000	0.5	tb_erasure_possible	probable	0	Submitted	False	2026-09-06T19:56:04.962840-05:00	ICLR_results/terminalbench/main/glm47flash/d05__b3k__ss/pytorch-model-cli.hard/structured-summarize/run_1	logs/harbor_jobs/terminalbench/glm47flash/glm47flash-structured-summarize-r1-1788742172351/pytorch-model-cli.hard__tYPtaY6	glm47flash-structured-summarize-r1-1788742172351
terminalbench	main	glm47flash	d05__b3k__ss	raman-fitting.easy__structured-summarize__r1	raman-fitting.easy	structured-summarize	1	structured_summarize	3000	0.5	tb_erasure_possible	probable	0	CancelledError	False	2026-09-06T19:49:33.941168-05:00	ICLR_results/terminalbench/main/glm47flash/d05__b3k__ss/raman-fitting.easy/structured-summarize/run_1	logs/harbor_jobs/terminalbench/glm47flash/glm47flash-structured-summarize-r1-1788742172351/raman-fitting.easy__VEMzihN	glm47flash-structured-summarize-r1-1788742172351
terminalbench	main	glm47flash	d05__b3k__ss	sanitize-git-repo.hard__structured-summarize__r1	sanitize-git-repo.hard	structured-summarize	1	structured_summarize	3000	0.5	summary_failure_accounting	priority	0	CancelledError	False	2026-09-06T20:56:42.244529-05:00	ICLR_results/terminalbench/main/glm47flash/d05__b3k__ss/sanitize-git-repo.hard/structured-summarize/run_1	logs/harbor_jobs/terminalbench/glm47flash/glm47flash-structured-summarize-r1-1788742172351/sanitize-git-repo.hard__wtChF9C	glm47flash-structured-summarize-r1-1788742172351
terminalbench	main	glm47flash	d05__b3k__ss	super-benchmark-upet__structured-summarize__r1	super-benchmark-upet	structured-summarize	1	structured_summarize	3000	0.5	tb_erasure_possible	probable	0	CancelledError	False	2026-09-06T20:31:24.557086-05:00	ICLR_results/terminalbench/main/glm47flash/d05__b3k__ss/super-benchmark-upet/structured-summarize/run_1	logs/harbor_jobs/terminalbench/glm47flash/glm47flash-structured-summarize-r1-1788742172351/super-benchmark-upet__pzaHszr	glm47flash-structured-summarize-r1-1788742172351
terminalbench	main	glm47flash	d05__b3k__ss	swe-bench-astropy-2__structured-summarize__r1	swe-bench-astropy-2	structured-summarize	1	structured_summarize	3000	0.5	tb_erasure_possible	probable	0	Submitted	False	2026-09-06T20:48:10.496846-05:00	ICLR_results/terminalbench/main/glm47flash/d05__b3k__ss/swe-bench-astropy-2/structured-summarize/run_1	logs/harbor_jobs/terminalbench/glm47flash/glm47flash-structured-summarize-r1-1788742172351/swe-bench-astropy-2__fmXNKNq	glm47flash-structured-summarize-r1-1788742172351
terminalbench	main	glm47flash	d05__b3k__ss	blind-maze-explorer-5x5__structured-summarize__r2	blind-maze-explorer-5x5	structured-summarize	2	structured_summarize	3000	0.5	tb_erasure_possible	probable	0	CancelledError	False	2026-09-06T22:31:58.843116-05:00	ICLR_results/terminalbench/main/glm47flash/d05__b3k__ss/blind-maze-explorer-5x5/structured-summarize/run_2	logs/harbor_jobs/terminalbench/glm47flash/glm47flash-structured-summarize-r2-1788747850992/blind-maze-explorer-5x5__qeLPEKr	glm47flash-structured-summarize-r2-1788747850992
terminalbench	main	glm47flash	d05__b3k__ss	download-youtube__structured-summarize__r2	download-youtube	structured-summarize	2	structured_summarize	3000	0.5	summary_failure_accounting	priority	0	CancelledError	False	2026-09-06T22:25:22.081096-05:00	ICLR_results/terminalbench/main/glm47flash/d05__b3k__ss/download-youtube/structured-summarize/run_2	logs/harbor_jobs/terminalbench/glm47flash/glm47flash-structured-summarize-r2-1788747850992/download-youtube__65AthDd	glm47flash-structured-summarize-r2-1788747850992
terminalbench	main	glm47flash	d05__b3k__ss	eval-mteb.hard__structured-summarize__r2	eval-mteb.hard	structured-summarize	2	structured_summarize	3000	0.5	tb_erasure_possible	probable	0	CancelledError	False	2026-09-06T22:25:39.664589-05:00	ICLR_results/terminalbench/main/glm47flash/d05__b3k__ss/eval-mteb.hard/structured-summarize/run_2	logs/harbor_jobs/terminalbench/glm47flash/glm47flash-structured-summarize-r2-1788747850992/eval-mteb.hard__vivjpj3	glm47flash-structured-summarize-r2-1788747850992
terminalbench	main	glm47flash	d05__b3k__ss	fibonacci-server__structured-summarize__r2	fibonacci-server	structured-summarize	2	structured_summarize	3000	0.5	tb_erasure_possible	probable	0	CancelledError	False	2026-09-06T21:37:57.113053-05:00	ICLR_results/terminalbench/main/glm47flash/d05__b3k__ss/fibonacci-server/structured-summarize/run_2	logs/harbor_jobs/terminalbench/glm47flash/glm47flash-structured-summarize-r2-1788747850992/fibonacci-server__D8damg3	glm47flash-structured-summarize-r2-1788747850992
terminalbench	main	glm47flash	d05__b3k__ss	fix-pandas-version__structured-summarize__r2	fix-pandas-version	structured-summarize	2	structured_summarize	3000	0.5	tb_erasure_possible	probable	0	Submitted	True	2026-09-06T21:47:31.278964-05:00	ICLR_results/terminalbench/main/glm47flash/d05__b3k__ss/fix-pandas-version/structured-summarize/run_2	logs/harbor_jobs/terminalbench/glm47flash/glm47flash-structured-summarize-r2-1788747850992/fix-pandas-version__K68wdKL	glm47flash-structured-summarize-r2-1788747850992
terminalbench	main	glm47flash	d05__b3k__ss	git-workflow-hack__structured-summarize__r2	git-workflow-hack	structured-summarize	2	structured_summarize	3000	0.5	summary_failure_accounting	priority	0	CancelledError	False	2026-09-06T22:12:31.390709-05:00	ICLR_results/terminalbench/main/glm47flash/d05__b3k__ss/git-workflow-hack/structured-summarize/run_2	logs/harbor_jobs/terminalbench/glm47flash/glm47flash-structured-summarize-r2-1788747850992/git-workflow-hack__D38W4qe	glm47flash-structured-summarize-r2-1788747850992
terminalbench	main	glm47flash	d05__b3k__ss	gpt2-codegolf__structured-summarize__r2	gpt2-codegolf	structured-summarize	2	structured_summarize	3000	0.5	summary_failure_accounting	priority	0	CancelledError	False	2026-09-06T21:41:07.691099-05:00	ICLR_results/terminalbench/main/glm47flash/d05__b3k__ss/gpt2-codegolf/structured-summarize/run_2	logs/harbor_jobs/terminalbench/glm47flash/glm47flash-structured-summarize-r2-1788747850992/gpt2-codegolf__q4q7DZ5	glm47flash-structured-summarize-r2-1788747850992
terminalbench	main	glm47flash	d05__b3k__ss	password-recovery__structured-summarize__r2	password-recovery	structured-summarize	2	structured_summarize	3000	0.5	tb_erasure_possible	probable	0	CancelledError	False	2026-09-06T22:18:56.779461-05:00	ICLR_results/terminalbench/main/glm47flash/d05__b3k__ss/password-recovery/structured-summarize/run_2	logs/harbor_jobs/terminalbench/glm47flash/glm47flash-structured-summarize-r2-1788747850992/password-recovery__CYGAk36	glm47flash-structured-summarize-r2-1788747850992
terminalbench	main	glm47flash	d05__b3k__ss	prove-plus-comm__structured-summarize__r2	prove-plus-comm	structured-summarize	2	structured_summarize	3000	0.5	tb_erasure_possible	probable	0	CancelledError	False	2026-09-06T21:24:12.617693-05:00	ICLR_results/terminalbench/main/glm47flash/d05__b3k__ss/prove-plus-comm/structured-summarize/run_2	logs/harbor_jobs/terminalbench/glm47flash/glm47flash-structured-summarize-r2-1788747850992/prove-plus-comm__EnDN4XB	glm47flash-structured-summarize-r2-1788747850992
terminalbench	main	glm47flash	d05__b3k__ss	qemu-alpine-ssh__structured-summarize__r2	qemu-alpine-ssh	structured-summarize	2	structured_summarize	3000	0.5	tb_erasure_possible	probable	0	CancelledError	False	2026-09-06T21:41:48.453018-05:00	ICLR_results/terminalbench/main/glm47flash/d05__b3k__ss/qemu-alpine-ssh/structured-summarize/run_2	logs/harbor_jobs/terminalbench/glm47flash/glm47flash-structured-summarize-r2-1788747850992/qemu-alpine-ssh__a3sYEdT	glm47flash-structured-summarize-r2-1788747850992
terminalbench	main	glm47flash	d05__b3k__ss	raman-fitting.easy__structured-summarize__r2	raman-fitting.easy	structured-summarize	2	structured_summarize	3000	0.5	tb_erasure_possible	probable	0	Submitted	False	2026-09-06T21:24:12.609223-05:00	ICLR_results/terminalbench/main/glm47flash/d05__b3k__ss/raman-fitting.easy/structured-summarize/run_2	logs/harbor_jobs/terminalbench/glm47flash/glm47flash-structured-summarize-r2-1788747850992/raman-fitting.easy__AY9MmuY	glm47flash-structured-summarize-r2-1788747850992
terminalbench	main	glm47flash	d05__b3k__ss	sanitize-git-repo.hard__structured-summarize__r2	sanitize-git-repo.hard	structured-summarize	2	structured_summarize	3000	0.5	tb_erasure_possible	probable	0	CancelledError	False	2026-09-06T22:25:35.399398-05:00	ICLR_results/terminalbench/main/glm47flash/d05__b3k__ss/sanitize-git-repo.hard/structured-summarize/run_2	logs/harbor_jobs/terminalbench/glm47flash/glm47flash-structured-summarize-r2-1788747850992/sanitize-git-repo.hard__fWEyaav	glm47flash-structured-summarize-r2-1788747850992
terminalbench	main	glm47flash	d05__b3k__ss	sqlite-with-gcov__structured-summarize__r2	sqlite-with-gcov	structured-summarize	2	structured_summarize	3000	0.5	tb_erasure_possible	probable	0	CancelledError	False	2026-09-06T21:35:46.302922-05:00	ICLR_results/terminalbench/main/glm47flash/d05__b3k__ss/sqlite-with-gcov/structured-summarize/run_2	logs/harbor_jobs/terminalbench/glm47flash/glm47flash-structured-summarize-r2-1788747850992/sqlite-with-gcov__vTgKBDc	glm47flash-structured-summarize-r2-1788747850992
terminalbench	main	glm47flash	d05__b3k__ss	super-benchmark-upet__structured-summarize__r2	super-benchmark-upet	structured-summarize	2	structured_summarize	3000	0.5	tb_erasure_possible	probable	0	Submitted	False	2026-09-06T22:09:44.257718-05:00	ICLR_results/terminalbench/main/glm47flash/d05__b3k__ss/super-benchmark-upet/structured-summarize/run_2	logs/harbor_jobs/terminalbench/glm47flash/glm47flash-structured-summarize-r2-1788747850992/super-benchmark-upet__n2MW8Rb	glm47flash-structured-summarize-r2-1788747850992
terminalbench	main	glm47flash	d05__b3k__ss	swe-bench-astropy-2__structured-summarize__r2	swe-bench-astropy-2	structured-summarize	2	structured_summarize	3000	0.5	tb_erasure_possible	probable	0	Submitted	False	2026-09-06T22:20:11.622947-05:00	ICLR_results/terminalbench/main/glm47flash/d05__b3k__ss/swe-bench-astropy-2/structured-summarize/run_2	logs/harbor_jobs/terminalbench/glm47flash/glm47flash-structured-summarize-r2-1788747850992/swe-bench-astropy-2__ndpXSst	glm47flash-structured-summarize-r2-1788747850992
terminalbench	main	glm47flash	d05__b3k__ss	swe-bench-fsspec__structured-summarize__r2	swe-bench-fsspec	structured-summarize	2	structured_summarize	3000	0.5	summary_failure_accounting	priority	0	CancelledError	False	2026-09-06T21:52:13.394278-05:00	ICLR_results/terminalbench/main/glm47flash/d05__b3k__ss/swe-bench-fsspec/structured-summarize/run_2	logs/harbor_jobs/terminalbench/glm47flash/glm47flash-structured-summarize-r2-1788747850992/swe-bench-fsspec__TVPky7Y	glm47flash-structured-summarize-r2-1788747850992
terminalbench	main	glm47flash	d05__b3k__ss	write-compressor__structured-summarize__r2	write-compressor	structured-summarize	2	structured_summarize	3000	0.5	summary_failure_accounting	priority	0	CancelledError	False	2026-09-06T22:17:24.586899-05:00	ICLR_results/terminalbench/main/glm47flash/d05__b3k__ss/write-compressor/structured-summarize/run_2	logs/harbor_jobs/terminalbench/glm47flash/glm47flash-structured-summarize-r2-1788747850992/write-compressor__djNz4qs	glm47flash-structured-summarize-r2-1788747850992
terminalbench	main	glm47flash	d05__b3k__ss	crack-7z-hash.hard__structured-summarize__r3	crack-7z-hash.hard	structured-summarize	3	structured_summarize	3000	0.5	tb_erasure_possible	probable	0	CancelledError	False	2026-09-06T23:45:35.090581-05:00	ICLR_results/terminalbench/main/glm47flash/d05__b3k__ss/crack-7z-hash.hard/structured-summarize/run_3	logs/harbor_jobs/terminalbench/glm47flash/glm47flash-structured-summarize-r3-1788753365077/crack-7z-hash.hard__SiTV3sr	glm47flash-structured-summarize-r3-1788753365077
terminalbench	main	glm47flash	d05__b3k__ss	eval-mteb__structured-summarize__r3	eval-mteb	structured-summarize	3	structured_summarize	3000	0.5	tb_erasure_possible	probable	0	Submitted	True	2026-09-06T23:13:01.706719-05:00	ICLR_results/terminalbench/main/glm47flash/d05__b3k__ss/eval-mteb/structured-summarize/run_3	logs/harbor_jobs/terminalbench/glm47flash/glm47flash-structured-summarize-r3-1788753365077/eval-mteb__32RwunN	glm47flash-structured-summarize-r3-1788753365077
terminalbench	main	glm47flash	d05__b3k__ss	extract-moves-from-video__structured-summarize__r3	extract-moves-from-video	structured-summarize	3	structured_summarize	3000	0.5	tb_erasure_possible	probable	0	CancelledError	False	2026-09-06T23:26:46.773738-05:00	ICLR_results/terminalbench/main/glm47flash/d05__b3k__ss/extract-moves-from-video/structured-summarize/run_3	logs/harbor_jobs/terminalbench/glm47flash/glm47flash-structured-summarize-r3-1788753365077/extract-moves-from-video__ZyzH4MX	glm47flash-structured-summarize-r3-1788753365077
terminalbench	main	glm47flash	d05__b3k__ss	fix-git__structured-summarize__r3	fix-git	structured-summarize	3	structured_summarize	3000	0.5	tb_erasure_possible	probable	0	Submitted	False	2026-09-06T23:40:24.973402-05:00	ICLR_results/terminalbench/main/glm47flash/d05__b3k__ss/fix-git/structured-summarize/run_3	logs/harbor_jobs/terminalbench/glm47flash/glm47flash-structured-summarize-r3-1788753365077/fix-git__9PbnGB5	glm47flash-structured-summarize-r3-1788753365077
terminalbench	main	glm47flash	d05__b3k__ss	fix-pandas-version__structured-summarize__r3	fix-pandas-version	structured-summarize	3	structured_summarize	3000	0.5	tb_erasure_possible	probable	0	Submitted	True	2026-09-06T23:18:44.415371-05:00	ICLR_results/terminalbench/main/glm47flash/d05__b3k__ss/fix-pandas-version/structured-summarize/run_3	logs/harbor_jobs/terminalbench/glm47flash/glm47flash-structured-summarize-r3-1788753365077/fix-pandas-version__u3rRVyX	glm47flash-structured-summarize-r3-1788753365077
terminalbench	main	glm47flash	d05__b3k__ss	git-workflow-hack__structured-summarize__r3	git-workflow-hack	structured-summarize	3	structured_summarize	3000	0.5	summary_failure_accounting	priority	0	CancelledError	False	2026-09-06T23:39:10.064211-05:00	ICLR_results/terminalbench/main/glm47flash/d05__b3k__ss/git-workflow-hack/structured-summarize/run_3	logs/harbor_jobs/terminalbench/glm47flash/glm47flash-structured-summarize-r3-1788753365077/git-workflow-hack__wXRnrYj	glm47flash-structured-summarize-r3-1788753365077
terminalbench	main	glm47flash	d05__b3k__ss	heterogeneous-dates__structured-summarize__r3	heterogeneous-dates	structured-summarize	3	structured_summarize	3000	0.5	summary_failure_accounting	priority	0	CancelledError	False	2026-09-07T00:07:11.158149-05:00	ICLR_results/terminalbench/main/glm47flash/d05__b3k__ss/heterogeneous-dates/structured-summarize/run_3	logs/harbor_jobs/terminalbench/glm47flash/glm47flash-structured-summarize-r3-1788753365077/heterogeneous-dates__kavr7M8	glm47flash-structured-summarize-r3-1788753365077
terminalbench	main	glm47flash	d05__b3k__ss	hf-model-inference__structured-summarize__r3	hf-model-inference	structured-summarize	3	structured_summarize	3000	0.5	tb_erasure_possible	probable	0	Submitted	False	2026-09-06T23:16:18.064805-05:00	ICLR_results/terminalbench/main/glm47flash/d05__b3k__ss/hf-model-inference/structured-summarize/run_3	logs/harbor_jobs/terminalbench/glm47flash/glm47flash-structured-summarize-r3-1788753365077/hf-model-inference__cwEyrz5	glm47flash-structured-summarize-r3-1788753365077
terminalbench	main	glm47flash	d05__b3k__ss	processing-pipeline__structured-summarize__r3	processing-pipeline	structured-summarize	3	structured_summarize	3000	0.5	tb_erasure_possible	probable	0	Submitted	False	2026-09-06T23:23:17.491823-05:00	ICLR_results/terminalbench/main/glm47flash/d05__b3k__ss/processing-pipeline/structured-summarize/run_3	logs/harbor_jobs/terminalbench/glm47flash/glm47flash-structured-summarize-r3-1788753365077/processing-pipeline__wE9HfbE	glm47flash-structured-summarize-r3-1788753365077
terminalbench	main	glm47flash	d05__b3k__ss	pytorch-model-cli.hard__structured-summarize__r3	pytorch-model-cli.hard	structured-summarize	3	structured_summarize	3000	0.5	summary_failure_accounting	priority	0	CancelledError	False	2026-09-06T23:02:38.077640-05:00	ICLR_results/terminalbench/main/glm47flash/d05__b3k__ss/pytorch-model-cli.hard/structured-summarize/run_3	logs/harbor_jobs/terminalbench/glm47flash/glm47flash-structured-summarize-r3-1788753365077/pytorch-model-cli.hard__DPENsq8	glm47flash-structured-summarize-r3-1788753365077
terminalbench	main	glm47flash	d05__b3k__ss	raman-fitting.easy__structured-summarize__r3	raman-fitting.easy	structured-summarize	3	structured_summarize	3000	0.5	tb_erasure_possible	probable	0	Submitted	False	2026-09-06T22:56:06.623127-05:00	ICLR_results/terminalbench/main/glm47flash/d05__b3k__ss/raman-fitting.easy/structured-summarize/run_3	logs/harbor_jobs/terminalbench/glm47flash/glm47flash-structured-summarize-r3-1788753365077/raman-fitting.easy__nzPgvSX	glm47flash-structured-summarize-r3-1788753365077
terminalbench	main	glm47flash	d05__b3k__ss	sanitize-git-repo__structured-summarize__r3	sanitize-git-repo	structured-summarize	3	structured_summarize	3000	0.5	tb_erasure_possible	probable	0	CancelledError	False	2026-09-06T23:20:10.057116-05:00	ICLR_results/terminalbench/main/glm47flash/d05__b3k__ss/sanitize-git-repo/structured-summarize/run_3	logs/harbor_jobs/terminalbench/glm47flash/glm47flash-structured-summarize-r3-1788753365077/sanitize-git-repo__iPUzL2W	glm47flash-structured-summarize-r3-1788753365077
terminalbench	main	glm47flash	d05__b3k__ss	super-benchmark-upet__structured-summarize__r3	super-benchmark-upet	structured-summarize	3	structured_summarize	3000	0.5	tb_erasure_possible	probable	0	CancelledError	False	2026-09-06T23:26:47.761511-05:00	ICLR_results/terminalbench/main/glm47flash/d05__b3k__ss/super-benchmark-upet/structured-summarize/run_3	logs/harbor_jobs/terminalbench/glm47flash/glm47flash-structured-summarize-r3-1788753365077/super-benchmark-upet__GVhWGUS	glm47flash-structured-summarize-r3-1788753365077
terminalbench	main	glm47flash	d05__b3k__ss	swe-bench-astropy-2__structured-summarize__r3	swe-bench-astropy-2	structured-summarize	3	structured_summarize	3000	0.5	tb_erasure_possible	probable	0	Submitted	False	2026-09-06T23:48:29.269973-05:00	ICLR_results/terminalbench/main/glm47flash/d05__b3k__ss/swe-bench-astropy-2/structured-summarize/run_3	logs/harbor_jobs/terminalbench/glm47flash/glm47flash-structured-summarize-r3-1788753365077/swe-bench-astropy-2__AVfph38	glm47flash-structured-summarize-r3-1788753365077
terminalbench	main	glm47flash	d05__b3k__ss	write-compressor__structured-summarize__r3	write-compressor	structured-summarize	3	structured_summarize	3000	0.5	tb_erasure_possible	probable	0	CancelledError	False	2026-09-06T23:41:57.614162-05:00	ICLR_results/terminalbench/main/glm47flash/d05__b3k__ss/write-compressor/structured-summarize/run_3	logs/harbor_jobs/terminalbench/glm47flash/glm47flash-structured-summarize-r3-1788753365077/write-compressor__mbLaegb	glm47flash-structured-summarize-r3-1788753365077
terminalbench	main	glm47flash	d05__b3k__ss-partial	gpt2-codegolf__structured-summarize-partial__r1	gpt2-codegolf	structured-summarize-partial	1	structured_summarize_partial	3000	0.5	summary_failure_accounting	priority	0	CancelledError	False	2026-09-07T00:46:40.102009-05:00	ICLR_results/terminalbench/main/glm47flash/d05__b3k__ss-partial/gpt2-codegolf/structured-summarize-partial/run_1	logs/harbor_jobs/terminalbench/glm47flash/glm47flash-structured-summarize-partial-r1-1788758986328/gpt2-codegolf__fNWEHRR	glm47flash-structured-summarize-partial-r1-1788758986328
terminalbench	main	glm47flash	d05__b3k__ss-partial	intrusion-detection__structured-summarize-partial__r1	intrusion-detection	structured-summarize-partial	1	structured_summarize_partial	3000	0.5	summary_failure_accounting	priority	0	CancelledError	False	2026-09-07T01:16:11.848953-05:00	ICLR_results/terminalbench/main/glm47flash/d05__b3k__ss-partial/intrusion-detection/structured-summarize-partial/run_1	logs/harbor_jobs/terminalbench/glm47flash/glm47flash-structured-summarize-partial-r1-1788758986328/intrusion-detection__st2k8pa	glm47flash-structured-summarize-partial-r1-1788758986328
terminalbench	main	glm47flash	d05__b3k__ss-partial	path-tracing-reverse__structured-summarize-partial__r1	path-tracing-reverse	structured-summarize-partial	1	structured_summarize_partial	3000	0.5	summary_failure_accounting	priority	0	CancelledError	False	2026-09-07T00:36:13.758541-05:00	ICLR_results/terminalbench/main/glm47flash/d05__b3k__ss-partial/path-tracing-reverse/structured-summarize-partial/run_1	logs/harbor_jobs/terminalbench/glm47flash/glm47flash-structured-summarize-partial-r1-1788758986328/path-tracing-reverse__4r47xKK	glm47flash-structured-summarize-partial-r1-1788758986328
terminalbench	main	glm47flash	d05__b3k__ss-partial	raman-fitting.easy__structured-summarize-partial__r1	raman-fitting.easy	structured-summarize-partial	1	structured_summarize_partial	3000	0.5	tb_erasure_possible	probable	0	CancelledError	False	2026-09-07T00:29:47.909250-05:00	ICLR_results/terminalbench/main/glm47flash/d05__b3k__ss-partial/raman-fitting.easy/structured-summarize-partial/run_1	logs/harbor_jobs/terminalbench/glm47flash/glm47flash-structured-summarize-partial-r1-1788758986328/raman-fitting.easy__EeVLaj9	glm47flash-structured-summarize-partial-r1-1788758986328
terminalbench	main	glm47flash	d05__b3k__ss-partial	sanitize-git-repo.hard__structured-summarize-partial__r1	sanitize-git-repo.hard	structured-summarize-partial	1	structured_summarize_partial	3000	0.5	summary_failure_accounting	priority	0	CancelledError	False	2026-09-07T01:38:39.941274-05:00	ICLR_results/terminalbench/main/glm47flash/d05__b3k__ss-partial/sanitize-git-repo.hard/structured-summarize-partial/run_1	logs/harbor_jobs/terminalbench/glm47flash/glm47flash-structured-summarize-partial-r1-1788758986328/sanitize-git-repo.hard__CsdKPvY	glm47flash-structured-summarize-partial-r1-1788758986328
terminalbench	main	glm47flash	d05__b3k__ss-partial	super-benchmark-upet__structured-summarize-partial__r1	super-benchmark-upet	structured-summarize-partial	1	structured_summarize_partial	3000	0.5	summary_failure_accounting	priority	0	CancelledError	False	2026-09-07T01:12:59.956011-05:00	ICLR_results/terminalbench/main/glm47flash/d05__b3k__ss-partial/super-benchmark-upet/structured-summarize-partial/run_1	logs/harbor_jobs/terminalbench/glm47flash/glm47flash-structured-summarize-partial-r1-1788758986328/super-benchmark-upet__dK9Rc3c	glm47flash-structured-summarize-partial-r1-1788758986328
terminalbench	main	glm47flash	d05__b3k__ss-partial	swe-bench-astropy-2__structured-summarize-partial__r1	swe-bench-astropy-2	structured-summarize-partial	1	structured_summarize_partial	3000	0.5	summary_failure_accounting	priority	0	CancelledError	False	2026-09-07T01:29:06.820818-05:00	ICLR_results/terminalbench/main/glm47flash/d05__b3k__ss-partial/swe-bench-astropy-2/structured-summarize-partial/run_1	logs/harbor_jobs/terminalbench/glm47flash/glm47flash-structured-summarize-partial-r1-1788758986328/swe-bench-astropy-2__LcRxreu	glm47flash-structured-summarize-partial-r1-1788758986328
terminalbench	main	glm47flash	d05__b3k__ss-partial	write-compressor__structured-summarize-partial__r1	write-compressor	structured-summarize-partial	1	structured_summarize_partial	3000	0.5	summary_failure_accounting	priority	0	CancelledError	False	2026-09-07T01:22:40.669996-05:00	ICLR_results/terminalbench/main/glm47flash/d05__b3k__ss-partial/write-compressor/structured-summarize-partial/run_1	logs/harbor_jobs/terminalbench/glm47flash/glm47flash-structured-summarize-partial-r1-1788758986328/write-compressor__SsWE2M3	glm47flash-structured-summarize-partial-r1-1788758986328
terminalbench	main	glm47flash	d05__b3k__ss-partial	count-dataset-tokens__structured-summarize-partial__r2	count-dataset-tokens	structured-summarize-partial	2	structured_summarize_partial	3000	0.5	summary_failure_accounting	priority	0	CancelledError	False	2026-09-07T02:18:19.104721-05:00	ICLR_results/terminalbench/main/glm47flash/d05__b3k__ss-partial/count-dataset-tokens/structured-summarize-partial/run_2	logs/harbor_jobs/terminalbench/glm47flash/glm47flash-structured-summarize-partial-r2-1788765223589/count-dataset-tokens__7gnNASm	glm47flash-structured-summarize-partial-r2-1788765223589
terminalbench	main	glm47flash	d05__b3k__ss-partial	eval-mteb.hard__structured-summarize-partial__r2	eval-mteb.hard	structured-summarize-partial	2	structured_summarize_partial	3000	0.5	summary_failure_accounting	priority	0	CancelledError	False	2026-09-07T03:19:31.146380-05:00	ICLR_results/terminalbench/main/glm47flash/d05__b3k__ss-partial/eval-mteb.hard/structured-summarize-partial/run_2	logs/harbor_jobs/terminalbench/glm47flash/glm47flash-structured-summarize-partial-r2-1788765223589/eval-mteb.hard__w8ZNhir	glm47flash-structured-summarize-partial-r2-1788765223589
terminalbench	main	glm47flash	d05__b3k__ss-partial	password-recovery__structured-summarize-partial__r2	password-recovery	structured-summarize-partial	2	structured_summarize_partial	3000	0.5	summary_failure_accounting	priority	0	CancelledError	False	2026-09-07T03:05:32.436540-05:00	ICLR_results/terminalbench/main/glm47flash/d05__b3k__ss-partial/password-recovery/structured-summarize-partial/run_2	logs/harbor_jobs/terminalbench/glm47flash/glm47flash-structured-summarize-partial-r2-1788765223589/password-recovery__CW94XzS	glm47flash-structured-summarize-partial-r2-1788765223589
terminalbench	main	glm47flash	d05__b3k__ss-partial	raman-fitting.easy__structured-summarize-partial__r2	raman-fitting.easy	structured-summarize-partial	2	structured_summarize_partial	3000	0.5	summary_failure_accounting	priority	0	CancelledError	False	2026-09-07T02:13:45.129944-05:00	ICLR_results/terminalbench/main/glm47flash/d05__b3k__ss-partial/raman-fitting.easy/structured-summarize-partial/run_2	logs/harbor_jobs/terminalbench/glm47flash/glm47flash-structured-summarize-partial-r2-1788765223589/raman-fitting.easy__yijaqzF	glm47flash-structured-summarize-partial-r2-1788765223589
terminalbench	main	glm47flash	d05__b3k__ss-partial	sanitize-git-repo__structured-summarize-partial__r2	sanitize-git-repo	structured-summarize-partial	2	structured_summarize_partial	3000	0.5	summary_failure_accounting	priority	0	CancelledError	False	2026-09-07T02:37:39.492206-05:00	ICLR_results/terminalbench/main/glm47flash/d05__b3k__ss-partial/sanitize-git-repo/structured-summarize-partial/run_2	logs/harbor_jobs/terminalbench/glm47flash/glm47flash-structured-summarize-partial-r2-1788765223589/sanitize-git-repo__cPhq8fp	glm47flash-structured-summarize-partial-r2-1788765223589
terminalbench	main	glm47flash	d05__b3k__ss-partial	sanitize-git-repo.hard__structured-summarize-partial__r2	sanitize-git-repo.hard	structured-summarize-partial	2	structured_summarize_partial	3000	0.5	summary_failure_accounting	priority	0	CancelledError	False	2026-09-07T03:13:49.608796-05:00	ICLR_results/terminalbench/main/glm47flash/d05__b3k__ss-partial/sanitize-git-repo.hard/structured-summarize-partial/run_2	logs/harbor_jobs/terminalbench/glm47flash/glm47flash-structured-summarize-partial-r2-1788765223589/sanitize-git-repo.hard__BoZsNxG	glm47flash-structured-summarize-partial-r2-1788765223589
terminalbench	main	glm47flash	d05__b3k__ss-partial	cartpole-rl-training__structured-summarize-partial__r3	cartpole-rl-training	structured-summarize-partial	3	structured_summarize_partial	3000	0.5	summary_failure_accounting	priority	0	CancelledError	False	2026-09-07T05:03:39.945019-05:00	ICLR_results/terminalbench/main/glm47flash/d05__b3k__ss-partial/cartpole-rl-training/structured-summarize-partial/run_3	logs/harbor_jobs/terminalbench/glm47flash/glm47flash-structured-summarize-partial-r3-1788770996465/cartpole-rl-training__N8uA6Hs	glm47flash-structured-summarize-partial-r3-1788770996465
terminalbench	main	glm47flash	d05__b3k__ss-partial	extract-moves-from-video__structured-summarize-partial__r3	extract-moves-from-video	structured-summarize-partial	3	structured_summarize_partial	3000	0.5	tb_erasure_possible	probable	0	CancelledError	False	2026-09-07T04:26:02.236111-05:00	ICLR_results/terminalbench/main/glm47flash/d05__b3k__ss-partial/extract-moves-from-video/structured-summarize-partial/run_3	logs/harbor_jobs/terminalbench/glm47flash/glm47flash-structured-summarize-partial-r3-1788770996465/extract-moves-from-video__smWUvLH	glm47flash-structured-summarize-partial-r3-1788770996465
terminalbench	main	glm47flash	d05__b3k__ss-partial	gpt2-codegolf__structured-summarize-partial__r3	gpt2-codegolf	structured-summarize-partial	3	structured_summarize_partial	3000	0.5	summary_failure_accounting	priority	0	CancelledError	False	2026-09-07T04:03:42.685349-05:00	ICLR_results/terminalbench/main/glm47flash/d05__b3k__ss-partial/gpt2-codegolf/structured-summarize-partial/run_3	logs/harbor_jobs/terminalbench/glm47flash/glm47flash-structured-summarize-partial-r3-1788770996465/gpt2-codegolf__2a3cB4S	glm47flash-structured-summarize-partial-r3-1788770996465
terminalbench	main	glm47flash	d05__b3k__ss-partial	password-recovery__structured-summarize-partial__r3	password-recovery	structured-summarize-partial	3	structured_summarize_partial	3000	0.5	tb_erasure_possible	probable	0	Submitted	False	2026-09-07T04:41:34.967379-05:00	ICLR_results/terminalbench/main/glm47flash/d05__b3k__ss-partial/password-recovery/structured-summarize-partial/run_3	logs/harbor_jobs/terminalbench/glm47flash/glm47flash-structured-summarize-partial-r3-1788770996465/password-recovery__fWLETbk	glm47flash-structured-summarize-partial-r3-1788770996465
terminalbench	main	glm47flash	d05__b3k__ss-partial	sanitize-git-repo.hard__structured-summarize-partial__r3	sanitize-git-repo.hard	structured-summarize-partial	3	structured_summarize_partial	3000	0.5	summary_failure_accounting	priority	0	CancelledError	False	2026-09-07T04:56:14.571143-05:00	ICLR_results/terminalbench/main/glm47flash/d05__b3k__ss-partial/sanitize-git-repo.hard/structured-summarize-partial/run_3	logs/harbor_jobs/terminalbench/glm47flash/glm47flash-structured-summarize-partial-r3-1788770996465/sanitize-git-repo.hard__aBaoACk	glm47flash-structured-summarize-partial-r3-1788770996465
terminalbench	main	glm47flash	d05__b3k__ss-partial	write-compressor__structured-summarize-partial__r3	write-compressor	structured-summarize-partial	3	structured_summarize_partial	3000	0.5	summary_failure_accounting	priority	0	CancelledError	False	2026-09-07T04:39:52.131523-05:00	ICLR_results/terminalbench/main/glm47flash/d05__b3k__ss-partial/write-compressor/structured-summarize-partial/run_3	logs/harbor_jobs/terminalbench/glm47flash/glm47flash-structured-summarize-partial-r3-1788770996465/write-compressor__U6XjKaZ	glm47flash-structured-summarize-partial-r3-1788770996465
terminalbench	main	glm47flash	d05__b3k__su-full	blind-maze-explorer-5x5__summarization__r1	blind-maze-explorer-5x5	summarization	1	summarization	3000	0.5	tb_erasure_possible	probable	0		False	2026-09-05T00:17:13.519256-05:00	ICLR_results/terminalbench/main/glm47flash/d05__b3k__su-full/blind-maze-explorer-5x5/summarization/run_1	logs/harbor_jobs/terminalbench/glm47flash/glm47flash-summarization-r1-1788580916009/blind-maze-explorer-5x5__9qQ4uKM	glm47flash-summarization-r1-1788580916009
terminalbench	main	glm47flash	d05__b3k__su-full	blind-maze-explorer-algorithm__summarization__r1	blind-maze-explorer-algorithm	summarization	1	summarization	3000	0.5	summary_failure_accounting	priority	0		False	2026-09-04T23:38:51.326198-05:00	ICLR_results/terminalbench/main/glm47flash/d05__b3k__su-full/blind-maze-explorer-algorithm/summarization/run_1	logs/harbor_jobs/terminalbench/glm47flash/glm47flash-summarization-r1-1788580916009/blind-maze-explorer-algorithm__QcTK2pG	glm47flash-summarization-r1-1788580916009
terminalbench	main	glm47flash	d05__b3k__su-full	cartpole-rl-training__summarization__r1	cartpole-rl-training	summarization	1	summarization	3000	0.5	summary_failure_accounting	priority	0		False	2026-09-05T00:18:01.181419-05:00	ICLR_results/terminalbench/main/glm47flash/d05__b3k__su-full/cartpole-rl-training/summarization/run_1	logs/harbor_jobs/terminalbench/glm47flash/glm47flash-summarization-r1-1788580916009/cartpole-rl-training__mXdMouf	glm47flash-summarization-r1-1788580916009
terminalbench	main	glm47flash	d05__b3k__su-full	count-dataset-tokens__summarization__r1	count-dataset-tokens	summarization	1	summarization	3000	0.5	tb_erasure_possible	probable	0		False	2026-09-04T23:02:58.193611-05:00	ICLR_results/terminalbench/main/glm47flash/d05__b3k__su-full/count-dataset-tokens/summarization/run_1	logs/harbor_jobs/terminalbench/glm47flash/glm47flash-summarization-r1-1788580916009/count-dataset-tokens__PeSB9Ad	glm47flash-summarization-r1-1788580916009
terminalbench	main	glm47flash	d05__b3k__su-full	crack-7z-hash.hard__summarization__r1	crack-7z-hash.hard	summarization	1	summarization	3000	0.5	summary_failure_accounting	priority	0		False	2026-09-04T23:58:47.796454-05:00	ICLR_results/terminalbench/main/glm47flash/d05__b3k__su-full/crack-7z-hash.hard/summarization/run_1	logs/harbor_jobs/terminalbench/glm47flash/glm47flash-summarization-r1-1788580916009/crack-7z-hash.hard__iLMLg5y	glm47flash-summarization-r1-1788580916009
terminalbench	main	glm47flash	d05__b3k__su-full	csv-to-parquet__summarization__r1	csv-to-parquet	summarization	1	summarization	3000	0.5	tb_unverifiable	probable	0		False	2026-09-04T23:26:12.455583-05:00	ICLR_results/terminalbench/main/glm47flash/d05__b3k__su-full/csv-to-parquet/summarization/run_1	logs/harbor_jobs/terminalbench/glm47flash/glm47flash-summarization-r1-1788580916009/csv-to-parquet__28yqicd	glm47flash-summarization-r1-1788580916009
terminalbench	main	glm47flash	d05__b3k__su-full	decommissioning-service-with-sensitive-data__summarization__r1	decommissioning-service-with-sensitive-data	summarization	1	summarization	3000	0.5	tb_erasure_possible	probable	0	Submitted	False	2026-09-05T00:11:31.557374-05:00	ICLR_results/terminalbench/main/glm47flash/d05__b3k__su-full/decommissioning-service-with-sensitive-data/summarization/run_1	logs/harbor_jobs/terminalbench/glm47flash/glm47flash-summarization-r1-1788580916009/decommissioning-service-with-sen__ayxzUzQ	glm47flash-summarization-r1-1788580916009
terminalbench	main	glm47flash	d05__b3k__su-full	download-youtube__summarization__r1	download-youtube	summarization	1	summarization	3000	0.5	summary_failure_accounting	priority	0		False	2026-09-05T00:02:51.401287-05:00	ICLR_results/terminalbench/main/glm47flash/d05__b3k__su-full/download-youtube/summarization/run_1	logs/harbor_jobs/terminalbench/glm47flash/glm47flash-summarization-r1-1788580916009/download-youtube__z29W3zB	glm47flash-summarization-r1-1788580916009
terminalbench	main	glm47flash	d05__b3k__su-full	eval-mteb__summarization__r1	eval-mteb	summarization	1	summarization	3000	0.5	summary_related_response	probable	0		False	2026-09-04T23:15:35.945633-05:00	ICLR_results/terminalbench/main/glm47flash/d05__b3k__su-full/eval-mteb/summarization/run_1	logs/harbor_jobs/terminalbench/glm47flash/glm47flash-summarization-r1-1788580916009/eval-mteb__MK6itjY	glm47flash-summarization-r1-1788580916009
terminalbench	main	glm47flash	d05__b3k__su-full	eval-mteb.hard__summarization__r1	eval-mteb.hard	summarization	1	summarization	3000	0.5	tb_erasure_possible	probable	0	Submitted	False	2026-09-05T00:09:14.611555-05:00	ICLR_results/terminalbench/main/glm47flash/d05__b3k__su-full/eval-mteb.hard/summarization/run_1	logs/harbor_jobs/terminalbench/glm47flash/glm47flash-summarization-r1-1788580916009/eval-mteb.hard__3VHdiYQ	glm47flash-summarization-r1-1788580916009
terminalbench	main	glm47flash	d05__b3k__su-full	extract-moves-from-video__summarization__r1	extract-moves-from-video	summarization	1	summarization	3000	0.5	tb_unverifiable	probable	0		False	2026-09-04T23:39:10.285941-05:00	ICLR_results/terminalbench/main/glm47flash/d05__b3k__su-full/extract-moves-from-video/summarization/run_1	logs/harbor_jobs/terminalbench/glm47flash/glm47flash-summarization-r1-1788580916009/extract-moves-from-video__3xk2Cq7	glm47flash-summarization-r1-1788580916009
terminalbench	main	glm47flash	d05__b3k__su-full	fibonacci-server__summarization__r1	fibonacci-server	summarization	1	summarization	3000	0.5	summary_related_response	probable	0		False	2026-09-04T23:13:23.028732-05:00	ICLR_results/terminalbench/main/glm47flash/d05__b3k__su-full/fibonacci-server/summarization/run_1	logs/harbor_jobs/terminalbench/glm47flash/glm47flash-summarization-r1-1788580916009/fibonacci-server__cTqFfjV	glm47flash-summarization-r1-1788580916009
terminalbench	main	glm47flash	d05__b3k__su-full	fix-git__summarization__r1	fix-git	summarization	1	summarization	3000	0.5	summary_failure_accounting	priority	0		False	2026-09-04T23:52:24.168285-05:00	ICLR_results/terminalbench/main/glm47flash/d05__b3k__su-full/fix-git/summarization/run_1	logs/harbor_jobs/terminalbench/glm47flash/glm47flash-summarization-r1-1788580916009/fix-git__2gs9Nkh	glm47flash-summarization-r1-1788580916009
terminalbench	main	glm47flash	d05__b3k__su-full	fix-pandas-version__summarization__r1	fix-pandas-version	summarization	1	summarization	3000	0.5	tb_erasure_possible	probable	0		False	2026-09-04T23:19:51.495749-05:00	ICLR_results/terminalbench/main/glm47flash/d05__b3k__su-full/fix-pandas-version/summarization/run_1	logs/harbor_jobs/terminalbench/glm47flash/glm47flash-summarization-r1-1788580916009/fix-pandas-version__JBs9rUc	glm47flash-summarization-r1-1788580916009
terminalbench	main	glm47flash	d05__b3k__su-full	git-workflow-hack__summarization__r1	git-workflow-hack	summarization	1	summarization	3000	0.5	tb_erasure_possible	probable	0		False	2026-09-04T23:46:51.857711-05:00	ICLR_results/terminalbench/main/glm47flash/d05__b3k__su-full/git-workflow-hack/summarization/run_1	logs/harbor_jobs/terminalbench/glm47flash/glm47flash-summarization-r1-1788580916009/git-workflow-hack__c4GAXzq	glm47flash-summarization-r1-1788580916009
terminalbench	main	glm47flash	d05__b3k__su-full	gpt2-codegolf__summarization__r1	gpt2-codegolf	summarization	1	summarization	3000	0.5	tb_erasure_possible	probable	0	Submitted	False	2026-09-04T23:14:11.768635-05:00	ICLR_results/terminalbench/main/glm47flash/d05__b3k__su-full/gpt2-codegolf/summarization/run_1	logs/harbor_jobs/terminalbench/glm47flash/glm47flash-summarization-r1-1788580916009/gpt2-codegolf__dST8Dqw	glm47flash-summarization-r1-1788580916009
terminalbench	main	glm47flash	d05__b3k__su-full	heterogeneous-dates__summarization__r1	heterogeneous-dates	summarization	1	summarization	3000	0.5	tb_erasure_possible	probable	0	Submitted	False	2026-09-05T00:18:15.848705-05:00	ICLR_results/terminalbench/main/glm47flash/d05__b3k__su-full/heterogeneous-dates/summarization/run_1	logs/harbor_jobs/terminalbench/glm47flash/glm47flash-summarization-r1-1788580916009/heterogeneous-dates__D7TkoT5	glm47flash-summarization-r1-1788580916009
terminalbench	main	glm47flash	d05__b3k__su-full	hf-model-inference__summarization__r1	hf-model-inference	summarization	1	summarization	3000	0.5	tb_unverifiable	probable	0		False	2026-09-04T23:19:47.458245-05:00	ICLR_results/terminalbench/main/glm47flash/d05__b3k__su-full/hf-model-inference/summarization/run_1	logs/harbor_jobs/terminalbench/glm47flash/glm47flash-summarization-r1-1788580916009/hf-model-inference__CFkiRpJ	glm47flash-summarization-r1-1788580916009
terminalbench	main	glm47flash	d05__b3k__su-full	intrusion-detection__summarization__r1	intrusion-detection	summarization	1	summarization	3000	0.5	summary_failure_accounting	priority	0		False	2026-09-04T23:45:58.282741-05:00	ICLR_results/terminalbench/main/glm47flash/d05__b3k__su-full/intrusion-detection/summarization/run_1	logs/harbor_jobs/terminalbench/glm47flash/glm47flash-summarization-r1-1788580916009/intrusion-detection__kFyCcs7	glm47flash-summarization-r1-1788580916009
terminalbench	main	glm47flash	d05__b3k__su-full	modernize-fortran-build__summarization__r1	modernize-fortran-build	summarization	1	summarization	3000	0.5	tb_unverifiable	probable	0		False	2026-09-04T23:32:39.331230-05:00	ICLR_results/terminalbench/main/glm47flash/d05__b3k__su-full/modernize-fortran-build/summarization/run_1	logs/harbor_jobs/terminalbench/glm47flash/glm47flash-summarization-r1-1788580916009/modernize-fortran-build__tVTSUKt	glm47flash-summarization-r1-1788580916009
terminalbench	main	glm47flash	d05__b3k__su-full	password-recovery__summarization__r1	password-recovery	summarization	1	summarization	3000	0.5	tb_erasure_possible	probable	0		False	2026-09-04T23:54:16.858092-05:00	ICLR_results/terminalbench/main/glm47flash/d05__b3k__su-full/password-recovery/summarization/run_1	logs/harbor_jobs/terminalbench/glm47flash/glm47flash-summarization-r1-1788580916009/password-recovery__jHfrf3E	glm47flash-summarization-r1-1788580916009
terminalbench	main	glm47flash	d05__b3k__su-full	path-tracing-reverse__summarization__r1	path-tracing-reverse	summarization	1	summarization	3000	0.5	summary_related_response	probable	0		False	2026-09-04T23:02:45.955756-05:00	ICLR_results/terminalbench/main/glm47flash/d05__b3k__su-full/path-tracing-reverse/summarization/run_1	logs/harbor_jobs/terminalbench/glm47flash/glm47flash-summarization-r1-1788580916009/path-tracing-reverse__sXweqsa	glm47flash-summarization-r1-1788580916009
terminalbench	main	glm47flash	d05__b3k__su-full	processing-pipeline__summarization__r1	processing-pipeline	summarization	1	summarization	3000	0.5	summary_failure_accounting	priority	0		False	2026-09-04T23:32:19.210400-05:00	ICLR_results/terminalbench/main/glm47flash/d05__b3k__su-full/processing-pipeline/summarization/run_1	logs/harbor_jobs/terminalbench/glm47flash/glm47flash-summarization-r1-1788580916009/processing-pipeline__4uHaF52	glm47flash-summarization-r1-1788580916009
terminalbench	main	glm47flash	d05__b3k__su-full	prove-plus-comm__summarization__r1	prove-plus-comm	summarization	1	summarization	3000	0.5	tb_erasure_possible	probable	0	Submitted	True	2026-09-04T23:01:57.743035-05:00	ICLR_results/terminalbench/main/glm47flash/d05__b3k__su-full/prove-plus-comm/summarization/run_1	logs/harbor_jobs/terminalbench/glm47flash/glm47flash-summarization-r1-1788580916009/prove-plus-comm__8TjwqEF	glm47flash-summarization-r1-1788580916009
terminalbench	main	glm47flash	d05__b3k__su-full	pytorch-model-cli.hard__summarization__r1	pytorch-model-cli.hard	summarization	1	summarization	3000	0.5	summary_related_response	probable	0		False	2026-09-04T23:06:56.726440-05:00	ICLR_results/terminalbench/main/glm47flash/d05__b3k__su-full/pytorch-model-cli.hard/summarization/run_1	logs/harbor_jobs/terminalbench/glm47flash/glm47flash-summarization-r1-1788580916009/pytorch-model-cli.hard__8kT4P8o	glm47flash-summarization-r1-1788580916009
terminalbench	main	glm47flash	d05__b3k__su-full	qemu-alpine-ssh__summarization__r1	qemu-alpine-ssh	summarization	1	summarization	3000	0.5	tb_erasure_possible	probable	0		False	2026-09-04T23:15:31.356847-05:00	ICLR_results/terminalbench/main/glm47flash/d05__b3k__su-full/qemu-alpine-ssh/summarization/run_1	logs/harbor_jobs/terminalbench/glm47flash/glm47flash-summarization-r1-1788580916009/qemu-alpine-ssh__Qg6PVf3	glm47flash-summarization-r1-1788580916009
terminalbench	main	glm47flash	d05__b3k__su-full	sanitize-git-repo__summarization__r1	sanitize-git-repo	summarization	1	summarization	3000	0.5	summary_related_response	probable	0		False	2026-09-04T23:25:56.761383-05:00	ICLR_results/terminalbench/main/glm47flash/d05__b3k__su-full/sanitize-git-repo/summarization/run_1	logs/harbor_jobs/terminalbench/glm47flash/glm47flash-summarization-r1-1788580916009/sanitize-git-repo__fqSMN9S	glm47flash-summarization-r1-1788580916009
terminalbench	main	glm47flash	d05__b3k__su-full	sanitize-git-repo.hard__summarization__r1	sanitize-git-repo.hard	summarization	1	summarization	3000	0.5	summary_related_response	probable	0		False	2026-09-05T00:05:09.334643-05:00	ICLR_results/terminalbench/main/glm47flash/d05__b3k__su-full/sanitize-git-repo.hard/summarization/run_1	logs/harbor_jobs/terminalbench/glm47flash/glm47flash-summarization-r1-1788580916009/sanitize-git-repo.hard__KfTuQzQ	glm47flash-summarization-r1-1788580916009
terminalbench	main	glm47flash	d05__b3k__su-full	solana-data__summarization__r1	solana-data	summarization	1	summarization	3000	0.5	summary_related_response	probable	0		False	2026-09-04T23:09:04.617139-05:00	ICLR_results/terminalbench/main/glm47flash/d05__b3k__su-full/solana-data/summarization/run_1	logs/harbor_jobs/terminalbench/glm47flash/glm47flash-summarization-r1-1788580916009/solana-data__Qe99pAo	glm47flash-summarization-r1-1788580916009
terminalbench	main	glm47flash	d05__b3k__su-full	sqlite-with-gcov__summarization__r1	sqlite-with-gcov	summarization	1	summarization	3000	0.5	summary_failure_accounting	priority	0		False	2026-09-04T23:09:08.669571-05:00	ICLR_results/terminalbench/main/glm47flash/d05__b3k__su-full/sqlite-with-gcov/summarization/run_1	logs/harbor_jobs/terminalbench/glm47flash/glm47flash-summarization-r1-1788580916009/sqlite-with-gcov__94PkojW	glm47flash-summarization-r1-1788580916009
terminalbench	main	glm47flash	d05__b3k__su-full	super-benchmark-upet__summarization__r1	super-benchmark-upet	summarization	1	summarization	3000	0.5	tb_erasure_possible	probable	0		False	2026-09-04T23:40:25.523075-05:00	ICLR_results/terminalbench/main/glm47flash/d05__b3k__su-full/super-benchmark-upet/summarization/run_1	logs/harbor_jobs/terminalbench/glm47flash/glm47flash-summarization-r1-1788580916009/super-benchmark-upet__fiEF8xr	glm47flash-summarization-r1-1788580916009
terminalbench	main	glm47flash	d05__b3k__su-full	swe-bench-astropy-2__summarization__r1	swe-bench-astropy-2	summarization	1	summarization	3000	0.5	summary_related_response	probable	0		False	2026-09-04T23:59:37.946989-05:00	ICLR_results/terminalbench/main/glm47flash/d05__b3k__su-full/swe-bench-astropy-2/summarization/run_1	logs/harbor_jobs/terminalbench/glm47flash/glm47flash-summarization-r1-1788580916009/swe-bench-astropy-2__Famtbwj	glm47flash-summarization-r1-1788580916009
terminalbench	main	glm47flash	d05__b3k__su-full	swe-bench-fsspec__summarization__r1	swe-bench-fsspec	summarization	1	summarization	3000	0.5	tb_erasure_possible	probable	0	Submitted	False	2026-09-04T23:26:13.164642-05:00	ICLR_results/terminalbench/main/glm47flash/d05__b3k__su-full/swe-bench-fsspec/summarization/run_1	logs/harbor_jobs/terminalbench/glm47flash/glm47flash-summarization-r1-1788580916009/swe-bench-fsspec__8RjSmsv	glm47flash-summarization-r1-1788580916009
terminalbench	main	glm47flash	d05__b3k__su-full	write-compressor__summarization__r1	write-compressor	summarization	1	summarization	3000	0.5	summary_related_response	probable	0		False	2026-09-04T23:53:14.825716-05:00	ICLR_results/terminalbench/main/glm47flash/d05__b3k__su-full/write-compressor/summarization/run_1	logs/harbor_jobs/terminalbench/glm47flash/glm47flash-summarization-r1-1788580916009/write-compressor__QqkddDZ	glm47flash-summarization-r1-1788580916009
terminalbench	main	glm47flash	d05__b3k__su-full	blind-maze-explorer-5x5__summarization__r2	blind-maze-explorer-5x5	summarization	2	summarization	3000	0.5	summary_failure_accounting	priority	0		False	2026-09-05T02:17:07.495814-05:00	ICLR_results/terminalbench/main/glm47flash/d05__b3k__su-full/blind-maze-explorer-5x5/summarization/run_2	logs/harbor_jobs/terminalbench/glm47flash/glm47flash-summarization-r2-1788588172199/blind-maze-explorer-5x5__WVR8FL5	glm47flash-summarization-r2-1788588172199
terminalbench	main	glm47flash	d05__b3k__su-full	blind-maze-explorer-algorithm__summarization__r2	blind-maze-explorer-algorithm	summarization	2	summarization	3000	0.5	summary_related_response	probable	0		False	2026-09-05T01:33:57.757475-05:00	ICLR_results/terminalbench/main/glm47flash/d05__b3k__su-full/blind-maze-explorer-algorithm/summarization/run_2	logs/harbor_jobs/terminalbench/glm47flash/glm47flash-summarization-r2-1788588172199/blind-maze-explorer-algorithm__SYLtj4P	glm47flash-summarization-r2-1788588172199
terminalbench	main	glm47flash	d05__b3k__su-full	cartpole-rl-training__summarization__r2	cartpole-rl-training	summarization	2	summarization	3000	0.5	tb_erasure_possible	probable	0		False	2026-09-05T02:20:17.701710-05:00	ICLR_results/terminalbench/main/glm47flash/d05__b3k__su-full/cartpole-rl-training/summarization/run_2	logs/harbor_jobs/terminalbench/glm47flash/glm47flash-summarization-r2-1788588172199/cartpole-rl-training__uCkMUyF	glm47flash-summarization-r2-1788588172199
terminalbench	main	glm47flash	d05__b3k__su-full	crack-7z-hash.hard__summarization__r2	crack-7z-hash.hard	summarization	2	summarization	3000	0.5	tb_unverifiable	probable	0		False	2026-09-05T01:55:46.613098-05:00	ICLR_results/terminalbench/main/glm47flash/d05__b3k__su-full/crack-7z-hash.hard/summarization/run_2	logs/harbor_jobs/terminalbench/glm47flash/glm47flash-summarization-r2-1788588172199/crack-7z-hash.hard__BWZiYfF	glm47flash-summarization-r2-1788588172199
terminalbench	main	glm47flash	d05__b3k__su-full	csv-to-parquet__summarization__r2	csv-to-parquet	summarization	2	summarization	3000	0.5	tb_erasure_possible	probable	0		False	2026-09-05T01:26:24.929186-05:00	ICLR_results/terminalbench/main/glm47flash/d05__b3k__su-full/csv-to-parquet/summarization/run_2	logs/harbor_jobs/terminalbench/glm47flash/glm47flash-summarization-r2-1788588172199/csv-to-parquet__qGgskHh	glm47flash-summarization-r2-1788588172199
terminalbench	main	glm47flash	d05__b3k__su-full	download-youtube__summarization__r2	download-youtube	summarization	2	summarization	3000	0.5	tb_unverifiable	probable	0		False	2026-09-05T02:02:09.742645-05:00	ICLR_results/terminalbench/main/glm47flash/d05__b3k__su-full/download-youtube/summarization/run_2	logs/harbor_jobs/terminalbench/glm47flash/glm47flash-summarization-r2-1788588172199/download-youtube__HycPRYG	glm47flash-summarization-r2-1788588172199
terminalbench	main	glm47flash	d05__b3k__su-full	eval-mteb__summarization__r2	eval-mteb	summarization	2	summarization	3000	0.5	summary_failure_accounting	priority	0		False	2026-09-05T01:16:41.924682-05:00	ICLR_results/terminalbench/main/glm47flash/d05__b3k__su-full/eval-mteb/summarization/run_2	logs/harbor_jobs/terminalbench/glm47flash/glm47flash-summarization-r2-1788588172199/eval-mteb__x9PbZYy	glm47flash-summarization-r2-1788588172199
terminalbench	main	glm47flash	d05__b3k__su-full	eval-mteb.hard__summarization__r2	eval-mteb.hard	summarization	2	summarization	3000	0.5	tb_erasure_possible	probable	0		False	2026-09-05T02:10:31.879224-05:00	ICLR_results/terminalbench/main/glm47flash/d05__b3k__su-full/eval-mteb.hard/summarization/run_2	logs/harbor_jobs/terminalbench/glm47flash/glm47flash-summarization-r2-1788588172199/eval-mteb.hard__RVmw4jm	glm47flash-summarization-r2-1788588172199
terminalbench	main	glm47flash	d05__b3k__su-full	extract-moves-from-video__summarization__r2	extract-moves-from-video	summarization	2	summarization	3000	0.5	tb_unverifiable	probable	0		False	2026-09-05T01:38:53.049252-05:00	ICLR_results/terminalbench/main/glm47flash/d05__b3k__su-full/extract-moves-from-video/summarization/run_2	logs/harbor_jobs/terminalbench/glm47flash/glm47flash-summarization-r2-1788588172199/extract-moves-from-video__NCDH2S8	glm47flash-summarization-r2-1788588172199
terminalbench	main	glm47flash	d05__b3k__su-full	fibonacci-server__summarization__r2	fibonacci-server	summarization	2	summarization	3000	0.5	tb_erasure_possible	probable	0		True	2026-09-05T01:13:19.006902-05:00	ICLR_results/terminalbench/main/glm47flash/d05__b3k__su-full/fibonacci-server/summarization/run_2	logs/harbor_jobs/terminalbench/glm47flash/glm47flash-summarization-r2-1788588172199/fibonacci-server__665W5hC	glm47flash-summarization-r2-1788588172199
terminalbench	main	glm47flash	d05__b3k__su-full	fix-git__summarization__r2	fix-git	summarization	2	summarization	3000	0.5	summary_related_response	probable	0		False	2026-09-05T01:49:21.803543-05:00	ICLR_results/terminalbench/main/glm47flash/d05__b3k__su-full/fix-git/summarization/run_2	logs/harbor_jobs/terminalbench/glm47flash/glm47flash-summarization-r2-1788588172199/fix-git__AK5cKVr	glm47flash-summarization-r2-1788588172199
terminalbench	main	glm47flash	d05__b3k__su-full	fix-pandas-version__summarization__r2	fix-pandas-version	summarization	2	summarization	3000	0.5	summary_failure_accounting	priority	0		True	2026-09-05T01:20:06.496757-05:00	ICLR_results/terminalbench/main/glm47flash/d05__b3k__su-full/fix-pandas-version/summarization/run_2	logs/harbor_jobs/terminalbench/glm47flash/glm47flash-summarization-r2-1788588172199/fix-pandas-version__nqgqZBM	glm47flash-summarization-r2-1788588172199
terminalbench	main	glm47flash	d05__b3k__su-full	git-workflow-hack__summarization__r2	git-workflow-hack	summarization	2	summarization	3000	0.5	tb_erasure_possible	probable	0		False	2026-09-05T01:47:03.337485-05:00	ICLR_results/terminalbench/main/glm47flash/d05__b3k__su-full/git-workflow-hack/summarization/run_2	logs/harbor_jobs/terminalbench/glm47flash/glm47flash-summarization-r2-1788588172199/git-workflow-hack__KCQ6pGz	glm47flash-summarization-r2-1788588172199
terminalbench	main	glm47flash	d05__b3k__su-full	gpt2-codegolf__summarization__r2	gpt2-codegolf	summarization	2	summarization	3000	0.5	tb_unverifiable	probable	0		False	2026-09-05T01:13:44.187704-05:00	ICLR_results/terminalbench/main/glm47flash/d05__b3k__su-full/gpt2-codegolf/summarization/run_2	logs/harbor_jobs/terminalbench/glm47flash/glm47flash-summarization-r2-1788588172199/gpt2-codegolf__SQbkSrT	glm47flash-summarization-r2-1788588172199
terminalbench	main	glm47flash	d05__b3k__su-full	heterogeneous-dates__summarization__r2	heterogeneous-dates	summarization	2	summarization	3000	0.5	tb_unverifiable	probable	0		False	2026-09-05T02:24:56.078532-05:00	ICLR_results/terminalbench/main/glm47flash/d05__b3k__su-full/heterogeneous-dates/summarization/run_2	logs/harbor_jobs/terminalbench/glm47flash/glm47flash-summarization-r2-1788588172199/heterogeneous-dates__V8TnpBt	glm47flash-summarization-r2-1788588172199
terminalbench	main	glm47flash	d05__b3k__su-full	hf-model-inference__summarization__r2	hf-model-inference	summarization	2	summarization	3000	0.5	summary_related_response	probable	0		False	2026-09-05T01:19:43.338661-05:00	ICLR_results/terminalbench/main/glm47flash/d05__b3k__su-full/hf-model-inference/summarization/run_2	logs/harbor_jobs/terminalbench/glm47flash/glm47flash-summarization-r2-1788588172199/hf-model-inference__HAHbozV	glm47flash-summarization-r2-1788588172199
terminalbench	main	glm47flash	d05__b3k__su-full	incompatible-python-fasttext__summarization__r2	incompatible-python-fasttext	summarization	2	summarization	3000	0.5	tb_erasure_possible	probable	0		False	2026-09-05T01:02:53.817669-05:00	ICLR_results/terminalbench/main/glm47flash/d05__b3k__su-full/incompatible-python-fasttext/summarization/run_2	logs/harbor_jobs/terminalbench/glm47flash/glm47flash-summarization-r2-1788588172199/incompatible-python-fasttext__342qE5Y	glm47flash-summarization-r2-1788588172199
terminalbench	main	glm47flash	d05__b3k__su-full	intrusion-detection__summarization__r2	intrusion-detection	summarization	2	summarization	3000	0.5	tb_unverifiable	probable	0		False	2026-09-05T01:46:40.985961-05:00	ICLR_results/terminalbench/main/glm47flash/d05__b3k__su-full/intrusion-detection/summarization/run_2	logs/harbor_jobs/terminalbench/glm47flash/glm47flash-summarization-r2-1788588172199/intrusion-detection__J8tPhua	glm47flash-summarization-r2-1788588172199
terminalbench	main	glm47flash	d05__b3k__su-full	password-recovery__summarization__r2	password-recovery	summarization	2	summarization	3000	0.5	summary_failure_accounting	priority	0		False	2026-09-05T01:53:26.112928-05:00	ICLR_results/terminalbench/main/glm47flash/d05__b3k__su-full/password-recovery/summarization/run_2	logs/harbor_jobs/terminalbench/glm47flash/glm47flash-summarization-r2-1788588172199/password-recovery__4j4oZad	glm47flash-summarization-r2-1788588172199
terminalbench	main	glm47flash	d05__b3k__su-full	path-tracing-reverse__summarization__r2	path-tracing-reverse	summarization	2	summarization	3000	0.5	tb_erasure_possible	probable	0		False	2026-09-05T01:03:53.228664-05:00	ICLR_results/terminalbench/main/glm47flash/d05__b3k__su-full/path-tracing-reverse/summarization/run_2	logs/harbor_jobs/terminalbench/glm47flash/glm47flash-summarization-r2-1788588172199/path-tracing-reverse__vRkD2hU	glm47flash-summarization-r2-1788588172199
terminalbench	main	glm47flash	d05__b3k__su-full	processing-pipeline__summarization__r2	processing-pipeline	summarization	2	summarization	3000	0.5	tb_unverifiable	probable	0		False	2026-09-05T01:32:30.448247-05:00	ICLR_results/terminalbench/main/glm47flash/d05__b3k__su-full/processing-pipeline/summarization/run_2	logs/harbor_jobs/terminalbench/glm47flash/glm47flash-summarization-r2-1788588172199/processing-pipeline__wPuGGEF	glm47flash-summarization-r2-1788588172199
terminalbench	main	glm47flash	d05__b3k__su-full	pytorch-model-cli.hard__summarization__r2	pytorch-model-cli.hard	summarization	2	summarization	3000	0.5	tb_unverifiable	probable	0		False	2026-09-05T01:06:31.572704-05:00	ICLR_results/terminalbench/main/glm47flash/d05__b3k__su-full/pytorch-model-cli.hard/summarization/run_2	logs/harbor_jobs/terminalbench/glm47flash/glm47flash-summarization-r2-1788588172199/pytorch-model-cli.hard__cJgYvKQ	glm47flash-summarization-r2-1788588172199
terminalbench	main	glm47flash	d05__b3k__su-full	qemu-alpine-ssh__summarization__r2	qemu-alpine-ssh	summarization	2	summarization	3000	0.5	summary_failure_accounting	priority	0		False	2026-09-05T01:16:16.570380-05:00	ICLR_results/terminalbench/main/glm47flash/d05__b3k__su-full/qemu-alpine-ssh/summarization/run_2	logs/harbor_jobs/terminalbench/glm47flash/glm47flash-summarization-r2-1788588172199/qemu-alpine-ssh__TAvAjgT	glm47flash-summarization-r2-1788588172199
terminalbench	main	glm47flash	d05__b3k__su-full	qemu-startup__summarization__r2	qemu-startup	summarization	2	summarization	3000	0.5	tb_erasure_possible	probable	0		True	2026-09-05T01:59:50.155744-05:00	ICLR_results/terminalbench/main/glm47flash/d05__b3k__su-full/qemu-startup/summarization/run_2	logs/harbor_jobs/terminalbench/glm47flash/glm47flash-summarization-r2-1788588172199/qemu-startup__M467tQ4	glm47flash-summarization-r2-1788588172199
terminalbench	main	glm47flash	d05__b3k__su-full	raman-fitting.easy__summarization__r2	raman-fitting.easy	summarization	2	summarization	3000	0.5	summary_failure_accounting	priority	0		False	2026-09-05T01:02:53.813259-05:00	ICLR_results/terminalbench/main/glm47flash/d05__b3k__su-full/raman-fitting.easy/summarization/run_2	logs/harbor_jobs/terminalbench/glm47flash/glm47flash-summarization-r2-1788588172199/raman-fitting.easy__B3JkS7B	glm47flash-summarization-r2-1788588172199
terminalbench	main	glm47flash	d05__b3k__su-full	sanitize-git-repo__summarization__r2	sanitize-git-repo	summarization	2	summarization	3000	0.5	summary_related_response	probable	0		False	2026-09-05T01:26:07.385424-05:00	ICLR_results/terminalbench/main/glm47flash/d05__b3k__su-full/sanitize-git-repo/summarization/run_2	logs/harbor_jobs/terminalbench/glm47flash/glm47flash-summarization-r2-1788588172199/sanitize-git-repo__ymckW9j	glm47flash-summarization-r2-1788588172199
terminalbench	main	glm47flash	d05__b3k__su-full	sanitize-git-repo.hard__summarization__r2	sanitize-git-repo.hard	summarization	2	summarization	3000	0.5	tb_erasure_possible	probable	0		False	2026-09-05T02:08:43.359373-05:00	ICLR_results/terminalbench/main/glm47flash/d05__b3k__su-full/sanitize-git-repo.hard/summarization/run_2	logs/harbor_jobs/terminalbench/glm47flash/glm47flash-summarization-r2-1788588172199/sanitize-git-repo.hard__TKrDZyT	glm47flash-summarization-r2-1788588172199
terminalbench	main	glm47flash	d05__b3k__su-full	solana-data__summarization__r2	solana-data	summarization	2	summarization	3000	0.5	tb_erasure_possible	probable	0		False	2026-09-05T01:09:54.972206-05:00	ICLR_results/terminalbench/main/glm47flash/d05__b3k__su-full/solana-data/summarization/run_2	logs/harbor_jobs/terminalbench/glm47flash/glm47flash-summarization-r2-1788588172199/solana-data__s4hePZd	glm47flash-summarization-r2-1788588172199
terminalbench	main	glm47flash	d05__b3k__su-full	sqlite-with-gcov__summarization__r2	sqlite-with-gcov	summarization	2	summarization	3000	0.5	summary_related_response	probable	0		False	2026-09-05T01:10:18.257439-05:00	ICLR_results/terminalbench/main/glm47flash/d05__b3k__su-full/sqlite-with-gcov/summarization/run_2	logs/harbor_jobs/terminalbench/glm47flash/glm47flash-summarization-r2-1788588172199/sqlite-with-gcov__YoTdmTm	glm47flash-summarization-r2-1788588172199
terminalbench	main	glm47flash	d05__b3k__su-full	super-benchmark-upet__summarization__r2	super-benchmark-upet	summarization	2	summarization	3000	0.5	summary_related_response	probable	0		False	2026-09-05T01:44:15.059814-05:00	ICLR_results/terminalbench/main/glm47flash/d05__b3k__su-full/super-benchmark-upet/summarization/run_2	logs/harbor_jobs/terminalbench/glm47flash/glm47flash-summarization-r2-1788588172199/super-benchmark-upet__fyMiVvM	glm47flash-summarization-r2-1788588172199
terminalbench	main	glm47flash	d05__b3k__su-full	swe-bench-fsspec__summarization__r2	swe-bench-fsspec	summarization	2	summarization	3000	0.5	tb_erasure_possible	probable	0		False	2026-09-05T01:26:41.961611-05:00	ICLR_results/terminalbench/main/glm47flash/d05__b3k__su-full/swe-bench-fsspec/summarization/run_2	logs/harbor_jobs/terminalbench/glm47flash/glm47flash-summarization-r2-1788588172199/swe-bench-fsspec__eUk23kY	glm47flash-summarization-r2-1788588172199
terminalbench	main	glm47flash	d05__b3k__su-full	tmux-advanced-workflow__summarization__r2	tmux-advanced-workflow	summarization	2	summarization	3000	0.5	tb_erasure_possible	probable	0	Submitted	True	2026-09-05T01:02:53.772745-05:00	ICLR_results/terminalbench/main/glm47flash/d05__b3k__su-full/tmux-advanced-workflow/summarization/run_2	logs/harbor_jobs/terminalbench/glm47flash/glm47flash-summarization-r2-1788588172199/tmux-advanced-workflow__aVBe2Ya	glm47flash-summarization-r2-1788588172199
terminalbench	main	glm47flash	d05__b3k__su-full	write-compressor__summarization__r2	write-compressor	summarization	2	summarization	3000	0.5	summary_related_response	probable	0		False	2026-09-05T01:53:07.141002-05:00	ICLR_results/terminalbench/main/glm47flash/d05__b3k__su-full/write-compressor/summarization/run_2	logs/harbor_jobs/terminalbench/glm47flash/glm47flash-summarization-r2-1788588172199/write-compressor__RKcT8PD	glm47flash-summarization-r2-1788588172199
terminalbench	main	glm47flash	d05__b3k__su-full	blind-maze-explorer-algorithm__summarization__r3	blind-maze-explorer-algorithm	summarization	3	summarization	3000	0.5	summary_related_response	probable	0		False	2026-09-05T03:45:36.295358-05:00	ICLR_results/terminalbench/main/glm47flash/d05__b3k__su-full/blind-maze-explorer-algorithm/summarization/run_3	logs/harbor_jobs/terminalbench/glm47flash/glm47flash-summarization-r3-1788595826943/blind-maze-explorer-algorithm__KKDxERU	glm47flash-summarization-r3-1788595826943
terminalbench	main	glm47flash	d05__b3k__su-full	cartpole-rl-training__summarization__r3	cartpole-rl-training	summarization	3	summarization	3000	0.5	summary_failure_accounting	priority	0		False	2026-09-05T04:26:34.871516-05:00	ICLR_results/terminalbench/main/glm47flash/d05__b3k__su-full/cartpole-rl-training/summarization/run_3	logs/harbor_jobs/terminalbench/glm47flash/glm47flash-summarization-r3-1788595826943/cartpole-rl-training__5HU5VzX	glm47flash-summarization-r3-1788595826943
terminalbench	main	glm47flash	d05__b3k__su-full	count-dataset-tokens__summarization__r3	count-dataset-tokens	summarization	3	summarization	3000	0.5	tb_erasure_possible	probable	0		False	2026-09-05T03:16:57.380114-05:00	ICLR_results/terminalbench/main/glm47flash/d05__b3k__su-full/count-dataset-tokens/summarization/run_3	logs/harbor_jobs/terminalbench/glm47flash/glm47flash-summarization-r3-1788595826943/count-dataset-tokens__PnGy6Ai	glm47flash-summarization-r3-1788595826943
terminalbench	main	glm47flash	d05__b3k__su-full	crack-7z-hash.hard__summarization__r3	crack-7z-hash.hard	summarization	3	summarization	3000	0.5	tb_erasure_possible	probable	0		False	2026-09-05T04:07:25.473397-05:00	ICLR_results/terminalbench/main/glm47flash/d05__b3k__su-full/crack-7z-hash.hard/summarization/run_3	logs/harbor_jobs/terminalbench/glm47flash/glm47flash-summarization-r3-1788595826943/crack-7z-hash.hard__w7uqQK4	glm47flash-summarization-r3-1788595826943
terminalbench	main	glm47flash	d05__b3k__su-full	csv-to-parquet__summarization__r3	csv-to-parquet	summarization	3	summarization	3000	0.5	tb_erasure_possible	probable	0		False	2026-09-05T03:37:33.256842-05:00	ICLR_results/terminalbench/main/glm47flash/d05__b3k__su-full/csv-to-parquet/summarization/run_3	logs/harbor_jobs/terminalbench/glm47flash/glm47flash-summarization-r3-1788595826943/csv-to-parquet__Ghd3K4a	glm47flash-summarization-r3-1788595826943
terminalbench	main	glm47flash	d05__b3k__su-full	download-youtube__summarization__r3	download-youtube	summarization	3	summarization	3000	0.5	summary_related_response	probable	0		False	2026-09-05T04:13:48.270937-05:00	ICLR_results/terminalbench/main/glm47flash/d05__b3k__su-full/download-youtube/summarization/run_3	logs/harbor_jobs/terminalbench/glm47flash/glm47flash-summarization-r3-1788595826943/download-youtube__6tgRgJx	glm47flash-summarization-r3-1788595826943
terminalbench	main	glm47flash	d05__b3k__su-full	eval-mteb__summarization__r3	eval-mteb	summarization	3	summarization	3000	0.5	tb_erasure_possible	probable	0		False	2026-09-05T03:29:49.934786-05:00	ICLR_results/terminalbench/main/glm47flash/d05__b3k__su-full/eval-mteb/summarization/run_3	logs/harbor_jobs/terminalbench/glm47flash/glm47flash-summarization-r3-1788595826943/eval-mteb__8SbLuZB	glm47flash-summarization-r3-1788595826943
terminalbench	main	glm47flash	d05__b3k__su-full	eval-mteb.hard__summarization__r3	eval-mteb.hard	summarization	3	summarization	3000	0.5	tb_erasure_possible	probable	0		False	2026-09-05T04:22:30.326889-05:00	ICLR_results/terminalbench/main/glm47flash/d05__b3k__su-full/eval-mteb.hard/summarization/run_3	logs/harbor_jobs/terminalbench/glm47flash/glm47flash-summarization-r3-1788595826943/eval-mteb.hard__3o8iMRC	glm47flash-summarization-r3-1788595826943
terminalbench	main	glm47flash	d05__b3k__su-full	extract-moves-from-video__summarization__r3	extract-moves-from-video	summarization	3	summarization	3000	0.5	summary_failure_accounting	priority	0		False	2026-09-05T03:49:55.152918-05:00	ICLR_results/terminalbench/main/glm47flash/d05__b3k__su-full/extract-moves-from-video/summarization/run_3	logs/harbor_jobs/terminalbench/glm47flash/glm47flash-summarization-r3-1788595826943/extract-moves-from-video__UKbLvTD	glm47flash-summarization-r3-1788595826943
terminalbench	main	glm47flash	d05__b3k__su-full	fibonacci-server__summarization__r3	fibonacci-server	summarization	3	summarization	3000	0.5	tb_erasure_possible	probable	0		False	2026-09-05T03:24:15.460338-05:00	ICLR_results/terminalbench/main/glm47flash/d05__b3k__su-full/fibonacci-server/summarization/run_3	logs/harbor_jobs/terminalbench/glm47flash/glm47flash-summarization-r3-1788595826943/fibonacci-server__vSaXmpv	glm47flash-summarization-r3-1788595826943
terminalbench	main	glm47flash	d05__b3k__su-full	fix-git__summarization__r3	fix-git	summarization	3	summarization	3000	0.5	tb_unverifiable	probable	0		False	2026-09-05T04:01:02.611957-05:00	ICLR_results/terminalbench/main/glm47flash/d05__b3k__su-full/fix-git/summarization/run_3	logs/harbor_jobs/terminalbench/glm47flash/glm47flash-summarization-r3-1788595826943/fix-git__65A2enC	glm47flash-summarization-r3-1788595826943
terminalbench	main	glm47flash	d05__b3k__su-full	fix-pandas-version__summarization__r3	fix-pandas-version	summarization	3	summarization	3000	0.5	tb_erasure_possible	probable	0	Submitted	True	2026-09-05T03:33:56.914507-05:00	ICLR_results/terminalbench/main/glm47flash/d05__b3k__su-full/fix-pandas-version/summarization/run_3	logs/harbor_jobs/terminalbench/glm47flash/glm47flash-summarization-r3-1788595826943/fix-pandas-version__2rSczj8	glm47flash-summarization-r3-1788595826943
terminalbench	main	glm47flash	d05__b3k__su-full	git-workflow-hack__summarization__r3	git-workflow-hack	summarization	3	summarization	3000	0.5	summary_related_response	probable	0		False	2026-09-05T04:00:16.101416-05:00	ICLR_results/terminalbench/main/glm47flash/d05__b3k__su-full/git-workflow-hack/summarization/run_3	logs/harbor_jobs/terminalbench/glm47flash/glm47flash-summarization-r3-1788595826943/git-workflow-hack__oxngA3h	glm47flash-summarization-r3-1788595826943
terminalbench	main	glm47flash	d05__b3k__su-full	gpt2-codegolf__summarization__r3	gpt2-codegolf	summarization	3	summarization	3000	0.5	tb_unverifiable	probable	0		False	2026-09-05T03:27:33.112049-05:00	ICLR_results/terminalbench/main/glm47flash/d05__b3k__su-full/gpt2-codegolf/summarization/run_3	logs/harbor_jobs/terminalbench/glm47flash/glm47flash-summarization-r3-1788595826943/gpt2-codegolf__eRVcmnL	glm47flash-summarization-r3-1788595826943
terminalbench	main	glm47flash	d05__b3k__su-full	heterogeneous-dates__summarization__r3	heterogeneous-dates	summarization	3	summarization	3000	0.5	tb_erasure_possible	probable	0	Submitted	True	2026-09-05T04:32:58.125009-05:00	ICLR_results/terminalbench/main/glm47flash/d05__b3k__su-full/heterogeneous-dates/summarization/run_3	logs/harbor_jobs/terminalbench/glm47flash/glm47flash-summarization-r3-1788595826943/heterogeneous-dates__RAPbvuq	glm47flash-summarization-r3-1788595826943
terminalbench	main	glm47flash	d05__b3k__su-full	hf-model-inference__summarization__r3	hf-model-inference	summarization	3	summarization	3000	0.5	tb_unverifiable	probable	0		False	2026-09-05T03:30:46.059950-05:00	ICLR_results/terminalbench/main/glm47flash/d05__b3k__su-full/hf-model-inference/summarization/run_3	logs/harbor_jobs/terminalbench/glm47flash/glm47flash-summarization-r3-1788595826943/hf-model-inference__7hGMfN3	glm47flash-summarization-r3-1788595826943
terminalbench	main	glm47flash	d05__b3k__su-full	incompatible-python-fasttext__summarization__r3	incompatible-python-fasttext	summarization	3	summarization	3000	0.5	tb_unverifiable	probable	0		False	2026-09-05T03:10:28.524349-05:00	ICLR_results/terminalbench/main/glm47flash/d05__b3k__su-full/incompatible-python-fasttext/summarization/run_3	logs/harbor_jobs/terminalbench/glm47flash/glm47flash-summarization-r3-1788595826943/incompatible-python-fasttext__esv4mKt	glm47flash-summarization-r3-1788595826943
terminalbench	main	glm47flash	d05__b3k__su-full	intrusion-detection__summarization__r3	intrusion-detection	summarization	3	summarization	3000	0.5	summary_related_response	probable	0		False	2026-09-05T03:57:36.777561-05:00	ICLR_results/terminalbench/main/glm47flash/d05__b3k__su-full/intrusion-detection/summarization/run_3	logs/harbor_jobs/terminalbench/glm47flash/glm47flash-summarization-r3-1788595826943/intrusion-detection__ykeyVAM	glm47flash-summarization-r3-1788595826943
terminalbench	main	glm47flash	d05__b3k__su-full	password-recovery__summarization__r3	password-recovery	summarization	3	summarization	3000	0.5	summary_failure_accounting	priority	0		False	2026-09-05T04:06:38.854726-05:00	ICLR_results/terminalbench/main/glm47flash/d05__b3k__su-full/password-recovery/summarization/run_3	logs/harbor_jobs/terminalbench/glm47flash/glm47flash-summarization-r3-1788595826943/password-recovery__m63nBSe	glm47flash-summarization-r3-1788595826943
terminalbench	main	glm47flash	d05__b3k__su-full	path-tracing-reverse__summarization__r3	path-tracing-reverse	summarization	3	summarization	3000	0.5	summary_failure_accounting	priority	0		False	2026-09-05T03:16:53.468513-05:00	ICLR_results/terminalbench/main/glm47flash/d05__b3k__su-full/path-tracing-reverse/summarization/run_3	logs/harbor_jobs/terminalbench/glm47flash/glm47flash-summarization-r3-1788595826943/path-tracing-reverse__Qw5rtxv	glm47flash-summarization-r3-1788595826943
terminalbench	main	glm47flash	d05__b3k__su-full	processing-pipeline__summarization__r3	processing-pipeline	summarization	3	summarization	3000	0.5	tb_erasure_possible	probable	0		False	2026-09-05T03:43:31.261150-05:00	ICLR_results/terminalbench/main/glm47flash/d05__b3k__su-full/processing-pipeline/summarization/run_3	logs/harbor_jobs/terminalbench/glm47flash/glm47flash-summarization-r3-1788595826943/processing-pipeline__EobpmX6	glm47flash-summarization-r3-1788595826943
terminalbench	main	glm47flash	d05__b3k__su-full	prove-plus-comm__summarization__r3	prove-plus-comm	summarization	3	summarization	3000	0.5	tb_unverifiable	probable	0		False	2026-09-05T03:10:28.528719-05:00	ICLR_results/terminalbench/main/glm47flash/d05__b3k__su-full/prove-plus-comm/summarization/run_3	logs/harbor_jobs/terminalbench/glm47flash/glm47flash-summarization-r3-1788595826943/prove-plus-comm__MNit3DK	glm47flash-summarization-r3-1788595826943
terminalbench	main	glm47flash	d05__b3k__su-full	pytorch-model-cli.hard__summarization__r3	pytorch-model-cli.hard	summarization	3	summarization	3000	0.5	tb_erasure_possible	probable	0		False	2026-09-05T03:16:58.331689-05:00	ICLR_results/terminalbench/main/glm47flash/d05__b3k__su-full/pytorch-model-cli.hard/summarization/run_3	logs/harbor_jobs/terminalbench/glm47flash/glm47flash-summarization-r3-1788595826943/pytorch-model-cli.hard__zvKz8uj	glm47flash-summarization-r3-1788595826943
terminalbench	main	glm47flash	d05__b3k__su-full	qemu-startup__summarization__r3	qemu-startup	summarization	3	summarization	3000	0.5	tb_erasure_possible	probable	0		True	2026-09-05T04:13:01.588447-05:00	ICLR_results/terminalbench/main/glm47flash/d05__b3k__su-full/qemu-startup/summarization/run_3	logs/harbor_jobs/terminalbench/glm47flash/glm47flash-summarization-r3-1788595826943/qemu-startup__4uxfWHd	glm47flash-summarization-r3-1788595826943
terminalbench	main	glm47flash	d05__b3k__su-full	raman-fitting.easy__summarization__r3	raman-fitting.easy	summarization	3	summarization	3000	0.5	tb_erasure_possible	probable	0	Submitted	False	2026-09-05T03:10:28.520030-05:00	ICLR_results/terminalbench/main/glm47flash/d05__b3k__su-full/raman-fitting.easy/summarization/run_3	logs/harbor_jobs/terminalbench/glm47flash/glm47flash-summarization-r3-1788595826943/raman-fitting.easy__oBi27mU	glm47flash-summarization-r3-1788595826943
terminalbench	main	glm47flash	d05__b3k__su-full	sanitize-git-repo__summarization__r3	sanitize-git-repo	summarization	3	summarization	3000	0.5	summary_related_response	probable	0		False	2026-09-05T03:37:08.748743-05:00	ICLR_results/terminalbench/main/glm47flash/d05__b3k__su-full/sanitize-git-repo/summarization/run_3	logs/harbor_jobs/terminalbench/glm47flash/glm47flash-summarization-r3-1788595826943/sanitize-git-repo__DHKZZZy	glm47flash-summarization-r3-1788595826943
terminalbench	main	glm47flash	d05__b3k__su-full	sanitize-git-repo.hard__summarization__r3	sanitize-git-repo.hard	summarization	3	summarization	3000	0.5	tb_unverifiable	probable	0		False	2026-09-05T04:20:11.844984-05:00	ICLR_results/terminalbench/main/glm47flash/d05__b3k__su-full/sanitize-git-repo.hard/summarization/run_3	logs/harbor_jobs/terminalbench/glm47flash/glm47flash-summarization-r3-1788595826943/sanitize-git-repo.hard__Rkh7eih	glm47flash-summarization-r3-1788595826943
terminalbench	main	glm47flash	d05__b3k__su-full	solana-data__summarization__r3	solana-data	summarization	3	summarization	3000	0.5	tb_erasure_possible	probable	0	Submitted	False	2026-09-05T03:21:31.801580-05:00	ICLR_results/terminalbench/main/glm47flash/d05__b3k__su-full/solana-data/summarization/run_3	logs/harbor_jobs/terminalbench/glm47flash/glm47flash-summarization-r3-1788595826943/solana-data__NUQcErN	glm47flash-summarization-r3-1788595826943
terminalbench	main	glm47flash	d05__b3k__su-full	sqlite-with-gcov__summarization__r3	sqlite-with-gcov	summarization	3	summarization	3000	0.5	summary_failure_accounting	priority	0		False	2026-09-05T03:23:18.470677-05:00	ICLR_results/terminalbench/main/glm47flash/d05__b3k__su-full/sqlite-with-gcov/summarization/run_3	logs/harbor_jobs/terminalbench/glm47flash/glm47flash-summarization-r3-1788595826943/sqlite-with-gcov__Jg2wHq6	glm47flash-summarization-r3-1788595826943
terminalbench	main	glm47flash	d05__b3k__su-full	super-benchmark-upet__summarization__r3	super-benchmark-upet	summarization	3	summarization	3000	0.5	summary_related_response	probable	0		False	2026-09-05T03:56:06.477422-05:00	ICLR_results/terminalbench/main/glm47flash/d05__b3k__su-full/super-benchmark-upet/summarization/run_3	logs/harbor_jobs/terminalbench/glm47flash/glm47flash-summarization-r3-1788595826943/super-benchmark-upet__kmJ2PcP	glm47flash-summarization-r3-1788595826943
terminalbench	main	glm47flash	d05__b3k__su-full	swe-bench-astropy-2__summarization__r3	swe-bench-astropy-2	summarization	3	summarization	3000	0.5	tb_erasure_possible	probable	0	Submitted	False	2026-09-05T04:10:26.235528-05:00	ICLR_results/terminalbench/main/glm47flash/d05__b3k__su-full/swe-bench-astropy-2/summarization/run_3	logs/harbor_jobs/terminalbench/glm47flash/glm47flash-summarization-r3-1788595826943/swe-bench-astropy-2__j4UhcDg	glm47flash-summarization-r3-1788595826943
terminalbench	main	glm47flash	d05__b3k__su-full	swe-bench-fsspec__summarization__r3	swe-bench-fsspec	summarization	3	summarization	3000	0.5	summary_failure_accounting	priority	0		False	2026-09-05T03:38:35.228054-05:00	ICLR_results/terminalbench/main/glm47flash/d05__b3k__su-full/swe-bench-fsspec/summarization/run_3	logs/harbor_jobs/terminalbench/glm47flash/glm47flash-summarization-r3-1788595826943/swe-bench-fsspec__jehCQps	glm47flash-summarization-r3-1788595826943
terminalbench	main	glm47flash	d05__b3k__su-full	tmux-advanced-workflow__summarization__r3	tmux-advanced-workflow	summarization	3	summarization	3000	0.5	summary_failure_accounting	priority	0		False	2026-09-05T03:10:28.470641-05:00	ICLR_results/terminalbench/main/glm47flash/d05__b3k__su-full/tmux-advanced-workflow/summarization/run_3	logs/harbor_jobs/terminalbench/glm47flash/glm47flash-summarization-r3-1788595826943/tmux-advanced-workflow__47nbN7E	glm47flash-summarization-r3-1788595826943
terminalbench	main	glm47flash	d05__b3k__su-full	write-compressor__summarization__r3	write-compressor	summarization	3	summarization	3000	0.5	summary_related_response	probable	0		False	2026-09-05T04:04:02.643505-05:00	ICLR_results/terminalbench/main/glm47flash/d05__b3k__su-full/write-compressor/summarization/run_3	logs/harbor_jobs/terminalbench/glm47flash/glm47flash-summarization-r3-1788595826943/write-compressor__DxGRjUQ	glm47flash-summarization-r3-1788595826943
terminalbench	main	glm47flash	d05__b3k__su-partial	blind-maze-explorer-5x5__summarization-partial__r1	blind-maze-explorer-5x5	summarization-partial	1	summarization_partial	3000	0.5	summary_related_response	probable	0	CancelledError	False	2026-09-06T16:01:12.430679-05:00	ICLR_results/terminalbench/main/glm47flash/d05__b3k__su-partial/blind-maze-explorer-5x5/summarization-partial/run_1	logs/harbor_jobs/terminalbench/glm47flash/glm47flash-summarization-partial-r1-1788723981586/blind-maze-explorer-5x5__W3L737t	glm47flash-summarization-partial-r1-1788723981586
terminalbench	main	glm47flash	d05__b3k__su-partial	blind-maze-explorer-algorithm__summarization-partial__r1	blind-maze-explorer-algorithm	summarization-partial	1	summarization_partial	3000	0.5	summary_failure_accounting	priority	0	CancelledError	False	2026-09-06T15:20:04.070440-05:00	ICLR_results/terminalbench/main/glm47flash/d05__b3k__su-partial/blind-maze-explorer-algorithm/summarization-partial/run_1	logs/harbor_jobs/terminalbench/glm47flash/glm47flash-summarization-partial-r1-1788723981586/blind-maze-explorer-algorithm__MAhPK9W	glm47flash-summarization-partial-r1-1788723981586
terminalbench	main	glm47flash	d05__b3k__su-partial	cartpole-rl-training__summarization-partial__r1	cartpole-rl-training	summarization-partial	1	summarization_partial	3000	0.5	summary_failure_accounting	priority	0	CancelledError	False	2026-09-06T16:01:55.262472-05:00	ICLR_results/terminalbench/main/glm47flash/d05__b3k__su-partial/cartpole-rl-training/summarization-partial/run_1	logs/harbor_jobs/terminalbench/glm47flash/glm47flash-summarization-partial-r1-1788723981586/cartpole-rl-training__y9xSd2B	glm47flash-summarization-partial-r1-1788723981586
terminalbench	main	glm47flash	d05__b3k__su-partial	count-dataset-tokens__summarization-partial__r1	count-dataset-tokens	summarization-partial	1	summarization_partial	3000	0.5	summary_failure_accounting	priority	0	CancelledError	False	2026-09-06T14:52:48.457032-05:00	ICLR_results/terminalbench/main/glm47flash/d05__b3k__su-partial/count-dataset-tokens/summarization-partial/run_1	logs/harbor_jobs/terminalbench/glm47flash/glm47flash-summarization-partial-r1-1788723981586/count-dataset-tokens__L4oY5Ny	glm47flash-summarization-partial-r1-1788723981586
terminalbench	main	glm47flash	d05__b3k__su-partial	crack-7z-hash.hard__summarization-partial__r1	crack-7z-hash.hard	summarization-partial	1	summarization_partial	3000	0.5	summary_failure_accounting	priority	0	CancelledError	False	2026-09-06T15:41:53.311311-05:00	ICLR_results/terminalbench/main/glm47flash/d05__b3k__su-partial/crack-7z-hash.hard/summarization-partial/run_1	logs/harbor_jobs/terminalbench/glm47flash/glm47flash-summarization-partial-r1-1788723981586/crack-7z-hash.hard__NmZxR7v	glm47flash-summarization-partial-r1-1788723981586
terminalbench	main	glm47flash	d05__b3k__su-partial	csv-to-parquet__summarization-partial__r1	csv-to-parquet	summarization-partial	1	summarization_partial	3000	0.5	summary_failure_accounting	priority	0	CancelledError	False	2026-09-06T15:13:41.039804-05:00	ICLR_results/terminalbench/main/glm47flash/d05__b3k__su-partial/csv-to-parquet/summarization-partial/run_1	logs/harbor_jobs/terminalbench/glm47flash/glm47flash-summarization-partial-r1-1788723981586/csv-to-parquet__zdpSbGr	glm47flash-summarization-partial-r1-1788723981586
terminalbench	main	glm47flash	d05__b3k__su-partial	download-youtube__summarization-partial__r1	download-youtube	summarization-partial	1	summarization_partial	3000	0.5	summary_failure_accounting	priority	0	CancelledError	False	2026-09-06T15:48:17.588577-05:00	ICLR_results/terminalbench/main/glm47flash/d05__b3k__su-partial/download-youtube/summarization-partial/run_1	logs/harbor_jobs/terminalbench/glm47flash/glm47flash-summarization-partial-r1-1788723981586/download-youtube__v2p9pjw	glm47flash-summarization-partial-r1-1788723981586
terminalbench	main	glm47flash	d05__b3k__su-partial	eval-mteb__summarization-partial__r1	eval-mteb	summarization-partial	1	summarization_partial	3000	0.5	summary_failure_accounting	priority	0	Submitted	True	2026-09-06T15:03:16.793362-05:00	ICLR_results/terminalbench/main/glm47flash/d05__b3k__su-partial/eval-mteb/summarization-partial/run_1	logs/harbor_jobs/terminalbench/glm47flash/glm47flash-summarization-partial-r1-1788723981586/eval-mteb__ogMeFZa	glm47flash-summarization-partial-r1-1788723981586
terminalbench	main	glm47flash	d05__b3k__su-partial	eval-mteb.hard__summarization-partial__r1	eval-mteb.hard	summarization-partial	1	summarization_partial	3000	0.5	tb_erasure_possible	probable	0	CancelledError	False	2026-09-06T15:56:11.689755-05:00	ICLR_results/terminalbench/main/glm47flash/d05__b3k__su-partial/eval-mteb.hard/summarization-partial/run_1	logs/harbor_jobs/terminalbench/glm47flash/glm47flash-summarization-partial-r1-1788723981586/eval-mteb.hard__R65Pa8J	glm47flash-summarization-partial-r1-1788723981586
terminalbench	main	glm47flash	d05__b3k__su-partial	extract-moves-from-video__summarization-partial__r1	extract-moves-from-video	summarization-partial	1	summarization_partial	3000	0.5	summary_failure_accounting	priority	0	CancelledError	False	2026-09-06T15:20:07.923840-05:00	ICLR_results/terminalbench/main/glm47flash/d05__b3k__su-partial/extract-moves-from-video/summarization-partial/run_1	logs/harbor_jobs/terminalbench/glm47flash/glm47flash-summarization-partial-r1-1788723981586/extract-moves-from-video__8reg9pi	glm47flash-summarization-partial-r1-1788723981586
terminalbench	main	glm47flash	d05__b3k__su-partial	fibonacci-server__summarization-partial__r1	fibonacci-server	summarization-partial	1	summarization_partial	3000	0.5	summary_failure_accounting	priority	0	CancelledError	False	2026-09-06T15:00:04.316973-05:00	ICLR_results/terminalbench/main/glm47flash/d05__b3k__su-partial/fibonacci-server/summarization-partial/run_1	logs/harbor_jobs/terminalbench/glm47flash/glm47flash-summarization-partial-r1-1788723981586/fibonacci-server__KW6ateu	glm47flash-summarization-partial-r1-1788723981586
terminalbench	main	glm47flash	d05__b3k__su-partial	fix-git__summarization-partial__r1	fix-git	summarization-partial	1	summarization_partial	3000	0.5	summary_failure_accounting	priority	0	CancelledError	False	2026-09-06T15:35:30.194540-05:00	ICLR_results/terminalbench/main/glm47flash/d05__b3k__su-partial/fix-git/summarization-partial/run_1	logs/harbor_jobs/terminalbench/glm47flash/glm47flash-summarization-partial-r1-1788723981586/fix-git__FL8jURj	glm47flash-summarization-partial-r1-1788723981586
terminalbench	main	glm47flash	d05__b3k__su-partial	fix-pandas-version__summarization-partial__r1	fix-pandas-version	summarization-partial	1	summarization_partial	3000	0.5	summary_failure_accounting	priority	0	CancelledError	True	2026-09-06T15:07:25.716868-05:00	ICLR_results/terminalbench/main/glm47flash/d05__b3k__su-partial/fix-pandas-version/summarization-partial/run_1	logs/harbor_jobs/terminalbench/glm47flash/glm47flash-summarization-partial-r1-1788723981586/fix-pandas-version__m8q3cbG	glm47flash-summarization-partial-r1-1788723981586
terminalbench	main	glm47flash	d05__b3k__su-partial	git-workflow-hack__summarization-partial__r1	git-workflow-hack	summarization-partial	1	summarization_partial	3000	0.5	summary_failure_accounting	priority	0	CancelledError	False	2026-09-06T15:32:55.695632-05:00	ICLR_results/terminalbench/main/glm47flash/d05__b3k__su-partial/git-workflow-hack/summarization-partial/run_1	logs/harbor_jobs/terminalbench/glm47flash/glm47flash-summarization-partial-r1-1788723981586/git-workflow-hack__K2GTheg	glm47flash-summarization-partial-r1-1788723981586
terminalbench	main	glm47flash	d05__b3k__su-partial	gpt2-codegolf__summarization-partial__r1	gpt2-codegolf	summarization-partial	1	summarization_partial	3000	0.5	summary_failure_accounting	priority	0	CancelledError	False	2026-09-06T15:00:58.812166-05:00	ICLR_results/terminalbench/main/glm47flash/d05__b3k__su-partial/gpt2-codegolf/summarization-partial/run_1	logs/harbor_jobs/terminalbench/glm47flash/glm47flash-summarization-partial-r1-1788723981586/gpt2-codegolf__RdVn8Ny	glm47flash-summarization-partial-r1-1788723981586
terminalbench	main	glm47flash	d05__b3k__su-partial	heterogeneous-dates__summarization-partial__r1	heterogeneous-dates	summarization-partial	1	summarization_partial	3000	0.5	summary_failure_accounting	priority	0	CancelledError	False	2026-09-06T16:02:42.736967-05:00	ICLR_results/terminalbench/main/glm47flash/d05__b3k__su-partial/heterogeneous-dates/summarization-partial/run_1	logs/harbor_jobs/terminalbench/glm47flash/glm47flash-summarization-partial-r1-1788723981586/heterogeneous-dates__3RATcpR	glm47flash-summarization-partial-r1-1788723981586
terminalbench	main	glm47flash	d05__b3k__su-partial	hf-model-inference__summarization-partial__r1	hf-model-inference	summarization-partial	1	summarization_partial	3000	0.5	summary_failure_accounting	priority	0	CancelledError	False	2026-09-06T15:06:33.506140-05:00	ICLR_results/terminalbench/main/glm47flash/d05__b3k__su-partial/hf-model-inference/summarization-partial/run_1	logs/harbor_jobs/terminalbench/glm47flash/glm47flash-summarization-partial-r1-1788723981586/hf-model-inference__Zy9rnbk	glm47flash-summarization-partial-r1-1788723981586
terminalbench	main	glm47flash	d05__b3k__su-partial	incompatible-python-fasttext__summarization-partial__r1	incompatible-python-fasttext	summarization-partial	1	summarization_partial	3000	0.5	summary_failure_accounting	priority	0	CancelledError	False	2026-09-06T14:46:23.169531-05:00	ICLR_results/terminalbench/main/glm47flash/d05__b3k__su-partial/incompatible-python-fasttext/summarization-partial/run_1	logs/harbor_jobs/terminalbench/glm47flash/glm47flash-summarization-partial-r1-1788723981586/incompatible-python-fasttext__HXJSpbi	glm47flash-summarization-partial-r1-1788723981586
terminalbench	main	glm47flash	d05__b3k__su-partial	intrusion-detection__summarization-partial__r1	intrusion-detection	summarization-partial	1	summarization_partial	3000	0.5	summary_failure_accounting	priority	0	CancelledError	False	2026-09-06T15:31:16.569770-05:00	ICLR_results/terminalbench/main/glm47flash/d05__b3k__su-partial/intrusion-detection/summarization-partial/run_1	logs/harbor_jobs/terminalbench/glm47flash/glm47flash-summarization-partial-r1-1788723981586/intrusion-detection__HFRjUQo	glm47flash-summarization-partial-r1-1788723981586
terminalbench	main	glm47flash	d05__b3k__su-partial	new-encrypt-command__summarization-partial__r1	new-encrypt-command	summarization-partial	1	summarization_partial	3000	0.5	summary_failure_accounting	priority	0	CancelledError	True	2026-09-06T15:26:33.653896-05:00	ICLR_results/terminalbench/main/glm47flash/d05__b3k__su-partial/new-encrypt-command/summarization-partial/run_1	logs/harbor_jobs/terminalbench/glm47flash/glm47flash-summarization-partial-r1-1788723981586/new-encrypt-command__QDjGynF	glm47flash-summarization-partial-r1-1788723981586
terminalbench	main	glm47flash	d05__b3k__su-partial	password-recovery__summarization-partial__r1	password-recovery	summarization-partial	1	summarization_partial	3000	0.5	summary_failure_accounting	priority	0	CancelledError	False	2026-09-06T15:39:20.371541-05:00	ICLR_results/terminalbench/main/glm47flash/d05__b3k__su-partial/password-recovery/summarization-partial/run_1	logs/harbor_jobs/terminalbench/glm47flash/glm47flash-summarization-partial-r1-1788723981586/password-recovery__JrNSvod	glm47flash-summarization-partial-r1-1788723981586
terminalbench	main	glm47flash	d05__b3k__su-partial	path-tracing-reverse__summarization-partial__r1	path-tracing-reverse	summarization-partial	1	summarization_partial	3000	0.5	summary_failure_accounting	priority	0	CancelledError	False	2026-09-06T14:47:21.763985-05:00	ICLR_results/terminalbench/main/glm47flash/d05__b3k__su-partial/path-tracing-reverse/summarization-partial/run_1	logs/harbor_jobs/terminalbench/glm47flash/glm47flash-summarization-partial-r1-1788723981586/path-tracing-reverse__UQrRCCG	glm47flash-summarization-partial-r1-1788723981586
terminalbench	main	glm47flash	d05__b3k__su-partial	processing-pipeline__summarization-partial__r1	processing-pipeline	summarization-partial	1	summarization_partial	3000	0.5	summary_failure_accounting	priority	0	Submitted	False	2026-09-06T15:15:48.298856-05:00	ICLR_results/terminalbench/main/glm47flash/d05__b3k__su-partial/processing-pipeline/summarization-partial/run_1	logs/harbor_jobs/terminalbench/glm47flash/glm47flash-summarization-partial-r1-1788723981586/processing-pipeline__fC3wxtt	glm47flash-summarization-partial-r1-1788723981586
terminalbench	main	glm47flash	d05__b3k__su-partial	pytorch-model-cli.hard__summarization-partial__r1	pytorch-model-cli.hard	summarization-partial	1	summarization_partial	3000	0.5	summary_failure_accounting	priority	0	CancelledError	False	2026-09-06T14:52:53.477699-05:00	ICLR_results/terminalbench/main/glm47flash/d05__b3k__su-partial/pytorch-model-cli.hard/summarization-partial/run_1	logs/harbor_jobs/terminalbench/glm47flash/glm47flash-summarization-partial-r1-1788723981586/pytorch-model-cli.hard__9XTNtg7	glm47flash-summarization-partial-r1-1788723981586
terminalbench	main	glm47flash	d05__b3k__su-partial	qemu-alpine-ssh__summarization-partial__r1	qemu-alpine-ssh	summarization-partial	1	summarization_partial	3000	0.5	summary_failure_accounting	priority	0	CancelledError	False	2026-09-06T15:03:15.116304-05:00	ICLR_results/terminalbench/main/glm47flash/d05__b3k__su-partial/qemu-alpine-ssh/summarization-partial/run_1	logs/harbor_jobs/terminalbench/glm47flash/glm47flash-summarization-partial-r1-1788723981586/qemu-alpine-ssh__GMeBR4F	glm47flash-summarization-partial-r1-1788723981586
terminalbench	main	glm47flash	d05__b3k__su-partial	qemu-startup__summarization-partial__r1	qemu-startup	summarization-partial	1	summarization_partial	3000	0.5	summary_failure_accounting	priority	0	CancelledError	True	2026-09-06T15:45:45.808939-05:00	ICLR_results/terminalbench/main/glm47flash/d05__b3k__su-partial/qemu-startup/summarization-partial/run_1	logs/harbor_jobs/terminalbench/glm47flash/glm47flash-summarization-partial-r1-1788723981586/qemu-startup__FVEg7ic	glm47flash-summarization-partial-r1-1788723981586
terminalbench	main	glm47flash	d05__b3k__su-partial	raman-fitting.easy__summarization-partial__r1	raman-fitting.easy	summarization-partial	1	summarization_partial	3000	0.5	summary_failure_accounting	priority	0	CancelledError	False	2026-09-06T14:46:23.165057-05:00	ICLR_results/terminalbench/main/glm47flash/d05__b3k__su-partial/raman-fitting.easy/summarization-partial/run_1	logs/harbor_jobs/terminalbench/glm47flash/glm47flash-summarization-partial-r1-1788723981586/raman-fitting.easy__6d2yEQJ	glm47flash-summarization-partial-r1-1788723981586
terminalbench	main	glm47flash	d05__b3k__su-partial	sanitize-git-repo__summarization-partial__r1	sanitize-git-repo	summarization-partial	1	summarization_partial	3000	0.5	summary_failure_accounting	priority	0	CancelledError	False	2026-09-06T15:12:56.956216-05:00	ICLR_results/terminalbench/main/glm47flash/d05__b3k__su-partial/sanitize-git-repo/summarization-partial/run_1	logs/harbor_jobs/terminalbench/glm47flash/glm47flash-summarization-partial-r1-1788723981586/sanitize-git-repo__xNBmzEi	glm47flash-summarization-partial-r1-1788723981586
terminalbench	main	glm47flash	d05__b3k__su-partial	sanitize-git-repo.hard__summarization-partial__r1	sanitize-git-repo.hard	summarization-partial	1	summarization_partial	3000	0.5	summary_failure_accounting	priority	0	CancelledError	False	2026-09-06T15:54:41.382125-05:00	ICLR_results/terminalbench/main/glm47flash/d05__b3k__su-partial/sanitize-git-repo.hard/summarization-partial/run_1	logs/harbor_jobs/terminalbench/glm47flash/glm47flash-summarization-partial-r1-1788723981586/sanitize-git-repo.hard__FZSQ7sn	glm47flash-summarization-partial-r1-1788723981586
terminalbench	main	glm47flash	d05__b3k__su-partial	solana-data__summarization-partial__r1	solana-data	summarization-partial	1	summarization_partial	3000	0.5	summary_failure_accounting	priority	0	CancelledError	False	2026-09-06T14:54:27.687105-05:00	ICLR_results/terminalbench/main/glm47flash/d05__b3k__su-partial/solana-data/summarization-partial/run_1	logs/harbor_jobs/terminalbench/glm47flash/glm47flash-summarization-partial-r1-1788723981586/solana-data__nGa3Pif	glm47flash-summarization-partial-r1-1788723981586
terminalbench	main	glm47flash	d05__b3k__su-partial	sqlite-with-gcov__summarization-partial__r1	sqlite-with-gcov	summarization-partial	1	summarization_partial	3000	0.5	summary_failure_accounting	priority	0	CancelledError	False	2026-09-06T14:56:46.727674-05:00	ICLR_results/terminalbench/main/glm47flash/d05__b3k__su-partial/sqlite-with-gcov/summarization-partial/run_1	logs/harbor_jobs/terminalbench/glm47flash/glm47flash-summarization-partial-r1-1788723981586/sqlite-with-gcov__vkSfCEi	glm47flash-summarization-partial-r1-1788723981586
terminalbench	main	glm47flash	d05__b3k__su-partial	super-benchmark-upet__summarization-partial__r1	super-benchmark-upet	summarization-partial	1	summarization_partial	3000	0.5	summary_failure_accounting	priority	0	CancelledError	False	2026-09-06T15:20:48.736279-05:00	ICLR_results/terminalbench/main/glm47flash/d05__b3k__su-partial/super-benchmark-upet/summarization-partial/run_1	logs/harbor_jobs/terminalbench/glm47flash/glm47flash-summarization-partial-r1-1788723981586/super-benchmark-upet__s6YdKN4	glm47flash-summarization-partial-r1-1788723981586
terminalbench	main	glm47flash	d05__b3k__su-partial	swe-bench-astropy-2__summarization-partial__r1	swe-bench-astropy-2	summarization-partial	1	summarization_partial	3000	0.5	summary_failure_accounting	priority	0	CancelledError	False	2026-09-06T15:44:08.628632-05:00	ICLR_results/terminalbench/main/glm47flash/d05__b3k__su-partial/swe-bench-astropy-2/summarization-partial/run_1	logs/harbor_jobs/terminalbench/glm47flash/glm47flash-summarization-partial-r1-1788723981586/swe-bench-astropy-2__ppchn8p	glm47flash-summarization-partial-r1-1788723981586
terminalbench	main	glm47flash	d05__b3k__su-partial	swe-bench-fsspec__summarization-partial__r1	swe-bench-fsspec	summarization-partial	1	summarization_partial	3000	0.5	summary_related_response	probable	0	CancelledError	False	2026-09-06T15:13:44.970186-05:00	ICLR_results/terminalbench/main/glm47flash/d05__b3k__su-partial/swe-bench-fsspec/summarization-partial/run_1	logs/harbor_jobs/terminalbench/glm47flash/glm47flash-summarization-partial-r1-1788723981586/swe-bench-fsspec__XDUu53S	glm47flash-summarization-partial-r1-1788723981586
terminalbench	main	glm47flash	d05__b3k__su-partial	tmux-advanced-workflow__summarization-partial__r1	tmux-advanced-workflow	summarization-partial	1	summarization_partial	3000	0.5	summary_failure_accounting	priority	0	CancelledError	False	2026-09-06T14:46:23.116298-05:00	ICLR_results/terminalbench/main/glm47flash/d05__b3k__su-partial/tmux-advanced-workflow/summarization-partial/run_1	logs/harbor_jobs/terminalbench/glm47flash/glm47flash-summarization-partial-r1-1788723981586/tmux-advanced-workflow__DgrZpPn	glm47flash-summarization-partial-r1-1788723981586
terminalbench	main	glm47flash	d05__b3k__su-partial	write-compressor__summarization-partial__r1	write-compressor	summarization-partial	1	summarization_partial	3000	0.5	summary_failure_accounting	priority	0	CancelledError	False	2026-09-06T15:37:43.283062-05:00	ICLR_results/terminalbench/main/glm47flash/d05__b3k__su-partial/write-compressor/summarization-partial/run_1	logs/harbor_jobs/terminalbench/glm47flash/glm47flash-summarization-partial-r1-1788723981586/write-compressor__3bBubok	glm47flash-summarization-partial-r1-1788723981586
terminalbench	main	glm47flash	d05__b3k__su-partial	blind-maze-explorer-5x5__summarization-partial__r2	blind-maze-explorer-5x5	summarization-partial	2	summarization_partial	3000	0.5	summary_related_response	probable	0	CancelledError	False	2026-09-06T17:43:03.536778-05:00	ICLR_results/terminalbench/main/glm47flash/d05__b3k__su-partial/blind-maze-explorer-5x5/summarization-partial/run_2	logs/harbor_jobs/terminalbench/glm47flash/glm47flash-summarization-partial-r2-1788730000899/blind-maze-explorer-5x5__KzA6bCV	glm47flash-summarization-partial-r2-1788730000899
terminalbench	main	glm47flash	d05__b3k__su-partial	blind-maze-explorer-algorithm__summarization-partial__r2	blind-maze-explorer-algorithm	summarization-partial	2	summarization_partial	3000	0.5	summary_failure_accounting	priority	0	CancelledError	False	2026-09-06T17:01:14.575827-05:00	ICLR_results/terminalbench/main/glm47flash/d05__b3k__su-partial/blind-maze-explorer-algorithm/summarization-partial/run_2	logs/harbor_jobs/terminalbench/glm47flash/glm47flash-summarization-partial-r2-1788730000899/blind-maze-explorer-algorithm__AgpR4hT	glm47flash-summarization-partial-r2-1788730000899
terminalbench	main	glm47flash	d05__b3k__su-partial	cartpole-rl-training__summarization-partial__r2	cartpole-rl-training	summarization-partial	2	summarization_partial	3000	0.5	summary_failure_accounting	priority	0	CancelledError	False	2026-09-06T17:45:24.053084-05:00	ICLR_results/terminalbench/main/glm47flash/d05__b3k__su-partial/cartpole-rl-training/summarization-partial/run_2	logs/harbor_jobs/terminalbench/glm47flash/glm47flash-summarization-partial-r2-1788730000899/cartpole-rl-training__jsj5yHw	glm47flash-summarization-partial-r2-1788730000899
terminalbench	main	glm47flash	d05__b3k__su-partial	count-dataset-tokens__summarization-partial__r2	count-dataset-tokens	summarization-partial	2	summarization_partial	3000	0.5	summary_failure_accounting	priority	0	CancelledError	False	2026-09-06T16:33:07.738363-05:00	ICLR_results/terminalbench/main/glm47flash/d05__b3k__su-partial/count-dataset-tokens/summarization-partial/run_2	logs/harbor_jobs/terminalbench/glm47flash/glm47flash-summarization-partial-r2-1788730000899/count-dataset-tokens__5jme3a2	glm47flash-summarization-partial-r2-1788730000899
terminalbench	main	glm47flash	d05__b3k__su-partial	crack-7z-hash.hard__summarization-partial__r2	crack-7z-hash.hard	summarization-partial	2	summarization_partial	3000	0.5	summary_failure_accounting	priority	0	CancelledError	False	2026-09-06T17:23:02.165969-05:00	ICLR_results/terminalbench/main/glm47flash/d05__b3k__su-partial/crack-7z-hash.hard/summarization-partial/run_2	logs/harbor_jobs/terminalbench/glm47flash/glm47flash-summarization-partial-r2-1788730000899/crack-7z-hash.hard__SKKgpXi	glm47flash-summarization-partial-r2-1788730000899
terminalbench	main	glm47flash	d05__b3k__su-partial	csv-to-parquet__summarization-partial__r2	csv-to-parquet	summarization-partial	2	summarization_partial	3000	0.5	summary_failure_accounting	priority	0	CancelledError	False	2026-09-06T16:53:58.318487-05:00	ICLR_results/terminalbench/main/glm47flash/d05__b3k__su-partial/csv-to-parquet/summarization-partial/run_2	logs/harbor_jobs/terminalbench/glm47flash/glm47flash-summarization-partial-r2-1788730000899/csv-to-parquet__GTwPKzo	glm47flash-summarization-partial-r2-1788730000899
terminalbench	main	glm47flash	d05__b3k__su-partial	download-youtube__summarization-partial__r2	download-youtube	summarization-partial	2	summarization_partial	3000	0.5	summary_failure_accounting	priority	0	CancelledError	False	2026-09-06T17:29:25.182444-05:00	ICLR_results/terminalbench/main/glm47flash/d05__b3k__su-partial/download-youtube/summarization-partial/run_2	logs/harbor_jobs/terminalbench/glm47flash/glm47flash-summarization-partial-r2-1788730000899/download-youtube__YyvcXVf	glm47flash-summarization-partial-r2-1788730000899
terminalbench	main	glm47flash	d05__b3k__su-partial	eval-mteb__summarization-partial__r2	eval-mteb	summarization-partial	2	summarization_partial	3000	0.5	summary_failure_accounting	priority	0	CancelledError	False	2026-09-06T16:43:34.550410-05:00	ICLR_results/terminalbench/main/glm47flash/d05__b3k__su-partial/eval-mteb/summarization-partial/run_2	logs/harbor_jobs/terminalbench/glm47flash/glm47flash-summarization-partial-r2-1788730000899/eval-mteb__PsRhJzQ	glm47flash-summarization-partial-r2-1788730000899
terminalbench	main	glm47flash	d05__b3k__su-partial	eval-mteb.hard__summarization-partial__r2	eval-mteb.hard	summarization-partial	2	summarization_partial	3000	0.5	summary_failure_accounting	priority	0	CancelledError	False	2026-09-06T17:37:51.468640-05:00	ICLR_results/terminalbench/main/glm47flash/d05__b3k__su-partial/eval-mteb.hard/summarization-partial/run_2	logs/harbor_jobs/terminalbench/glm47flash/glm47flash-summarization-partial-r2-1788730000899/eval-mteb.hard__kRVTSEL	glm47flash-summarization-partial-r2-1788730000899
terminalbench	main	glm47flash	d05__b3k__su-partial	extract-moves-from-video__summarization-partial__r2	extract-moves-from-video	summarization-partial	2	summarization_partial	3000	0.5	summary_failure_accounting	priority	0	CancelledError	False	2026-09-06T17:06:05.019040-05:00	ICLR_results/terminalbench/main/glm47flash/d05__b3k__su-partial/extract-moves-from-video/summarization-partial/run_2	logs/harbor_jobs/terminalbench/glm47flash/glm47flash-summarization-partial-r2-1788730000899/extract-moves-from-video__z4xzcHP	glm47flash-summarization-partial-r2-1788730000899
terminalbench	main	glm47flash	d05__b3k__su-partial	fibonacci-server__summarization-partial__r2	fibonacci-server	summarization-partial	2	summarization_partial	3000	0.5	summary_failure_accounting	priority	0	CancelledError	False	2026-09-06T16:40:22.106945-05:00	ICLR_results/terminalbench/main/glm47flash/d05__b3k__su-partial/fibonacci-server/summarization-partial/run_2	logs/harbor_jobs/terminalbench/glm47flash/glm47flash-summarization-partial-r2-1788730000899/fibonacci-server__4mRk2nA	glm47flash-summarization-partial-r2-1788730000899
terminalbench	main	glm47flash	d05__b3k__su-partial	fix-git__summarization-partial__r2	fix-git	summarization-partial	2	summarization_partial	3000	0.5	summary_failure_accounting	priority	0	CancelledError	False	2026-09-06T17:16:39.056037-05:00	ICLR_results/terminalbench/main/glm47flash/d05__b3k__su-partial/fix-git/summarization-partial/run_2	logs/harbor_jobs/terminalbench/glm47flash/glm47flash-summarization-partial-r2-1788730000899/fix-git__THWRf46	glm47flash-summarization-partial-r2-1788730000899
terminalbench	main	glm47flash	d05__b3k__su-partial	fix-pandas-version__summarization-partial__r2	fix-pandas-version	summarization-partial	2	summarization_partial	3000	0.5	summary_failure_accounting	priority	0	CancelledError	False	2026-09-06T16:49:56.385644-05:00	ICLR_results/terminalbench/main/glm47flash/d05__b3k__su-partial/fix-pandas-version/summarization-partial/run_2	logs/harbor_jobs/terminalbench/glm47flash/glm47flash-summarization-partial-r2-1788730000899/fix-pandas-version__rAW87vE	glm47flash-summarization-partial-r2-1788730000899
terminalbench	main	glm47flash	d05__b3k__su-partial	git-workflow-hack__summarization-partial__r2	git-workflow-hack	summarization-partial	2	summarization_partial	3000	0.5	summary_failure_accounting	priority	0	CancelledError	False	2026-09-06T17:14:31.760945-05:00	ICLR_results/terminalbench/main/glm47flash/d05__b3k__su-partial/git-workflow-hack/summarization-partial/run_2	logs/harbor_jobs/terminalbench/glm47flash/glm47flash-summarization-partial-r2-1788730000899/git-workflow-hack__ktuKvPt	glm47flash-summarization-partial-r2-1788730000899
terminalbench	main	glm47flash	d05__b3k__su-partial	gpt2-codegolf__summarization-partial__r2	gpt2-codegolf	summarization-partial	2	summarization_partial	3000	0.5	summary_failure_accounting	priority	0	CancelledError	False	2026-09-06T16:43:30.683307-05:00	ICLR_results/terminalbench/main/glm47flash/d05__b3k__su-partial/gpt2-codegolf/summarization-partial/run_2	logs/harbor_jobs/terminalbench/glm47flash/glm47flash-summarization-partial-r2-1788730000899/gpt2-codegolf__PmNpfi7	glm47flash-summarization-partial-r2-1788730000899
terminalbench	main	glm47flash	d05__b3k__su-partial	heterogeneous-dates__summarization-partial__r2	heterogeneous-dates	summarization-partial	2	summarization_partial	3000	0.5	summary_failure_accounting	priority	0	Submitted	False	2026-09-06T17:51:48.200481-05:00	ICLR_results/terminalbench/main/glm47flash/d05__b3k__su-partial/heterogeneous-dates/summarization-partial/run_2	logs/harbor_jobs/terminalbench/glm47flash/glm47flash-summarization-partial-r2-1788730000899/heterogeneous-dates__8ooHAxM	glm47flash-summarization-partial-r2-1788730000899
terminalbench	main	glm47flash	d05__b3k__su-partial	hf-model-inference__summarization-partial__r2	hf-model-inference	summarization-partial	2	summarization_partial	3000	0.5	summary_failure_accounting	priority	0	CancelledError	False	2026-09-06T16:46:53.901209-05:00	ICLR_results/terminalbench/main/glm47flash/d05__b3k__su-partial/hf-model-inference/summarization-partial/run_2	logs/harbor_jobs/terminalbench/glm47flash/glm47flash-summarization-partial-r2-1788730000899/hf-model-inference__CKQ8yGE	glm47flash-summarization-partial-r2-1788730000899
terminalbench	main	glm47flash	d05__b3k__su-partial	incompatible-python-fasttext__summarization-partial__r2	incompatible-python-fasttext	summarization-partial	2	summarization_partial	3000	0.5	summary_failure_accounting	priority	0	CancelledError	False	2026-09-06T16:26:42.472375-05:00	ICLR_results/terminalbench/main/glm47flash/d05__b3k__su-partial/incompatible-python-fasttext/summarization-partial/run_2	logs/harbor_jobs/terminalbench/glm47flash/glm47flash-summarization-partial-r2-1788730000899/incompatible-python-fasttext__uUmNtVw	glm47flash-summarization-partial-r2-1788730000899
terminalbench	main	glm47flash	d05__b3k__su-partial	intrusion-detection__summarization-partial__r2	intrusion-detection	summarization-partial	2	summarization_partial	3000	0.5	summary_failure_accounting	priority	0	CancelledError	False	2026-09-06T17:13:56.410787-05:00	ICLR_results/terminalbench/main/glm47flash/d05__b3k__su-partial/intrusion-detection/summarization-partial/run_2	logs/harbor_jobs/terminalbench/glm47flash/glm47flash-summarization-partial-r2-1788730000899/intrusion-detection__hohT4BV	glm47flash-summarization-partial-r2-1788730000899
terminalbench	main	glm47flash	d05__b3k__su-partial	password-recovery__summarization-partial__r2	password-recovery	summarization-partial	2	summarization_partial	3000	0.5	summary_failure_accounting	priority	0	CancelledError	False	2026-09-06T17:21:00.491928-05:00	ICLR_results/terminalbench/main/glm47flash/d05__b3k__su-partial/password-recovery/summarization-partial/run_2	logs/harbor_jobs/terminalbench/glm47flash/glm47flash-summarization-partial-r2-1788730000899/password-recovery__ffZXSoj	glm47flash-summarization-partial-r2-1788730000899
terminalbench	main	glm47flash	d05__b3k__su-partial	path-tracing-reverse__summarization-partial__r2	path-tracing-reverse	summarization-partial	2	summarization_partial	3000	0.5	summary_failure_accounting	priority	0	CancelledError	False	2026-09-06T16:30:01.570024-05:00	ICLR_results/terminalbench/main/glm47flash/d05__b3k__su-partial/path-tracing-reverse/summarization-partial/run_2	logs/harbor_jobs/terminalbench/glm47flash/glm47flash-summarization-partial-r2-1788730000899/path-tracing-reverse__99jpryp	glm47flash-summarization-partial-r2-1788730000899
terminalbench	main	glm47flash	d05__b3k__su-partial	processing-pipeline__summarization-partial__r2	processing-pipeline	summarization-partial	2	summarization_partial	3000	0.5	summary_failure_accounting	priority	0	CancelledError	False	2026-09-06T16:59:40.229628-05:00	ICLR_results/terminalbench/main/glm47flash/d05__b3k__su-partial/processing-pipeline/summarization-partial/run_2	logs/harbor_jobs/terminalbench/glm47flash/glm47flash-summarization-partial-r2-1788730000899/processing-pipeline__oCxrj68	glm47flash-summarization-partial-r2-1788730000899
terminalbench	main	glm47flash	d05__b3k__su-partial	prove-plus-comm__summarization-partial__r2	prove-plus-comm	summarization-partial	2	summarization_partial	3000	0.5	tb_erasure_possible	probable	0	Submitted	False	2026-09-06T16:26:42.476562-05:00	ICLR_results/terminalbench/main/glm47flash/d05__b3k__su-partial/prove-plus-comm/summarization-partial/run_2	logs/harbor_jobs/terminalbench/glm47flash/glm47flash-summarization-partial-r2-1788730000899/prove-plus-comm__RdFt5rt	glm47flash-summarization-partial-r2-1788730000899
terminalbench	main	glm47flash	d05__b3k__su-partial	pytorch-model-cli.hard__summarization-partial__r2	pytorch-model-cli.hard	summarization-partial	2	summarization_partial	3000	0.5	summary_failure_accounting	priority	0	CancelledError	False	2026-09-06T16:33:12.285145-05:00	ICLR_results/terminalbench/main/glm47flash/d05__b3k__su-partial/pytorch-model-cli.hard/summarization-partial/run_2	logs/harbor_jobs/terminalbench/glm47flash/glm47flash-summarization-partial-r2-1788730000899/pytorch-model-cli.hard__EuAs9TW	glm47flash-summarization-partial-r2-1788730000899
terminalbench	main	glm47flash	d05__b3k__su-partial	qemu-alpine-ssh__summarization-partial__r2	qemu-alpine-ssh	summarization-partial	2	summarization_partial	3000	0.5	summary_failure_accounting	priority	0	CancelledError	False	2026-09-06T16:43:32.665322-05:00	ICLR_results/terminalbench/main/glm47flash/d05__b3k__su-partial/qemu-alpine-ssh/summarization-partial/run_2	logs/harbor_jobs/terminalbench/glm47flash/glm47flash-summarization-partial-r2-1788730000899/qemu-alpine-ssh__WZfFNsm	glm47flash-summarization-partial-r2-1788730000899
terminalbench	main	glm47flash	d05__b3k__su-partial	qemu-startup__summarization-partial__r2	qemu-startup	summarization-partial	2	summarization_partial	3000	0.5	summary_failure_accounting	priority	0	CancelledError	True	2026-09-06T17:27:24.560565-05:00	ICLR_results/terminalbench/main/glm47flash/d05__b3k__su-partial/qemu-startup/summarization-partial/run_2	logs/harbor_jobs/terminalbench/glm47flash/glm47flash-summarization-partial-r2-1788730000899/qemu-startup__fABHS8z	glm47flash-summarization-partial-r2-1788730000899
terminalbench	main	glm47flash	d05__b3k__su-partial	raman-fitting.easy__summarization-partial__r2	raman-fitting.easy	summarization-partial	2	summarization_partial	3000	0.5	summary_failure_accounting	priority	0	CancelledError	False	2026-09-06T16:26:42.467971-05:00	ICLR_results/terminalbench/main/glm47flash/d05__b3k__su-partial/raman-fitting.easy/summarization-partial/run_2	logs/harbor_jobs/terminalbench/glm47flash/glm47flash-summarization-partial-r2-1788730000899/raman-fitting.easy__BBwWAVc	glm47flash-summarization-partial-r2-1788730000899
terminalbench	main	glm47flash	d05__b3k__su-partial	sanitize-git-repo__summarization-partial__r2	sanitize-git-repo	summarization-partial	2	summarization_partial	3000	0.5	summary_failure_accounting	priority	0	CancelledError	False	2026-09-06T16:53:17.430542-05:00	ICLR_results/terminalbench/main/glm47flash/d05__b3k__su-partial/sanitize-git-repo/summarization-partial/run_2	logs/harbor_jobs/terminalbench/glm47flash/glm47flash-summarization-partial-r2-1788730000899/sanitize-git-repo__cdmW2oE	glm47flash-summarization-partial-r2-1788730000899
terminalbench	main	glm47flash	d05__b3k__su-partial	sanitize-git-repo.hard__summarization-partial__r2	sanitize-git-repo.hard	summarization-partial	2	summarization_partial	3000	0.5	summary_failure_accounting	priority	0	CancelledError	False	2026-09-06T17:35:48.637963-05:00	ICLR_results/terminalbench/main/glm47flash/d05__b3k__su-partial/sanitize-git-repo.hard/summarization-partial/run_2	logs/harbor_jobs/terminalbench/glm47flash/glm47flash-summarization-partial-r2-1788730000899/sanitize-git-repo.hard__fmc7ar4	glm47flash-summarization-partial-r2-1788730000899
terminalbench	main	glm47flash	d05__b3k__su-partial	solana-data__summarization-partial__r2	solana-data	summarization-partial	2	summarization_partial	3000	0.5	summary_failure_accounting	priority	0	CancelledError	False	2026-09-06T16:37:01.930111-05:00	ICLR_results/terminalbench/main/glm47flash/d05__b3k__su-partial/solana-data/summarization-partial/run_2	logs/harbor_jobs/terminalbench/glm47flash/glm47flash-summarization-partial-r2-1788730000899/solana-data__uWSJB2q	glm47flash-summarization-partial-r2-1788730000899
terminalbench	main	glm47flash	d05__b3k__su-partial	sqlite-with-gcov__summarization-partial__r2	sqlite-with-gcov	summarization-partial	2	summarization_partial	3000	0.5	summary_failure_accounting	priority	0	CancelledError	False	2026-09-06T16:37:05.657147-05:00	ICLR_results/terminalbench/main/glm47flash/d05__b3k__su-partial/sqlite-with-gcov/summarization-partial/run_2	logs/harbor_jobs/terminalbench/glm47flash/glm47flash-summarization-partial-r2-1788730000899/sqlite-with-gcov__qHYa32T	glm47flash-summarization-partial-r2-1788730000899
terminalbench	main	glm47flash	d05__b3k__su-partial	super-benchmark-upet__summarization-partial__r2	super-benchmark-upet	summarization-partial	2	summarization_partial	3000	0.5	summary_failure_accounting	priority	0	CancelledError	False	2026-09-06T17:12:30.093317-05:00	ICLR_results/terminalbench/main/glm47flash/d05__b3k__su-partial/super-benchmark-upet/summarization-partial/run_2	logs/harbor_jobs/terminalbench/glm47flash/glm47flash-summarization-partial-r2-1788730000899/super-benchmark-upet__JhkcT9K	glm47flash-summarization-partial-r2-1788730000899
terminalbench	main	glm47flash	d05__b3k__su-partial	swe-bench-astropy-2__summarization-partial__r2	swe-bench-astropy-2	summarization-partial	2	summarization_partial	3000	0.5	summary_failure_accounting	priority	0	CancelledError	False	2026-09-06T17:26:50.730213-05:00	ICLR_results/terminalbench/main/glm47flash/d05__b3k__su-partial/swe-bench-astropy-2/summarization-partial/run_2	logs/harbor_jobs/terminalbench/glm47flash/glm47flash-summarization-partial-r2-1788730000899/swe-bench-astropy-2__zzfY9FX	glm47flash-summarization-partial-r2-1788730000899
terminalbench	main	glm47flash	d05__b3k__su-partial	swe-bench-fsspec__summarization-partial__r2	swe-bench-fsspec	summarization-partial	2	summarization_partial	3000	0.5	summary_failure_accounting	priority	0	CancelledError	False	2026-09-06T16:56:15.462146-05:00	ICLR_results/terminalbench/main/glm47flash/d05__b3k__su-partial/swe-bench-fsspec/summarization-partial/run_2	logs/harbor_jobs/terminalbench/glm47flash/glm47flash-summarization-partial-r2-1788730000899/swe-bench-fsspec__cW6yNpt	glm47flash-summarization-partial-r2-1788730000899
terminalbench	main	glm47flash	d05__b3k__su-partial	tmux-advanced-workflow__summarization-partial__r2	tmux-advanced-workflow	summarization-partial	2	summarization_partial	3000	0.5	summary_failure_accounting	priority	0	CancelledError	False	2026-09-06T16:26:42.419959-05:00	ICLR_results/terminalbench/main/glm47flash/d05__b3k__su-partial/tmux-advanced-workflow/summarization-partial/run_2	logs/harbor_jobs/terminalbench/glm47flash/glm47flash-summarization-partial-r2-1788730000899/tmux-advanced-workflow__viNx8No	glm47flash-summarization-partial-r2-1788730000899
terminalbench	main	glm47flash	d05__b3k__su-partial	write-compressor__summarization-partial__r2	write-compressor	summarization-partial	2	summarization_partial	3000	0.5	summary_failure_accounting	priority	0	CancelledError	False	2026-09-06T17:20:26.661261-05:00	ICLR_results/terminalbench/main/glm47flash/d05__b3k__su-partial/write-compressor/summarization-partial/run_2	logs/harbor_jobs/terminalbench/glm47flash/glm47flash-summarization-partial-r2-1788730000899/write-compressor__k9QCWs3	glm47flash-summarization-partial-r2-1788730000899
terminalbench	main	glm47flash	d05__b3k__su-partial	blind-maze-explorer-5x5__summarization-partial__r3	blind-maze-explorer-5x5	summarization-partial	3	summarization_partial	3000	0.5	summary_failure_accounting	priority	0	CancelledError	False	2026-09-06T19:24:38.632323-05:00	ICLR_results/terminalbench/main/glm47flash/d05__b3k__su-partial/blind-maze-explorer-5x5/summarization-partial/run_3	logs/harbor_jobs/terminalbench/glm47flash/glm47flash-summarization-partial-r3-1788736098714/blind-maze-explorer-5x5__jYQGLB9	glm47flash-summarization-partial-r3-1788736098714
terminalbench	main	glm47flash	d05__b3k__su-partial	blind-maze-explorer-algorithm__summarization-partial__r3	blind-maze-explorer-algorithm	summarization-partial	3	summarization_partial	3000	0.5	summary_failure_accounting	priority	0	CancelledError	False	2026-09-06T18:42:43.482821-05:00	ICLR_results/terminalbench/main/glm47flash/d05__b3k__su-partial/blind-maze-explorer-algorithm/summarization-partial/run_3	logs/harbor_jobs/terminalbench/glm47flash/glm47flash-summarization-partial-r3-1788736098714/blind-maze-explorer-algorithm__SVGRuFB	glm47flash-summarization-partial-r3-1788736098714
terminalbench	main	glm47flash	d05__b3k__su-partial	cartpole-rl-training__summarization-partial__r3	cartpole-rl-training	summarization-partial	3	summarization_partial	3000	0.5	summary_failure_accounting	priority	0	CancelledError	False	2026-09-06T19:26:45.881694-05:00	ICLR_results/terminalbench/main/glm47flash/d05__b3k__su-partial/cartpole-rl-training/summarization-partial/run_3	logs/harbor_jobs/terminalbench/glm47flash/glm47flash-summarization-partial-r3-1788736098714/cartpole-rl-training__R9yrkdj	glm47flash-summarization-partial-r3-1788736098714
terminalbench	main	glm47flash	d05__b3k__su-partial	count-dataset-tokens__summarization-partial__r3	count-dataset-tokens	summarization-partial	3	summarization_partial	3000	0.5	summary_failure_accounting	priority	0	CancelledError	False	2026-09-06T18:14:48.914595-05:00	ICLR_results/terminalbench/main/glm47flash/d05__b3k__su-partial/count-dataset-tokens/summarization-partial/run_3	logs/harbor_jobs/terminalbench/glm47flash/glm47flash-summarization-partial-r3-1788736098714/count-dataset-tokens__FkqEaEE	glm47flash-summarization-partial-r3-1788736098714
terminalbench	main	glm47flash	d05__b3k__su-partial	crack-7z-hash.hard__summarization-partial__r3	crack-7z-hash.hard	summarization-partial	3	summarization_partial	3000	0.5	summary_failure_accounting	priority	0	CancelledError	False	2026-09-06T19:04:36.358814-05:00	ICLR_results/terminalbench/main/glm47flash/d05__b3k__su-partial/crack-7z-hash.hard/summarization-partial/run_3	logs/harbor_jobs/terminalbench/glm47flash/glm47flash-summarization-partial-r3-1788736098714/crack-7z-hash.hard__mfWQTxB	glm47flash-summarization-partial-r3-1788736098714
terminalbench	main	glm47flash	d05__b3k__su-partial	csv-to-parquet__summarization-partial__r3	csv-to-parquet	summarization-partial	3	summarization_partial	3000	0.5	summary_failure_accounting	priority	0	CancelledError	False	2026-09-06T18:36:18.985924-05:00	ICLR_results/terminalbench/main/glm47flash/d05__b3k__su-partial/csv-to-parquet/summarization-partial/run_3	logs/harbor_jobs/terminalbench/glm47flash/glm47flash-summarization-partial-r3-1788736098714/csv-to-parquet__ULJjiph	glm47flash-summarization-partial-r3-1788736098714
terminalbench	main	glm47flash	d05__b3k__su-partial	download-youtube__summarization-partial__r3	download-youtube	summarization-partial	3	summarization_partial	3000	0.5	summary_failure_accounting	priority	0	CancelledError	False	2026-09-06T19:11:00.449455-05:00	ICLR_results/terminalbench/main/glm47flash/d05__b3k__su-partial/download-youtube/summarization-partial/run_3	logs/harbor_jobs/terminalbench/glm47flash/glm47flash-summarization-partial-r3-1788736098714/download-youtube__udE3bGi	glm47flash-summarization-partial-r3-1788736098714
terminalbench	main	glm47flash	d05__b3k__su-partial	eval-mteb__summarization-partial__r3	eval-mteb	summarization-partial	3	summarization_partial	3000	0.5	summary_failure_accounting	priority	0	Submitted	True	2026-09-06T18:27:42.098375-05:00	ICLR_results/terminalbench/main/glm47flash/d05__b3k__su-partial/eval-mteb/summarization-partial/run_3	logs/harbor_jobs/terminalbench/glm47flash/glm47flash-summarization-partial-r3-1788736098714/eval-mteb__YuKQb4B	glm47flash-summarization-partial-r3-1788736098714
terminalbench	main	glm47flash	d05__b3k__su-partial	eval-mteb.hard__summarization-partial__r3	eval-mteb.hard	summarization-partial	3	summarization_partial	3000	0.5	summary_related_response	probable	0	CancelledError	False	2026-09-06T19:19:06.089235-05:00	ICLR_results/terminalbench/main/glm47flash/d05__b3k__su-partial/eval-mteb.hard/summarization-partial/run_3	logs/harbor_jobs/terminalbench/glm47flash/glm47flash-summarization-partial-r3-1788736098714/eval-mteb.hard__Fg7UBqp	glm47flash-summarization-partial-r3-1788736098714
terminalbench	main	glm47flash	d05__b3k__su-partial	extract-moves-from-video__summarization-partial__r3	extract-moves-from-video	summarization-partial	3	summarization_partial	3000	0.5	summary_failure_accounting	priority	0	CancelledError	False	2026-09-06T18:43:21.763455-05:00	ICLR_results/terminalbench/main/glm47flash/d05__b3k__su-partial/extract-moves-from-video/summarization-partial/run_3	logs/harbor_jobs/terminalbench/glm47flash/glm47flash-summarization-partial-r3-1788736098714/extract-moves-from-video__Xxz9hv5	glm47flash-summarization-partial-r3-1788736098714
terminalbench	main	glm47flash	d05__b3k__su-partial	fibonacci-server__summarization-partial__r3	fibonacci-server	summarization-partial	3	summarization_partial	3000	0.5	summary_failure_accounting	priority	0	CancelledError	False	2026-09-06T18:22:12.439736-05:00	ICLR_results/terminalbench/main/glm47flash/d05__b3k__su-partial/fibonacci-server/summarization-partial/run_3	logs/harbor_jobs/terminalbench/glm47flash/glm47flash-summarization-partial-r3-1788736098714/fibonacci-server__PMUfaup	glm47flash-summarization-partial-r3-1788736098714
terminalbench	main	glm47flash	d05__b3k__su-partial	fix-git__summarization-partial__r3	fix-git	summarization-partial	3	summarization_partial	3000	0.5	summary_failure_accounting	priority	0	CancelledError	False	2026-09-06T18:58:12.676356-05:00	ICLR_results/terminalbench/main/glm47flash/d05__b3k__su-partial/fix-git/summarization-partial/run_3	logs/harbor_jobs/terminalbench/glm47flash/glm47flash-summarization-partial-r3-1788736098714/fix-git__d2hxv2m	glm47flash-summarization-partial-r3-1788736098714
terminalbench	main	glm47flash	d05__b3k__su-partial	fix-pandas-version__summarization-partial__r3	fix-pandas-version	summarization-partial	3	summarization_partial	3000	0.5	summary_failure_accounting	priority	0	CancelledError	False	2026-09-06T18:31:39.722103-05:00	ICLR_results/terminalbench/main/glm47flash/d05__b3k__su-partial/fix-pandas-version/summarization-partial/run_3	logs/harbor_jobs/terminalbench/glm47flash/glm47flash-summarization-partial-r3-1788736098714/fix-pandas-version__6KKjaF3	glm47flash-summarization-partial-r3-1788736098714
terminalbench	main	glm47flash	d05__b3k__su-partial	git-workflow-hack__summarization-partial__r3	git-workflow-hack	summarization-partial	3	summarization_partial	3000	0.5	summary_failure_accounting	priority	0	CancelledError	False	2026-09-06T18:55:43.690047-05:00	ICLR_results/terminalbench/main/glm47flash/d05__b3k__su-partial/git-workflow-hack/summarization-partial/run_3	logs/harbor_jobs/terminalbench/glm47flash/glm47flash-summarization-partial-r3-1788736098714/git-workflow-hack__jG2htxh	glm47flash-summarization-partial-r3-1788736098714
terminalbench	main	glm47flash	d05__b3k__su-partial	gpt2-codegolf__summarization-partial__r3	gpt2-codegolf	summarization-partial	3	summarization_partial	3000	0.5	summary_failure_accounting	priority	0	CancelledError	False	2026-09-06T18:25:13.799912-05:00	ICLR_results/terminalbench/main/glm47flash/d05__b3k__su-partial/gpt2-codegolf/summarization-partial/run_3	logs/harbor_jobs/terminalbench/glm47flash/glm47flash-summarization-partial-r3-1788736098714/gpt2-codegolf__52Z9nvS	glm47flash-summarization-partial-r3-1788736098714
terminalbench	main	glm47flash	d05__b3k__su-partial	heterogeneous-dates__summarization-partial__r3	heterogeneous-dates	summarization-partial	3	summarization_partial	3000	0.5	summary_failure_accounting	priority	0	Submitted	True	2026-09-06T19:30:11.663037-05:00	ICLR_results/terminalbench/main/glm47flash/d05__b3k__su-partial/heterogeneous-dates/summarization-partial/run_3	logs/harbor_jobs/terminalbench/glm47flash/glm47flash-summarization-partial-r3-1788736098714/heterogeneous-dates__hZNB2fU	glm47flash-summarization-partial-r3-1788736098714
terminalbench	main	glm47flash	d05__b3k__su-partial	hf-model-inference__summarization-partial__r3	hf-model-inference	summarization-partial	3	summarization_partial	3000	0.5	summary_failure_accounting	priority	0	Submitted	False	2026-09-06T18:28:43.196890-05:00	ICLR_results/terminalbench/main/glm47flash/d05__b3k__su-partial/hf-model-inference/summarization-partial/run_3	logs/harbor_jobs/terminalbench/glm47flash/glm47flash-summarization-partial-r3-1788736098714/hf-model-inference__HPdKDoq	glm47flash-summarization-partial-r3-1788736098714
terminalbench	main	glm47flash	d05__b3k__su-partial	incompatible-python-fasttext__summarization-partial__r3	incompatible-python-fasttext	summarization-partial	3	summarization_partial	3000	0.5	summary_failure_accounting	priority	0	CancelledError	False	2026-09-06T18:08:20.342204-05:00	ICLR_results/terminalbench/main/glm47flash/d05__b3k__su-partial/incompatible-python-fasttext/summarization-partial/run_3	logs/harbor_jobs/terminalbench/glm47flash/glm47flash-summarization-partial-r3-1788736098714/incompatible-python-fasttext__5NhZwQ2	glm47flash-summarization-partial-r3-1788736098714
terminalbench	main	glm47flash	d05__b3k__su-partial	intrusion-detection__summarization-partial__r3	intrusion-detection	summarization-partial	3	summarization_partial	3000	0.5	summary_failure_accounting	priority	0	CancelledError	False	2026-09-06T18:55:11.752886-05:00	ICLR_results/terminalbench/main/glm47flash/d05__b3k__su-partial/intrusion-detection/summarization-partial/run_3	logs/harbor_jobs/terminalbench/glm47flash/glm47flash-summarization-partial-r3-1788736098714/intrusion-detection__KMtqkWj	glm47flash-summarization-partial-r3-1788736098714
terminalbench	main	glm47flash	d05__b3k__su-partial	password-recovery__summarization-partial__r3	password-recovery	summarization-partial	3	summarization_partial	3000	0.5	summary_failure_accounting	priority	0	CancelledError	False	2026-09-06T19:02:10.432271-05:00	ICLR_results/terminalbench/main/glm47flash/d05__b3k__su-partial/password-recovery/summarization-partial/run_3	logs/harbor_jobs/terminalbench/glm47flash/glm47flash-summarization-partial-r3-1788736098714/password-recovery__PttYhuw	glm47flash-summarization-partial-r3-1788736098714
terminalbench	main	glm47flash	d05__b3k__su-partial	path-tracing-reverse__summarization-partial__r3	path-tracing-reverse	summarization-partial	3	summarization_partial	3000	0.5	summary_failure_accounting	priority	0	CancelledError	False	2026-09-06T18:14:45.846147-05:00	ICLR_results/terminalbench/main/glm47flash/d05__b3k__su-partial/path-tracing-reverse/summarization-partial/run_3	logs/harbor_jobs/terminalbench/glm47flash/glm47flash-summarization-partial-r3-1788736098714/path-tracing-reverse__Mh5Dbk3	glm47flash-summarization-partial-r3-1788736098714
terminalbench	main	glm47flash	d05__b3k__su-partial	processing-pipeline__summarization-partial__r3	processing-pipeline	summarization-partial	3	summarization_partial	3000	0.5	summary_failure_accounting	priority	0	Submitted	False	2026-09-06T18:39:00.539724-05:00	ICLR_results/terminalbench/main/glm47flash/d05__b3k__su-partial/processing-pipeline/summarization-partial/run_3	logs/harbor_jobs/terminalbench/glm47flash/glm47flash-summarization-partial-r3-1788736098714/processing-pipeline__LRG3gkb	glm47flash-summarization-partial-r3-1788736098714
terminalbench	main	glm47flash	d05__b3k__su-partial	prove-plus-comm__summarization-partial__r3	prove-plus-comm	summarization-partial	3	summarization_partial	3000	0.5	summary_failure_accounting	priority	0	CancelledError	False	2026-09-06T18:08:20.346391-05:00	ICLR_results/terminalbench/main/glm47flash/d05__b3k__su-partial/prove-plus-comm/summarization-partial/run_3	logs/harbor_jobs/terminalbench/glm47flash/glm47flash-summarization-partial-r3-1788736098714/prove-plus-comm__ZmR57yJ	glm47flash-summarization-partial-r3-1788736098714
terminalbench	main	glm47flash	d05__b3k__su-partial	pytorch-model-cli.hard__summarization-partial__r3	pytorch-model-cli.hard	summarization-partial	3	summarization_partial	3000	0.5	summary_failure_accounting	priority	0	CancelledError	False	2026-09-06T18:14:50.574232-05:00	ICLR_results/terminalbench/main/glm47flash/d05__b3k__su-partial/pytorch-model-cli.hard/summarization-partial/run_3	logs/harbor_jobs/terminalbench/glm47flash/glm47flash-summarization-partial-r3-1788736098714/pytorch-model-cli.hard__mzrmHx9	glm47flash-summarization-partial-r3-1788736098714
terminalbench	main	glm47flash	d05__b3k__su-partial	qemu-alpine-ssh__summarization-partial__r3	qemu-alpine-ssh	summarization-partial	3	summarization_partial	3000	0.5	summary_failure_accounting	priority	0	CancelledError	False	2026-09-06T18:25:53.195958-05:00	ICLR_results/terminalbench/main/glm47flash/d05__b3k__su-partial/qemu-alpine-ssh/summarization-partial/run_3	logs/harbor_jobs/terminalbench/glm47flash/glm47flash-summarization-partial-r3-1788736098714/qemu-alpine-ssh__khy3gZu	glm47flash-summarization-partial-r3-1788736098714
terminalbench	main	glm47flash	d05__b3k__su-partial	qemu-startup__summarization-partial__r3	qemu-startup	summarization-partial	3	summarization_partial	3000	0.5	summary_failure_accounting	priority	0	CancelledError	False	2026-09-06T19:08:39.415490-05:00	ICLR_results/terminalbench/main/glm47flash/d05__b3k__su-partial/qemu-startup/summarization-partial/run_3	logs/harbor_jobs/terminalbench/glm47flash/glm47flash-summarization-partial-r3-1788736098714/qemu-startup__XsaBbtM	glm47flash-summarization-partial-r3-1788736098714
terminalbench	main	glm47flash	d05__b3k__su-partial	raman-fitting.easy__summarization-partial__r3	raman-fitting.easy	summarization-partial	3	summarization_partial	3000	0.5	summary_failure_accounting	priority	0	CancelledError	False	2026-09-06T18:08:20.337818-05:00	ICLR_results/terminalbench/main/glm47flash/d05__b3k__su-partial/raman-fitting.easy/summarization-partial/run_3	logs/harbor_jobs/terminalbench/glm47flash/glm47flash-summarization-partial-r3-1788736098714/raman-fitting.easy__GrQETms	glm47flash-summarization-partial-r3-1788736098714
terminalbench	main	glm47flash	d05__b3k__su-partial	sanitize-git-repo__summarization-partial__r3	sanitize-git-repo	summarization-partial	3	summarization_partial	3000	0.5	summary_failure_accounting	priority	0	CancelledError	False	2026-09-06T18:32:37.431496-05:00	ICLR_results/terminalbench/main/glm47flash/d05__b3k__su-partial/sanitize-git-repo/summarization-partial/run_3	logs/harbor_jobs/terminalbench/glm47flash/glm47flash-summarization-partial-r3-1788736098714/sanitize-git-repo__XfGhtcM	glm47flash-summarization-partial-r3-1788736098714
terminalbench	main	glm47flash	d05__b3k__su-partial	sanitize-git-repo.hard__summarization-partial__r3	sanitize-git-repo.hard	summarization-partial	3	summarization_partial	3000	0.5	summary_failure_accounting	priority	0	CancelledError	False	2026-09-06T19:17:27.279051-05:00	ICLR_results/terminalbench/main/glm47flash/d05__b3k__su-partial/sanitize-git-repo.hard/summarization-partial/run_3	logs/harbor_jobs/terminalbench/glm47flash/glm47flash-summarization-partial-r3-1788736098714/sanitize-git-repo.hard__SpTaCdn	glm47flash-summarization-partial-r3-1788736098714
terminalbench	main	glm47flash	d05__b3k__su-partial	solana-data__summarization-partial__r3	solana-data	summarization-partial	3	summarization_partial	3000	0.5	summary_failure_accounting	priority	0	CancelledError	False	2026-09-06T18:19:21.885476-05:00	ICLR_results/terminalbench/main/glm47flash/d05__b3k__su-partial/solana-data/summarization-partial/run_3	logs/harbor_jobs/terminalbench/glm47flash/glm47flash-summarization-partial-r3-1788736098714/solana-data__b8jFPsp	glm47flash-summarization-partial-r3-1788736098714
terminalbench	main	glm47flash	d05__b3k__su-partial	sqlite-with-gcov__summarization-partial__r3	sqlite-with-gcov	summarization-partial	3	summarization_partial	3000	0.5	summary_failure_accounting	priority	0	CancelledError	False	2026-09-06T18:21:18.519483-05:00	ICLR_results/terminalbench/main/glm47flash/d05__b3k__su-partial/sqlite-with-gcov/summarization-partial/run_3	logs/harbor_jobs/terminalbench/glm47flash/glm47flash-summarization-partial-r3-1788736098714/sqlite-with-gcov__qsAUhev	glm47flash-summarization-partial-r3-1788736098714
terminalbench	main	glm47flash	d05__b3k__su-partial	super-benchmark-upet__summarization-partial__r3	super-benchmark-upet	summarization-partial	3	summarization_partial	3000	0.5	summary_failure_accounting	priority	0	CancelledError	False	2026-09-06T18:49:47.957604-05:00	ICLR_results/terminalbench/main/glm47flash/d05__b3k__su-partial/super-benchmark-upet/summarization-partial/run_3	logs/harbor_jobs/terminalbench/glm47flash/glm47flash-summarization-partial-r3-1788736098714/super-benchmark-upet__pN9BLL9	glm47flash-summarization-partial-r3-1788736098714
terminalbench	main	glm47flash	d05__b3k__su-partial	swe-bench-astropy-2__summarization-partial__r3	swe-bench-astropy-2	summarization-partial	3	summarization_partial	3000	0.5	summary_failure_accounting	priority	0	CancelledError	False	2026-09-06T19:08:07.128998-05:00	ICLR_results/terminalbench/main/glm47flash/d05__b3k__su-partial/swe-bench-astropy-2/summarization-partial/run_3	logs/harbor_jobs/terminalbench/glm47flash/glm47flash-summarization-partial-r3-1788736098714/swe-bench-astropy-2__foLWarW	glm47flash-summarization-partial-r3-1788736098714
terminalbench	main	glm47flash	d05__b3k__su-partial	swe-bench-fsspec__summarization-partial__r3	swe-bench-fsspec	summarization-partial	3	summarization_partial	3000	0.5	summary_failure_accounting	priority	0	CancelledError	False	2026-09-06T18:38:08.204962-05:00	ICLR_results/terminalbench/main/glm47flash/d05__b3k__su-partial/swe-bench-fsspec/summarization-partial/run_3	logs/harbor_jobs/terminalbench/glm47flash/glm47flash-summarization-partial-r3-1788736098714/swe-bench-fsspec__HNSLc6j	glm47flash-summarization-partial-r3-1788736098714
terminalbench	main	glm47flash	d05__b3k__su-partial	tmux-advanced-workflow__summarization-partial__r3	tmux-advanced-workflow	summarization-partial	3	summarization_partial	3000	0.5	summary_failure_accounting	priority	0	CancelledError	False	2026-09-06T18:08:20.292502-05:00	ICLR_results/terminalbench/main/glm47flash/d05__b3k__su-partial/tmux-advanced-workflow/summarization-partial/run_3	logs/harbor_jobs/terminalbench/glm47flash/glm47flash-summarization-partial-r3-1788736098714/tmux-advanced-workflow__84fpAom	glm47flash-summarization-partial-r3-1788736098714
terminalbench	main	glm47flash	d05__b3k__su-partial	write-compressor__summarization-partial__r3	write-compressor	summarization-partial	3	summarization_partial	3000	0.5	summary_failure_accounting	priority	0	CancelledError	False	2026-09-06T19:01:39.429457-05:00	ICLR_results/terminalbench/main/glm47flash/d05__b3k__su-partial/write-compressor/summarization-partial/run_3	logs/harbor_jobs/terminalbench/glm47flash/glm47flash-summarization-partial-r3-1788736098714/write-compressor__emSQGjN	glm47flash-summarization-partial-r3-1788736098714
terminalbench	main	glm47flash	di__b3k__trc-ss	eval-mteb__trc-ss__r1	eval-mteb	trc-ss	1	trc_structured_summarize	3000	0.5	tb_erasure_possible	probable	0	Submitted	True	2026-09-07T13:03:28.612299-05:00	ICLR_results/terminalbench/main/glm47flash/di__b3k__trc-ss/eval-mteb/trc-ss/run_1	logs/harbor_jobs/terminalbench/glm47flash/glm47flash-trc-ss-r1-1788803195984/eval-mteb__yMoJ6zX	glm47flash-trc-ss-r1-1788803195984
terminalbench	main	glm47flash	di__b3k__trc-ss	heterogeneous-dates__trc-ss__r1	heterogeneous-dates	trc-ss	1	trc_structured_summarize	3000	0.5	tb_erasure_possible	probable	0	Submitted	False	2026-09-07T14:03:43.034012-05:00	ICLR_results/terminalbench/main/glm47flash/di__b3k__trc-ss/heterogeneous-dates/trc-ss/run_1	logs/harbor_jobs/terminalbench/glm47flash/glm47flash-trc-ss-r1-1788803195984/heterogeneous-dates__ELy4gfi	glm47flash-trc-ss-r1-1788803195984
terminalbench	main	glm47flash	di__b3k__trc-ss	intrusion-detection__trc-ss__r1	intrusion-detection	trc-ss	1	trc_structured_summarize	3000	0.5	tb_erasure_possible	probable	0	CancelledError	False	2026-09-07T13:26:45.677317-05:00	ICLR_results/terminalbench/main/glm47flash/di__b3k__trc-ss/intrusion-detection/trc-ss/run_1	logs/harbor_jobs/terminalbench/glm47flash/glm47flash-trc-ss-r1-1788803195984/intrusion-detection__SKcux25	glm47flash-trc-ss-r1-1788803195984
terminalbench	main	glm47flash	di__b3k__trc-ss	password-recovery__trc-ss__r1	password-recovery	trc-ss	1	trc_structured_summarize	3000	0.5	tb_erasure_possible	probable	0	CancelledError	False	2026-09-07T13:34:05.990668-05:00	ICLR_results/terminalbench/main/glm47flash/di__b3k__trc-ss/password-recovery/trc-ss/run_1	logs/harbor_jobs/terminalbench/glm47flash/glm47flash-trc-ss-r1-1788803195984/password-recovery__n4JNaa3	glm47flash-trc-ss-r1-1788803195984
terminalbench	main	glm47flash	di__b3k__trc-ss	prove-plus-comm__trc-ss__r1	prove-plus-comm	trc-ss	1	trc_structured_summarize	3000	0.5	tb_erasure_possible	probable	0	Submitted	False	2026-09-07T12:46:37.517250-05:00	ICLR_results/terminalbench/main/glm47flash/di__b3k__trc-ss/prove-plus-comm/trc-ss/run_1	logs/harbor_jobs/terminalbench/glm47flash/glm47flash-trc-ss-r1-1788803195984/prove-plus-comm__cZU2m2Y	glm47flash-trc-ss-r1-1788803195984
terminalbench	main	glm47flash	di__b3k__trc-ss	qemu-alpine-ssh__trc-ss__r1	qemu-alpine-ssh	trc-ss	1	trc_structured_summarize	3000	0.5	tb_erasure_possible	probable	0	CancelledError	False	2026-09-07T13:02:40.092677-05:00	ICLR_results/terminalbench/main/glm47flash/di__b3k__trc-ss/qemu-alpine-ssh/trc-ss/run_1	logs/harbor_jobs/terminalbench/glm47flash/glm47flash-trc-ss-r1-1788803195984/qemu-alpine-ssh__gbLoWFp	glm47flash-trc-ss-r1-1788803195984
terminalbench	main	glm47flash	di__b3k__trc-ss	raman-fitting.easy__trc-ss__r1	raman-fitting.easy	trc-ss	1	trc_structured_summarize	3000	0.5	summary_failure_accounting	priority	0	CancelledError	False	2026-09-07T12:46:37.508657-05:00	ICLR_results/terminalbench/main/glm47flash/di__b3k__trc-ss/raman-fitting.easy/trc-ss/run_1	logs/harbor_jobs/terminalbench/glm47flash/glm47flash-trc-ss-r1-1788803195984/raman-fitting.easy__RedNURp	glm47flash-trc-ss-r1-1788803195984
terminalbench	main	glm47flash	di__b3k__trc-ss	sanitize-git-repo.hard__trc-ss__r1	sanitize-git-repo.hard	trc-ss	1	trc_structured_summarize	3000	0.5	summary_failure_accounting	priority	0	CancelledError	False	2026-09-07T13:47:00.702917-05:00	ICLR_results/terminalbench/main/glm47flash/di__b3k__trc-ss/sanitize-git-repo.hard/trc-ss/run_1	logs/harbor_jobs/terminalbench/glm47flash/glm47flash-trc-ss-r1-1788803195984/sanitize-git-repo.hard__oKnkayV	glm47flash-trc-ss-r1-1788803195984
terminalbench	main	glm47flash	di__b3k__trc-ss	sqlite-with-gcov__trc-ss__r1	sqlite-with-gcov	trc-ss	1	trc_structured_summarize	3000	0.5	tb_erasure_possible	probable	0	Submitted	False	2026-09-07T12:57:01.329689-05:00	ICLR_results/terminalbench/main/glm47flash/di__b3k__trc-ss/sqlite-with-gcov/trc-ss/run_1	logs/harbor_jobs/terminalbench/glm47flash/glm47flash-trc-ss-r1-1788803195984/sqlite-with-gcov__KJBp7ga	glm47flash-trc-ss-r1-1788803195984
terminalbench	main	glm47flash	di__b3k__trc-ss	crack-7z-hash.hard__trc-ss__r2	crack-7z-hash.hard	trc-ss	2	trc_structured_summarize	3000	0.5	tb_erasure_possible	probable	0	CancelledError	False	2026-09-07T15:11:51.345852-05:00	ICLR_results/terminalbench/main/glm47flash/di__b3k__trc-ss/crack-7z-hash.hard/trc-ss/run_2	logs/harbor_jobs/terminalbench/glm47flash/glm47flash-trc-ss-r2-1788808824808/crack-7z-hash.hard__Z4Fn4sU	glm47flash-trc-ss-r2-1788808824808
terminalbench	main	glm47flash	di__b3k__trc-ss	decommissioning-service-with-sensitive-data__trc-ss__r2	decommissioning-service-with-sensitive-data	trc-ss	2	trc_structured_summarize	3000	0.5	tb_unverifiable	probable	0	Submitted	False	2026-09-07T15:27:25.448532-05:00	ICLR_results/terminalbench/main/glm47flash/di__b3k__trc-ss/decommissioning-service-with-sensitive-data/trc-ss/run_2	logs/harbor_jobs/terminalbench/glm47flash/glm47flash-trc-ss-r2-1788808824808/decommissioning-service-with-sen__QsTWFdb	glm47flash-trc-ss-r2-1788808824808
terminalbench	main	glm47flash	di__b3k__trc-ss	fix-git__trc-ss__r2	fix-git	trc-ss	2	trc_structured_summarize	3000	0.5	tb_erasure_possible	probable	0	Submitted	True	2026-09-07T15:06:15.210948-05:00	ICLR_results/terminalbench/main/glm47flash/di__b3k__trc-ss/fix-git/trc-ss/run_2	logs/harbor_jobs/terminalbench/glm47flash/glm47flash-trc-ss-r2-1788808824808/fix-git__4xicD87	glm47flash-trc-ss-r2-1788808824808
terminalbench	main	glm47flash	di__b3k__trc-ss	heterogeneous-dates__trc-ss__r2	heterogeneous-dates	trc-ss	2	trc_structured_summarize	3000	0.5	tb_erasure_possible	probable	0	Submitted	True	2026-09-07T15:33:13.057716-05:00	ICLR_results/terminalbench/main/glm47flash/di__b3k__trc-ss/heterogeneous-dates/trc-ss/run_2	logs/harbor_jobs/terminalbench/glm47flash/glm47flash-trc-ss-r2-1788808824808/heterogeneous-dates__9NMonJw	glm47flash-trc-ss-r2-1788808824808
terminalbench	main	glm47flash	di__b3k__trc-ss	intrusion-detection__trc-ss__r2	intrusion-detection	trc-ss	2	trc_structured_summarize	3000	0.5	tb_erasure_possible	probable	0	CancelledError	False	2026-09-07T15:05:22.795645-05:00	ICLR_results/terminalbench/main/glm47flash/di__b3k__trc-ss/intrusion-detection/trc-ss/run_2	logs/harbor_jobs/terminalbench/glm47flash/glm47flash-trc-ss-r2-1788808824808/intrusion-detection__eNA5mmS	glm47flash-trc-ss-r2-1788808824808
terminalbench	main	glm47flash	di__b3k__trc-ss	prove-plus-comm__trc-ss__r2	prove-plus-comm	trc-ss	2	trc_structured_summarize	3000	0.5	tb_erasure_possible	probable	0	Submitted	True	2026-09-07T14:20:26.309223-05:00	ICLR_results/terminalbench/main/glm47flash/di__b3k__trc-ss/prove-plus-comm/trc-ss/run_2	logs/harbor_jobs/terminalbench/glm47flash/glm47flash-trc-ss-r2-1788808824808/prove-plus-comm__xG523fk	glm47flash-trc-ss-r2-1788808824808
terminalbench	main	glm47flash	di__b3k__trc-ss	raman-fitting.easy__trc-ss__r2	raman-fitting.easy	trc-ss	2	trc_structured_summarize	3000	0.5	summary_failure_accounting	priority	0	Submitted	False	2026-09-07T14:20:26.300971-05:00	ICLR_results/terminalbench/main/glm47flash/di__b3k__trc-ss/raman-fitting.easy/trc-ss/run_2	logs/harbor_jobs/terminalbench/glm47flash/glm47flash-trc-ss-r2-1788808824808/raman-fitting.easy__VDGdspg	glm47flash-trc-ss-r2-1788808824808
terminalbench	main	glm47flash	di__b3k__trc-ss	sanitize-git-repo__trc-ss__r2	sanitize-git-repo	trc-ss	2	trc_structured_summarize	3000	0.5	summary_failure_accounting	priority	0	CancelledError	False	2026-09-07T14:42:38.678558-05:00	ICLR_results/terminalbench/main/glm47flash/di__b3k__trc-ss/sanitize-git-repo/trc-ss/run_2	logs/harbor_jobs/terminalbench/glm47flash/glm47flash-trc-ss-r2-1788808824808/sanitize-git-repo__nVK6ZVc	glm47flash-trc-ss-r2-1788808824808
terminalbench	main	glm47flash	di__b3k__trc-ss	sanitize-git-repo.hard__trc-ss__r2	sanitize-git-repo.hard	trc-ss	2	trc_structured_summarize	3000	0.5	tb_erasure_possible	probable	0	CancelledError	False	2026-09-07T15:21:01.965963-05:00	ICLR_results/terminalbench/main/glm47flash/di__b3k__trc-ss/sanitize-git-repo.hard/trc-ss/run_2	logs/harbor_jobs/terminalbench/glm47flash/glm47flash-trc-ss-r2-1788808824808/sanitize-git-repo.hard__W7ynC2i	glm47flash-trc-ss-r2-1788808824808
terminalbench	main	glm47flash	di__b3k__trc-ss	sqlite-with-gcov__trc-ss__r2	sqlite-with-gcov	trc-ss	2	trc_structured_summarize	3000	0.5	tb_erasure_possible	probable	0	Submitted	True	2026-09-07T14:30:50.065548-05:00	ICLR_results/terminalbench/main/glm47flash/di__b3k__trc-ss/sqlite-with-gcov/trc-ss/run_2	logs/harbor_jobs/terminalbench/glm47flash/glm47flash-trc-ss-r2-1788808824808/sqlite-with-gcov__S2tAmZ8	glm47flash-trc-ss-r2-1788808824808
terminalbench	main	glm47flash	di__b3k__trc-ss	write-compressor__trc-ss__r2	write-compressor	trc-ss	2	trc_structured_summarize	3000	0.5	tb_erasure_possible	probable	0	CancelledError	False	2026-09-07T15:08:16.480111-05:00	ICLR_results/terminalbench/main/glm47flash/di__b3k__trc-ss/write-compressor/trc-ss/run_2	logs/harbor_jobs/terminalbench/glm47flash/glm47flash-trc-ss-r2-1788808824808/write-compressor__xLMGYwJ	glm47flash-trc-ss-r2-1788808824808
terminalbench	main	glm47flash	di__b3k__trc-ss	cartpole-rl-training__trc-ss__r3	cartpole-rl-training	trc-ss	3	trc_structured_summarize	3000	0.5	tb_erasure_possible	probable	0	CancelledError	False	2026-09-07T16:59:08.886829-05:00	ICLR_results/terminalbench/main/glm47flash/di__b3k__trc-ss/cartpole-rl-training/trc-ss/run_3	logs/harbor_jobs/terminalbench/glm47flash/glm47flash-trc-ss-r3-1788813830931/cartpole-rl-training__4Ao4Nad	glm47flash-trc-ss-r3-1788813830931
terminalbench	main	glm47flash	di__b3k__trc-ss	decommissioning-service-with-sensitive-data__trc-ss__r3	decommissioning-service-with-sensitive-data	trc-ss	3	trc_structured_summarize	3000	0.5	tb_unverifiable	probable	0	Submitted	False	2026-09-07T16:55:25.800473-05:00	ICLR_results/terminalbench/main/glm47flash/di__b3k__trc-ss/decommissioning-service-with-sensitive-data/trc-ss/run_3	logs/harbor_jobs/terminalbench/glm47flash/glm47flash-trc-ss-r3-1788813830931/decommissioning-service-with-sen__JJtsNWA	glm47flash-trc-ss-r3-1788813830931
terminalbench	main	glm47flash	di__b3k__trc-ss	eval-mteb.hard__trc-ss__r3	eval-mteb.hard	trc-ss	3	trc_structured_summarize	3000	0.5	tb_erasure_possible	probable	0	Submitted	True	2026-09-07T16:52:16.849400-05:00	ICLR_results/terminalbench/main/glm47flash/di__b3k__trc-ss/eval-mteb.hard/trc-ss/run_3	logs/harbor_jobs/terminalbench/glm47flash/glm47flash-trc-ss-r3-1788813830931/eval-mteb.hard__mrceDQZ	glm47flash-trc-ss-r3-1788813830931
terminalbench	main	glm47flash	di__b3k__trc-ss	git-workflow-hack__trc-ss__r3	git-workflow-hack	trc-ss	3	trc_structured_summarize	3000	0.5	tb_erasure_possible	probable	0	CancelledError	False	2026-09-07T16:28:10.622383-05:00	ICLR_results/terminalbench/main/glm47flash/di__b3k__trc-ss/git-workflow-hack/trc-ss/run_3	logs/harbor_jobs/terminalbench/glm47flash/glm47flash-trc-ss-r3-1788813830931/git-workflow-hack__CUq7aEU	glm47flash-trc-ss-r3-1788813830931
terminalbench	main	glm47flash	di__b3k__trc-ss	heterogeneous-dates__trc-ss__r3	heterogeneous-dates	trc-ss	3	trc_structured_summarize	3000	0.5	tb_erasure_possible	probable	0	Submitted	False	2026-09-07T17:01:16.230214-05:00	ICLR_results/terminalbench/main/glm47flash/di__b3k__trc-ss/heterogeneous-dates/trc-ss/run_3	logs/harbor_jobs/terminalbench/glm47flash/glm47flash-trc-ss-r3-1788813830931/heterogeneous-dates__xzqytFg	glm47flash-trc-ss-r3-1788813830931
terminalbench	main	glm47flash	di__b3k__trc-ss	hf-model-inference__trc-ss__r3	hf-model-inference	trc-ss	3	trc_structured_summarize	3000	0.5	tb_erasure_possible	probable	0	Submitted	False	2026-09-07T16:01:45.191079-05:00	ICLR_results/terminalbench/main/glm47flash/di__b3k__trc-ss/hf-model-inference/trc-ss/run_3	logs/harbor_jobs/terminalbench/glm47flash/glm47flash-trc-ss-r3-1788813830931/hf-model-inference__eWgjFTm	glm47flash-trc-ss-r3-1788813830931
terminalbench	main	glm47flash	di__b3k__trc-ss	incompatible-python-fasttext__trc-ss__r3	incompatible-python-fasttext	trc-ss	3	trc_structured_summarize	3000	0.5	tb_erasure_possible	probable	0	Submitted	True	2026-09-07T15:43:52.444667-05:00	ICLR_results/terminalbench/main/glm47flash/di__b3k__trc-ss/incompatible-python-fasttext/trc-ss/run_3	logs/harbor_jobs/terminalbench/glm47flash/glm47flash-trc-ss-r3-1788813830931/incompatible-python-fasttext__wRERHdM	glm47flash-trc-ss-r3-1788813830931
terminalbench	main	glm47flash	di__b3k__trc-ss	password-recovery__trc-ss__r3	password-recovery	trc-ss	3	trc_structured_summarize	3000	0.5	tb_erasure_possible	probable	0	CancelledError	False	2026-09-07T16:34:34.791885-05:00	ICLR_results/terminalbench/main/glm47flash/di__b3k__trc-ss/password-recovery/trc-ss/run_3	logs/harbor_jobs/terminalbench/glm47flash/glm47flash-trc-ss-r3-1788813830931/password-recovery__YGdtbcg	glm47flash-trc-ss-r3-1788813830931
terminalbench	main	glm47flash	di__b3k__trc-ss	raman-fitting.easy__trc-ss__r3	raman-fitting.easy	trc-ss	3	trc_structured_summarize	3000	0.5	tb_erasure_possible	probable	0	Submitted	False	2026-09-07T15:43:52.440605-05:00	ICLR_results/terminalbench/main/glm47flash/di__b3k__trc-ss/raman-fitting.easy/trc-ss/run_3	logs/harbor_jobs/terminalbench/glm47flash/glm47flash-trc-ss-r3-1788813830931/raman-fitting.easy__mrdqJXx	glm47flash-trc-ss-r3-1788813830931
terminalbench	main	glm47flash	di__b3k__trc-ss	sanitize-git-repo.hard__trc-ss__r3	sanitize-git-repo.hard	trc-ss	3	trc_structured_summarize	3000	0.5	tb_erasure_possible	probable	0	CancelledError	False	2026-09-07T16:49:02.953726-05:00	ICLR_results/terminalbench/main/glm47flash/di__b3k__trc-ss/sanitize-git-repo.hard/trc-ss/run_3	logs/harbor_jobs/terminalbench/glm47flash/glm47flash-trc-ss-r3-1788813830931/sanitize-git-repo.hard__tuoYBXm	glm47flash-trc-ss-r3-1788813830931
terminalbench	main	glm47flash	di__b3k__trc-ss	sqlite-with-gcov__trc-ss__r3	sqlite-with-gcov	trc-ss	3	trc_structured_summarize	3000	0.5	tb_erasure_possible	probable	0	CancelledError	False	2026-09-07T15:51:24.243884-05:00	ICLR_results/terminalbench/main/glm47flash/di__b3k__trc-ss/sqlite-with-gcov/trc-ss/run_3	logs/harbor_jobs/terminalbench/glm47flash/glm47flash-trc-ss-r3-1788813830931/sqlite-with-gcov__LywwCjP	glm47flash-trc-ss-r3-1788813830931
terminalbench	main	glm47flash	di__b3k__trc-ss	super-benchmark-upet__trc-ss__r3	super-benchmark-upet	trc-ss	3	trc_structured_summarize	3000	0.5	tb_erasure_possible	probable	0	CancelledError	False	2026-09-07T16:20:53.122812-05:00	ICLR_results/terminalbench/main/glm47flash/di__b3k__trc-ss/super-benchmark-upet/trc-ss/run_3	logs/harbor_jobs/terminalbench/glm47flash/glm47flash-trc-ss-r3-1788813830931/super-benchmark-upet__67GvtrK	glm47flash-trc-ss-r3-1788813830931
terminalbench	main	glm47flash	di__b3k__trc-ss	tmux-advanced-workflow__trc-ss__r3	tmux-advanced-workflow	trc-ss	3	trc_structured_summarize	3000	0.5	tb_erasure_possible	probable	0	Submitted	True	2026-09-07T15:43:52.392060-05:00	ICLR_results/terminalbench/main/glm47flash/di__b3k__trc-ss/tmux-advanced-workflow/trc-ss/run_3	logs/harbor_jobs/terminalbench/glm47flash/glm47flash-trc-ss-r3-1788813830931/tmux-advanced-workflow__bLcEAMS	glm47flash-trc-ss-r3-1788813830931
terminalbench	main	glm47flash	di__b3k__trc-su	blind-maze-explorer-5x5__trc-su__r1	blind-maze-explorer-5x5	trc-su	1	trc_summarize	3000	0.5	tb_erasure_possible	probable	0	CancelledError	False	2026-09-07T09:12:21.072010-05:00	ICLR_results/terminalbench/main/glm47flash/di__b3k__trc-su/blind-maze-explorer-5x5/trc-su/run_1	logs/harbor_jobs/terminalbench/glm47flash/glm47flash-trc-su-r1-1788786145375/blind-maze-explorer-5x5__nFRQp66	glm47flash-trc-su-r1-1788786145375
terminalbench	main	glm47flash	di__b3k__trc-su	blind-maze-explorer-algorithm__trc-su__r1	blind-maze-explorer-algorithm	trc-su	1	trc_summarize	3000	0.5	summary_failure_accounting	priority	0	CancelledError	False	2026-09-07T08:32:45.527754-05:00	ICLR_results/terminalbench/main/glm47flash/di__b3k__trc-su/blind-maze-explorer-algorithm/trc-su/run_1	logs/harbor_jobs/terminalbench/glm47flash/glm47flash-trc-su-r1-1788786145375/blind-maze-explorer-algorithm__aZsQ8jH	glm47flash-trc-su-r1-1788786145375
terminalbench	main	glm47flash	di__b3k__trc-su	cartpole-rl-training__trc-su__r1	cartpole-rl-training	trc-su	1	trc_summarize	3000	0.5	summary_failure_accounting	priority	0	CancelledError	True	2026-09-07T09:13:12.683330-05:00	ICLR_results/terminalbench/main/glm47flash/di__b3k__trc-su/cartpole-rl-training/trc-su/run_1	logs/harbor_jobs/terminalbench/glm47flash/glm47flash-trc-su-r1-1788786145375/cartpole-rl-training__LrMdhy5	glm47flash-trc-su-r1-1788786145375
terminalbench	main	glm47flash	di__b3k__trc-su	count-dataset-tokens__trc-su__r1	count-dataset-tokens	trc-su	1	trc_summarize	3000	0.5	summary_failure_accounting	priority	0	CancelledError	False	2026-09-07T08:06:09.948373-05:00	ICLR_results/terminalbench/main/glm47flash/di__b3k__trc-su/count-dataset-tokens/trc-su/run_1	logs/harbor_jobs/terminalbench/glm47flash/glm47flash-trc-su-r1-1788786145375/count-dataset-tokens__cyGYt7Z	glm47flash-trc-su-r1-1788786145375
terminalbench	main	glm47flash	di__b3k__trc-su	crack-7z-hash.hard__trc-su__r1	crack-7z-hash.hard	trc-su	1	trc_summarize	3000	0.5	tb_erasure_possible	probable	0	CancelledError	False	2026-09-07T08:52:07.208244-05:00	ICLR_results/terminalbench/main/glm47flash/di__b3k__trc-su/crack-7z-hash.hard/trc-su/run_1	logs/harbor_jobs/terminalbench/glm47flash/glm47flash-trc-su-r1-1788786145375/crack-7z-hash.hard__7do3j9r	glm47flash-trc-su-r1-1788786145375
terminalbench	main	glm47flash	di__b3k__trc-su	csv-to-parquet__trc-su__r1	csv-to-parquet	trc-su	1	trc_summarize	3000	0.5	summary_failure_accounting	priority	0	CancelledError	False	2026-09-07T08:27:03.242589-05:00	ICLR_results/terminalbench/main/glm47flash/di__b3k__trc-su/csv-to-parquet/trc-su/run_1	logs/harbor_jobs/terminalbench/glm47flash/glm47flash-trc-su-r1-1788786145375/csv-to-parquet__ukqDtCA	glm47flash-trc-su-r1-1788786145375
terminalbench	main	glm47flash	di__b3k__trc-su	decommissioning-service-with-sensitive-data__trc-su__r1	decommissioning-service-with-sensitive-data	trc-su	1	trc_summarize	3000	0.5	tb_unverifiable	probable	0	Submitted	False	2026-09-07T09:11:21.906981-05:00	ICLR_results/terminalbench/main/glm47flash/di__b3k__trc-su/decommissioning-service-with-sensitive-data/trc-su/run_1	logs/harbor_jobs/terminalbench/glm47flash/glm47flash-trc-su-r1-1788786145375/decommissioning-service-with-sen__A6hgP8c	glm47flash-trc-su-r1-1788786145375
terminalbench	main	glm47flash	di__b3k__trc-su	download-youtube__trc-su__r1	download-youtube	trc-su	1	trc_summarize	3000	0.5	summary_failure_accounting	priority	0	CancelledError	False	2026-09-07T08:58:30.365469-05:00	ICLR_results/terminalbench/main/glm47flash/di__b3k__trc-su/download-youtube/trc-su/run_1	logs/harbor_jobs/terminalbench/glm47flash/glm47flash-trc-su-r1-1788786145375/download-youtube__NoXogWQ	glm47flash-trc-su-r1-1788786145375
terminalbench	main	glm47flash	di__b3k__trc-su	eval-mteb__trc-su__r1	eval-mteb	trc-su	1	trc_summarize	3000	0.5	tb_erasure_possible	probable	0	Submitted	True	2026-09-07T08:18:36.218716-05:00	ICLR_results/terminalbench/main/glm47flash/di__b3k__trc-su/eval-mteb/trc-su/run_1	logs/harbor_jobs/terminalbench/glm47flash/glm47flash-trc-su-r1-1788786145375/eval-mteb__4X7VZCw	glm47flash-trc-su-r1-1788786145375
terminalbench	main	glm47flash	di__b3k__trc-su	extract-moves-from-video__trc-su__r1	extract-moves-from-video	trc-su	1	trc_summarize	3000	0.5	tb_erasure_possible	probable	0	CancelledError	False	2026-09-07T08:33:31.378298-05:00	ICLR_results/terminalbench/main/glm47flash/di__b3k__trc-su/extract-moves-from-video/trc-su/run_1	logs/harbor_jobs/terminalbench/glm47flash/glm47flash-trc-su-r1-1788786145375/extract-moves-from-video__G7Bab5N	glm47flash-trc-su-r1-1788786145375
terminalbench	main	glm47flash	di__b3k__trc-su	fibonacci-server__trc-su__r1	fibonacci-server	trc-su	1	trc_summarize	3000	0.5	tb_erasure_possible	probable	0	Submitted	False	2026-09-07T08:15:41.769984-05:00	ICLR_results/terminalbench/main/glm47flash/di__b3k__trc-su/fibonacci-server/trc-su/run_1	logs/harbor_jobs/terminalbench/glm47flash/glm47flash-trc-su-r1-1788786145375/fibonacci-server__oRutUgo	glm47flash-trc-su-r1-1788786145375
terminalbench	main	glm47flash	di__b3k__trc-su	fix-git__trc-su__r1	fix-git	trc-su	1	trc_summarize	3000	0.5	tb_erasure_possible	probable	0	Submitted	False	2026-09-07T08:47:15.515843-05:00	ICLR_results/terminalbench/main/glm47flash/di__b3k__trc-su/fix-git/trc-su/run_1	logs/harbor_jobs/terminalbench/glm47flash/glm47flash-trc-su-r1-1788786145375/fix-git__CeKY6bU	glm47flash-trc-su-r1-1788786145375
terminalbench	main	glm47flash	di__b3k__trc-su	fix-pandas-version__trc-su__r1	fix-pandas-version	trc-su	1	trc_summarize	3000	0.5	summary_failure_accounting	priority	0	Submitted	True	2026-09-07T08:22:43.320422-05:00	ICLR_results/terminalbench/main/glm47flash/di__b3k__trc-su/fix-pandas-version/trc-su/run_1	logs/harbor_jobs/terminalbench/glm47flash/glm47flash-trc-su-r1-1788786145375/fix-pandas-version__fWtPNgE	glm47flash-trc-su-r1-1788786145375
terminalbench	main	glm47flash	di__b3k__trc-su	git-workflow-hack__trc-su__r1	git-workflow-hack	trc-su	1	trc_summarize	3000	0.5	summary_failure_accounting	priority	0	CancelledError	False	2026-09-07T08:45:29.077250-05:00	ICLR_results/terminalbench/main/glm47flash/di__b3k__trc-su/git-workflow-hack/trc-su/run_1	logs/harbor_jobs/terminalbench/glm47flash/glm47flash-trc-su-r1-1788786145375/git-workflow-hack__7Kostsc	glm47flash-trc-su-r1-1788786145375
terminalbench	main	glm47flash	di__b3k__trc-su	gpt2-codegolf__trc-su__r1	gpt2-codegolf	trc-su	1	trc_summarize	3000	0.5	summary_failure_accounting	priority	0	CancelledError	False	2026-09-07T08:16:16.167375-05:00	ICLR_results/terminalbench/main/glm47flash/di__b3k__trc-su/gpt2-codegolf/trc-su/run_1	logs/harbor_jobs/terminalbench/glm47flash/glm47flash-trc-su-r1-1788786145375/gpt2-codegolf__fstDuE6	glm47flash-trc-su-r1-1788786145375
terminalbench	main	glm47flash	di__b3k__trc-su	hf-model-inference__trc-su__r1	hf-model-inference	trc-su	1	trc_summarize	3000	0.5	summary_failure_accounting	priority	0	CancelledError	False	2026-09-07T08:21:31.334370-05:00	ICLR_results/terminalbench/main/glm47flash/di__b3k__trc-su/hf-model-inference/trc-su/run_1	logs/harbor_jobs/terminalbench/glm47flash/glm47flash-trc-su-r1-1788786145375/hf-model-inference__Ga94rms	glm47flash-trc-su-r1-1788786145375
terminalbench	main	glm47flash	di__b3k__trc-su	incompatible-python-fasttext__trc-su__r1	incompatible-python-fasttext	trc-su	1	trc_summarize	3000	0.5	tb_erasure_possible	probable	0	Submitted	True	2026-09-07T08:02:26.974681-05:00	ICLR_results/terminalbench/main/glm47flash/di__b3k__trc-su/incompatible-python-fasttext/trc-su/run_1	logs/harbor_jobs/terminalbench/glm47flash/glm47flash-trc-su-r1-1788786145375/incompatible-python-fasttext__pt2LdDK	glm47flash-trc-su-r1-1788786145375
terminalbench	main	glm47flash	di__b3k__trc-su	intrusion-detection__trc-su__r1	intrusion-detection	trc-su	1	trc_summarize	3000	0.5	summary_failure_accounting	priority	0	CancelledError	False	2026-09-07T08:40:48.217430-05:00	ICLR_results/terminalbench/main/glm47flash/di__b3k__trc-su/intrusion-detection/trc-su/run_1	logs/harbor_jobs/terminalbench/glm47flash/glm47flash-trc-su-r1-1788786145375/intrusion-detection__zRHyrsk	glm47flash-trc-su-r1-1788786145375
terminalbench	main	glm47flash	di__b3k__trc-su	password-recovery__trc-su__r1	password-recovery	trc-su	1	trc_summarize	3000	0.5	summary_failure_accounting	priority	0	CancelledError	False	2026-09-07T08:51:55.498939-05:00	ICLR_results/terminalbench/main/glm47flash/di__b3k__trc-su/password-recovery/trc-su/run_1	logs/harbor_jobs/terminalbench/glm47flash/glm47flash-trc-su-r1-1788786145375/password-recovery__YroD5DH	glm47flash-trc-su-r1-1788786145375
terminalbench	main	glm47flash	di__b3k__trc-su	path-tracing-reverse__trc-su__r1	path-tracing-reverse	trc-su	1	trc_summarize	3000	0.5	summary_failure_accounting	priority	0	CancelledError	False	2026-09-07T08:05:47.514742-05:00	ICLR_results/terminalbench/main/glm47flash/di__b3k__trc-su/path-tracing-reverse/trc-su/run_1	logs/harbor_jobs/terminalbench/glm47flash/glm47flash-trc-su-r1-1788786145375/path-tracing-reverse__6rwk8rp	glm47flash-trc-su-r1-1788786145375
terminalbench	main	glm47flash	di__b3k__trc-su	processing-pipeline__trc-su__r1	processing-pipeline	trc-su	1	trc_summarize	3000	0.5	tb_erasure_possible	probable	0	Submitted	False	2026-09-07T08:30:16.507198-05:00	ICLR_results/terminalbench/main/glm47flash/di__b3k__trc-su/processing-pipeline/trc-su/run_1	logs/harbor_jobs/terminalbench/glm47flash/glm47flash-trc-su-r1-1788786145375/processing-pipeline__jh4qECo	glm47flash-trc-su-r1-1788786145375
terminalbench	main	glm47flash	di__b3k__trc-su	prove-plus-comm__trc-su__r1	prove-plus-comm	trc-su	1	trc_summarize	3000	0.5	tb_erasure_possible	probable	0	Submitted	False	2026-09-07T08:02:26.978898-05:00	ICLR_results/terminalbench/main/glm47flash/di__b3k__trc-su/prove-plus-comm/trc-su/run_1	logs/harbor_jobs/terminalbench/glm47flash/glm47flash-trc-su-r1-1788786145375/prove-plus-comm__Cr2Cpcu	glm47flash-trc-su-r1-1788786145375
terminalbench	main	glm47flash	di__b3k__trc-su	pytorch-model-cli.hard__trc-su__r1	pytorch-model-cli.hard	trc-su	1	trc_summarize	3000	0.5	summary_failure_accounting	priority	0	CancelledError	False	2026-09-07T08:08:27.365377-05:00	ICLR_results/terminalbench/main/glm47flash/di__b3k__trc-su/pytorch-model-cli.hard/trc-su/run_1	logs/harbor_jobs/terminalbench/glm47flash/glm47flash-trc-su-r1-1788786145375/pytorch-model-cli.hard__ahuNecH	glm47flash-trc-su-r1-1788786145375
terminalbench	main	glm47flash	di__b3k__trc-su	qemu-alpine-ssh__trc-su__r1	qemu-alpine-ssh	trc-su	1	trc_summarize	3000	0.5	summary_failure_accounting	priority	0	CancelledError	False	2026-09-07T08:16:38.038894-05:00	ICLR_results/terminalbench/main/glm47flash/di__b3k__trc-su/qemu-alpine-ssh/trc-su/run_1	logs/harbor_jobs/terminalbench/glm47flash/glm47flash-trc-su-r1-1788786145375/qemu-alpine-ssh__8q2i9B9	glm47flash-trc-su-r1-1788786145375
terminalbench	main	glm47flash	di__b3k__trc-su	qemu-startup__trc-su__r1	qemu-startup	trc-su	1	trc_summarize	3000	0.5	tb_erasure_possible	probable	0	CancelledError	False	2026-09-07T08:58:21.099520-05:00	ICLR_results/terminalbench/main/glm47flash/di__b3k__trc-su/qemu-startup/trc-su/run_1	logs/harbor_jobs/terminalbench/glm47flash/glm47flash-trc-su-r1-1788786145375/qemu-startup__DBkoj2c	glm47flash-trc-su-r1-1788786145375
terminalbench	main	glm47flash	di__b3k__trc-su	raman-fitting.easy__trc-su__r1	raman-fitting.easy	trc-su	1	trc_summarize	3000	0.5	tb_erasure_possible	probable	0	Submitted	False	2026-09-07T08:02:26.970322-05:00	ICLR_results/terminalbench/main/glm47flash/di__b3k__trc-su/raman-fitting.easy/trc-su/run_1	logs/harbor_jobs/terminalbench/glm47flash/glm47flash-trc-su-r1-1788786145375/raman-fitting.easy__iZLmNja	glm47flash-trc-su-r1-1788786145375
terminalbench	main	glm47flash	di__b3k__trc-su	sanitize-git-repo__trc-su__r1	sanitize-git-repo	trc-su	1	trc_summarize	3000	0.5	summary_failure_accounting	priority	0	CancelledError	False	2026-09-07T08:23:52.887245-05:00	ICLR_results/terminalbench/main/glm47flash/di__b3k__trc-su/sanitize-git-repo/trc-su/run_1	logs/harbor_jobs/terminalbench/glm47flash/glm47flash-trc-su-r1-1788786145375/sanitize-git-repo__coheSdW	glm47flash-trc-su-r1-1788786145375
terminalbench	main	glm47flash	di__b3k__trc-su	sanitize-git-repo.hard__trc-su__r1	sanitize-git-repo.hard	trc-su	1	trc_summarize	3000	0.5	summary_failure_accounting	priority	0	CancelledError	False	2026-09-07T09:04:58.755960-05:00	ICLR_results/terminalbench/main/glm47flash/di__b3k__trc-su/sanitize-git-repo.hard/trc-su/run_1	logs/harbor_jobs/terminalbench/glm47flash/glm47flash-trc-su-r1-1788786145375/sanitize-git-repo.hard__z9ejZNf	glm47flash-trc-su-r1-1788786145375
terminalbench	main	glm47flash	di__b3k__trc-su	solana-data__trc-su__r1	solana-data	trc-su	1	trc_summarize	3000	0.5	summary_failure_accounting	priority	0	CancelledError	False	2026-09-07T08:09:43.757805-05:00	ICLR_results/terminalbench/main/glm47flash/di__b3k__trc-su/solana-data/trc-su/run_1	logs/harbor_jobs/terminalbench/glm47flash/glm47flash-trc-su-r1-1788786145375/solana-data__Q3amhBk	glm47flash-trc-su-r1-1788786145375
terminalbench	main	glm47flash	di__b3k__trc-su	sqlite-with-gcov__trc-su__r1	sqlite-with-gcov	trc-su	1	trc_summarize	3000	0.5	summary_failure_accounting	priority	0	CancelledError	False	2026-09-07T08:12:11.678782-05:00	ICLR_results/terminalbench/main/glm47flash/di__b3k__trc-su/sqlite-with-gcov/trc-su/run_1	logs/harbor_jobs/terminalbench/glm47flash/glm47flash-trc-su-r1-1788786145375/sqlite-with-gcov__XK3dhGx	glm47flash-trc-su-r1-1788786145375
terminalbench	main	glm47flash	di__b3k__trc-su	super-benchmark-upet__trc-su__r1	super-benchmark-upet	trc-su	1	trc_summarize	3000	0.5	summary_failure_accounting	priority	0	CancelledError	False	2026-09-07T08:39:05.121721-05:00	ICLR_results/terminalbench/main/glm47flash/di__b3k__trc-su/super-benchmark-upet/trc-su/run_1	logs/harbor_jobs/terminalbench/glm47flash/glm47flash-trc-su-r1-1788786145375/super-benchmark-upet__eHPFrpc	glm47flash-trc-su-r1-1788786145375
terminalbench	main	glm47flash	di__b3k__trc-su	swe-bench-astropy-2__trc-su__r1	swe-bench-astropy-2	trc-su	1	trc_summarize	3000	0.5	summary_failure_accounting	priority	0	CancelledError	False	2026-09-07T08:54:39.337029-05:00	ICLR_results/terminalbench/main/glm47flash/di__b3k__trc-su/swe-bench-astropy-2/trc-su/run_1	logs/harbor_jobs/terminalbench/glm47flash/glm47flash-trc-su-r1-1788786145375/swe-bench-astropy-2__kvKpE28	glm47flash-trc-su-r1-1788786145375
terminalbench	main	glm47flash	di__b3k__trc-su	swe-bench-fsspec__trc-su__r1	swe-bench-fsspec	trc-su	1	trc_summarize	3000	0.5	tb_erasure_possible	probable	0	CancelledError	True	2026-09-07T08:27:55.177138-05:00	ICLR_results/terminalbench/main/glm47flash/di__b3k__trc-su/swe-bench-fsspec/trc-su/run_1	logs/harbor_jobs/terminalbench/glm47flash/glm47flash-trc-su-r1-1788786145375/swe-bench-fsspec__5QJXMVn	glm47flash-trc-su-r1-1788786145375
terminalbench	main	glm47flash	di__b3k__trc-su	tmux-advanced-workflow__trc-su__r1	tmux-advanced-workflow	trc-su	1	trc_summarize	3000	0.5	tb_erasure_possible	probable	0	CancelledError	False	2026-09-07T08:02:26.922693-05:00	ICLR_results/terminalbench/main/glm47flash/di__b3k__trc-su/tmux-advanced-workflow/trc-su/run_1	logs/harbor_jobs/terminalbench/glm47flash/glm47flash-trc-su-r1-1788786145375/tmux-advanced-workflow__2dqJqtA	glm47flash-trc-su-r1-1788786145375
terminalbench	main	glm47flash	di__b3k__trc-su	write-compressor__trc-su__r1	write-compressor	trc-su	1	trc_summarize	3000	0.5	summary_related_response	probable	0	CancelledError	False	2026-09-07T08:48:12.425472-05:00	ICLR_results/terminalbench/main/glm47flash/di__b3k__trc-su/write-compressor/trc-su/run_1	logs/harbor_jobs/terminalbench/glm47flash/glm47flash-trc-su-r1-1788786145375/write-compressor__Hf5wbKu	glm47flash-trc-su-r1-1788786145375
terminalbench	main	glm47flash	di__b3k__trc-su	blind-maze-explorer-5x5__trc-su__r2	blind-maze-explorer-5x5	trc-su	2	trc_summarize	3000	0.5	summary_failure_accounting	priority	0	CancelledError	False	2026-09-07T10:50:15.490204-05:00	ICLR_results/terminalbench/main/glm47flash/di__b3k__trc-su/blind-maze-explorer-5x5/trc-su/run_2	logs/harbor_jobs/terminalbench/glm47flash/glm47flash-trc-su-r2-1788792003248/blind-maze-explorer-5x5__AfaaVME	glm47flash-trc-su-r2-1788792003248
terminalbench	main	glm47flash	di__b3k__trc-su	blind-maze-explorer-algorithm__trc-su__r2	blind-maze-explorer-algorithm	trc-su	2	trc_summarize	3000	0.5	summary_failure_accounting	priority	0	CancelledError	False	2026-09-07T10:09:52.868872-05:00	ICLR_results/terminalbench/main/glm47flash/di__b3k__trc-su/blind-maze-explorer-algorithm/trc-su/run_2	logs/harbor_jobs/terminalbench/glm47flash/glm47flash-trc-su-r2-1788792003248/blind-maze-explorer-algorithm__thvZXTu	glm47flash-trc-su-r2-1788792003248
terminalbench	main	glm47flash	di__b3k__trc-su	count-dataset-tokens__trc-su__r2	count-dataset-tokens	trc-su	2	trc_summarize	3000	0.5	tb_erasure_possible	probable	0	Submitted	False	2026-09-07T09:45:08.918984-05:00	ICLR_results/terminalbench/main/glm47flash/di__b3k__trc-su/count-dataset-tokens/trc-su/run_2	logs/harbor_jobs/terminalbench/glm47flash/glm47flash-trc-su-r2-1788792003248/count-dataset-tokens__325jmLb	glm47flash-trc-su-r2-1788792003248
terminalbench	main	glm47flash	di__b3k__trc-su	crack-7z-hash.hard__trc-su__r2	crack-7z-hash.hard	trc-su	2	trc_summarize	3000	0.5	tb_erasure_possible	probable	0	Submitted	True	2026-09-07T10:30:48.277184-05:00	ICLR_results/terminalbench/main/glm47flash/di__b3k__trc-su/crack-7z-hash.hard/trc-su/run_2	logs/harbor_jobs/terminalbench/glm47flash/glm47flash-trc-su-r2-1788792003248/crack-7z-hash.hard__AouThaj	glm47flash-trc-su-r2-1788792003248
terminalbench	main	glm47flash	di__b3k__trc-su	csv-to-parquet__trc-su__r2	csv-to-parquet	trc-su	2	trc_summarize	3000	0.5	summary_failure_accounting	priority	0	CancelledError	False	2026-09-07T10:04:23.457029-05:00	ICLR_results/terminalbench/main/glm47flash/di__b3k__trc-su/csv-to-parquet/trc-su/run_2	logs/harbor_jobs/terminalbench/glm47flash/glm47flash-trc-su-r2-1788792003248/csv-to-parquet__vBYyNrN	glm47flash-trc-su-r2-1788792003248
terminalbench	main	glm47flash	di__b3k__trc-su	download-youtube__trc-su__r2	download-youtube	trc-su	2	trc_summarize	3000	0.5	tb_erasure_possible	probable	0	CancelledError	False	2026-09-07T10:37:09.201617-05:00	ICLR_results/terminalbench/main/glm47flash/di__b3k__trc-su/download-youtube/trc-su/run_2	logs/harbor_jobs/terminalbench/glm47flash/glm47flash-trc-su-r2-1788792003248/download-youtube__HrEREKZ	glm47flash-trc-su-r2-1788792003248
terminalbench	main	glm47flash	di__b3k__trc-su	eval-mteb__trc-su__r2	eval-mteb	trc-su	2	trc_summarize	3000	0.5	tb_erasure_possible	probable	0	Submitted	True	2026-09-07T09:53:57.955848-05:00	ICLR_results/terminalbench/main/glm47flash/di__b3k__trc-su/eval-mteb/trc-su/run_2	logs/harbor_jobs/terminalbench/glm47flash/glm47flash-trc-su-r2-1788792003248/eval-mteb__rEdtMaQ	glm47flash-trc-su-r2-1788792003248
terminalbench	main	glm47flash	di__b3k__trc-su	eval-mteb.hard__trc-su__r2	eval-mteb.hard	trc-su	2	trc_summarize	3000	0.5	tb_erasure_possible	probable	0	Submitted	False	2026-09-07T10:44:30.184742-05:00	ICLR_results/terminalbench/main/glm47flash/di__b3k__trc-su/eval-mteb.hard/trc-su/run_2	logs/harbor_jobs/terminalbench/glm47flash/glm47flash-trc-su-r2-1788792003248/eval-mteb.hard__E4UpJ9t	glm47flash-trc-su-r2-1788792003248
terminalbench	main	glm47flash	di__b3k__trc-su	extract-moves-from-video__trc-su__r2	extract-moves-from-video	trc-su	2	trc_summarize	3000	0.5	summary_failure_accounting	priority	0	CancelledError	False	2026-09-07T10:10:49.538170-05:00	ICLR_results/terminalbench/main/glm47flash/di__b3k__trc-su/extract-moves-from-video/trc-su/run_2	logs/harbor_jobs/terminalbench/glm47flash/glm47flash-trc-su-r2-1788792003248/extract-moves-from-video__josCiLM	glm47flash-trc-su-r2-1788792003248
terminalbench	main	glm47flash	di__b3k__trc-su	fibonacci-server__trc-su__r2	fibonacci-server	trc-su	2	trc_summarize	3000	0.5	tb_erasure_possible	probable	0	CancelledError	False	2026-09-07T09:53:55.041651-05:00	ICLR_results/terminalbench/main/glm47flash/di__b3k__trc-su/fibonacci-server/trc-su/run_2	logs/harbor_jobs/terminalbench/glm47flash/glm47flash-trc-su-r2-1788792003248/fibonacci-server__HrUggmT	glm47flash-trc-su-r2-1788792003248
terminalbench	main	glm47flash	di__b3k__trc-su	fix-git__trc-su__r2	fix-git	trc-su	2	trc_summarize	3000	0.5	summary_failure_accounting	priority	0	CancelledError	True	2026-09-07T10:24:25.135201-05:00	ICLR_results/terminalbench/main/glm47flash/di__b3k__trc-su/fix-git/trc-su/run_2	logs/harbor_jobs/terminalbench/glm47flash/glm47flash-trc-su-r2-1788792003248/fix-git__sNSKrLk	glm47flash-trc-su-r2-1788792003248
terminalbench	main	glm47flash	di__b3k__trc-su	fix-pandas-version__trc-su__r2	fix-pandas-version	trc-su	2	trc_summarize	3000	0.5	summary_failure_accounting	priority	0	Submitted	True	2026-09-07T10:00:23.648996-05:00	ICLR_results/terminalbench/main/glm47flash/di__b3k__trc-su/fix-pandas-version/trc-su/run_2	logs/harbor_jobs/terminalbench/glm47flash/glm47flash-trc-su-r2-1788792003248/fix-pandas-version__EifPfCY	glm47flash-trc-su-r2-1788792003248
terminalbench	main	glm47flash	di__b3k__trc-su	gpt2-codegolf__trc-su__r2	gpt2-codegolf	trc-su	2	trc_summarize	3000	0.5	summary_failure_accounting	priority	0	CancelledError	False	2026-09-07T09:53:55.792807-05:00	ICLR_results/terminalbench/main/glm47flash/di__b3k__trc-su/gpt2-codegolf/trc-su/run_2	logs/harbor_jobs/terminalbench/glm47flash/glm47flash-trc-su-r2-1788792003248/gpt2-codegolf__hXiXaFN	glm47flash-trc-su-r2-1788792003248
terminalbench	main	glm47flash	di__b3k__trc-su	heterogeneous-dates__trc-su__r2	heterogeneous-dates	trc-su	2	trc_summarize	3000	0.5	tb_erasure_possible	probable	0	CancelledError	False	2026-09-07T10:54:14.050557-05:00	ICLR_results/terminalbench/main/glm47flash/di__b3k__trc-su/heterogeneous-dates/trc-su/run_2	logs/harbor_jobs/terminalbench/glm47flash/glm47flash-trc-su-r2-1788792003248/heterogeneous-dates__Sqb7YSU	glm47flash-trc-su-r2-1788792003248
terminalbench	main	glm47flash	di__b3k__trc-su	hf-model-inference__trc-su__r2	hf-model-inference	trc-su	2	trc_summarize	3000	0.5	summary_failure_accounting	priority	0	CancelledError	False	2026-09-07T10:00:21.798977-05:00	ICLR_results/terminalbench/main/glm47flash/di__b3k__trc-su/hf-model-inference/trc-su/run_2	logs/harbor_jobs/terminalbench/glm47flash/glm47flash-trc-su-r2-1788792003248/hf-model-inference__KGfzuA2	glm47flash-trc-su-r2-1788792003248
terminalbench	main	glm47flash	di__b3k__trc-su	intrusion-detection__trc-su__r2	intrusion-detection	trc-su	2	trc_summarize	3000	0.5	tb_erasure_possible	probable	0	CancelledError	False	2026-09-07T10:17:57.336997-05:00	ICLR_results/terminalbench/main/glm47flash/di__b3k__trc-su/intrusion-detection/trc-su/run_2	logs/harbor_jobs/terminalbench/glm47flash/glm47flash-trc-su-r2-1788792003248/intrusion-detection__2tAgUtm	glm47flash-trc-su-r2-1788792003248
terminalbench	main	glm47flash	di__b3k__trc-su	password-recovery__trc-su__r2	password-recovery	trc-su	2	trc_summarize	3000	0.5	summary_failure_accounting	priority	0	CancelledError	False	2026-09-07T10:30:43.981686-05:00	ICLR_results/terminalbench/main/glm47flash/di__b3k__trc-su/password-recovery/trc-su/run_2	logs/harbor_jobs/terminalbench/glm47flash/glm47flash-trc-su-r2-1788792003248/password-recovery__ppGriNP	glm47flash-trc-su-r2-1788792003248
terminalbench	main	glm47flash	di__b3k__trc-su	path-tracing-reverse__trc-su__r2	path-tracing-reverse	trc-su	2	trc_summarize	3000	0.5	summary_failure_accounting	priority	0	CancelledError	False	2026-09-07T09:40:59.512234-05:00	ICLR_results/terminalbench/main/glm47flash/di__b3k__trc-su/path-tracing-reverse/trc-su/run_2	logs/harbor_jobs/terminalbench/glm47flash/glm47flash-trc-su-r2-1788792003248/path-tracing-reverse__rZgwc7G	glm47flash-trc-su-r2-1788792003248
terminalbench	main	glm47flash	di__b3k__trc-su	prove-plus-comm__trc-su__r2	prove-plus-comm	trc-su	2	trc_summarize	3000	0.5	tb_erasure_possible	probable	0	CancelledError	False	2026-09-07T09:40:04.753418-05:00	ICLR_results/terminalbench/main/glm47flash/di__b3k__trc-su/prove-plus-comm/trc-su/run_2	logs/harbor_jobs/terminalbench/glm47flash/glm47flash-trc-su-r2-1788792003248/prove-plus-comm__x95nMee	glm47flash-trc-su-r2-1788792003248
terminalbench	main	glm47flash	di__b3k__trc-su	pytorch-model-cli.hard__trc-su__r2	pytorch-model-cli.hard	trc-su	2	trc_summarize	3000	0.5	tb_erasure_possible	probable	0	CancelledError	False	2026-09-07T09:46:34.694746-05:00	ICLR_results/terminalbench/main/glm47flash/di__b3k__trc-su/pytorch-model-cli.hard/trc-su/run_2	logs/harbor_jobs/terminalbench/glm47flash/glm47flash-trc-su-r2-1788792003248/pytorch-model-cli.hard__HRciqhm	glm47flash-trc-su-r2-1788792003248
terminalbench	main	glm47flash	di__b3k__trc-su	qemu-alpine-ssh__trc-su__r2	qemu-alpine-ssh	trc-su	2	trc_summarize	3000	0.5	summary_failure_accounting	priority	0	CancelledError	False	2026-09-07T09:53:57.157117-05:00	ICLR_results/terminalbench/main/glm47flash/di__b3k__trc-su/qemu-alpine-ssh/trc-su/run_2	logs/harbor_jobs/terminalbench/glm47flash/glm47flash-trc-su-r2-1788792003248/qemu-alpine-ssh__jSGjRjj	glm47flash-trc-su-r2-1788792003248
terminalbench	main	glm47flash	di__b3k__trc-su	qemu-startup__trc-su__r2	qemu-startup	trc-su	2	trc_summarize	3000	0.5	summary_failure_accounting	priority	0	CancelledError	True	2026-09-07T10:34:03.610638-05:00	ICLR_results/terminalbench/main/glm47flash/di__b3k__trc-su/qemu-startup/trc-su/run_2	logs/harbor_jobs/terminalbench/glm47flash/glm47flash-trc-su-r2-1788792003248/qemu-startup__gAUvncG	glm47flash-trc-su-r2-1788792003248
terminalbench	main	glm47flash	di__b3k__trc-su	raman-fitting.easy__trc-su__r2	raman-fitting.easy	trc-su	2	trc_summarize	3000	0.5	summary_failure_accounting	priority	0	CancelledError	False	2026-09-07T09:40:04.745366-05:00	ICLR_results/terminalbench/main/glm47flash/di__b3k__trc-su/raman-fitting.easy/trc-su/run_2	logs/harbor_jobs/terminalbench/glm47flash/glm47flash-trc-su-r2-1788792003248/raman-fitting.easy__Tk3mf3d	glm47flash-trc-su-r2-1788792003248
terminalbench	main	glm47flash	di__b3k__trc-su	sanitize-git-repo__trc-su__r2	sanitize-git-repo	trc-su	2	trc_summarize	3000	0.5	summary_failure_accounting	priority	0	CancelledError	False	2026-09-07T10:01:32.704388-05:00	ICLR_results/terminalbench/main/glm47flash/di__b3k__trc-su/sanitize-git-repo/trc-su/run_2	logs/harbor_jobs/terminalbench/glm47flash/glm47flash-trc-su-r2-1788792003248/sanitize-git-repo__Sk9j99n	glm47flash-trc-su-r2-1788792003248
terminalbench	main	glm47flash	di__b3k__trc-su	sanitize-git-repo.hard__trc-su__r2	sanitize-git-repo.hard	trc-su	2	trc_summarize	3000	0.5	tb_erasure_possible	probable	0	CancelledError	False	2026-09-07T10:43:32.482152-05:00	ICLR_results/terminalbench/main/glm47flash/di__b3k__trc-su/sanitize-git-repo.hard/trc-su/run_2	logs/harbor_jobs/terminalbench/glm47flash/glm47flash-trc-su-r2-1788792003248/sanitize-git-repo.hard__JtmeKWP	glm47flash-trc-su-r2-1788792003248
terminalbench	main	glm47flash	di__b3k__trc-su	solana-data__trc-su__r2	solana-data	trc-su	2	trc_summarize	3000	0.5	tb_erasure_possible	probable	0	CancelledError	False	2026-09-07T09:47:21.646802-05:00	ICLR_results/terminalbench/main/glm47flash/di__b3k__trc-su/solana-data/trc-su/run_2	logs/harbor_jobs/terminalbench/glm47flash/glm47flash-trc-su-r2-1788792003248/solana-data__tkThW2D	glm47flash-trc-su-r2-1788792003248
terminalbench	main	glm47flash	di__b3k__trc-su	sqlite-with-gcov__trc-su__r2	sqlite-with-gcov	trc-su	2	trc_summarize	3000	0.5	summary_failure_accounting	priority	0	CancelledError	False	2026-09-07T09:47:23.458488-05:00	ICLR_results/terminalbench/main/glm47flash/di__b3k__trc-su/sqlite-with-gcov/trc-su/run_2	logs/harbor_jobs/terminalbench/glm47flash/glm47flash-trc-su-r2-1788792003248/sqlite-with-gcov__fV9XyNV	glm47flash-trc-su-r2-1788792003248
terminalbench	main	glm47flash	di__b3k__trc-su	super-benchmark-upet__trc-su__r2	super-benchmark-upet	trc-su	2	trc_summarize	3000	0.5	summary_failure_accounting	priority	0	CancelledError	False	2026-09-07T10:13:50.816199-05:00	ICLR_results/terminalbench/main/glm47flash/di__b3k__trc-su/super-benchmark-upet/trc-su/run_2	logs/harbor_jobs/terminalbench/glm47flash/glm47flash-trc-su-r2-1788792003248/super-benchmark-upet__9d7RzhE	glm47flash-trc-su-r2-1788792003248
terminalbench	main	glm47flash	di__b3k__trc-su	swe-bench-astropy-2__trc-su__r2	swe-bench-astropy-2	trc-su	2	trc_summarize	3000	0.5	summary_failure_accounting	priority	0	CancelledError	False	2026-09-07T10:31:42.992023-05:00	ICLR_results/terminalbench/main/glm47flash/di__b3k__trc-su/swe-bench-astropy-2/trc-su/run_2	logs/harbor_jobs/terminalbench/glm47flash/glm47flash-trc-su-r2-1788792003248/swe-bench-astropy-2__Rk7fDng	glm47flash-trc-su-r2-1788792003248
terminalbench	main	glm47flash	di__b3k__trc-su	swe-bench-fsspec__trc-su__r2	swe-bench-fsspec	trc-su	2	trc_summarize	3000	0.5	summary_failure_accounting	priority	0	CancelledError	False	2026-09-07T10:06:46.033910-05:00	ICLR_results/terminalbench/main/glm47flash/di__b3k__trc-su/swe-bench-fsspec/trc-su/run_2	logs/harbor_jobs/terminalbench/glm47flash/glm47flash-trc-su-r2-1788792003248/swe-bench-fsspec__q926XJm	glm47flash-trc-su-r2-1788792003248
terminalbench	main	glm47flash	di__b3k__trc-su	tmux-advanced-workflow__trc-su__r2	tmux-advanced-workflow	trc-su	2	trc_summarize	3000	0.5	tb_erasure_possible	probable	0	Submitted	True	2026-09-07T09:40:04.699635-05:00	ICLR_results/terminalbench/main/glm47flash/di__b3k__trc-su/tmux-advanced-workflow/trc-su/run_2	logs/harbor_jobs/terminalbench/glm47flash/glm47flash-trc-su-r2-1788792003248/tmux-advanced-workflow__WR2T5jA	glm47flash-trc-su-r2-1788792003248
terminalbench	main	glm47flash	di__b3k__trc-su	write-compressor__trc-su__r2	write-compressor	trc-su	2	trc_summarize	3000	0.5	summary_failure_accounting	priority	0	CancelledError	False	2026-09-07T10:25:17.590378-05:00	ICLR_results/terminalbench/main/glm47flash/di__b3k__trc-su/write-compressor/trc-su/run_2	logs/harbor_jobs/terminalbench/glm47flash/glm47flash-trc-su-r2-1788792003248/write-compressor__SD6qkDE	glm47flash-trc-su-r2-1788792003248
terminalbench	main	glm47flash	di__b3k__trc-su	blind-maze-explorer-5x5__trc-su__r3	blind-maze-explorer-5x5	trc-su	3	trc_summarize	3000	0.5	summary_failure_accounting	priority	0	CancelledError	False	2026-09-07T12:17:50.097837-05:00	ICLR_results/terminalbench/main/glm47flash/di__b3k__trc-su/blind-maze-explorer-5x5/trc-su/run_3	logs/harbor_jobs/terminalbench/glm47flash/glm47flash-trc-su-r3-1788797647716/blind-maze-explorer-5x5__wPBRKJz	glm47flash-trc-su-r3-1788797647716
terminalbench	main	glm47flash	di__b3k__trc-su	blind-maze-explorer-algorithm__trc-su__r3	blind-maze-explorer-algorithm	trc-su	3	trc_summarize	3000	0.5	summary_failure_accounting	priority	0	CancelledError	False	2026-09-07T11:47:45.818068-05:00	ICLR_results/terminalbench/main/glm47flash/di__b3k__trc-su/blind-maze-explorer-algorithm/trc-su/run_3	logs/harbor_jobs/terminalbench/glm47flash/glm47flash-trc-su-r3-1788797647716/blind-maze-explorer-algorithm__rAAd5Xh	glm47flash-trc-su-r3-1788797647716
terminalbench	main	glm47flash	di__b3k__trc-su	count-dataset-tokens__trc-su__r3	count-dataset-tokens	trc-su	3	trc_summarize	3000	0.5	tb_erasure_possible	probable	0	CancelledError	False	2026-09-07T11:20:38.025041-05:00	ICLR_results/terminalbench/main/glm47flash/di__b3k__trc-su/count-dataset-tokens/trc-su/run_3	logs/harbor_jobs/terminalbench/glm47flash/glm47flash-trc-su-r3-1788797647716/count-dataset-tokens__veNf3pw	glm47flash-trc-su-r3-1788797647716
terminalbench	main	glm47flash	di__b3k__trc-su	crack-7z-hash.hard__trc-su__r3	crack-7z-hash.hard	trc-su	3	trc_summarize	3000	0.5	summary_failure_accounting	priority	0	CancelledError	False	2026-09-07T12:07:23.722900-05:00	ICLR_results/terminalbench/main/glm47flash/di__b3k__trc-su/crack-7z-hash.hard/trc-su/run_3	logs/harbor_jobs/terminalbench/glm47flash/glm47flash-trc-su-r3-1788797647716/crack-7z-hash.hard__w7FjUtR	glm47flash-trc-su-r3-1788797647716
terminalbench	main	glm47flash	di__b3k__trc-su	csv-to-parquet__trc-su__r3	csv-to-parquet	trc-su	3	trc_summarize	3000	0.5	summary_failure_accounting	priority	0	CancelledError	False	2026-09-07T11:42:07.637176-05:00	ICLR_results/terminalbench/main/glm47flash/di__b3k__trc-su/csv-to-parquet/trc-su/run_3	logs/harbor_jobs/terminalbench/glm47flash/glm47flash-trc-su-r3-1788797647716/csv-to-parquet__3rdkdku	glm47flash-trc-su-r3-1788797647716
terminalbench	main	glm47flash	di__b3k__trc-su	download-youtube__trc-su__r3	download-youtube	trc-su	3	trc_summarize	3000	0.5	tb_erasure_possible	probable	0	Submitted	False	2026-09-07T12:12:48.209679-05:00	ICLR_results/terminalbench/main/glm47flash/di__b3k__trc-su/download-youtube/trc-su/run_3	logs/harbor_jobs/terminalbench/glm47flash/glm47flash-trc-su-r3-1788797647716/download-youtube__Dh7Dopp	glm47flash-trc-su-r3-1788797647716
terminalbench	main	glm47flash	di__b3k__trc-su	eval-mteb__trc-su__r3	eval-mteb	trc-su	3	trc_summarize	3000	0.5	tb_erasure_possible	probable	0	Submitted	True	2026-09-07T11:33:22.387774-05:00	ICLR_results/terminalbench/main/glm47flash/di__b3k__trc-su/eval-mteb/trc-su/run_3	logs/harbor_jobs/terminalbench/glm47flash/glm47flash-trc-su-r3-1788797647716/eval-mteb__bVk8i3s	glm47flash-trc-su-r3-1788797647716
terminalbench	main	glm47flash	di__b3k__trc-su	eval-mteb.hard__trc-su__r3	eval-mteb.hard	trc-su	3	trc_summarize	3000	0.5	summary_failure_accounting	priority	0	CancelledError	False	2026-09-07T12:16:10.167860-05:00	ICLR_results/terminalbench/main/glm47flash/di__b3k__trc-su/eval-mteb.hard/trc-su/run_3	logs/harbor_jobs/terminalbench/glm47flash/glm47flash-trc-su-r3-1788797647716/eval-mteb.hard__BJdMvcV	glm47flash-trc-su-r3-1788797647716
terminalbench	main	glm47flash	di__b3k__trc-su	extract-moves-from-video__trc-su__r3	extract-moves-from-video	trc-su	3	trc_summarize	3000	0.5	tb_erasure_possible	probable	0	Submitted	False	2026-09-07T11:48:01.085281-05:00	ICLR_results/terminalbench/main/glm47flash/di__b3k__trc-su/extract-moves-from-video/trc-su/run_3	logs/harbor_jobs/terminalbench/glm47flash/glm47flash-trc-su-r3-1788797647716/extract-moves-from-video__tPh6Dt8	glm47flash-trc-su-r3-1788797647716
terminalbench	main	glm47flash	di__b3k__trc-su	fibonacci-server__trc-su__r3	fibonacci-server	trc-su	3	trc_summarize	3000	0.5	summary_failure_accounting	priority	0	CancelledError	False	2026-09-07T11:27:55.829323-05:00	ICLR_results/terminalbench/main/glm47flash/di__b3k__trc-su/fibonacci-server/trc-su/run_3	logs/harbor_jobs/terminalbench/glm47flash/glm47flash-trc-su-r3-1788797647716/fibonacci-server__Lp4Fbxv	glm47flash-trc-su-r3-1788797647716
terminalbench	main	glm47flash	di__b3k__trc-su	fix-git__trc-su__r3	fix-git	trc-su	3	trc_summarize	3000	0.5	summary_failure_accounting	priority	0	Submitted	False	2026-09-07T12:01:19.111837-05:00	ICLR_results/terminalbench/main/glm47flash/di__b3k__trc-su/fix-git/trc-su/run_3	logs/harbor_jobs/terminalbench/glm47flash/glm47flash-trc-su-r3-1788797647716/fix-git__tDCYDmp	glm47flash-trc-su-r3-1788797647716
terminalbench	main	glm47flash	di__b3k__trc-su	fix-pandas-version__trc-su__r3	fix-pandas-version	trc-su	3	trc_summarize	3000	0.5	summary_failure_accounting	priority	0	CancelledError	False	2026-09-07T11:37:27.026973-05:00	ICLR_results/terminalbench/main/glm47flash/di__b3k__trc-su/fix-pandas-version/trc-su/run_3	logs/harbor_jobs/terminalbench/glm47flash/glm47flash-trc-su-r3-1788797647716/fix-pandas-version__BtZ2wgx	glm47flash-trc-su-r3-1788797647716
terminalbench	main	glm47flash	di__b3k__trc-su	git-workflow-hack__trc-su__r3	git-workflow-hack	trc-su	3	trc_summarize	3000	0.5	summary_failure_accounting	priority	0	CancelledError	False	2026-09-07T12:00:59.355119-05:00	ICLR_results/terminalbench/main/glm47flash/di__b3k__trc-su/git-workflow-hack/trc-su/run_3	logs/harbor_jobs/terminalbench/glm47flash/glm47flash-trc-su-r3-1788797647716/git-workflow-hack__mnJbaTZ	glm47flash-trc-su-r3-1788797647716
terminalbench	main	glm47flash	di__b3k__trc-su	heterogeneous-dates__trc-su__r3	heterogeneous-dates	trc-su	3	trc_summarize	3000	0.5	summary_failure_accounting	priority	0	CancelledError	False	2026-09-07T12:28:55.683999-05:00	ICLR_results/terminalbench/main/glm47flash/di__b3k__trc-su/heterogeneous-dates/trc-su/run_3	logs/harbor_jobs/terminalbench/glm47flash/glm47flash-trc-su-r3-1788797647716/heterogeneous-dates__vspNqQb	glm47flash-trc-su-r3-1788797647716
terminalbench	main	glm47flash	di__b3k__trc-su	hf-model-inference__trc-su__r3	hf-model-inference	trc-su	3	trc_summarize	3000	0.5	summary_failure_accounting	priority	0	CancelledError	False	2026-09-07T11:34:25.230875-05:00	ICLR_results/terminalbench/main/glm47flash/di__b3k__trc-su/hf-model-inference/trc-su/run_3	logs/harbor_jobs/terminalbench/glm47flash/glm47flash-trc-su-r3-1788797647716/hf-model-inference__NCJ6zBT	glm47flash-trc-su-r3-1788797647716
terminalbench	main	glm47flash	di__b3k__trc-su	incompatible-python-fasttext__trc-su__r3	incompatible-python-fasttext	trc-su	3	trc_summarize	3000	0.5	summary_failure_accounting	priority	0	CancelledError	True	2026-09-07T11:14:09.211775-05:00	ICLR_results/terminalbench/main/glm47flash/di__b3k__trc-su/incompatible-python-fasttext/trc-su/run_3	logs/harbor_jobs/terminalbench/glm47flash/glm47flash-trc-su-r3-1788797647716/incompatible-python-fasttext__EYMRPc2	glm47flash-trc-su-r3-1788797647716
terminalbench	main	glm47flash	di__b3k__trc-su	intrusion-detection__trc-su__r3	intrusion-detection	trc-su	3	trc_summarize	3000	0.5	summary_failure_accounting	priority	0	CancelledError	False	2026-09-07T11:54:32.387451-05:00	ICLR_results/terminalbench/main/glm47flash/di__b3k__trc-su/intrusion-detection/trc-su/run_3	logs/harbor_jobs/terminalbench/glm47flash/glm47flash-trc-su-r3-1788797647716/intrusion-detection__Pc7ZC53	glm47flash-trc-su-r3-1788797647716
terminalbench	main	glm47flash	di__b3k__trc-su	password-recovery__trc-su__r3	password-recovery	trc-su	3	trc_summarize	3000	0.5	tb_erasure_possible	probable	0	CancelledError	False	2026-09-07T12:03:52.454782-05:00	ICLR_results/terminalbench/main/glm47flash/di__b3k__trc-su/password-recovery/trc-su/run_3	logs/harbor_jobs/terminalbench/glm47flash/glm47flash-trc-su-r3-1788797647716/password-recovery__oNwqPVd	glm47flash-trc-su-r3-1788797647716
terminalbench	main	glm47flash	di__b3k__trc-su	path-tracing-reverse__trc-su__r3	path-tracing-reverse	trc-su	3	trc_summarize	3000	0.5	tb_erasure_possible	probable	0	CancelledError	False	2026-09-07T11:20:35.119398-05:00	ICLR_results/terminalbench/main/glm47flash/di__b3k__trc-su/path-tracing-reverse/trc-su/run_3	logs/harbor_jobs/terminalbench/glm47flash/glm47flash-trc-su-r3-1788797647716/path-tracing-reverse__QdmbnkW	glm47flash-trc-su-r3-1788797647716
terminalbench	main	glm47flash	di__b3k__trc-su	prove-plus-comm__trc-su__r3	prove-plus-comm	trc-su	3	trc_summarize	3000	0.5	tb_erasure_possible	probable	0	CancelledError	False	2026-09-07T11:14:09.215639-05:00	ICLR_results/terminalbench/main/glm47flash/di__b3k__trc-su/prove-plus-comm/trc-su/run_3	logs/harbor_jobs/terminalbench/glm47flash/glm47flash-trc-su-r3-1788797647716/prove-plus-comm__HCsJVX6	glm47flash-trc-su-r3-1788797647716
terminalbench	main	glm47flash	di__b3k__trc-su	pytorch-model-cli.hard__trc-su__r3	pytorch-model-cli.hard	trc-su	3	trc_summarize	3000	0.5	summary_failure_accounting	priority	0	CancelledError	False	2026-09-07T11:20:39.812339-05:00	ICLR_results/terminalbench/main/glm47flash/di__b3k__trc-su/pytorch-model-cli.hard/trc-su/run_3	logs/harbor_jobs/terminalbench/glm47flash/glm47flash-trc-su-r3-1788797647716/pytorch-model-cli.hard__3UgMFLe	glm47flash-trc-su-r3-1788797647716
terminalbench	main	glm47flash	di__b3k__trc-su	raman-fitting.easy__trc-su__r3	raman-fitting.easy	trc-su	3	trc_summarize	3000	0.5	summary_failure_accounting	priority	0	CancelledError	False	2026-09-07T11:14:09.207733-05:00	ICLR_results/terminalbench/main/glm47flash/di__b3k__trc-su/raman-fitting.easy/trc-su/run_3	logs/harbor_jobs/terminalbench/glm47flash/glm47flash-trc-su-r3-1788797647716/raman-fitting.easy__Nughjts	glm47flash-trc-su-r3-1788797647716
terminalbench	main	glm47flash	di__b3k__trc-su	sanitize-git-repo__trc-su__r3	sanitize-git-repo	trc-su	3	trc_summarize	3000	0.5	summary_failure_accounting	priority	0	CancelledError	False	2026-09-07T11:40:48.931046-05:00	ICLR_results/terminalbench/main/glm47flash/di__b3k__trc-su/sanitize-git-repo/trc-su/run_3	logs/harbor_jobs/terminalbench/glm47flash/glm47flash-trc-su-r3-1788797647716/sanitize-git-repo__cR8Hbte	glm47flash-trc-su-r3-1788797647716
terminalbench	main	glm47flash	di__b3k__trc-su	sanitize-git-repo.hard__trc-su__r3	sanitize-git-repo.hard	trc-su	3	trc_summarize	3000	0.5	tb_erasure_possible	probable	0	Submitted	False	2026-09-07T12:13:47.006138-05:00	ICLR_results/terminalbench/main/glm47flash/di__b3k__trc-su/sanitize-git-repo.hard/trc-su/run_3	logs/harbor_jobs/terminalbench/glm47flash/glm47flash-trc-su-r3-1788797647716/sanitize-git-repo.hard__F6SCw8e	glm47flash-trc-su-r3-1788797647716
terminalbench	main	glm47flash	di__b3k__trc-su	solana-data__trc-su__r3	solana-data	trc-su	3	trc_summarize	3000	0.5	summary_failure_accounting	priority	0	CancelledError	False	2026-09-07T11:25:11.158622-05:00	ICLR_results/terminalbench/main/glm47flash/di__b3k__trc-su/solana-data/trc-su/run_3	logs/harbor_jobs/terminalbench/glm47flash/glm47flash-trc-su-r3-1788797647716/solana-data__SBWoCNL	glm47flash-trc-su-r3-1788797647716
terminalbench	main	glm47flash	di__b3k__trc-su	sqlite-with-gcov__trc-su__r3	sqlite-with-gcov	trc-su	3	trc_summarize	3000	0.5	tb_erasure_possible	probable	0	CancelledError	False	2026-09-07T11:26:59.102770-05:00	ICLR_results/terminalbench/main/glm47flash/di__b3k__trc-su/sqlite-with-gcov/trc-su/run_3	logs/harbor_jobs/terminalbench/glm47flash/glm47flash-trc-su-r3-1788797647716/sqlite-with-gcov__hqBAXcT	glm47flash-trc-su-r3-1788797647716
terminalbench	main	glm47flash	di__b3k__trc-su	super-benchmark-upet__trc-su__r3	super-benchmark-upet	trc-su	3	trc_summarize	3000	0.5	summary_failure_accounting	priority	0	CancelledError	False	2026-09-07T11:48:32.562637-05:00	ICLR_results/terminalbench/main/glm47flash/di__b3k__trc-su/super-benchmark-upet/trc-su/run_3	logs/harbor_jobs/terminalbench/glm47flash/glm47flash-trc-su-r3-1788797647716/super-benchmark-upet__vdVZRsw	glm47flash-trc-su-r3-1788797647716
terminalbench	main	glm47flash	di__b3k__trc-su	swe-bench-astropy-2__trc-su__r3	swe-bench-astropy-2	trc-su	3	trc_summarize	3000	0.5	tb_erasure_possible	probable	0	CancelledError	False	2026-09-07T12:09:35.652372-05:00	ICLR_results/terminalbench/main/glm47flash/di__b3k__trc-su/swe-bench-astropy-2/trc-su/run_3	logs/harbor_jobs/terminalbench/glm47flash/glm47flash-trc-su-r3-1788797647716/swe-bench-astropy-2__4CNuWeQ	glm47flash-trc-su-r3-1788797647716
terminalbench	main	glm47flash	di__b3k__trc-su	swe-bench-fsspec__trc-su__r3	swe-bench-fsspec	trc-su	3	trc_summarize	3000	0.5	tb_erasure_possible	probable	0	CancelledError	True	2026-09-07T11:43:46.168393-05:00	ICLR_results/terminalbench/main/glm47flash/di__b3k__trc-su/swe-bench-fsspec/trc-su/run_3	logs/harbor_jobs/terminalbench/glm47flash/glm47flash-trc-su-r3-1788797647716/swe-bench-fsspec__GtGXMbW	glm47flash-trc-su-r3-1788797647716
terminalbench	main	glm47flash	di__b3k__trc-su	tmux-advanced-workflow__trc-su__r3	tmux-advanced-workflow	trc-su	3	trc_summarize	3000	0.5	tb_erasure_possible	probable	0	CancelledError	True	2026-09-07T11:14:09.159608-05:00	ICLR_results/terminalbench/main/glm47flash/di__b3k__trc-su/tmux-advanced-workflow/trc-su/run_3	logs/harbor_jobs/terminalbench/glm47flash/glm47flash-trc-su-r3-1788797647716/tmux-advanced-workflow__xgbxgTA	glm47flash-trc-su-r3-1788797647716
terminalbench	main	glm47flash	di__b3k__trc-su	write-compressor__trc-su__r3	write-compressor	trc-su	3	trc_summarize	3000	0.5	tb_erasure_possible	probable	0	CancelledError	False	2026-09-07T12:03:10.451258-05:00	ICLR_results/terminalbench/main/glm47flash/di__b3k__trc-su/write-compressor/trc-su/run_3	logs/harbor_jobs/terminalbench/glm47flash/glm47flash-trc-su-r3-1788797647716/write-compressor__MgKsfUP	glm47flash-trc-su-r3-1788797647716
