benchmark	section	cohort_model_path	cell	key	task	condition	run	primitive	budget_tokens	depth	rerun_reason	rerun_priority	summary_marker_errors	exit_status	resolved	started_at_CDT	source_run_dir	source_trial_dir	harbor_job
terminalbench	main	devstral24b	d05__b4k__ss	blind-maze-explorer-5x5__structured-summarize__r1	blind-maze-explorer-5x5	structured-summarize	1	structured_summarize	4000	0.5	tb_unverifiable	probable	0		False	2026-09-04T10:46:44.363168-05:00	ICLR_results/terminalbench/main/devstral24b/d05__b4k__ss/blind-maze-explorer-5x5/structured-summarize/run_1	logs/harbor_jobs/terminalbench/devstral24b/devstral24b-structured-summarize-r1-1788532263216/blind-maze-explorer-5x5__Kf5foaf	devstral24b-structured-summarize-r1-1788532263216
terminalbench	main	devstral24b	d05__b4k__ss	swe-bench-astropy-2__structured-summarize__r1	swe-bench-astropy-2	structured-summarize	1	structured_summarize	4000	0.5	tb_unverifiable	probable	0		False	2026-09-04T10:28:04.823068-05:00	ICLR_results/terminalbench/main/devstral24b/d05__b4k__ss/swe-bench-astropy-2/structured-summarize/run_1	logs/harbor_jobs/terminalbench/devstral24b/devstral24b-structured-summarize-r1-1788532263216/swe-bench-astropy-2__L3oT2Nz	devstral24b-structured-summarize-r1-1788532263216
terminalbench	main	devstral24b	d05__b4k__ss	eval-mteb.hard__structured-summarize__r2	eval-mteb.hard	structured-summarize	2	structured_summarize	4000	0.5	tb_unverifiable	probable	0		False	2026-09-04T14:17:49.026482-05:00	ICLR_results/terminalbench/main/devstral24b/d05__b4k__ss/eval-mteb.hard/structured-summarize/run_2	logs/harbor_jobs/terminalbench/devstral24b/devstral24b-structured-summarize-r2-1788545237079/eval-mteb.hard__QnZFrja	devstral24b-structured-summarize-r2-1788545237079
terminalbench	main	devstral24b	d05__b4k__ss	gpt2-codegolf__structured-summarize__r2	gpt2-codegolf	structured-summarize	2	structured_summarize	4000	0.5	tb_unverifiable	probable	0		False	2026-09-04T13:21:43.582958-05:00	ICLR_results/terminalbench/main/devstral24b/d05__b4k__ss/gpt2-codegolf/structured-summarize/run_2	logs/harbor_jobs/terminalbench/devstral24b/devstral24b-structured-summarize-r2-1788545237079/gpt2-codegolf__qSmReYc	devstral24b-structured-summarize-r2-1788545237079
terminalbench	main	devstral24b	d05__b4k__ss	raman-fitting.easy__structured-summarize__r2	raman-fitting.easy	structured-summarize	2	structured_summarize	4000	0.5	tb_unverifiable	probable	0		False	2026-09-04T13:07:18.586814-05:00	ICLR_results/terminalbench/main/devstral24b/d05__b4k__ss/raman-fitting.easy/structured-summarize/run_2	logs/harbor_jobs/terminalbench/devstral24b/devstral24b-structured-summarize-r2-1788545237079/raman-fitting.easy__PHwY4iB	devstral24b-structured-summarize-r2-1788545237079
terminalbench	main	devstral24b	d05__b4k__ss	prove-plus-comm__structured-summarize__r3	prove-plus-comm	structured-summarize	3	structured_summarize	4000	0.5	tb_unverifiable	probable	0		False	2026-09-04T15:05:28.569349-05:00	ICLR_results/terminalbench/main/devstral24b/d05__b4k__ss/prove-plus-comm/structured-summarize/run_3	logs/harbor_jobs/terminalbench/devstral24b/devstral24b-structured-summarize-r3-1788552326976/prove-plus-comm__ot8zZLn	devstral24b-structured-summarize-r3-1788552326976
terminalbench	main	devstral24b	d05__b4k__ss	pytorch-model-cli.hard__structured-summarize__r3	pytorch-model-cli.hard	structured-summarize	3	structured_summarize	4000	0.5	tb_unverifiable	probable	0		False	2026-09-04T15:11:58.155932-05:00	ICLR_results/terminalbench/main/devstral24b/d05__b4k__ss/pytorch-model-cli.hard/structured-summarize/run_3	logs/harbor_jobs/terminalbench/devstral24b/devstral24b-structured-summarize-r3-1788552326976/pytorch-model-cli.hard__wUABBbR	devstral24b-structured-summarize-r3-1788552326976
terminalbench	main	devstral24b	d05__b4k__ss	swe-bench-astropy-2__structured-summarize__r3	swe-bench-astropy-2	structured-summarize	3	structured_summarize	4000	0.5	tb_unverifiable	probable	0		False	2026-09-04T16:04:50.807420-05:00	ICLR_results/terminalbench/main/devstral24b/d05__b4k__ss/swe-bench-astropy-2/structured-summarize/run_3	logs/harbor_jobs/terminalbench/devstral24b/devstral24b-structured-summarize-r3-1788552326976/swe-bench-astropy-2__n4xKr7u	devstral24b-structured-summarize-r3-1788552326976
terminalbench	main	devstral24b	d05__b4k__ss-partial	gpt2-codegolf__structured-summarize-partial__r1	gpt2-codegolf	structured-summarize-partial	1	structured_summarize_partial	4000	0.5	tb_unverifiable	probable	0		False	2026-09-04T17:15:58.796867-05:00	ICLR_results/terminalbench/main/devstral24b/d05__b4k__ss-partial/gpt2-codegolf/structured-summarize-partial/run_1	logs/harbor_jobs/terminalbench/devstral24b/devstral24b-structured-summarize-partial-r1-1788559467420/gpt2-codegolf__ETG8DbC	devstral24b-structured-summarize-partial-r1-1788559467420
terminalbench	main	devstral24b	d05__b4k__ss-partial	heterogeneous-dates__structured-summarize-partial__r1	heterogeneous-dates	structured-summarize-partial	1	structured_summarize_partial	4000	0.5	tb_unverifiable	probable	0		False	2026-09-04T18:22:29.262591-05:00	ICLR_results/terminalbench/main/devstral24b/d05__b4k__ss-partial/heterogeneous-dates/structured-summarize-partial/run_1	logs/harbor_jobs/terminalbench/devstral24b/devstral24b-structured-summarize-partial-r1-1788559467420/heterogeneous-dates__nskvpZC	devstral24b-structured-summarize-partial-r1-1788559467420
terminalbench	main	devstral24b	d05__b4k__ss-partial	prove-plus-comm__structured-summarize-partial__r1	prove-plus-comm	structured-summarize-partial	1	structured_summarize_partial	4000	0.5	tb_erasure_possible	probable	0	Submitted	True	2026-09-04T17:04:28.995253-05:00	ICLR_results/terminalbench/main/devstral24b/d05__b4k__ss-partial/prove-plus-comm/structured-summarize-partial/run_1	logs/harbor_jobs/terminalbench/devstral24b/devstral24b-structured-summarize-partial-r1-1788559467420/prove-plus-comm__qqWLKtw	devstral24b-structured-summarize-partial-r1-1788559467420
terminalbench	main	devstral24b	d05__b4k__ss-partial	pytorch-model-cli.hard__structured-summarize-partial__r1	pytorch-model-cli.hard	structured-summarize-partial	1	structured_summarize_partial	4000	0.5	tb_erasure_possible	probable	0		False	2026-09-04T17:07:02.689230-05:00	ICLR_results/terminalbench/main/devstral24b/d05__b4k__ss-partial/pytorch-model-cli.hard/structured-summarize-partial/run_1	logs/harbor_jobs/terminalbench/devstral24b/devstral24b-structured-summarize-partial-r1-1788559467420/pytorch-model-cli.hard__Qwt2Xb8	devstral24b-structured-summarize-partial-r1-1788559467420
terminalbench	main	devstral24b	d05__b4k__ss-partial	cartpole-rl-training__structured-summarize-partial__r2	cartpole-rl-training	structured-summarize-partial	2	structured_summarize_partial	4000	0.5	tb_unverifiable	probable	0		False	2026-09-04T20:16:50.344012-05:00	ICLR_results/terminalbench/main/devstral24b/d05__b4k__ss-partial/cartpole-rl-training/structured-summarize-partial/run_2	logs/harbor_jobs/terminalbench/devstral24b/devstral24b-structured-summarize-partial-r2-1788566500337/cartpole-rl-training__4dCxZhc	devstral24b-structured-summarize-partial-r2-1788566500337
terminalbench	main	devstral24b	d05__b4k__ss-partial	gpt2-codegolf__structured-summarize-partial__r2	gpt2-codegolf	structured-summarize-partial	2	structured_summarize_partial	4000	0.5	tb_erasure_possible	probable	0		False	2026-09-04T19:15:34.932161-05:00	ICLR_results/terminalbench/main/devstral24b/d05__b4k__ss-partial/gpt2-codegolf/structured-summarize-partial/run_2	logs/harbor_jobs/terminalbench/devstral24b/devstral24b-structured-summarize-partial-r2-1788566500337/gpt2-codegolf__SBxw4zX	devstral24b-structured-summarize-partial-r2-1788566500337
terminalbench	main	devstral24b	d05__b4k__ss-partial	intrusion-detection__structured-summarize-partial__r2	intrusion-detection	structured-summarize-partial	2	structured_summarize_partial	4000	0.5	tb_erasure_possible	probable	0		False	2026-09-04T19:45:21.555952-05:00	ICLR_results/terminalbench/main/devstral24b/d05__b4k__ss-partial/intrusion-detection/structured-summarize-partial/run_2	logs/harbor_jobs/terminalbench/devstral24b/devstral24b-structured-summarize-partial-r2-1788566500337/intrusion-detection__qM2Ak3h	devstral24b-structured-summarize-partial-r2-1788566500337
terminalbench	main	devstral24b	d05__b4k__ss-partial	prove-plus-comm__structured-summarize-partial__r2	prove-plus-comm	structured-summarize-partial	2	structured_summarize_partial	4000	0.5	tb_unverifiable	probable	0		False	2026-09-04T19:01:41.883676-05:00	ICLR_results/terminalbench/main/devstral24b/d05__b4k__ss-partial/prove-plus-comm/structured-summarize-partial/run_2	logs/harbor_jobs/terminalbench/devstral24b/devstral24b-structured-summarize-partial-r2-1788566500337/prove-plus-comm__XLDviT4	devstral24b-structured-summarize-partial-r2-1788566500337
terminalbench	main	devstral24b	d05__b4k__ss-partial	git-workflow-hack__structured-summarize-partial__r3	git-workflow-hack	structured-summarize-partial	3	structured_summarize_partial	4000	0.5	tb_unverifiable	probable	0		False	2026-09-04T21:47:43.673647-05:00	ICLR_results/terminalbench/main/devstral24b/d05__b4k__ss-partial/git-workflow-hack/structured-summarize-partial/run_3	logs/harbor_jobs/terminalbench/devstral24b/devstral24b-structured-summarize-partial-r3-1788573691450/git-workflow-hack__NGvBASy	devstral24b-structured-summarize-partial-r3-1788573691450
terminalbench	main	devstral24b	d05__b4k__ss-partial	swe-bench-astropy-2__structured-summarize-partial__r3	swe-bench-astropy-2	structured-summarize-partial	3	structured_summarize_partial	4000	0.5	tb_erasure_possible	probable	0		False	2026-09-04T22:00:29.801224-05:00	ICLR_results/terminalbench/main/devstral24b/d05__b4k__ss-partial/swe-bench-astropy-2/structured-summarize-partial/run_3	logs/harbor_jobs/terminalbench/devstral24b/devstral24b-structured-summarize-partial-r3-1788573691450/swe-bench-astropy-2__BWoC9rt	devstral24b-structured-summarize-partial-r3-1788573691450
terminalbench	main	devstral24b	d05__b4k__su-full	blind-maze-explorer-5x5__summarization__r1	blind-maze-explorer-5x5	summarization	1	summarization	4000	0.5	tb_erasure_possible	probable	0	LimitsExceeded	False	2026-09-04T01:59:22.959048-05:00	ICLR_results/terminalbench/main/devstral24b/d05__b4k__su-full/blind-maze-explorer-5x5/summarization/run_1	logs/harbor_jobs/terminalbench/devstral24b/devstral24b-summarization-r1-1788502072284/blind-maze-explorer-5x5__bdfZ2z9	devstral24b-summarization-r1-1788502072284
terminalbench	main	devstral24b	d05__b4k__su-full	blind-maze-explorer-algorithm__summarization__r1	blind-maze-explorer-algorithm	summarization	1	summarization	4000	0.5	tb_erasure_possible	probable	0		False	2026-09-04T01:31:38.020673-05:00	ICLR_results/terminalbench/main/devstral24b/d05__b4k__su-full/blind-maze-explorer-algorithm/summarization/run_1	logs/harbor_jobs/terminalbench/devstral24b/devstral24b-summarization-r1-1788502072284/blind-maze-explorer-algorithm__qfg4QCz	devstral24b-summarization-r1-1788502072284
terminalbench	main	devstral24b	d05__b4k__su-full	cartpole-rl-training__summarization__r1	cartpole-rl-training	summarization	1	summarization	4000	0.5	tb_erasure_possible	probable	0	Submitted	True	2026-09-04T01:59:34.040151-05:00	ICLR_results/terminalbench/main/devstral24b/d05__b4k__su-full/cartpole-rl-training/summarization/run_1	logs/harbor_jobs/terminalbench/devstral24b/devstral24b-summarization-r1-1788502072284/cartpole-rl-training__HNWyfNj	devstral24b-summarization-r1-1788502072284
terminalbench	main	devstral24b	d05__b4k__su-full	count-dataset-tokens__summarization__r1	count-dataset-tokens	summarization	1	summarization	4000	0.5	tb_erasure_possible	probable	0		False	2026-09-04T01:09:28.062815-05:00	ICLR_results/terminalbench/main/devstral24b/d05__b4k__su-full/count-dataset-tokens/summarization/run_1	logs/harbor_jobs/terminalbench/devstral24b/devstral24b-summarization-r1-1788502072284/count-dataset-tokens__zFkjz99	devstral24b-summarization-r1-1788502072284
terminalbench	main	devstral24b	d05__b4k__su-full	crack-7z-hash.hard__summarization__r1	crack-7z-hash.hard	summarization	1	summarization	4000	0.5	tb_erasure_possible	probable	0		True	2026-09-04T01:47:01.455430-05:00	ICLR_results/terminalbench/main/devstral24b/d05__b4k__su-full/crack-7z-hash.hard/summarization/run_1	logs/harbor_jobs/terminalbench/devstral24b/devstral24b-summarization-r1-1788502072284/crack-7z-hash.hard__Xn9U8GK	devstral24b-summarization-r1-1788502072284
terminalbench	main	devstral24b	d05__b4k__su-full	csv-to-parquet__summarization__r1	csv-to-parquet	summarization	1	summarization	4000	0.5	tb_erasure_possible	probable	0	Submitted	True	2026-09-04T01:25:55.292683-05:00	ICLR_results/terminalbench/main/devstral24b/d05__b4k__su-full/csv-to-parquet/summarization/run_1	logs/harbor_jobs/terminalbench/devstral24b/devstral24b-summarization-r1-1788502072284/csv-to-parquet__E3JWxuG	devstral24b-summarization-r1-1788502072284
terminalbench	main	devstral24b	d05__b4k__su-full	download-youtube__summarization__r1	download-youtube	summarization	1	summarization	4000	0.5	tb_erasure_possible	probable	0	Submitted	False	2026-09-04T01:52:00.928051-05:00	ICLR_results/terminalbench/main/devstral24b/d05__b4k__su-full/download-youtube/summarization/run_1	logs/harbor_jobs/terminalbench/devstral24b/devstral24b-summarization-r1-1788502072284/download-youtube__4Jnt2y3	devstral24b-summarization-r1-1788502072284
terminalbench	main	devstral24b	d05__b4k__su-full	eval-mteb__summarization__r1	eval-mteb	summarization	1	summarization	4000	0.5	tb_erasure_possible	probable	0	Submitted	True	2026-09-04T01:21:28.157247-05:00	ICLR_results/terminalbench/main/devstral24b/d05__b4k__su-full/eval-mteb/summarization/run_1	logs/harbor_jobs/terminalbench/devstral24b/devstral24b-summarization-r1-1788502072284/eval-mteb__nNAmHfW	devstral24b-summarization-r1-1788502072284
terminalbench	main	devstral24b	d05__b4k__su-full	eval-mteb.hard__summarization__r1	eval-mteb.hard	summarization	1	summarization	4000	0.5	tb_erasure_possible	probable	0	Submitted	True	2026-09-04T01:56:12.742366-05:00	ICLR_results/terminalbench/main/devstral24b/d05__b4k__su-full/eval-mteb.hard/summarization/run_1	logs/harbor_jobs/terminalbench/devstral24b/devstral24b-summarization-r1-1788502072284/eval-mteb.hard__K6SDdzA	devstral24b-summarization-r1-1788502072284
terminalbench	main	devstral24b	d05__b4k__su-full	extract-moves-from-video__summarization__r1	extract-moves-from-video	summarization	1	summarization	4000	0.5	tb_erasure_possible	probable	0		False	2026-09-04T01:31:59.798214-05:00	ICLR_results/terminalbench/main/devstral24b/d05__b4k__su-full/extract-moves-from-video/summarization/run_1	logs/harbor_jobs/terminalbench/devstral24b/devstral24b-summarization-r1-1788502072284/extract-moves-from-video__LxZ9JMf	devstral24b-summarization-r1-1788502072284
terminalbench	main	devstral24b	d05__b4k__su-full	fibonacci-server__summarization__r1	fibonacci-server	summarization	1	summarization	4000	0.5	tb_erasure_possible	probable	0	Submitted	True	2026-09-04T01:18:04.488321-05:00	ICLR_results/terminalbench/main/devstral24b/d05__b4k__su-full/fibonacci-server/summarization/run_1	logs/harbor_jobs/terminalbench/devstral24b/devstral24b-summarization-r1-1788502072284/fibonacci-server__swZSUYQ	devstral24b-summarization-r1-1788502072284
terminalbench	main	devstral24b	d05__b4k__su-full	fix-git__summarization__r1	fix-git	summarization	1	summarization	4000	0.5	tb_erasure_possible	probable	0	Submitted	True	2026-09-04T01:45:06.094277-05:00	ICLR_results/terminalbench/main/devstral24b/d05__b4k__su-full/fix-git/summarization/run_1	logs/harbor_jobs/terminalbench/devstral24b/devstral24b-summarization-r1-1788502072284/fix-git__JorFLgP	devstral24b-summarization-r1-1788502072284
terminalbench	main	devstral24b	d05__b4k__su-full	git-workflow-hack__summarization__r1	git-workflow-hack	summarization	1	summarization	4000	0.5	tb_erasure_possible	probable	0		True	2026-09-04T01:42:11.843887-05:00	ICLR_results/terminalbench/main/devstral24b/d05__b4k__su-full/git-workflow-hack/summarization/run_1	logs/harbor_jobs/terminalbench/devstral24b/devstral24b-summarization-r1-1788502072284/git-workflow-hack__GDYZJPf	devstral24b-summarization-r1-1788502072284
terminalbench	main	devstral24b	d05__b4k__su-full	gpt2-codegolf__summarization__r1	gpt2-codegolf	summarization	1	summarization	4000	0.5	tb_erasure_possible	probable	0		False	2026-09-04T01:18:49.747114-05:00	ICLR_results/terminalbench/main/devstral24b/d05__b4k__su-full/gpt2-codegolf/summarization/run_1	logs/harbor_jobs/terminalbench/devstral24b/devstral24b-summarization-r1-1788502072284/gpt2-codegolf__Hbyba27	devstral24b-summarization-r1-1788502072284
terminalbench	main	devstral24b	d05__b4k__su-full	heterogeneous-dates__summarization__r1	heterogeneous-dates	summarization	1	summarization	4000	0.5	tb_erasure_possible	probable	0	Submitted	False	2026-09-04T01:59:45.350590-05:00	ICLR_results/terminalbench/main/devstral24b/d05__b4k__su-full/heterogeneous-dates/summarization/run_1	logs/harbor_jobs/terminalbench/devstral24b/devstral24b-summarization-r1-1788502072284/heterogeneous-dates__bmSEFjK	devstral24b-summarization-r1-1788502072284
terminalbench	main	devstral24b	d05__b4k__su-full	hf-model-inference__summarization__r1	hf-model-inference	summarization	1	summarization	4000	0.5	tb_erasure_possible	probable	0	Submitted	False	2026-09-04T01:21:37.543297-05:00	ICLR_results/terminalbench/main/devstral24b/d05__b4k__su-full/hf-model-inference/summarization/run_1	logs/harbor_jobs/terminalbench/devstral24b/devstral24b-summarization-r1-1788502072284/hf-model-inference__Vffq9hF	devstral24b-summarization-r1-1788502072284
terminalbench	main	devstral24b	d05__b4k__su-full	intrusion-detection__summarization__r1	intrusion-detection	summarization	1	summarization	4000	0.5	tb_erasure_possible	probable	0		False	2026-09-04T01:39:06.442145-05:00	ICLR_results/terminalbench/main/devstral24b/d05__b4k__su-full/intrusion-detection/summarization/run_1	logs/harbor_jobs/terminalbench/devstral24b/devstral24b-summarization-r1-1788502072284/intrusion-detection__bsbPUWe	devstral24b-summarization-r1-1788502072284
terminalbench	main	devstral24b	d05__b4k__su-full	password-recovery__summarization__r1	password-recovery	summarization	1	summarization	4000	0.5	tb_erasure_possible	probable	0	Submitted	False	2026-09-04T01:46:17.990030-05:00	ICLR_results/terminalbench/main/devstral24b/d05__b4k__su-full/password-recovery/summarization/run_1	logs/harbor_jobs/terminalbench/devstral24b/devstral24b-summarization-r1-1788502072284/password-recovery__vQScEKu	devstral24b-summarization-r1-1788502072284
terminalbench	main	devstral24b	d05__b4k__su-full	path-tracing-reverse__summarization__r1	path-tracing-reverse	summarization	1	summarization	4000	0.5	tb_erasure_possible	probable	0		False	2026-09-04T01:08:31.962799-05:00	ICLR_results/terminalbench/main/devstral24b/d05__b4k__su-full/path-tracing-reverse/summarization/run_1	logs/harbor_jobs/terminalbench/devstral24b/devstral24b-summarization-r1-1788502072284/path-tracing-reverse__aWgZK6D	devstral24b-summarization-r1-1788502072284
terminalbench	main	devstral24b	d05__b4k__su-full	processing-pipeline__summarization__r1	processing-pipeline	summarization	1	summarization	4000	0.5	tb_erasure_possible	probable	0	Submitted	True	2026-09-04T01:30:16.888892-05:00	ICLR_results/terminalbench/main/devstral24b/d05__b4k__su-full/processing-pipeline/summarization/run_1	logs/harbor_jobs/terminalbench/devstral24b/devstral24b-summarization-r1-1788502072284/processing-pipeline__mEMUe6s	devstral24b-summarization-r1-1788502072284
terminalbench	main	devstral24b	d05__b4k__su-full	prove-plus-comm__summarization__r1	prove-plus-comm	summarization	1	summarization	4000	0.5	tb_erasure_possible	probable	0		False	2026-09-04T01:07:53.774827-05:00	ICLR_results/terminalbench/main/devstral24b/d05__b4k__su-full/prove-plus-comm/summarization/run_1	logs/harbor_jobs/terminalbench/devstral24b/devstral24b-summarization-r1-1788502072284/prove-plus-comm__zmpQ2i8	devstral24b-summarization-r1-1788502072284
terminalbench	main	devstral24b	d05__b4k__su-full	pytorch-model-cli.hard__summarization__r1	pytorch-model-cli.hard	summarization	1	summarization	4000	0.5	tb_erasure_possible	probable	0		False	2026-09-04T01:11:32.092894-05:00	ICLR_results/terminalbench/main/devstral24b/d05__b4k__su-full/pytorch-model-cli.hard/summarization/run_1	logs/harbor_jobs/terminalbench/devstral24b/devstral24b-summarization-r1-1788502072284/pytorch-model-cli.hard__YEKNrFL	devstral24b-summarization-r1-1788502072284
terminalbench	main	devstral24b	d05__b4k__su-full	qemu-alpine-ssh__summarization__r1	qemu-alpine-ssh	summarization	1	summarization	4000	0.5	tb_erasure_possible	probable	0		False	2026-09-04T01:19:53.288416-05:00	ICLR_results/terminalbench/main/devstral24b/d05__b4k__su-full/qemu-alpine-ssh/summarization/run_1	logs/harbor_jobs/terminalbench/devstral24b/devstral24b-summarization-r1-1788502072284/qemu-alpine-ssh__kVkffa8	devstral24b-summarization-r1-1788502072284
terminalbench	main	devstral24b	d05__b4k__su-full	qemu-startup__summarization__r1	qemu-startup	summarization	1	summarization	4000	0.5	tb_erasure_possible	probable	0	Submitted	True	2026-09-04T01:48:54.850064-05:00	ICLR_results/terminalbench/main/devstral24b/d05__b4k__su-full/qemu-startup/summarization/run_1	logs/harbor_jobs/terminalbench/devstral24b/devstral24b-summarization-r1-1788502072284/qemu-startup__qLNPMPD	devstral24b-summarization-r1-1788502072284
terminalbench	main	devstral24b	d05__b4k__su-full	raman-fitting.easy__summarization__r1	raman-fitting.easy	summarization	1	summarization	4000	0.5	tb_erasure_possible	probable	0	Submitted	False	2026-09-04T01:07:53.766188-05:00	ICLR_results/terminalbench/main/devstral24b/d05__b4k__su-full/raman-fitting.easy/summarization/run_1	logs/harbor_jobs/terminalbench/devstral24b/devstral24b-summarization-r1-1788502072284/raman-fitting.easy__U9KgBHd	devstral24b-summarization-r1-1788502072284
terminalbench	main	devstral24b	d05__b4k__su-full	sanitize-git-repo__summarization__r1	sanitize-git-repo	summarization	1	summarization	4000	0.5	tb_erasure_possible	probable	0	Submitted	False	2026-09-04T01:25:23.972507-05:00	ICLR_results/terminalbench/main/devstral24b/d05__b4k__su-full/sanitize-git-repo/summarization/run_1	logs/harbor_jobs/terminalbench/devstral24b/devstral24b-summarization-r1-1788502072284/sanitize-git-repo__NXryBJE	devstral24b-summarization-r1-1788502072284
terminalbench	main	devstral24b	d05__b4k__su-full	sanitize-git-repo.hard__summarization__r1	sanitize-git-repo.hard	summarization	1	summarization	4000	0.5	tb_erasure_possible	probable	0		False	2026-09-04T01:53:23.220400-05:00	ICLR_results/terminalbench/main/devstral24b/d05__b4k__su-full/sanitize-git-repo.hard/summarization/run_1	logs/harbor_jobs/terminalbench/devstral24b/devstral24b-summarization-r1-1788502072284/sanitize-git-repo.hard__5GDk3nV	devstral24b-summarization-r1-1788502072284
terminalbench	main	devstral24b	d05__b4k__su-full	solana-data__summarization__r1	solana-data	summarization	1	summarization	4000	0.5	tb_erasure_possible	probable	0		False	2026-09-04T01:14:54.662749-05:00	ICLR_results/terminalbench/main/devstral24b/d05__b4k__su-full/solana-data/summarization/run_1	logs/harbor_jobs/terminalbench/devstral24b/devstral24b-summarization-r1-1788502072284/solana-data__oQPvMNb	devstral24b-summarization-r1-1788502072284
terminalbench	main	devstral24b	d05__b4k__su-full	sqlite-with-gcov__summarization__r1	sqlite-with-gcov	summarization	1	summarization	4000	0.5	tb_erasure_possible	probable	0	Submitted	True	2026-09-04T01:15:43.503511-05:00	ICLR_results/terminalbench/main/devstral24b/d05__b4k__su-full/sqlite-with-gcov/summarization/run_1	logs/harbor_jobs/terminalbench/devstral24b/devstral24b-summarization-r1-1788502072284/sqlite-with-gcov__BU72vey	devstral24b-summarization-r1-1788502072284
terminalbench	main	devstral24b	d05__b4k__su-full	super-benchmark-upet__summarization__r1	super-benchmark-upet	summarization	1	summarization	4000	0.5	tb_erasure_possible	probable	0	LimitsExceeded	False	2026-09-04T01:32:10.825439-05:00	ICLR_results/terminalbench/main/devstral24b/d05__b4k__su-full/super-benchmark-upet/summarization/run_1	logs/harbor_jobs/terminalbench/devstral24b/devstral24b-summarization-r1-1788502072284/super-benchmark-upet__9CcHq9k	devstral24b-summarization-r1-1788502072284
terminalbench	main	devstral24b	d05__b4k__su-full	swe-bench-astropy-2__summarization__r1	swe-bench-astropy-2	summarization	1	summarization	4000	0.5	tb_erasure_possible	probable	0	LimitsExceeded	False	2026-09-04T01:48:35.381793-05:00	ICLR_results/terminalbench/main/devstral24b/d05__b4k__su-full/swe-bench-astropy-2/summarization/run_1	logs/harbor_jobs/terminalbench/devstral24b/devstral24b-summarization-r1-1788502072284/swe-bench-astropy-2__KwFnQTz	devstral24b-summarization-r1-1788502072284
terminalbench	main	devstral24b	d05__b4k__su-full	swe-bench-fsspec__summarization__r1	swe-bench-fsspec	summarization	1	summarization	4000	0.5	tb_erasure_possible	probable	0	LimitsExceeded	False	2026-09-04T01:27:30.623693-05:00	ICLR_results/terminalbench/main/devstral24b/d05__b4k__su-full/swe-bench-fsspec/summarization/run_1	logs/harbor_jobs/terminalbench/devstral24b/devstral24b-summarization-r1-1788502072284/swe-bench-fsspec__UaRpMPT	devstral24b-summarization-r1-1788502072284
terminalbench	main	devstral24b	d05__b4k__su-full	tmux-advanced-workflow__summarization__r1	tmux-advanced-workflow	summarization	1	summarization	4000	0.5	tb_erasure_possible	probable	0	Submitted	False	2026-09-04T01:07:53.721014-05:00	ICLR_results/terminalbench/main/devstral24b/d05__b4k__su-full/tmux-advanced-workflow/summarization/run_1	logs/harbor_jobs/terminalbench/devstral24b/devstral24b-summarization-r1-1788502072284/tmux-advanced-workflow__isf2eW4	devstral24b-summarization-r1-1788502072284
terminalbench	main	devstral24b	d05__b4k__su-full	write-compressor__summarization__r1	write-compressor	summarization	1	summarization	4000	0.5	tb_erasure_possible	probable	0		False	2026-09-04T01:45:33.644772-05:00	ICLR_results/terminalbench/main/devstral24b/d05__b4k__su-full/write-compressor/summarization/run_1	logs/harbor_jobs/terminalbench/devstral24b/devstral24b-summarization-r1-1788502072284/write-compressor__PrxS67G	devstral24b-summarization-r1-1788502072284
terminalbench	main	devstral24b	d05__b4k__su-full	blind-maze-explorer-5x5__summarization__r2	blind-maze-explorer-5x5	summarization	2	summarization	4000	0.5	summary_failure_accounting	priority	0		False	2026-09-04T03:06:55.043501-05:00	ICLR_results/terminalbench/main/devstral24b/d05__b4k__su-full/blind-maze-explorer-5x5/summarization/run_2	logs/harbor_jobs/terminalbench/devstral24b/devstral24b-summarization-r2-1788505914188/blind-maze-explorer-5x5__pZ59Zku	devstral24b-summarization-r2-1788505914188
terminalbench	main	devstral24b	d05__b4k__su-full	blind-maze-explorer-algorithm__summarization__r2	blind-maze-explorer-algorithm	summarization	2	summarization	4000	0.5	summary_failure_accounting	priority	0		False	2026-09-04T02:36:00.031376-05:00	ICLR_results/terminalbench/main/devstral24b/d05__b4k__su-full/blind-maze-explorer-algorithm/summarization/run_2	logs/harbor_jobs/terminalbench/devstral24b/devstral24b-summarization-r2-1788505914188/blind-maze-explorer-algorithm__wSECuuW	devstral24b-summarization-r2-1788505914188
terminalbench	main	devstral24b	d05__b4k__su-full	cartpole-rl-training__summarization__r2	cartpole-rl-training	summarization	2	summarization	4000	0.5	tb_erasure_possible	probable	0		True	2026-09-04T03:08:09.664060-05:00	ICLR_results/terminalbench/main/devstral24b/d05__b4k__su-full/cartpole-rl-training/summarization/run_2	logs/harbor_jobs/terminalbench/devstral24b/devstral24b-summarization-r2-1788505914188/cartpole-rl-training__2KfQCLK	devstral24b-summarization-r2-1788505914188
terminalbench	main	devstral24b	d05__b4k__su-full	count-dataset-tokens__summarization__r2	count-dataset-tokens	summarization	2	summarization	4000	0.5	tb_erasure_possible	probable	0		False	2026-09-04T02:15:55.717690-05:00	ICLR_results/terminalbench/main/devstral24b/d05__b4k__su-full/count-dataset-tokens/summarization/run_2	logs/harbor_jobs/terminalbench/devstral24b/devstral24b-summarization-r2-1788505914188/count-dataset-tokens__QmiDGms	devstral24b-summarization-r2-1788505914188
terminalbench	main	devstral24b	d05__b4k__su-full	crack-7z-hash.hard__summarization__r2	crack-7z-hash.hard	summarization	2	summarization	4000	0.5	tb_erasure_possible	probable	0		False	2026-09-04T02:53:14.495943-05:00	ICLR_results/terminalbench/main/devstral24b/d05__b4k__su-full/crack-7z-hash.hard/summarization/run_2	logs/harbor_jobs/terminalbench/devstral24b/devstral24b-summarization-r2-1788505914188/crack-7z-hash.hard__zifVPYV	devstral24b-summarization-r2-1788505914188
terminalbench	main	devstral24b	d05__b4k__su-full	csv-to-parquet__summarization__r2	csv-to-parquet	summarization	2	summarization	4000	0.5	tb_erasure_possible	probable	0	Submitted	True	2026-09-04T02:29:14.759245-05:00	ICLR_results/terminalbench/main/devstral24b/d05__b4k__su-full/csv-to-parquet/summarization/run_2	logs/harbor_jobs/terminalbench/devstral24b/devstral24b-summarization-r2-1788505914188/csv-to-parquet__KWaKLhF	devstral24b-summarization-r2-1788505914188
terminalbench	main	devstral24b	d05__b4k__su-full	download-youtube__summarization__r2	download-youtube	summarization	2	summarization	4000	0.5	tb_erasure_possible	probable	0	Submitted	False	2026-09-04T02:57:53.110299-05:00	ICLR_results/terminalbench/main/devstral24b/d05__b4k__su-full/download-youtube/summarization/run_2	logs/harbor_jobs/terminalbench/devstral24b/devstral24b-summarization-r2-1788505914188/download-youtube__ZBPEoeM	devstral24b-summarization-r2-1788505914188
terminalbench	main	devstral24b	d05__b4k__su-full	eval-mteb__summarization__r2	eval-mteb	summarization	2	summarization	4000	0.5	tb_erasure_possible	probable	0	Submitted	True	2026-09-04T02:25:59.180897-05:00	ICLR_results/terminalbench/main/devstral24b/d05__b4k__su-full/eval-mteb/summarization/run_2	logs/harbor_jobs/terminalbench/devstral24b/devstral24b-summarization-r2-1788505914188/eval-mteb__yQrFJGf	devstral24b-summarization-r2-1788505914188
terminalbench	main	devstral24b	d05__b4k__su-full	eval-mteb.hard__summarization__r2	eval-mteb.hard	summarization	2	summarization	4000	0.5	tb_erasure_possible	probable	0	Submitted	False	2026-09-04T03:01:27.965817-05:00	ICLR_results/terminalbench/main/devstral24b/d05__b4k__su-full/eval-mteb.hard/summarization/run_2	logs/harbor_jobs/terminalbench/devstral24b/devstral24b-summarization-r2-1788505914188/eval-mteb.hard__NqPMw7o	devstral24b-summarization-r2-1788505914188
terminalbench	main	devstral24b	d05__b4k__su-full	extract-moves-from-video__summarization__r2	extract-moves-from-video	summarization	2	summarization	4000	0.5	tb_erasure_possible	probable	0		False	2026-09-04T02:36:56.860707-05:00	ICLR_results/terminalbench/main/devstral24b/d05__b4k__su-full/extract-moves-from-video/summarization/run_2	logs/harbor_jobs/terminalbench/devstral24b/devstral24b-summarization-r2-1788505914188/extract-moves-from-video__HMQrdDU	devstral24b-summarization-r2-1788505914188
terminalbench	main	devstral24b	d05__b4k__su-full	fix-git__summarization__r2	fix-git	summarization	2	summarization	4000	0.5	tb_erasure_possible	probable	0	Submitted	False	2026-09-04T02:51:22.537668-05:00	ICLR_results/terminalbench/main/devstral24b/d05__b4k__su-full/fix-git/summarization/run_2	logs/harbor_jobs/terminalbench/devstral24b/devstral24b-summarization-r2-1788505914188/fix-git__m4Hh7sZ	devstral24b-summarization-r2-1788505914188
terminalbench	main	devstral24b	d05__b4k__su-full	git-workflow-hack__summarization__r2	git-workflow-hack	summarization	2	summarization	4000	0.5	tb_erasure_possible	probable	0		True	2026-09-04T02:45:37.166604-05:00	ICLR_results/terminalbench/main/devstral24b/d05__b4k__su-full/git-workflow-hack/summarization/run_2	logs/harbor_jobs/terminalbench/devstral24b/devstral24b-summarization-r2-1788505914188/git-workflow-hack__Wb5m3Bj	devstral24b-summarization-r2-1788505914188
terminalbench	main	devstral24b	d05__b4k__su-full	gpt2-codegolf__summarization__r2	gpt2-codegolf	summarization	2	summarization	4000	0.5	tb_erasure_possible	probable	0	ValueError	False	2026-09-04T02:24:25.939998-05:00	ICLR_results/terminalbench/main/devstral24b/d05__b4k__su-full/gpt2-codegolf/summarization/run_2	logs/harbor_jobs/terminalbench/devstral24b/devstral24b-summarization-r2-1788505914188/gpt2-codegolf__SPwX3nL	devstral24b-summarization-r2-1788505914188
terminalbench	main	devstral24b	d05__b4k__su-full	hf-model-inference__summarization__r2	hf-model-inference	summarization	2	summarization	4000	0.5	tb_erasure_possible	probable	0	Submitted	False	2026-09-04T02:26:22.929439-05:00	ICLR_results/terminalbench/main/devstral24b/d05__b4k__su-full/hf-model-inference/summarization/run_2	logs/harbor_jobs/terminalbench/devstral24b/devstral24b-summarization-r2-1788505914188/hf-model-inference__Us2EPLk	devstral24b-summarization-r2-1788505914188
terminalbench	main	devstral24b	d05__b4k__su-full	incompatible-python-fasttext__summarization__r2	incompatible-python-fasttext	summarization	2	summarization	4000	0.5	tb_erasure_possible	probable	0	Submitted	True	2026-09-04T02:11:55.739427-05:00	ICLR_results/terminalbench/main/devstral24b/d05__b4k__su-full/incompatible-python-fasttext/summarization/run_2	logs/harbor_jobs/terminalbench/devstral24b/devstral24b-summarization-r2-1788505914188/incompatible-python-fasttext__uUT8MTf	devstral24b-summarization-r2-1788505914188
terminalbench	main	devstral24b	d05__b4k__su-full	intrusion-detection__summarization__r2	intrusion-detection	summarization	2	summarization	4000	0.5	tb_erasure_possible	probable	0		False	2026-09-04T02:44:52.967076-05:00	ICLR_results/terminalbench/main/devstral24b/d05__b4k__su-full/intrusion-detection/summarization/run_2	logs/harbor_jobs/terminalbench/devstral24b/devstral24b-summarization-r2-1788505914188/intrusion-detection__YyiAGNP	devstral24b-summarization-r2-1788505914188
terminalbench	main	devstral24b	d05__b4k__su-full	path-tracing-reverse__summarization__r2	path-tracing-reverse	summarization	2	summarization	4000	0.5	tb_erasure_possible	probable	0		False	2026-09-04T02:13:59.876803-05:00	ICLR_results/terminalbench/main/devstral24b/d05__b4k__su-full/path-tracing-reverse/summarization/run_2	logs/harbor_jobs/terminalbench/devstral24b/devstral24b-summarization-r2-1788505914188/path-tracing-reverse__i88sfp8	devstral24b-summarization-r2-1788505914188
terminalbench	main	devstral24b	d05__b4k__su-full	prove-plus-comm__summarization__r2	prove-plus-comm	summarization	2	summarization	4000	0.5	tb_erasure_possible	probable	0		False	2026-09-04T02:11:55.743821-05:00	ICLR_results/terminalbench/main/devstral24b/d05__b4k__su-full/prove-plus-comm/summarization/run_2	logs/harbor_jobs/terminalbench/devstral24b/devstral24b-summarization-r2-1788505914188/prove-plus-comm__xMgaWrj	devstral24b-summarization-r2-1788505914188
terminalbench	main	devstral24b	d05__b4k__su-full	pytorch-model-cli.hard__summarization__r2	pytorch-model-cli.hard	summarization	2	summarization	4000	0.5	tb_erasure_possible	probable	0		False	2026-09-04T02:17:12.414978-05:00	ICLR_results/terminalbench/main/devstral24b/d05__b4k__su-full/pytorch-model-cli.hard/summarization/run_2	logs/harbor_jobs/terminalbench/devstral24b/devstral24b-summarization-r2-1788505914188/pytorch-model-cli.hard__6fLkXHF	devstral24b-summarization-r2-1788505914188
terminalbench	main	devstral24b	d05__b4k__su-full	qemu-alpine-ssh__summarization__r2	qemu-alpine-ssh	summarization	2	summarization	4000	0.5	summary_failure_accounting	priority	0		False	2026-09-04T02:25:21.772462-05:00	ICLR_results/terminalbench/main/devstral24b/d05__b4k__su-full/qemu-alpine-ssh/summarization/run_2	logs/harbor_jobs/terminalbench/devstral24b/devstral24b-summarization-r2-1788505914188/qemu-alpine-ssh__irWgiFs	devstral24b-summarization-r2-1788505914188
terminalbench	main	devstral24b	d05__b4k__su-full	qemu-startup__summarization__r2	qemu-startup	summarization	2	summarization	4000	0.5	tb_unverifiable	probable	0		False	2026-09-04T02:56:53.116680-05:00	ICLR_results/terminalbench/main/devstral24b/d05__b4k__su-full/qemu-startup/summarization/run_2	logs/harbor_jobs/terminalbench/devstral24b/devstral24b-summarization-r2-1788505914188/qemu-startup__JhM3NXp	devstral24b-summarization-r2-1788505914188
terminalbench	main	devstral24b	d05__b4k__su-full	raman-fitting.easy__summarization__r2	raman-fitting.easy	summarization	2	summarization	4000	0.5	tb_erasure_possible	probable	0	Submitted	False	2026-09-04T02:11:55.735143-05:00	ICLR_results/terminalbench/main/devstral24b/d05__b4k__su-full/raman-fitting.easy/summarization/run_2	logs/harbor_jobs/terminalbench/devstral24b/devstral24b-summarization-r2-1788505914188/raman-fitting.easy__KsXvCmu	devstral24b-summarization-r2-1788505914188
terminalbench	main	devstral24b	d05__b4k__su-full	sanitize-git-repo__summarization__r2	sanitize-git-repo	summarization	2	summarization	4000	0.5	tb_erasure_possible	probable	0		False	2026-09-04T02:28:45.182282-05:00	ICLR_results/terminalbench/main/devstral24b/d05__b4k__su-full/sanitize-git-repo/summarization/run_2	logs/harbor_jobs/terminalbench/devstral24b/devstral24b-summarization-r2-1788505914188/sanitize-git-repo__gpGtx5a	devstral24b-summarization-r2-1788505914188
terminalbench	main	devstral24b	d05__b4k__su-full	sanitize-git-repo.hard__summarization__r2	sanitize-git-repo.hard	summarization	2	summarization	4000	0.5	tb_erasure_possible	probable	0		False	2026-09-04T02:59:36.687859-05:00	ICLR_results/terminalbench/main/devstral24b/d05__b4k__su-full/sanitize-git-repo.hard/summarization/run_2	logs/harbor_jobs/terminalbench/devstral24b/devstral24b-summarization-r2-1788505914188/sanitize-git-repo.hard__CWBVNAT	devstral24b-summarization-r2-1788505914188
terminalbench	main	devstral24b	d05__b4k__su-full	solana-data__summarization__r2	solana-data	summarization	2	summarization	4000	0.5	tb_erasure_possible	probable	0		False	2026-09-04T02:18:57.800003-05:00	ICLR_results/terminalbench/main/devstral24b/d05__b4k__su-full/solana-data/summarization/run_2	logs/harbor_jobs/terminalbench/devstral24b/devstral24b-summarization-r2-1788505914188/solana-data__sZP8Bkb	devstral24b-summarization-r2-1788505914188
terminalbench	main	devstral24b	d05__b4k__su-full	sqlite-with-gcov__summarization__r2	sqlite-with-gcov	summarization	2	summarization	4000	0.5	tb_erasure_possible	probable	0	Submitted	True	2026-09-04T02:20:27.945877-05:00	ICLR_results/terminalbench/main/devstral24b/d05__b4k__su-full/sqlite-with-gcov/summarization/run_2	logs/harbor_jobs/terminalbench/devstral24b/devstral24b-summarization-r2-1788505914188/sqlite-with-gcov__w4ub5vm	devstral24b-summarization-r2-1788505914188
terminalbench	main	devstral24b	d05__b4k__su-full	super-benchmark-upet__summarization__r2	super-benchmark-upet	summarization	2	summarization	4000	0.5	tb_erasure_possible	probable	0	LimitsExceeded	False	2026-09-04T02:40:56.196233-05:00	ICLR_results/terminalbench/main/devstral24b/d05__b4k__su-full/super-benchmark-upet/summarization/run_2	logs/harbor_jobs/terminalbench/devstral24b/devstral24b-summarization-r2-1788505914188/super-benchmark-upet__sVYaXT9	devstral24b-summarization-r2-1788505914188
terminalbench	main	devstral24b	d05__b4k__su-full	swe-bench-astropy-2__summarization__r2	swe-bench-astropy-2	summarization	2	summarization	4000	0.5	tb_erasure_possible	probable	0		False	2026-09-04T02:55:36.919352-05:00	ICLR_results/terminalbench/main/devstral24b/d05__b4k__su-full/swe-bench-astropy-2/summarization/run_2	logs/harbor_jobs/terminalbench/devstral24b/devstral24b-summarization-r2-1788505914188/swe-bench-astropy-2__5m6b9yv	devstral24b-summarization-r2-1788505914188
terminalbench	main	devstral24b	d05__b4k__su-full	swe-bench-fsspec__summarization__r2	swe-bench-fsspec	summarization	2	summarization	4000	0.5	tb_erasure_possible	probable	0	Submitted	True	2026-09-04T02:32:03.309745-05:00	ICLR_results/terminalbench/main/devstral24b/d05__b4k__su-full/swe-bench-fsspec/summarization/run_2	logs/harbor_jobs/terminalbench/devstral24b/devstral24b-summarization-r2-1788505914188/swe-bench-fsspec__7GcdaHP	devstral24b-summarization-r2-1788505914188
terminalbench	main	devstral24b	d05__b4k__su-full	tmux-advanced-workflow__summarization__r2	tmux-advanced-workflow	summarization	2	summarization	4000	0.5	tb_erasure_possible	probable	0	LimitsExceeded	False	2026-09-04T02:11:55.686478-05:00	ICLR_results/terminalbench/main/devstral24b/d05__b4k__su-full/tmux-advanced-workflow/summarization/run_2	logs/harbor_jobs/terminalbench/devstral24b/devstral24b-summarization-r2-1788505914188/tmux-advanced-workflow__TgNDhZn	devstral24b-summarization-r2-1788505914188
terminalbench	main	devstral24b	d05__b4k__su-full	write-compressor__summarization__r2	write-compressor	summarization	2	summarization	4000	0.5	tb_erasure_possible	probable	0		False	2026-09-04T02:51:28.906590-05:00	ICLR_results/terminalbench/main/devstral24b/d05__b4k__su-full/write-compressor/summarization/run_2	logs/harbor_jobs/terminalbench/devstral24b/devstral24b-summarization-r2-1788505914188/write-compressor__eL768FT	devstral24b-summarization-r2-1788505914188
terminalbench	main	devstral24b	d05__b4k__su-full	blind-maze-explorer-5x5__summarization__r3	blind-maze-explorer-5x5	summarization	3	summarization	4000	0.5	tb_erasure_possible	probable	0		False	2026-09-04T04:22:35.650785-05:00	ICLR_results/terminalbench/main/devstral24b/d05__b4k__su-full/blind-maze-explorer-5x5/summarization/run_3	logs/harbor_jobs/terminalbench/devstral24b/devstral24b-summarization-r3-1788510767655/blind-maze-explorer-5x5__pj4HgsV	devstral24b-summarization-r3-1788510767655
terminalbench	main	devstral24b	d05__b4k__su-full	blind-maze-explorer-algorithm__summarization__r3	blind-maze-explorer-algorithm	summarization	3	summarization	4000	0.5	tb_erasure_possible	probable	0		False	2026-09-04T03:54:05.336675-05:00	ICLR_results/terminalbench/main/devstral24b/d05__b4k__su-full/blind-maze-explorer-algorithm/summarization/run_3	logs/harbor_jobs/terminalbench/devstral24b/devstral24b-summarization-r3-1788510767655/blind-maze-explorer-algorithm__URMPEVm	devstral24b-summarization-r3-1788510767655
terminalbench	main	devstral24b	d05__b4k__su-full	cartpole-rl-training__summarization__r3	cartpole-rl-training	summarization	3	summarization	4000	0.5	tb_erasure_possible	probable	0		False	2026-09-04T04:22:49.414681-05:00	ICLR_results/terminalbench/main/devstral24b/d05__b4k__su-full/cartpole-rl-training/summarization/run_3	logs/harbor_jobs/terminalbench/devstral24b/devstral24b-summarization-r3-1788510767655/cartpole-rl-training__MBQARY2	devstral24b-summarization-r3-1788510767655
terminalbench	main	devstral24b	d05__b4k__su-full	count-dataset-tokens__summarization__r3	count-dataset-tokens	summarization	3	summarization	4000	0.5	tb_erasure_possible	probable	0		False	2026-09-04T03:35:00.290167-05:00	ICLR_results/terminalbench/main/devstral24b/d05__b4k__su-full/count-dataset-tokens/summarization/run_3	logs/harbor_jobs/terminalbench/devstral24b/devstral24b-summarization-r3-1788510767655/count-dataset-tokens__LmofbVv	devstral24b-summarization-r3-1788510767655
terminalbench	main	devstral24b	d05__b4k__su-full	crack-7z-hash.hard__summarization__r3	crack-7z-hash.hard	summarization	3	summarization	4000	0.5	tb_erasure_possible	probable	0		False	2026-09-04T04:09:28.503340-05:00	ICLR_results/terminalbench/main/devstral24b/d05__b4k__su-full/crack-7z-hash.hard/summarization/run_3	logs/harbor_jobs/terminalbench/devstral24b/devstral24b-summarization-r3-1788510767655/crack-7z-hash.hard__rrdhDab	devstral24b-summarization-r3-1788510767655
terminalbench	main	devstral24b	d05__b4k__su-full	csv-to-parquet__summarization__r3	csv-to-parquet	summarization	3	summarization	4000	0.5	tb_erasure_possible	probable	0	Submitted	True	2026-09-04T03:48:18.673262-05:00	ICLR_results/terminalbench/main/devstral24b/d05__b4k__su-full/csv-to-parquet/summarization/run_3	logs/harbor_jobs/terminalbench/devstral24b/devstral24b-summarization-r3-1788510767655/csv-to-parquet__kHgNRqC	devstral24b-summarization-r3-1788510767655
terminalbench	main	devstral24b	d05__b4k__su-full	download-youtube__summarization__r3	download-youtube	summarization	3	summarization	4000	0.5	tb_erasure_possible	probable	0	Submitted	False	2026-09-04T04:15:13.042142-05:00	ICLR_results/terminalbench/main/devstral24b/d05__b4k__su-full/download-youtube/summarization/run_3	logs/harbor_jobs/terminalbench/devstral24b/devstral24b-summarization-r3-1788510767655/download-youtube__LDQFV6Y	devstral24b-summarization-r3-1788510767655
terminalbench	main	devstral24b	d05__b4k__su-full	eval-mteb__summarization__r3	eval-mteb	summarization	3	summarization	4000	0.5	tb_erasure_possible	probable	0	Submitted	True	2026-09-04T03:45:01.397988-05:00	ICLR_results/terminalbench/main/devstral24b/d05__b4k__su-full/eval-mteb/summarization/run_3	logs/harbor_jobs/terminalbench/devstral24b/devstral24b-summarization-r3-1788510767655/eval-mteb__rKpJwqR	devstral24b-summarization-r3-1788510767655
terminalbench	main	devstral24b	d05__b4k__su-full	eval-mteb.hard__summarization__r3	eval-mteb.hard	summarization	3	summarization	4000	0.5	tb_erasure_possible	probable	0	Submitted	True	2026-09-04T04:18:48.795649-05:00	ICLR_results/terminalbench/main/devstral24b/d05__b4k__su-full/eval-mteb.hard/summarization/run_3	logs/harbor_jobs/terminalbench/devstral24b/devstral24b-summarization-r3-1788510767655/eval-mteb.hard__VQnn9qz	devstral24b-summarization-r3-1788510767655
terminalbench	main	devstral24b	d05__b4k__su-full	extract-moves-from-video__summarization__r3	extract-moves-from-video	summarization	3	summarization	4000	0.5	tb_erasure_possible	probable	0		False	2026-09-04T03:54:31.796453-05:00	ICLR_results/terminalbench/main/devstral24b/d05__b4k__su-full/extract-moves-from-video/summarization/run_3	logs/harbor_jobs/terminalbench/devstral24b/devstral24b-summarization-r3-1788510767655/extract-moves-from-video__Pde4MDw	devstral24b-summarization-r3-1788510767655
terminalbench	main	devstral24b	d05__b4k__su-full	git-workflow-hack__summarization__r3	git-workflow-hack	summarization	3	summarization	4000	0.5	tb_erasure_possible	probable	0		False	2026-09-04T04:05:05.084875-05:00	ICLR_results/terminalbench/main/devstral24b/d05__b4k__su-full/git-workflow-hack/summarization/run_3	logs/harbor_jobs/terminalbench/devstral24b/devstral24b-summarization-r3-1788510767655/git-workflow-hack__jDGeYZR	devstral24b-summarization-r3-1788510767655
terminalbench	main	devstral24b	d05__b4k__su-full	gpt2-codegolf__summarization__r3	gpt2-codegolf	summarization	3	summarization	4000	0.5	tb_erasure_possible	probable	0		False	2026-09-04T03:43:20.468719-05:00	ICLR_results/terminalbench/main/devstral24b/d05__b4k__su-full/gpt2-codegolf/summarization/run_3	logs/harbor_jobs/terminalbench/devstral24b/devstral24b-summarization-r3-1788510767655/gpt2-codegolf__u3eqzWw	devstral24b-summarization-r3-1788510767655
terminalbench	main	devstral24b	d05__b4k__su-full	intrusion-detection__summarization__r3	intrusion-detection	summarization	3	summarization	4000	0.5	tb_erasure_possible	probable	0		False	2026-09-04T04:01:49.520341-05:00	ICLR_results/terminalbench/main/devstral24b/d05__b4k__su-full/intrusion-detection/summarization/run_3	logs/harbor_jobs/terminalbench/devstral24b/devstral24b-summarization-r3-1788510767655/intrusion-detection__K8DAL78	devstral24b-summarization-r3-1788510767655
terminalbench	main	devstral24b	d05__b4k__su-full	password-recovery__summarization__r3	password-recovery	summarization	3	summarization	4000	0.5	tb_erasure_possible	probable	0		False	2026-09-04T04:08:31.138807-05:00	ICLR_results/terminalbench/main/devstral24b/d05__b4k__su-full/password-recovery/summarization/run_3	logs/harbor_jobs/terminalbench/devstral24b/devstral24b-summarization-r3-1788510767655/password-recovery__RNrL8H8	devstral24b-summarization-r3-1788510767655
terminalbench	main	devstral24b	d05__b4k__su-full	path-tracing-reverse__summarization__r3	path-tracing-reverse	summarization	3	summarization	4000	0.5	tb_erasure_possible	probable	0		False	2026-09-04T03:33:33.079589-05:00	ICLR_results/terminalbench/main/devstral24b/d05__b4k__su-full/path-tracing-reverse/summarization/run_3	logs/harbor_jobs/terminalbench/devstral24b/devstral24b-summarization-r3-1788510767655/path-tracing-reverse__UKyLSHc	devstral24b-summarization-r3-1788510767655
terminalbench	main	devstral24b	d05__b4k__su-full	prove-plus-comm__summarization__r3	prove-plus-comm	summarization	3	summarization	4000	0.5	tb_erasure_possible	probable	0	Submitted	True	2026-09-04T03:32:49.215160-05:00	ICLR_results/terminalbench/main/devstral24b/d05__b4k__su-full/prove-plus-comm/summarization/run_3	logs/harbor_jobs/terminalbench/devstral24b/devstral24b-summarization-r3-1788510767655/prove-plus-comm__AGgmrSo	devstral24b-summarization-r3-1788510767655
terminalbench	main	devstral24b	d05__b4k__su-full	pytorch-model-cli.hard__summarization__r3	pytorch-model-cli.hard	summarization	3	summarization	4000	0.5	tb_erasure_possible	probable	0		False	2026-09-04T03:35:14.912968-05:00	ICLR_results/terminalbench/main/devstral24b/d05__b4k__su-full/pytorch-model-cli.hard/summarization/run_3	logs/harbor_jobs/terminalbench/devstral24b/devstral24b-summarization-r3-1788510767655/pytorch-model-cli.hard__G9ftmjv	devstral24b-summarization-r3-1788510767655
terminalbench	main	devstral24b	d05__b4k__su-full	qemu-alpine-ssh__summarization__r3	qemu-alpine-ssh	summarization	3	summarization	4000	0.5	tb_erasure_possible	probable	0		False	2026-09-04T03:44:08.361003-05:00	ICLR_results/terminalbench/main/devstral24b/d05__b4k__su-full/qemu-alpine-ssh/summarization/run_3	logs/harbor_jobs/terminalbench/devstral24b/devstral24b-summarization-r3-1788510767655/qemu-alpine-ssh__Fu9AZSE	devstral24b-summarization-r3-1788510767655
terminalbench	main	devstral24b	d05__b4k__su-full	qemu-startup__summarization__r3	qemu-startup	summarization	3	summarization	4000	0.5	tb_erasure_possible	probable	0		False	2026-09-04T04:14:46.626344-05:00	ICLR_results/terminalbench/main/devstral24b/d05__b4k__su-full/qemu-startup/summarization/run_3	logs/harbor_jobs/terminalbench/devstral24b/devstral24b-summarization-r3-1788510767655/qemu-startup__H74Wasj	devstral24b-summarization-r3-1788510767655
terminalbench	main	devstral24b	d05__b4k__su-full	raman-fitting.easy__summarization__r3	raman-fitting.easy	summarization	3	summarization	4000	0.5	tb_erasure_possible	probable	0	Submitted	False	2026-09-04T03:32:49.206605-05:00	ICLR_results/terminalbench/main/devstral24b/d05__b4k__su-full/raman-fitting.easy/summarization/run_3	logs/harbor_jobs/terminalbench/devstral24b/devstral24b-summarization-r3-1788510767655/raman-fitting.easy__N49mDTt	devstral24b-summarization-r3-1788510767655
terminalbench	main	devstral24b	d05__b4k__su-full	sanitize-git-repo__summarization__r3	sanitize-git-repo	summarization	3	summarization	4000	0.5	tb_erasure_possible	probable	0		False	2026-09-04T03:48:12.213168-05:00	ICLR_results/terminalbench/main/devstral24b/d05__b4k__su-full/sanitize-git-repo/summarization/run_3	logs/harbor_jobs/terminalbench/devstral24b/devstral24b-summarization-r3-1788510767655/sanitize-git-repo__Hq7pMYF	devstral24b-summarization-r3-1788510767655
terminalbench	main	devstral24b	d05__b4k__su-full	sanitize-git-repo.hard__summarization__r3	sanitize-git-repo.hard	summarization	3	summarization	4000	0.5	tb_erasure_possible	probable	0		False	2026-09-04T04:15:53.617377-05:00	ICLR_results/terminalbench/main/devstral24b/d05__b4k__su-full/sanitize-git-repo.hard/summarization/run_3	logs/harbor_jobs/terminalbench/devstral24b/devstral24b-summarization-r3-1788510767655/sanitize-git-repo.hard__Z4ExzsW	devstral24b-summarization-r3-1788510767655
terminalbench	main	devstral24b	d05__b4k__su-full	solana-data__summarization__r3	solana-data	summarization	3	summarization	4000	0.5	tb_erasure_possible	probable	0		False	2026-09-04T03:37:35.115969-05:00	ICLR_results/terminalbench/main/devstral24b/d05__b4k__su-full/solana-data/summarization/run_3	logs/harbor_jobs/terminalbench/devstral24b/devstral24b-summarization-r3-1788510767655/solana-data__MDw8uGL	devstral24b-summarization-r3-1788510767655
terminalbench	main	devstral24b	d05__b4k__su-full	sqlite-with-gcov__summarization__r3	sqlite-with-gcov	summarization	3	summarization	4000	0.5	tb_erasure_possible	probable	0	Submitted	True	2026-09-04T03:39:56.023156-05:00	ICLR_results/terminalbench/main/devstral24b/d05__b4k__su-full/sqlite-with-gcov/summarization/run_3	logs/harbor_jobs/terminalbench/devstral24b/devstral24b-summarization-r3-1788510767655/sqlite-with-gcov__yzn8DPZ	devstral24b-summarization-r3-1788510767655
terminalbench	main	devstral24b	d05__b4k__su-full	super-benchmark-upet__summarization__r3	super-benchmark-upet	summarization	3	summarization	4000	0.5	tb_erasure_possible	probable	0	LimitsExceeded	False	2026-09-04T03:54:38.058737-05:00	ICLR_results/terminalbench/main/devstral24b/d05__b4k__su-full/super-benchmark-upet/summarization/run_3	logs/harbor_jobs/terminalbench/devstral24b/devstral24b-summarization-r3-1788510767655/super-benchmark-upet__T9GXNiG	devstral24b-summarization-r3-1788510767655
terminalbench	main	devstral24b	d05__b4k__su-full	swe-bench-astropy-2__summarization__r3	swe-bench-astropy-2	summarization	3	summarization	4000	0.5	tb_erasure_possible	probable	0	LimitsExceeded	False	2026-09-04T04:11:28.101615-05:00	ICLR_results/terminalbench/main/devstral24b/d05__b4k__su-full/swe-bench-astropy-2/summarization/run_3	logs/harbor_jobs/terminalbench/devstral24b/devstral24b-summarization-r3-1788510767655/swe-bench-astropy-2__RDVYT2h	devstral24b-summarization-r3-1788510767655
terminalbench	main	devstral24b	d05__b4k__su-full	swe-bench-fsspec__summarization__r3	swe-bench-fsspec	summarization	3	summarization	4000	0.5	tb_erasure_possible	probable	0	LimitsExceeded	False	2026-09-04T03:49:44.270074-05:00	ICLR_results/terminalbench/main/devstral24b/d05__b4k__su-full/swe-bench-fsspec/summarization/run_3	logs/harbor_jobs/terminalbench/devstral24b/devstral24b-summarization-r3-1788510767655/swe-bench-fsspec__uzLfweA	devstral24b-summarization-r3-1788510767655
terminalbench	main	devstral24b	d05__b4k__su-full	tmux-advanced-workflow__summarization__r3	tmux-advanced-workflow	summarization	3	summarization	4000	0.5	tb_erasure_possible	probable	0	Submitted	True	2026-09-04T03:32:49.160599-05:00	ICLR_results/terminalbench/main/devstral24b/d05__b4k__su-full/tmux-advanced-workflow/summarization/run_3	logs/harbor_jobs/terminalbench/devstral24b/devstral24b-summarization-r3-1788510767655/tmux-advanced-workflow__8dLeW4N	devstral24b-summarization-r3-1788510767655
terminalbench	main	devstral24b	d05__b4k__su-full	write-compressor__summarization__r3	write-compressor	summarization	3	summarization	4000	0.5	tb_erasure_possible	probable	0		False	2026-09-04T04:08:19.278519-05:00	ICLR_results/terminalbench/main/devstral24b/d05__b4k__su-full/write-compressor/summarization/run_3	logs/harbor_jobs/terminalbench/devstral24b/devstral24b-summarization-r3-1788510767655/write-compressor__gVy944e	devstral24b-summarization-r3-1788510767655
terminalbench	main	devstral24b	d05__b4k__su-partial	blind-maze-explorer-5x5__summarization-partial__r1	blind-maze-explorer-5x5	summarization-partial	1	summarization_partial	4000	0.5	summary_related_response	probable	0		False	2026-09-04T05:41:17.398581-05:00	ICLR_results/terminalbench/main/devstral24b/d05__b4k__su-partial/blind-maze-explorer-5x5/summarization-partial/run_1	logs/harbor_jobs/terminalbench/devstral24b/devstral24b-summarization-partial-r1-1788514690228/blind-maze-explorer-5x5__q94VbW4	devstral24b-summarization-partial-r1-1788514690228
terminalbench	main	devstral24b	d05__b4k__su-partial	blind-maze-explorer-algorithm__summarization-partial__r1	blind-maze-explorer-algorithm	summarization-partial	1	summarization_partial	4000	0.5	summary_related_response	probable	0		False	2026-09-04T05:04:23.453076-05:00	ICLR_results/terminalbench/main/devstral24b/d05__b4k__su-partial/blind-maze-explorer-algorithm/summarization-partial/run_1	logs/harbor_jobs/terminalbench/devstral24b/devstral24b-summarization-partial-r1-1788514690228/blind-maze-explorer-algorithm__44ArERk	devstral24b-summarization-partial-r1-1788514690228
terminalbench	main	devstral24b	d05__b4k__su-partial	cartpole-rl-training__summarization-partial__r1	cartpole-rl-training	summarization-partial	1	summarization_partial	4000	0.5	summary_related_response	probable	0		False	2026-09-04T05:45:35.702775-05:00	ICLR_results/terminalbench/main/devstral24b/d05__b4k__su-partial/cartpole-rl-training/summarization-partial/run_1	logs/harbor_jobs/terminalbench/devstral24b/devstral24b-summarization-partial-r1-1788514690228/cartpole-rl-training__6wwWT9y	devstral24b-summarization-partial-r1-1788514690228
terminalbench	main	devstral24b	d05__b4k__su-partial	count-dataset-tokens__summarization-partial__r1	count-dataset-tokens	summarization-partial	1	summarization_partial	4000	0.5	summary_related_response	probable	0		False	2026-09-04T04:39:28.871509-05:00	ICLR_results/terminalbench/main/devstral24b/d05__b4k__su-partial/count-dataset-tokens/summarization-partial/run_1	logs/harbor_jobs/terminalbench/devstral24b/devstral24b-summarization-partial-r1-1788514690228/count-dataset-tokens__rm6bavv	devstral24b-summarization-partial-r1-1788514690228
terminalbench	main	devstral24b	d05__b4k__su-partial	crack-7z-hash.hard__summarization-partial__r1	crack-7z-hash.hard	summarization-partial	1	summarization_partial	4000	0.5	summary_related_response	probable	0		False	2026-09-04T05:19:55.916107-05:00	ICLR_results/terminalbench/main/devstral24b/d05__b4k__su-partial/crack-7z-hash.hard/summarization-partial/run_1	logs/harbor_jobs/terminalbench/devstral24b/devstral24b-summarization-partial-r1-1788514690228/crack-7z-hash.hard__XBPPWLK	devstral24b-summarization-partial-r1-1788514690228
terminalbench	main	devstral24b	d05__b4k__su-partial	csv-to-parquet__summarization-partial__r1	csv-to-parquet	summarization-partial	1	summarization_partial	4000	0.5	tb_erasure_possible	probable	0		False	2026-09-04T04:56:13.853161-05:00	ICLR_results/terminalbench/main/devstral24b/d05__b4k__su-partial/csv-to-parquet/summarization-partial/run_1	logs/harbor_jobs/terminalbench/devstral24b/devstral24b-summarization-partial-r1-1788514690228/csv-to-parquet__ptqjrwr	devstral24b-summarization-partial-r1-1788514690228
terminalbench	main	devstral24b	d05__b4k__su-partial	download-youtube__summarization-partial__r1	download-youtube	summarization-partial	1	summarization_partial	4000	0.5	tb_unverifiable	probable	0		False	2026-09-04T05:27:11.368070-05:00	ICLR_results/terminalbench/main/devstral24b/d05__b4k__su-partial/download-youtube/summarization-partial/run_1	logs/harbor_jobs/terminalbench/devstral24b/devstral24b-summarization-partial-r1-1788514690228/download-youtube__5NFy5qF	devstral24b-summarization-partial-r1-1788514690228
terminalbench	main	devstral24b	d05__b4k__su-partial	eval-mteb__summarization-partial__r1	eval-mteb	summarization-partial	1	summarization_partial	4000	0.5	summary_failure_accounting	priority	0	Submitted	True	2026-09-04T04:49:54.384766-05:00	ICLR_results/terminalbench/main/devstral24b/d05__b4k__su-partial/eval-mteb/summarization-partial/run_1	logs/harbor_jobs/terminalbench/devstral24b/devstral24b-summarization-partial-r1-1788514690228/eval-mteb__PSGaTbM	devstral24b-summarization-partial-r1-1788514690228
terminalbench	main	devstral24b	d05__b4k__su-partial	eval-mteb.hard__summarization-partial__r1	eval-mteb.hard	summarization-partial	1	summarization_partial	4000	0.5	summary_failure_accounting	priority	0	Submitted	False	2026-09-04T05:37:30.684974-05:00	ICLR_results/terminalbench/main/devstral24b/d05__b4k__su-partial/eval-mteb.hard/summarization-partial/run_1	logs/harbor_jobs/terminalbench/devstral24b/devstral24b-summarization-partial-r1-1788514690228/eval-mteb.hard__ogZwWTS	devstral24b-summarization-partial-r1-1788514690228
terminalbench	main	devstral24b	d05__b4k__su-partial	extract-moves-from-video__summarization-partial__r1	extract-moves-from-video	summarization-partial	1	summarization_partial	4000	0.5	tb_erasure_possible	probable	0		False	2026-09-04T05:04:27.749326-05:00	ICLR_results/terminalbench/main/devstral24b/d05__b4k__su-partial/extract-moves-from-video/summarization-partial/run_1	logs/harbor_jobs/terminalbench/devstral24b/devstral24b-summarization-partial-r1-1788514690228/extract-moves-from-video__fd94mG4	devstral24b-summarization-partial-r1-1788514690228
terminalbench	main	devstral24b	d05__b4k__su-partial	git-workflow-hack__summarization-partial__r1	git-workflow-hack	summarization-partial	1	summarization_partial	4000	0.5	summary_related_response	probable	0		False	2026-09-04T05:12:36.294631-05:00	ICLR_results/terminalbench/main/devstral24b/d05__b4k__su-partial/git-workflow-hack/summarization-partial/run_1	logs/harbor_jobs/terminalbench/devstral24b/devstral24b-summarization-partial-r1-1788514690228/git-workflow-hack__RYVpyXn	devstral24b-summarization-partial-r1-1788514690228
terminalbench	main	devstral24b	d05__b4k__su-partial	gpt2-codegolf__summarization-partial__r1	gpt2-codegolf	summarization-partial	1	summarization_partial	4000	0.5	summary_failure_accounting	priority	0		False	2026-09-04T04:48:49.570217-05:00	ICLR_results/terminalbench/main/devstral24b/d05__b4k__su-partial/gpt2-codegolf/summarization-partial/run_1	logs/harbor_jobs/terminalbench/devstral24b/devstral24b-summarization-partial-r1-1788514690228/gpt2-codegolf__Xv3QiQn	devstral24b-summarization-partial-r1-1788514690228
terminalbench	main	devstral24b	d05__b4k__su-partial	heterogeneous-dates__summarization-partial__r1	heterogeneous-dates	summarization-partial	1	summarization_partial	4000	0.5	summary_related_response	probable	0		False	2026-09-04T05:45:36.935509-05:00	ICLR_results/terminalbench/main/devstral24b/d05__b4k__su-partial/heterogeneous-dates/summarization-partial/run_1	logs/harbor_jobs/terminalbench/devstral24b/devstral24b-summarization-partial-r1-1788514690228/heterogeneous-dates__i8s288r	devstral24b-summarization-partial-r1-1788514690228
terminalbench	main	devstral24b	d05__b4k__su-partial	hf-model-inference__summarization-partial__r1	hf-model-inference	summarization-partial	1	summarization_partial	4000	0.5	summary_failure_accounting	priority	0	Submitted	False	2026-09-04T04:51:47.868928-05:00	ICLR_results/terminalbench/main/devstral24b/d05__b4k__su-partial/hf-model-inference/summarization-partial/run_1	logs/harbor_jobs/terminalbench/devstral24b/devstral24b-summarization-partial-r1-1788514690228/hf-model-inference__X3jjDGb	devstral24b-summarization-partial-r1-1788514690228
terminalbench	main	devstral24b	d05__b4k__su-partial	intrusion-detection__summarization-partial__r1	intrusion-detection	summarization-partial	1	summarization_partial	4000	0.5	summary_failure_accounting	priority	0		False	2026-09-04T05:12:16.363500-05:00	ICLR_results/terminalbench/main/devstral24b/d05__b4k__su-partial/intrusion-detection/summarization-partial/run_1	logs/harbor_jobs/terminalbench/devstral24b/devstral24b-summarization-partial-r1-1788514690228/intrusion-detection__cAZ9Pgt	devstral24b-summarization-partial-r1-1788514690228
terminalbench	main	devstral24b	d05__b4k__su-partial	password-recovery__summarization-partial__r1	password-recovery	summarization-partial	1	summarization_partial	4000	0.5	summary_failure_accounting	priority	0		False	2026-09-04T05:19:51.635703-05:00	ICLR_results/terminalbench/main/devstral24b/d05__b4k__su-partial/password-recovery/summarization-partial/run_1	logs/harbor_jobs/terminalbench/devstral24b/devstral24b-summarization-partial-r1-1788514690228/password-recovery__fUVLbbG	devstral24b-summarization-partial-r1-1788514690228
terminalbench	main	devstral24b	d05__b4k__su-partial	path-tracing-reverse__summarization-partial__r1	path-tracing-reverse	summarization-partial	1	summarization_partial	4000	0.5	tb_erasure_possible	probable	0		False	2026-09-04T04:38:52.532809-05:00	ICLR_results/terminalbench/main/devstral24b/d05__b4k__su-partial/path-tracing-reverse/summarization-partial/run_1	logs/harbor_jobs/terminalbench/devstral24b/devstral24b-summarization-partial-r1-1788514690228/path-tracing-reverse__gGctuzR	devstral24b-summarization-partial-r1-1788514690228
terminalbench	main	devstral24b	d05__b4k__su-partial	prove-plus-comm__summarization-partial__r1	prove-plus-comm	summarization-partial	1	summarization_partial	4000	0.5	summary_related_response	probable	0		False	2026-09-04T04:38:11.727310-05:00	ICLR_results/terminalbench/main/devstral24b/d05__b4k__su-partial/prove-plus-comm/summarization-partial/run_1	logs/harbor_jobs/terminalbench/devstral24b/devstral24b-summarization-partial-r1-1788514690228/prove-plus-comm__iHcnyeg	devstral24b-summarization-partial-r1-1788514690228
terminalbench	main	devstral24b	d05__b4k__su-partial	pytorch-model-cli.hard__summarization-partial__r1	pytorch-model-cli.hard	summarization-partial	1	summarization_partial	4000	0.5	summary_failure_accounting	priority	0	Submitted	False	2026-09-04T04:42:06.172316-05:00	ICLR_results/terminalbench/main/devstral24b/d05__b4k__su-partial/pytorch-model-cli.hard/summarization-partial/run_1	logs/harbor_jobs/terminalbench/devstral24b/devstral24b-summarization-partial-r1-1788514690228/pytorch-model-cli.hard__FFhGSC8	devstral24b-summarization-partial-r1-1788514690228
terminalbench	main	devstral24b	d05__b4k__su-partial	qemu-alpine-ssh__summarization-partial__r1	qemu-alpine-ssh	summarization-partial	1	summarization_partial	4000	0.5	summary_related_response	probable	0		False	2026-09-04T04:49:35.957446-05:00	ICLR_results/terminalbench/main/devstral24b/d05__b4k__su-partial/qemu-alpine-ssh/summarization-partial/run_1	logs/harbor_jobs/terminalbench/devstral24b/devstral24b-summarization-partial-r1-1788514690228/qemu-alpine-ssh__2M88pwL	devstral24b-summarization-partial-r1-1788514690228
terminalbench	main	devstral24b	d05__b4k__su-partial	qemu-startup__summarization-partial__r1	qemu-startup	summarization-partial	1	summarization_partial	4000	0.5	tb_unverifiable	probable	0		False	2026-09-04T05:27:06.738351-05:00	ICLR_results/terminalbench/main/devstral24b/d05__b4k__su-partial/qemu-startup/summarization-partial/run_1	logs/harbor_jobs/terminalbench/devstral24b/devstral24b-summarization-partial-r1-1788514690228/qemu-startup__2jfy8Ne	devstral24b-summarization-partial-r1-1788514690228
terminalbench	main	devstral24b	d05__b4k__su-partial	raman-fitting.easy__summarization-partial__r1	raman-fitting.easy	summarization-partial	1	summarization_partial	4000	0.5	summary_failure_accounting	priority	0	Submitted	False	2026-09-04T04:38:11.718951-05:00	ICLR_results/terminalbench/main/devstral24b/d05__b4k__su-partial/raman-fitting.easy/summarization-partial/run_1	logs/harbor_jobs/terminalbench/devstral24b/devstral24b-summarization-partial-r1-1788514690228/raman-fitting.easy__4ZiyWyD	devstral24b-summarization-partial-r1-1788514690228
terminalbench	main	devstral24b	d05__b4k__su-partial	sanitize-git-repo__summarization-partial__r1	sanitize-git-repo	summarization-partial	1	summarization_partial	4000	0.5	tb_erasure_possible	probable	0		False	2026-09-04T04:56:05.207074-05:00	ICLR_results/terminalbench/main/devstral24b/d05__b4k__su-partial/sanitize-git-repo/summarization-partial/run_1	logs/harbor_jobs/terminalbench/devstral24b/devstral24b-summarization-partial-r1-1788514690228/sanitize-git-repo__coUXvz2	devstral24b-summarization-partial-r1-1788514690228
terminalbench	main	devstral24b	d05__b4k__su-partial	sanitize-git-repo.hard__summarization-partial__r1	sanitize-git-repo.hard	summarization-partial	1	summarization_partial	4000	0.5	summary_related_response	probable	0		False	2026-09-04T05:33:33.507926-05:00	ICLR_results/terminalbench/main/devstral24b/d05__b4k__su-partial/sanitize-git-repo.hard/summarization-partial/run_1	logs/harbor_jobs/terminalbench/devstral24b/devstral24b-summarization-partial-r1-1788514690228/sanitize-git-repo.hard__8Hkavj2	devstral24b-summarization-partial-r1-1788514690228
terminalbench	main	devstral24b	d05__b4k__su-partial	solana-data__summarization-partial__r1	solana-data	summarization-partial	1	summarization_partial	4000	0.5	tb_unverifiable	probable	0		False	2026-09-04T04:45:14.882540-05:00	ICLR_results/terminalbench/main/devstral24b/d05__b4k__su-partial/solana-data/summarization-partial/run_1	logs/harbor_jobs/terminalbench/devstral24b/devstral24b-summarization-partial-r1-1788514690228/solana-data__DmmzUAc	devstral24b-summarization-partial-r1-1788514690228
terminalbench	main	devstral24b	d05__b4k__su-partial	sqlite-with-gcov__summarization-partial__r1	sqlite-with-gcov	summarization-partial	1	summarization_partial	4000	0.5	tb_erasure_possible	probable	0	Submitted	True	2026-09-04T04:45:22.431262-05:00	ICLR_results/terminalbench/main/devstral24b/d05__b4k__su-partial/sqlite-with-gcov/summarization-partial/run_1	logs/harbor_jobs/terminalbench/devstral24b/devstral24b-summarization-partial-r1-1788514690228/sqlite-with-gcov__g4Fhfg3	devstral24b-summarization-partial-r1-1788514690228
terminalbench	main	devstral24b	d05__b4k__su-partial	super-benchmark-upet__summarization-partial__r1	super-benchmark-upet	summarization-partial	1	summarization_partial	4000	0.5	summary_related_response	probable	0		False	2026-09-04T05:05:15.077974-05:00	ICLR_results/terminalbench/main/devstral24b/d05__b4k__su-partial/super-benchmark-upet/summarization-partial/run_1	logs/harbor_jobs/terminalbench/devstral24b/devstral24b-summarization-partial-r1-1788514690228/super-benchmark-upet__XFUaWR9	devstral24b-summarization-partial-r1-1788514690228
terminalbench	main	devstral24b	d05__b4k__su-partial	swe-bench-astropy-2__summarization-partial__r1	swe-bench-astropy-2	summarization-partial	1	summarization_partial	4000	0.5	summary_related_response	probable	0		False	2026-09-04T05:27:02.024467-05:00	ICLR_results/terminalbench/main/devstral24b/d05__b4k__su-partial/swe-bench-astropy-2/summarization-partial/run_1	logs/harbor_jobs/terminalbench/devstral24b/devstral24b-summarization-partial-r1-1788514690228/swe-bench-astropy-2__kiLsrTJ	devstral24b-summarization-partial-r1-1788514690228
terminalbench	main	devstral24b	d05__b4k__su-partial	swe-bench-fsspec__summarization-partial__r1	swe-bench-fsspec	summarization-partial	1	summarization_partial	4000	0.5	tb_erasure_possible	probable	0	Submitted	True	2026-09-04T04:59:59.762847-05:00	ICLR_results/terminalbench/main/devstral24b/d05__b4k__su-partial/swe-bench-fsspec/summarization-partial/run_1	logs/harbor_jobs/terminalbench/devstral24b/devstral24b-summarization-partial-r1-1788514690228/swe-bench-fsspec__ijyLBu3	devstral24b-summarization-partial-r1-1788514690228
terminalbench	main	devstral24b	d05__b4k__su-partial	tmux-advanced-workflow__summarization-partial__r1	tmux-advanced-workflow	summarization-partial	1	summarization_partial	4000	0.5	tb_unverifiable	probable	0	Submitted	False	2026-09-04T04:38:11.674884-05:00	ICLR_results/terminalbench/main/devstral24b/d05__b4k__su-partial/tmux-advanced-workflow/summarization-partial/run_1	logs/harbor_jobs/terminalbench/devstral24b/devstral24b-summarization-partial-r1-1788514690228/tmux-advanced-workflow__xMibZwS	devstral24b-summarization-partial-r1-1788514690228
terminalbench	main	devstral24b	d05__b4k__su-partial	write-compressor__summarization-partial__r1	write-compressor	summarization-partial	1	summarization_partial	4000	0.5	tb_erasure_possible	probable	0		False	2026-09-04T05:19:46.645497-05:00	ICLR_results/terminalbench/main/devstral24b/d05__b4k__su-partial/write-compressor/summarization-partial/run_1	logs/harbor_jobs/terminalbench/devstral24b/devstral24b-summarization-partial-r1-1788514690228/write-compressor__AQESsvZ	devstral24b-summarization-partial-r1-1788514690228
terminalbench	main	devstral24b	d05__b4k__su-partial	blind-maze-explorer-5x5__summarization-partial__r2	blind-maze-explorer-5x5	summarization-partial	2	summarization_partial	4000	0.5	summary_related_response	probable	0		False	2026-09-04T07:21:20.890087-05:00	ICLR_results/terminalbench/main/devstral24b/d05__b4k__su-partial/blind-maze-explorer-5x5/summarization-partial/run_2	logs/harbor_jobs/terminalbench/devstral24b/devstral24b-summarization-partial-r2-1788520435774/blind-maze-explorer-5x5__aY5EcTP	devstral24b-summarization-partial-r2-1788520435774
terminalbench	main	devstral24b	d05__b4k__su-partial	blind-maze-explorer-algorithm__summarization-partial__r2	blind-maze-explorer-algorithm	summarization-partial	2	summarization_partial	4000	0.5	summary_related_response	probable	0		False	2026-09-04T06:40:58.460496-05:00	ICLR_results/terminalbench/main/devstral24b/d05__b4k__su-partial/blind-maze-explorer-algorithm/summarization-partial/run_2	logs/harbor_jobs/terminalbench/devstral24b/devstral24b-summarization-partial-r2-1788520435774/blind-maze-explorer-algorithm__Mvcoc6G	devstral24b-summarization-partial-r2-1788520435774
terminalbench	main	devstral24b	d05__b4k__su-partial	cartpole-rl-training__summarization-partial__r2	cartpole-rl-training	summarization-partial	2	summarization_partial	4000	0.5	tb_unverifiable	probable	0		True	2026-09-04T07:22:19.557743-05:00	ICLR_results/terminalbench/main/devstral24b/d05__b4k__su-partial/cartpole-rl-training/summarization-partial/run_2	logs/harbor_jobs/terminalbench/devstral24b/devstral24b-summarization-partial-r2-1788520435774/cartpole-rl-training__6RQutvh	devstral24b-summarization-partial-r2-1788520435774
terminalbench	main	devstral24b	d05__b4k__su-partial	count-dataset-tokens__summarization-partial__r2	count-dataset-tokens	summarization-partial	2	summarization_partial	4000	0.5	summary_related_response	probable	0		False	2026-09-04T06:16:06.215931-05:00	ICLR_results/terminalbench/main/devstral24b/d05__b4k__su-partial/count-dataset-tokens/summarization-partial/run_2	logs/harbor_jobs/terminalbench/devstral24b/devstral24b-summarization-partial-r2-1788520435774/count-dataset-tokens__AtL2H5m	devstral24b-summarization-partial-r2-1788520435774
terminalbench	main	devstral24b	d05__b4k__su-partial	crack-7z-hash.hard__summarization-partial__r2	crack-7z-hash.hard	summarization-partial	2	summarization_partial	4000	0.5	summary_related_response	probable	0		False	2026-09-04T07:01:54.251061-05:00	ICLR_results/terminalbench/main/devstral24b/d05__b4k__su-partial/crack-7z-hash.hard/summarization-partial/run_2	logs/harbor_jobs/terminalbench/devstral24b/devstral24b-summarization-partial-r2-1788520435774/crack-7z-hash.hard__ZHMrcZv	devstral24b-summarization-partial-r2-1788520435774
terminalbench	main	devstral24b	d05__b4k__su-partial	csv-to-parquet__summarization-partial__r2	csv-to-parquet	summarization-partial	2	summarization_partial	4000	0.5	summary_related_response	probable	0		True	2026-09-04T06:34:27.400646-05:00	ICLR_results/terminalbench/main/devstral24b/d05__b4k__su-partial/csv-to-parquet/summarization-partial/run_2	logs/harbor_jobs/terminalbench/devstral24b/devstral24b-summarization-partial-r2-1788520435774/csv-to-parquet__Dr8Wui3	devstral24b-summarization-partial-r2-1788520435774
terminalbench	main	devstral24b	d05__b4k__su-partial	download-youtube__summarization-partial__r2	download-youtube	summarization-partial	2	summarization_partial	4000	0.5	summary_related_response	probable	0		False	2026-09-04T07:08:14.839985-05:00	ICLR_results/terminalbench/main/devstral24b/d05__b4k__su-partial/download-youtube/summarization-partial/run_2	logs/harbor_jobs/terminalbench/devstral24b/devstral24b-summarization-partial-r2-1788520435774/download-youtube__g9Lcvr3	devstral24b-summarization-partial-r2-1788520435774
terminalbench	main	devstral24b	d05__b4k__su-partial	eval-mteb__summarization-partial__r2	eval-mteb	summarization-partial	2	summarization_partial	4000	0.5	tb_erasure_possible	probable	0	Submitted	False	2026-09-04T06:27:34.295470-05:00	ICLR_results/terminalbench/main/devstral24b/d05__b4k__su-partial/eval-mteb/summarization-partial/run_2	logs/harbor_jobs/terminalbench/devstral24b/devstral24b-summarization-partial-r2-1788520435774/eval-mteb__tXyhBcc	devstral24b-summarization-partial-r2-1788520435774
terminalbench	main	devstral24b	d05__b4k__su-partial	eval-mteb.hard__summarization-partial__r2	eval-mteb.hard	summarization-partial	2	summarization_partial	4000	0.5	tb_erasure_possible	probable	0	Submitted	True	2026-09-04T07:18:11.206014-05:00	ICLR_results/terminalbench/main/devstral24b/d05__b4k__su-partial/eval-mteb.hard/summarization-partial/run_2	logs/harbor_jobs/terminalbench/devstral24b/devstral24b-summarization-partial-r2-1788520435774/eval-mteb.hard__qqyoRMJ	devstral24b-summarization-partial-r2-1788520435774
terminalbench	main	devstral24b	d05__b4k__su-partial	extract-moves-from-video__summarization-partial__r2	extract-moves-from-video	summarization-partial	2	summarization_partial	4000	0.5	summary_related_response	probable	0		False	2026-09-04T06:42:01.040282-05:00	ICLR_results/terminalbench/main/devstral24b/d05__b4k__su-partial/extract-moves-from-video/summarization-partial/run_2	logs/harbor_jobs/terminalbench/devstral24b/devstral24b-summarization-partial-r2-1788520435774/extract-moves-from-video__Q8q3Xjo	devstral24b-summarization-partial-r2-1788520435774
terminalbench	main	devstral24b	d05__b4k__su-partial	fibonacci-server__summarization-partial__r2	fibonacci-server	summarization-partial	2	summarization_partial	4000	0.5	summary_failure_accounting	priority	0	Submitted	True	2026-09-04T06:26:28.837386-05:00	ICLR_results/terminalbench/main/devstral24b/d05__b4k__su-partial/fibonacci-server/summarization-partial/run_2	logs/harbor_jobs/terminalbench/devstral24b/devstral24b-summarization-partial-r2-1788520435774/fibonacci-server__FW88Dh3	devstral24b-summarization-partial-r2-1788520435774
terminalbench	main	devstral24b	d05__b4k__su-partial	fix-git__summarization-partial__r2	fix-git	summarization-partial	2	summarization_partial	4000	0.5	summary_failure_accounting	priority	0	Submitted	True	2026-09-04T06:55:59.954889-05:00	ICLR_results/terminalbench/main/devstral24b/d05__b4k__su-partial/fix-git/summarization-partial/run_2	logs/harbor_jobs/terminalbench/devstral24b/devstral24b-summarization-partial-r2-1788520435774/fix-git__NCvQrh6	devstral24b-summarization-partial-r2-1788520435774
terminalbench	main	devstral24b	d05__b4k__su-partial	git-workflow-hack__summarization-partial__r2	git-workflow-hack	summarization-partial	2	summarization_partial	4000	0.5	summary_failure_accounting	priority	0		False	2026-09-04T06:55:31.849582-05:00	ICLR_results/terminalbench/main/devstral24b/d05__b4k__su-partial/git-workflow-hack/summarization-partial/run_2	logs/harbor_jobs/terminalbench/devstral24b/devstral24b-summarization-partial-r2-1788520435774/git-workflow-hack__5vn7VDp	devstral24b-summarization-partial-r2-1788520435774
terminalbench	main	devstral24b	d05__b4k__su-partial	gpt2-codegolf__summarization-partial__r2	gpt2-codegolf	summarization-partial	2	summarization_partial	4000	0.5	tb_erasure_possible	probable	0	ValueError	False	2026-09-04T06:27:23.281706-05:00	ICLR_results/terminalbench/main/devstral24b/d05__b4k__su-partial/gpt2-codegolf/summarization-partial/run_2	logs/harbor_jobs/terminalbench/devstral24b/devstral24b-summarization-partial-r2-1788520435774/gpt2-codegolf__DCFK5yb	devstral24b-summarization-partial-r2-1788520435774
terminalbench	main	devstral24b	d05__b4k__su-partial	heterogeneous-dates__summarization-partial__r2	heterogeneous-dates	summarization-partial	2	summarization_partial	4000	0.5	tb_unverifiable	probable	0		False	2026-09-04T07:22:24.135854-05:00	ICLR_results/terminalbench/main/devstral24b/d05__b4k__su-partial/heterogeneous-dates/summarization-partial/run_2	logs/harbor_jobs/terminalbench/devstral24b/devstral24b-summarization-partial-r2-1788520435774/heterogeneous-dates__Qjk69YY	devstral24b-summarization-partial-r2-1788520435774
terminalbench	main	devstral24b	d05__b4k__su-partial	intrusion-detection__summarization-partial__r2	intrusion-detection	summarization-partial	2	summarization_partial	4000	0.5	summary_related_response	probable	0		False	2026-09-04T06:49:35.157324-05:00	ICLR_results/terminalbench/main/devstral24b/d05__b4k__su-partial/intrusion-detection/summarization-partial/run_2	logs/harbor_jobs/terminalbench/devstral24b/devstral24b-summarization-partial-r2-1788520435774/intrusion-detection__pApbAo3	devstral24b-summarization-partial-r2-1788520435774
terminalbench	main	devstral24b	d05__b4k__su-partial	password-recovery__summarization-partial__r2	password-recovery	summarization-partial	2	summarization_partial	4000	0.5	tb_unverifiable	probable	0		False	2026-09-04T07:01:20.317990-05:00	ICLR_results/terminalbench/main/devstral24b/d05__b4k__su-partial/password-recovery/summarization-partial/run_2	logs/harbor_jobs/terminalbench/devstral24b/devstral24b-summarization-partial-r2-1788520435774/password-recovery__vo6F29m	devstral24b-summarization-partial-r2-1788520435774
terminalbench	main	devstral24b	d05__b4k__su-partial	path-tracing-reverse__summarization-partial__r2	path-tracing-reverse	summarization-partial	2	summarization_partial	4000	0.5	tb_unverifiable	probable	0		False	2026-09-04T06:14:40.868019-05:00	ICLR_results/terminalbench/main/devstral24b/d05__b4k__su-partial/path-tracing-reverse/summarization-partial/run_2	logs/harbor_jobs/terminalbench/devstral24b/devstral24b-summarization-partial-r2-1788520435774/path-tracing-reverse__dCPAQGk	devstral24b-summarization-partial-r2-1788520435774
terminalbench	main	devstral24b	d05__b4k__su-partial	prove-plus-comm__summarization-partial__r2	prove-plus-comm	summarization-partial	2	summarization_partial	4000	0.5	tb_unverifiable	probable	0		False	2026-09-04T06:13:57.284168-05:00	ICLR_results/terminalbench/main/devstral24b/d05__b4k__su-partial/prove-plus-comm/summarization-partial/run_2	logs/harbor_jobs/terminalbench/devstral24b/devstral24b-summarization-partial-r2-1788520435774/prove-plus-comm__daHHBWf	devstral24b-summarization-partial-r2-1788520435774
terminalbench	main	devstral24b	d05__b4k__su-partial	pytorch-model-cli.hard__summarization-partial__r2	pytorch-model-cli.hard	summarization-partial	2	summarization_partial	4000	0.5	summary_failure_accounting	priority	0		False	2026-09-04T06:20:23.679579-05:00	ICLR_results/terminalbench/main/devstral24b/d05__b4k__su-partial/pytorch-model-cli.hard/summarization-partial/run_2	logs/harbor_jobs/terminalbench/devstral24b/devstral24b-summarization-partial-r2-1788520435774/pytorch-model-cli.hard__Pm7gcYb	devstral24b-summarization-partial-r2-1788520435774
terminalbench	main	devstral24b	d05__b4k__su-partial	qemu-alpine-ssh__summarization-partial__r2	qemu-alpine-ssh	summarization-partial	2	summarization_partial	4000	0.5	summary_related_response	probable	0		False	2026-09-04T06:27:33.152136-05:00	ICLR_results/terminalbench/main/devstral24b/d05__b4k__su-partial/qemu-alpine-ssh/summarization-partial/run_2	logs/harbor_jobs/terminalbench/devstral24b/devstral24b-summarization-partial-r2-1788520435774/qemu-alpine-ssh__XWnAmYT	devstral24b-summarization-partial-r2-1788520435774
terminalbench	main	devstral24b	d05__b4k__su-partial	qemu-startup__summarization-partial__r2	qemu-startup	summarization-partial	2	summarization_partial	4000	0.5	summary_related_response	probable	0		True	2026-09-04T07:07:42.834095-05:00	ICLR_results/terminalbench/main/devstral24b/d05__b4k__su-partial/qemu-startup/summarization-partial/run_2	logs/harbor_jobs/terminalbench/devstral24b/devstral24b-summarization-partial-r2-1788520435774/qemu-startup__Gj7oT5S	devstral24b-summarization-partial-r2-1788520435774
terminalbench	main	devstral24b	d05__b4k__su-partial	raman-fitting.easy__summarization-partial__r2	raman-fitting.easy	summarization-partial	2	summarization_partial	4000	0.5	tb_erasure_possible	probable	0		False	2026-09-04T06:13:57.275753-05:00	ICLR_results/terminalbench/main/devstral24b/d05__b4k__su-partial/raman-fitting.easy/summarization-partial/run_2	logs/harbor_jobs/terminalbench/devstral24b/devstral24b-summarization-partial-r2-1788520435774/raman-fitting.easy__x8jtKqr	devstral24b-summarization-partial-r2-1788520435774
terminalbench	main	devstral24b	d05__b4k__su-partial	sanitize-git-repo__summarization-partial__r2	sanitize-git-repo	summarization-partial	2	summarization_partial	4000	0.5	tb_unverifiable	probable	0		False	2026-09-04T06:34:13.496651-05:00	ICLR_results/terminalbench/main/devstral24b/d05__b4k__su-partial/sanitize-git-repo/summarization-partial/run_2	logs/harbor_jobs/terminalbench/devstral24b/devstral24b-summarization-partial-r2-1788520435774/sanitize-git-repo__mMff7gE	devstral24b-summarization-partial-r2-1788520435774
terminalbench	main	devstral24b	d05__b4k__su-partial	sanitize-git-repo.hard__summarization-partial__r2	sanitize-git-repo.hard	summarization-partial	2	summarization_partial	4000	0.5	tb_unverifiable	probable	0		False	2026-09-04T07:14:38.369823-05:00	ICLR_results/terminalbench/main/devstral24b/d05__b4k__su-partial/sanitize-git-repo.hard/summarization-partial/run_2	logs/harbor_jobs/terminalbench/devstral24b/devstral24b-summarization-partial-r2-1788520435774/sanitize-git-repo.hard__TjD3pGb	devstral24b-summarization-partial-r2-1788520435774
terminalbench	main	devstral24b	d05__b4k__su-partial	solana-data__summarization-partial__r2	solana-data	summarization-partial	2	summarization_partial	4000	0.5	summary_failure_accounting	priority	0		False	2026-09-04T06:20:57.340440-05:00	ICLR_results/terminalbench/main/devstral24b/d05__b4k__su-partial/solana-data/summarization-partial/run_2	logs/harbor_jobs/terminalbench/devstral24b/devstral24b-summarization-partial-r2-1788520435774/solana-data__oCvupZG	devstral24b-summarization-partial-r2-1788520435774
terminalbench	main	devstral24b	d05__b4k__su-partial	sqlite-with-gcov__summarization-partial__r2	sqlite-with-gcov	summarization-partial	2	summarization_partial	4000	0.5	tb_erasure_possible	probable	0		False	2026-09-04T06:21:00.799188-05:00	ICLR_results/terminalbench/main/devstral24b/d05__b4k__su-partial/sqlite-with-gcov/summarization-partial/run_2	logs/harbor_jobs/terminalbench/devstral24b/devstral24b-summarization-partial-r2-1788520435774/sqlite-with-gcov__mDXHF4v	devstral24b-summarization-partial-r2-1788520435774
terminalbench	main	devstral24b	d05__b4k__su-partial	super-benchmark-upet__summarization-partial__r2	super-benchmark-upet	summarization-partial	2	summarization_partial	4000	0.5	summary_related_response	probable	0		False	2026-09-04T06:42:02.340879-05:00	ICLR_results/terminalbench/main/devstral24b/d05__b4k__su-partial/super-benchmark-upet/summarization-partial/run_2	logs/harbor_jobs/terminalbench/devstral24b/devstral24b-summarization-partial-r2-1788520435774/super-benchmark-upet__qSLWjN8	devstral24b-summarization-partial-r2-1788520435774
terminalbench	main	devstral24b	d05__b4k__su-partial	swe-bench-astropy-2__summarization-partial__r2	swe-bench-astropy-2	summarization-partial	2	summarization_partial	4000	0.5	summary_related_response	probable	0		False	2026-09-04T07:02:45.520177-05:00	ICLR_results/terminalbench/main/devstral24b/d05__b4k__su-partial/swe-bench-astropy-2/summarization-partial/run_2	logs/harbor_jobs/terminalbench/devstral24b/devstral24b-summarization-partial-r2-1788520435774/swe-bench-astropy-2__9PNdgvV	devstral24b-summarization-partial-r2-1788520435774
terminalbench	main	devstral24b	d05__b4k__su-partial	swe-bench-fsspec__summarization-partial__r2	swe-bench-fsspec	summarization-partial	2	summarization_partial	4000	0.5	summary_failure_accounting	priority	0		True	2026-09-04T06:37:58.859931-05:00	ICLR_results/terminalbench/main/devstral24b/d05__b4k__su-partial/swe-bench-fsspec/summarization-partial/run_2	logs/harbor_jobs/terminalbench/devstral24b/devstral24b-summarization-partial-r2-1788520435774/swe-bench-fsspec__YbibFbT	devstral24b-summarization-partial-r2-1788520435774
terminalbench	main	devstral24b	d05__b4k__su-partial	tmux-advanced-workflow__summarization-partial__r2	tmux-advanced-workflow	summarization-partial	2	summarization_partial	4000	0.5	summary_failure_accounting	priority	0	Submitted	True	2026-09-04T06:13:57.231479-05:00	ICLR_results/terminalbench/main/devstral24b/d05__b4k__su-partial/tmux-advanced-workflow/summarization-partial/run_2	logs/harbor_jobs/terminalbench/devstral24b/devstral24b-summarization-partial-r2-1788520435774/tmux-advanced-workflow__MERfujf	devstral24b-summarization-partial-r2-1788520435774
terminalbench	main	devstral24b	d05__b4k__su-partial	write-compressor__summarization-partial__r2	write-compressor	summarization-partial	2	summarization_partial	4000	0.5	summary_related_response	probable	0		False	2026-09-04T06:56:21.741650-05:00	ICLR_results/terminalbench/main/devstral24b/d05__b4k__su-partial/write-compressor/summarization-partial/run_2	logs/harbor_jobs/terminalbench/devstral24b/devstral24b-summarization-partial-r2-1788520435774/write-compressor__ZdJiTX4	devstral24b-summarization-partial-r2-1788520435774
terminalbench	main	devstral24b	d05__b4k__su-partial	blind-maze-explorer-5x5__summarization-partial__r3	blind-maze-explorer-5x5	summarization-partial	3	summarization_partial	4000	0.5	summary_failure_accounting	priority	0		False	2026-09-04T08:53:53.005739-05:00	ICLR_results/terminalbench/main/devstral24b/d05__b4k__su-partial/blind-maze-explorer-5x5/summarization-partial/run_3	logs/harbor_jobs/terminalbench/devstral24b/devstral24b-summarization-partial-r3-1788526053227/blind-maze-explorer-5x5__zJYHEVT	devstral24b-summarization-partial-r3-1788526053227
terminalbench	main	devstral24b	d05__b4k__su-partial	blind-maze-explorer-algorithm__summarization-partial__r3	blind-maze-explorer-algorithm	summarization-partial	3	summarization_partial	4000	0.5	summary_failure_accounting	priority	0		False	2026-09-04T08:13:36.192764-05:00	ICLR_results/terminalbench/main/devstral24b/d05__b4k__su-partial/blind-maze-explorer-algorithm/summarization-partial/run_3	logs/harbor_jobs/terminalbench/devstral24b/devstral24b-summarization-partial-r3-1788526053227/blind-maze-explorer-algorithm__iKviZnk	devstral24b-summarization-partial-r3-1788526053227
terminalbench	main	devstral24b	d05__b4k__su-partial	cartpole-rl-training__summarization-partial__r3	cartpole-rl-training	summarization-partial	3	summarization_partial	4000	0.5	summary_related_response	probable	0		False	2026-09-04T08:54:55.690041-05:00	ICLR_results/terminalbench/main/devstral24b/d05__b4k__su-partial/cartpole-rl-training/summarization-partial/run_3	logs/harbor_jobs/terminalbench/devstral24b/devstral24b-summarization-partial-r3-1788526053227/cartpole-rl-training__94vLvAt	devstral24b-summarization-partial-r3-1788526053227
terminalbench	main	devstral24b	d05__b4k__su-partial	count-dataset-tokens__summarization-partial__r3	count-dataset-tokens	summarization-partial	3	summarization_partial	4000	0.5	summary_related_response	probable	0		False	2026-09-04T07:50:41.671610-05:00	ICLR_results/terminalbench/main/devstral24b/d05__b4k__su-partial/count-dataset-tokens/summarization-partial/run_3	logs/harbor_jobs/terminalbench/devstral24b/devstral24b-summarization-partial-r3-1788526053227/count-dataset-tokens__nP3Fwqi	devstral24b-summarization-partial-r3-1788526053227
terminalbench	main	devstral24b	d05__b4k__su-partial	crack-7z-hash.hard__summarization-partial__r3	crack-7z-hash.hard	summarization-partial	3	summarization_partial	4000	0.5	summary_related_response	probable	0		False	2026-09-04T08:34:29.147600-05:00	ICLR_results/terminalbench/main/devstral24b/d05__b4k__su-partial/crack-7z-hash.hard/summarization-partial/run_3	logs/harbor_jobs/terminalbench/devstral24b/devstral24b-summarization-partial-r3-1788526053227/crack-7z-hash.hard__zZYDA6Q	devstral24b-summarization-partial-r3-1788526053227
terminalbench	main	devstral24b	d05__b4k__su-partial	download-youtube__summarization-partial__r3	download-youtube	summarization-partial	3	summarization_partial	4000	0.5	tb_unverifiable	probable	0		False	2026-09-04T08:40:49.958474-05:00	ICLR_results/terminalbench/main/devstral24b/d05__b4k__su-partial/download-youtube/summarization-partial/run_3	logs/harbor_jobs/terminalbench/devstral24b/devstral24b-summarization-partial-r3-1788526053227/download-youtube__ruy64tw	devstral24b-summarization-partial-r3-1788526053227
terminalbench	main	devstral24b	d05__b4k__su-partial	eval-mteb__summarization-partial__r3	eval-mteb	summarization-partial	3	summarization_partial	4000	0.5	tb_erasure_possible	probable	0	Submitted	True	2026-09-04T08:01:07.520670-05:00	ICLR_results/terminalbench/main/devstral24b/d05__b4k__su-partial/eval-mteb/summarization-partial/run_3	logs/harbor_jobs/terminalbench/devstral24b/devstral24b-summarization-partial-r3-1788526053227/eval-mteb__FHMXL7d	devstral24b-summarization-partial-r3-1788526053227
terminalbench	main	devstral24b	d05__b4k__su-partial	eval-mteb.hard__summarization-partial__r3	eval-mteb.hard	summarization-partial	3	summarization_partial	4000	0.5	summary_related_response	probable	0		False	2026-09-04T08:49:12.270412-05:00	ICLR_results/terminalbench/main/devstral24b/d05__b4k__su-partial/eval-mteb.hard/summarization-partial/run_3	logs/harbor_jobs/terminalbench/devstral24b/devstral24b-summarization-partial-r3-1788526053227/eval-mteb.hard__FF9wShn	devstral24b-summarization-partial-r3-1788526053227
terminalbench	main	devstral24b	d05__b4k__su-partial	extract-moves-from-video__summarization-partial__r3	extract-moves-from-video	summarization-partial	3	summarization_partial	4000	0.5	summary_related_response	probable	0		False	2026-09-04T08:14:20.513598-05:00	ICLR_results/terminalbench/main/devstral24b/d05__b4k__su-partial/extract-moves-from-video/summarization-partial/run_3	logs/harbor_jobs/terminalbench/devstral24b/devstral24b-summarization-partial-r3-1788526053227/extract-moves-from-video__tYhyBnx	devstral24b-summarization-partial-r3-1788526053227
terminalbench	main	devstral24b	d05__b4k__su-partial	fibonacci-server__summarization-partial__r3	fibonacci-server	summarization-partial	3	summarization_partial	4000	0.5	tb_erasure_possible	probable	0	Submitted	False	2026-09-04T07:56:59.941458-05:00	ICLR_results/terminalbench/main/devstral24b/d05__b4k__su-partial/fibonacci-server/summarization-partial/run_3	logs/harbor_jobs/terminalbench/devstral24b/devstral24b-summarization-partial-r3-1788526053227/fibonacci-server__fuPzhjQ	devstral24b-summarization-partial-r3-1788526053227
terminalbench	main	devstral24b	d05__b4k__su-partial	fix-git__summarization-partial__r3	fix-git	summarization-partial	3	summarization_partial	4000	0.5	summary_related_response	probable	0		False	2026-09-04T08:28:07.693460-05:00	ICLR_results/terminalbench/main/devstral24b/d05__b4k__su-partial/fix-git/summarization-partial/run_3	logs/harbor_jobs/terminalbench/devstral24b/devstral24b-summarization-partial-r3-1788526053227/fix-git__qSoq5MR	devstral24b-summarization-partial-r3-1788526053227
terminalbench	main	devstral24b	d05__b4k__su-partial	git-workflow-hack__summarization-partial__r3	git-workflow-hack	summarization-partial	3	summarization_partial	4000	0.5	tb_unverifiable	probable	0		True	2026-09-04T08:25:11.497891-05:00	ICLR_results/terminalbench/main/devstral24b/d05__b4k__su-partial/git-workflow-hack/summarization-partial/run_3	logs/harbor_jobs/terminalbench/devstral24b/devstral24b-summarization-partial-r3-1788526053227/git-workflow-hack__HiKqw5U	devstral24b-summarization-partial-r3-1788526053227
terminalbench	main	devstral24b	d05__b4k__su-partial	gpt2-codegolf__summarization-partial__r3	gpt2-codegolf	summarization-partial	3	summarization_partial	4000	0.5	summary_failure_accounting	priority	0	ValueError	False	2026-09-04T08:00:59.070531-05:00	ICLR_results/terminalbench/main/devstral24b/d05__b4k__su-partial/gpt2-codegolf/summarization-partial/run_3	logs/harbor_jobs/terminalbench/devstral24b/devstral24b-summarization-partial-r3-1788526053227/gpt2-codegolf__jA3hjoH	devstral24b-summarization-partial-r3-1788526053227
terminalbench	main	devstral24b	d05__b4k__su-partial	heterogeneous-dates__summarization-partial__r3	heterogeneous-dates	summarization-partial	3	summarization_partial	4000	0.5	summary_related_response	probable	0		False	2026-09-04T08:55:13.434376-05:00	ICLR_results/terminalbench/main/devstral24b/d05__b4k__su-partial/heterogeneous-dates/summarization-partial/run_3	logs/harbor_jobs/terminalbench/devstral24b/devstral24b-summarization-partial-r3-1788526053227/heterogeneous-dates__mvurwuX	devstral24b-summarization-partial-r3-1788526053227
terminalbench	main	devstral24b	d05__b4k__su-partial	hf-model-inference__summarization-partial__r3	hf-model-inference	summarization-partial	3	summarization_partial	4000	0.5	tb_unverifiable	probable	0		False	2026-09-04T08:01:08.214729-05:00	ICLR_results/terminalbench/main/devstral24b/d05__b4k__su-partial/hf-model-inference/summarization-partial/run_3	logs/harbor_jobs/terminalbench/devstral24b/devstral24b-summarization-partial-r3-1788526053227/hf-model-inference__NFjTrcV	devstral24b-summarization-partial-r3-1788526053227
terminalbench	main	devstral24b	d05__b4k__su-partial	incompatible-python-fasttext__summarization-partial__r3	incompatible-python-fasttext	summarization-partial	3	summarization_partial	4000	0.5	summary_failure_accounting	priority	0	Submitted	True	2026-09-04T07:47:34.722458-05:00	ICLR_results/terminalbench/main/devstral24b/d05__b4k__su-partial/incompatible-python-fasttext/summarization-partial/run_3	logs/harbor_jobs/terminalbench/devstral24b/devstral24b-summarization-partial-r3-1788526053227/incompatible-python-fasttext__9o83U3s	devstral24b-summarization-partial-r3-1788526053227
terminalbench	main	devstral24b	d05__b4k__su-partial	intrusion-detection__summarization-partial__r3	intrusion-detection	summarization-partial	3	summarization_partial	4000	0.5	tb_unverifiable	probable	0		False	2026-09-04T08:21:42.780344-05:00	ICLR_results/terminalbench/main/devstral24b/d05__b4k__su-partial/intrusion-detection/summarization-partial/run_3	logs/harbor_jobs/terminalbench/devstral24b/devstral24b-summarization-partial-r3-1788526053227/intrusion-detection__NXPmtRw	devstral24b-summarization-partial-r3-1788526053227
terminalbench	main	devstral24b	d05__b4k__su-partial	password-recovery__summarization-partial__r3	password-recovery	summarization-partial	3	summarization_partial	4000	0.5	tb_unverifiable	probable	0		False	2026-09-04T08:31:34.597292-05:00	ICLR_results/terminalbench/main/devstral24b/d05__b4k__su-partial/password-recovery/summarization-partial/run_3	logs/harbor_jobs/terminalbench/devstral24b/devstral24b-summarization-partial-r3-1788526053227/password-recovery__vwxoG3w	devstral24b-summarization-partial-r3-1788526053227
terminalbench	main	devstral24b	d05__b4k__su-partial	path-tracing-reverse__summarization-partial__r3	path-tracing-reverse	summarization-partial	3	summarization_partial	4000	0.5	summary_related_response	probable	0		False	2026-09-04T07:50:36.884739-05:00	ICLR_results/terminalbench/main/devstral24b/d05__b4k__su-partial/path-tracing-reverse/summarization-partial/run_3	logs/harbor_jobs/terminalbench/devstral24b/devstral24b-summarization-partial-r3-1788526053227/path-tracing-reverse__XTjFk4W	devstral24b-summarization-partial-r3-1788526053227
terminalbench	main	devstral24b	d05__b4k__su-partial	prove-plus-comm__summarization-partial__r3	prove-plus-comm	summarization-partial	3	summarization_partial	4000	0.5	summary_related_response	probable	0		False	2026-09-04T07:47:34.730217-05:00	ICLR_results/terminalbench/main/devstral24b/d05__b4k__su-partial/prove-plus-comm/summarization-partial/run_3	logs/harbor_jobs/terminalbench/devstral24b/devstral24b-summarization-partial-r3-1788526053227/prove-plus-comm__SExdSSk	devstral24b-summarization-partial-r3-1788526053227
terminalbench	main	devstral24b	d05__b4k__su-partial	pytorch-model-cli.hard__summarization-partial__r3	pytorch-model-cli.hard	summarization-partial	3	summarization_partial	4000	0.5	summary_failure_accounting	priority	0	Submitted	False	2026-09-04T07:51:25.862582-05:00	ICLR_results/terminalbench/main/devstral24b/d05__b4k__su-partial/pytorch-model-cli.hard/summarization-partial/run_3	logs/harbor_jobs/terminalbench/devstral24b/devstral24b-summarization-partial-r3-1788526053227/pytorch-model-cli.hard__Jq2wFNz	devstral24b-summarization-partial-r3-1788526053227
terminalbench	main	devstral24b	d05__b4k__su-partial	qemu-alpine-ssh__summarization-partial__r3	qemu-alpine-ssh	summarization-partial	3	summarization_partial	4000	0.5	summary_related_response	probable	0		False	2026-09-04T08:01:06.812964-05:00	ICLR_results/terminalbench/main/devstral24b/d05__b4k__su-partial/qemu-alpine-ssh/summarization-partial/run_3	logs/harbor_jobs/terminalbench/devstral24b/devstral24b-summarization-partial-r3-1788526053227/qemu-alpine-ssh__e5qBEaG	devstral24b-summarization-partial-r3-1788526053227
terminalbench	main	devstral24b	d05__b4k__su-partial	qemu-startup__summarization-partial__r3	qemu-startup	summarization-partial	3	summarization_partial	4000	0.5	summary_related_response	probable	0		False	2026-09-04T08:37:56.524956-05:00	ICLR_results/terminalbench/main/devstral24b/d05__b4k__su-partial/qemu-startup/summarization-partial/run_3	logs/harbor_jobs/terminalbench/devstral24b/devstral24b-summarization-partial-r3-1788526053227/qemu-startup__F7CJmAa	devstral24b-summarization-partial-r3-1788526053227
terminalbench	main	devstral24b	d05__b4k__su-partial	raman-fitting.easy__summarization-partial__r3	raman-fitting.easy	summarization-partial	3	summarization_partial	4000	0.5	tb_erasure_possible	probable	0	Submitted	False	2026-09-04T07:47:34.718362-05:00	ICLR_results/terminalbench/main/devstral24b/d05__b4k__su-partial/raman-fitting.easy/summarization-partial/run_3	logs/harbor_jobs/terminalbench/devstral24b/devstral24b-summarization-partial-r3-1788526053227/raman-fitting.easy__sTyLU67	devstral24b-summarization-partial-r3-1788526053227
terminalbench	main	devstral24b	d05__b4k__su-partial	sanitize-git-repo__summarization-partial__r3	sanitize-git-repo	summarization-partial	3	summarization_partial	4000	0.5	summary_related_response	probable	0		False	2026-09-04T08:07:08.469429-05:00	ICLR_results/terminalbench/main/devstral24b/d05__b4k__su-partial/sanitize-git-repo/summarization-partial/run_3	logs/harbor_jobs/terminalbench/devstral24b/devstral24b-summarization-partial-r3-1788526053227/sanitize-git-repo__dahRZKi	devstral24b-summarization-partial-r3-1788526053227
terminalbench	main	devstral24b	d05__b4k__su-partial	sanitize-git-repo.hard__summarization-partial__r3	sanitize-git-repo.hard	summarization-partial	3	summarization_partial	4000	0.5	tb_unverifiable	probable	0		False	2026-09-04T08:47:20.156647-05:00	ICLR_results/terminalbench/main/devstral24b/d05__b4k__su-partial/sanitize-git-repo.hard/summarization-partial/run_3	logs/harbor_jobs/terminalbench/devstral24b/devstral24b-summarization-partial-r3-1788526053227/sanitize-git-repo.hard__CjQFc9h	devstral24b-summarization-partial-r3-1788526053227
terminalbench	main	devstral24b	d05__b4k__su-partial	solana-data__summarization-partial__r3	solana-data	summarization-partial	3	summarization_partial	4000	0.5	summary_failure_accounting	priority	0		False	2026-09-04T07:54:33.708273-05:00	ICLR_results/terminalbench/main/devstral24b/d05__b4k__su-partial/solana-data/summarization-partial/run_3	logs/harbor_jobs/terminalbench/devstral24b/devstral24b-summarization-partial-r3-1788526053227/solana-data__tQK9nRh	devstral24b-summarization-partial-r3-1788526053227
terminalbench	main	devstral24b	d05__b4k__su-partial	sqlite-with-gcov__summarization-partial__r3	sqlite-with-gcov	summarization-partial	3	summarization_partial	4000	0.5	summary_failure_accounting	priority	0	Submitted	True	2026-09-04T07:56:43.336004-05:00	ICLR_results/terminalbench/main/devstral24b/d05__b4k__su-partial/sqlite-with-gcov/summarization-partial/run_3	logs/harbor_jobs/terminalbench/devstral24b/devstral24b-summarization-partial-r3-1788526053227/sqlite-with-gcov__JBUScjh	devstral24b-summarization-partial-r3-1788526053227
terminalbench	main	devstral24b	d05__b4k__su-partial	super-benchmark-upet__summarization-partial__r3	super-benchmark-upet	summarization-partial	3	summarization_partial	4000	0.5	summary_related_response	probable	0		False	2026-09-04T08:14:51.849400-05:00	ICLR_results/terminalbench/main/devstral24b/d05__b4k__su-partial/super-benchmark-upet/summarization-partial/run_3	logs/harbor_jobs/terminalbench/devstral24b/devstral24b-summarization-partial-r3-1788526053227/super-benchmark-upet__wJe4Xmk	devstral24b-summarization-partial-r3-1788526053227
terminalbench	main	devstral24b	d05__b4k__su-partial	swe-bench-astropy-2__summarization-partial__r3	swe-bench-astropy-2	summarization-partial	3	summarization_partial	4000	0.5	summary_failure_accounting	priority	0		False	2026-09-04T08:35:21.052405-05:00	ICLR_results/terminalbench/main/devstral24b/d05__b4k__su-partial/swe-bench-astropy-2/summarization-partial/run_3	logs/harbor_jobs/terminalbench/devstral24b/devstral24b-summarization-partial-r3-1788526053227/swe-bench-astropy-2__ynU8V3v	devstral24b-summarization-partial-r3-1788526053227
terminalbench	main	devstral24b	d05__b4k__su-partial	swe-bench-fsspec__summarization-partial__r3	swe-bench-fsspec	summarization-partial	3	summarization_partial	4000	0.5	summary_failure_accounting	priority	0	Submitted	True	2026-09-04T08:08:48.075057-05:00	ICLR_results/terminalbench/main/devstral24b/d05__b4k__su-partial/swe-bench-fsspec/summarization-partial/run_3	logs/harbor_jobs/terminalbench/devstral24b/devstral24b-summarization-partial-r3-1788526053227/swe-bench-fsspec__gZzByMm	devstral24b-summarization-partial-r3-1788526053227
terminalbench	main	devstral24b	d05__b4k__su-partial	tmux-advanced-workflow__summarization-partial__r3	tmux-advanced-workflow	summarization-partial	3	summarization_partial	4000	0.5	summary_failure_accounting	priority	0	Submitted	True	2026-09-04T07:47:34.672967-05:00	ICLR_results/terminalbench/main/devstral24b/d05__b4k__su-partial/tmux-advanced-workflow/summarization-partial/run_3	logs/harbor_jobs/terminalbench/devstral24b/devstral24b-summarization-partial-r3-1788526053227/tmux-advanced-workflow__SP3PVis	devstral24b-summarization-partial-r3-1788526053227
terminalbench	main	devstral24b	d05__b4k__su-partial	write-compressor__summarization-partial__r3	write-compressor	summarization-partial	3	summarization_partial	4000	0.5	tb_unverifiable	probable	0		False	2026-09-04T08:28:59.500965-05:00	ICLR_results/terminalbench/main/devstral24b/d05__b4k__su-partial/write-compressor/summarization-partial/run_3	logs/harbor_jobs/terminalbench/devstral24b/devstral24b-summarization-partial-r3-1788526053227/write-compressor__zxhySbc	devstral24b-summarization-partial-r3-1788526053227
terminalbench	main	devstral24b	di__b4k__otrc-ss-partial	qemu-startup__otrc-ss-partial__r1	qemu-startup	otrc-ss-partial	1	online_trc_structured_summarize_partial	4000	0.5	tb_unverifiable	probable	0	CancelledError	False	2026-09-07T00:39:44.684597-05:00	ICLR_results/terminalbench/main/devstral24b/di__b4k__otrc-ss-partial/qemu-startup/otrc-ss-partial/run_1	logs/harbor_jobs/terminalbench/devstral24b/devstral24b-otrc-ss-partial-r1-1788756315816/qemu-startup__pZaFEzY	devstral24b-otrc-ss-partial-r1-1788756315816
terminalbench	main	devstral24b	di__b4k__otrc-ss-partial	cartpole-rl-training__otrc-ss-partial__r2	cartpole-rl-training	otrc-ss-partial	2	online_trc_structured_summarize_partial	4000	0.5	tb_erasure_possible	probable	0	CancelledError	False	2026-09-07T02:31:47.542986-05:00	ICLR_results/terminalbench/main/devstral24b/di__b4k__otrc-ss-partial/cartpole-rl-training/otrc-ss-partial/run_2	logs/harbor_jobs/terminalbench/devstral24b/devstral24b-otrc-ss-partial-r2-1788762088668/cartpole-rl-training__ue8ykZe	devstral24b-otrc-ss-partial-r2-1788762088668
terminalbench	main	devstral24b	di__b4k__otrc-ss-partial	sanitize-git-repo.hard__otrc-ss-partial__r2	sanitize-git-repo.hard	otrc-ss-partial	2	online_trc_structured_summarize_partial	4000	0.5	tb_erasure_possible	probable	0	CancelledError	False	2026-09-07T02:23:28.956709-05:00	ICLR_results/terminalbench/main/devstral24b/di__b4k__otrc-ss-partial/sanitize-git-repo.hard/otrc-ss-partial/run_2	logs/harbor_jobs/terminalbench/devstral24b/devstral24b-otrc-ss-partial-r2-1788762088668/sanitize-git-repo.hard__5Hvzgb8	devstral24b-otrc-ss-partial-r2-1788762088668
terminalbench	main	devstral24b	di__b4k__otrc-ss-partial	hf-model-inference__otrc-ss-partial__r3	hf-model-inference	otrc-ss-partial	3	online_trc_structured_summarize_partial	4000	0.5	tb_unverifiable	probable	0	CancelledError	False	2026-09-07T03:11:41.124130-05:00	ICLR_results/terminalbench/main/devstral24b/di__b4k__otrc-ss-partial/hf-model-inference/otrc-ss-partial/run_3	logs/harbor_jobs/terminalbench/devstral24b/devstral24b-otrc-ss-partial-r3-1788767883453/hf-model-inference__UXgJGAK	devstral24b-otrc-ss-partial-r3-1788767883453
terminalbench	main	devstral24b	di__b4k__otrc-ss-partial	intrusion-detection__otrc-ss-partial__r3	intrusion-detection	otrc-ss-partial	3	online_trc_structured_summarize_partial	4000	0.5	tb_erasure_possible	probable	0	CancelledError	False	2026-09-07T03:38:31.544436-05:00	ICLR_results/terminalbench/main/devstral24b/di__b4k__otrc-ss-partial/intrusion-detection/otrc-ss-partial/run_3	logs/harbor_jobs/terminalbench/devstral24b/devstral24b-otrc-ss-partial-r3-1788767883453/intrusion-detection__rBtxBNZ	devstral24b-otrc-ss-partial-r3-1788767883453
terminalbench	main	devstral24b	di__b4k__otrc-ss-partial	prove-plus-comm__otrc-ss-partial__r3	prove-plus-comm	otrc-ss-partial	3	online_trc_structured_summarize_partial	4000	0.5	tb_erasure_possible	probable	0	CancelledError	False	2026-09-07T02:58:04.999997-05:00	ICLR_results/terminalbench/main/devstral24b/di__b4k__otrc-ss-partial/prove-plus-comm/otrc-ss-partial/run_3	logs/harbor_jobs/terminalbench/devstral24b/devstral24b-otrc-ss-partial-r3-1788767883453/prove-plus-comm__D3DUAmU	devstral24b-otrc-ss-partial-r3-1788767883453
terminalbench	main	devstral24b	di__b4k__otrc-ss-partial	solana-data__otrc-ss-partial__r3	solana-data	otrc-ss-partial	3	online_trc_structured_summarize_partial	4000	0.5	tb_erasure_possible	probable	0	LimitsExceeded	False	2026-09-07T03:05:14.303642-05:00	ICLR_results/terminalbench/main/devstral24b/di__b4k__otrc-ss-partial/solana-data/otrc-ss-partial/run_3	logs/harbor_jobs/terminalbench/devstral24b/devstral24b-otrc-ss-partial-r3-1788767883453/solana-data__Tvy4fDg	devstral24b-otrc-ss-partial-r3-1788767883453
terminalbench	main	devstral24b	di__b4k__otrc-su-partial	blind-maze-explorer-5x5__otrc-su-partial__r1	blind-maze-explorer-5x5	otrc-su-partial	1	online_trc_summarize_partial	4000	0.5	summary_failure_accounting	priority	0	LimitsExceeded	False	2026-09-06T20:44:55.939615-05:00	ICLR_results/terminalbench/main/devstral24b/di__b4k__otrc-su-partial/blind-maze-explorer-5x5/otrc-su-partial/run_1	logs/harbor_jobs/terminalbench/devstral24b/devstral24b-otrc-su-partial-r1-1788741860559/blind-maze-explorer-5x5__NvA3Yn4	devstral24b-otrc-su-partial-r1-1788741860559
terminalbench	main	devstral24b	di__b4k__otrc-su-partial	blind-maze-explorer-algorithm__otrc-su-partial__r1	blind-maze-explorer-algorithm	otrc-su-partial	1	online_trc_summarize_partial	4000	0.5	summary_failure_accounting	priority	0	CancelledError	False	2026-09-06T20:10:20.049544-05:00	ICLR_results/terminalbench/main/devstral24b/di__b4k__otrc-su-partial/blind-maze-explorer-algorithm/otrc-su-partial/run_1	logs/harbor_jobs/terminalbench/devstral24b/devstral24b-otrc-su-partial-r1-1788741860559/blind-maze-explorer-algorithm__LHzxuav	devstral24b-otrc-su-partial-r1-1788741860559
terminalbench	main	devstral24b	di__b4k__otrc-su-partial	cartpole-rl-training__otrc-su-partial__r1	cartpole-rl-training	otrc-su-partial	1	online_trc_summarize_partial	4000	0.5	tb_erasure_possible	probable	0	CancelledError	True	2026-09-06T20:46:04.022050-05:00	ICLR_results/terminalbench/main/devstral24b/di__b4k__otrc-su-partial/cartpole-rl-training/otrc-su-partial/run_1	logs/harbor_jobs/terminalbench/devstral24b/devstral24b-otrc-su-partial-r1-1788741860559/cartpole-rl-training__LyeVNFo	devstral24b-otrc-su-partial-r1-1788741860559
terminalbench	main	devstral24b	di__b4k__otrc-su-partial	count-dataset-tokens__otrc-su-partial__r1	count-dataset-tokens	otrc-su-partial	1	online_trc_summarize_partial	4000	0.5	summary_failure_accounting	priority	0	CancelledError	False	2026-09-06T19:46:08.318941-05:00	ICLR_results/terminalbench/main/devstral24b/di__b4k__otrc-su-partial/count-dataset-tokens/otrc-su-partial/run_1	logs/harbor_jobs/terminalbench/devstral24b/devstral24b-otrc-su-partial-r1-1788741860559/count-dataset-tokens__TWL3Prs	devstral24b-otrc-su-partial-r1-1788741860559
terminalbench	main	devstral24b	di__b4k__otrc-su-partial	crack-7z-hash.hard__otrc-su-partial__r1	crack-7z-hash.hard	otrc-su-partial	1	online_trc_summarize_partial	4000	0.5	summary_failure_accounting	priority	0	CancelledError	False	2026-09-06T20:28:10.129603-05:00	ICLR_results/terminalbench/main/devstral24b/di__b4k__otrc-su-partial/crack-7z-hash.hard/otrc-su-partial/run_1	logs/harbor_jobs/terminalbench/devstral24b/devstral24b-otrc-su-partial-r1-1788741860559/crack-7z-hash.hard__9rhXGiV	devstral24b-otrc-su-partial-r1-1788741860559
terminalbench	main	devstral24b	di__b4k__otrc-su-partial	csv-to-parquet__otrc-su-partial__r1	csv-to-parquet	otrc-su-partial	1	online_trc_summarize_partial	4000	0.5	summary_failure_accounting	priority	0	Submitted	True	2026-09-06T20:04:31.383124-05:00	ICLR_results/terminalbench/main/devstral24b/di__b4k__otrc-su-partial/csv-to-parquet/otrc-su-partial/run_1	logs/harbor_jobs/terminalbench/devstral24b/devstral24b-otrc-su-partial-r1-1788741860559/csv-to-parquet__soePXwF	devstral24b-otrc-su-partial-r1-1788741860559
terminalbench	main	devstral24b	di__b4k__otrc-su-partial	download-youtube__otrc-su-partial__r1	download-youtube	otrc-su-partial	1	online_trc_summarize_partial	4000	0.5	tb_erasure_possible	probable	0	CancelledError	False	2026-09-06T20:34:33.155990-05:00	ICLR_results/terminalbench/main/devstral24b/di__b4k__otrc-su-partial/download-youtube/otrc-su-partial/run_1	logs/harbor_jobs/terminalbench/devstral24b/devstral24b-otrc-su-partial-r1-1788741860559/download-youtube__LxtbxLA	devstral24b-otrc-su-partial-r1-1788741860559
terminalbench	main	devstral24b	di__b4k__otrc-su-partial	eval-mteb__otrc-su-partial__r1	eval-mteb	otrc-su-partial	1	online_trc_summarize_partial	4000	0.5	summary_failure_accounting	priority	0	Submitted	True	2026-09-06T19:58:14.216945-05:00	ICLR_results/terminalbench/main/devstral24b/di__b4k__otrc-su-partial/eval-mteb/otrc-su-partial/run_1	logs/harbor_jobs/terminalbench/devstral24b/devstral24b-otrc-su-partial-r1-1788741860559/eval-mteb__hirE6ox	devstral24b-otrc-su-partial-r1-1788741860559
terminalbench	main	devstral24b	di__b4k__otrc-su-partial	eval-mteb.hard__otrc-su-partial__r1	eval-mteb.hard	otrc-su-partial	1	online_trc_summarize_partial	4000	0.5	summary_failure_accounting	priority	0	Submitted	True	2026-09-06T20:41:20.767253-05:00	ICLR_results/terminalbench/main/devstral24b/di__b4k__otrc-su-partial/eval-mteb.hard/otrc-su-partial/run_1	logs/harbor_jobs/terminalbench/devstral24b/devstral24b-otrc-su-partial-r1-1788741860559/eval-mteb.hard__DGBFnhy	devstral24b-otrc-su-partial-r1-1788741860559
terminalbench	main	devstral24b	di__b4k__otrc-su-partial	extract-moves-from-video__otrc-su-partial__r1	extract-moves-from-video	otrc-su-partial	1	online_trc_summarize_partial	4000	0.5	summary_failure_accounting	priority	0	CancelledError	False	2026-09-06T20:10:21.842011-05:00	ICLR_results/terminalbench/main/devstral24b/di__b4k__otrc-su-partial/extract-moves-from-video/otrc-su-partial/run_1	logs/harbor_jobs/terminalbench/devstral24b/devstral24b-otrc-su-partial-r1-1788741860559/extract-moves-from-video__rimC7tW	devstral24b-otrc-su-partial-r1-1788741860559
terminalbench	main	devstral24b	di__b4k__otrc-su-partial	fibonacci-server__otrc-su-partial__r1	fibonacci-server	otrc-su-partial	1	online_trc_summarize_partial	4000	0.5	summary_failure_accounting	priority	0	CancelledError	False	2026-09-06T19:54:56.552697-05:00	ICLR_results/terminalbench/main/devstral24b/di__b4k__otrc-su-partial/fibonacci-server/otrc-su-partial/run_1	logs/harbor_jobs/terminalbench/devstral24b/devstral24b-otrc-su-partial-r1-1788741860559/fibonacci-server__zw4wczb	devstral24b-otrc-su-partial-r1-1788741860559
terminalbench	main	devstral24b	di__b4k__otrc-su-partial	git-workflow-hack__otrc-su-partial__r1	git-workflow-hack	otrc-su-partial	1	online_trc_summarize_partial	4000	0.5	summary_failure_accounting	priority	0	CancelledError	True	2026-09-06T20:21:44.989472-05:00	ICLR_results/terminalbench/main/devstral24b/di__b4k__otrc-su-partial/git-workflow-hack/otrc-su-partial/run_1	logs/harbor_jobs/terminalbench/devstral24b/devstral24b-otrc-su-partial-r1-1788741860559/git-workflow-hack__shmjUKA	devstral24b-otrc-su-partial-r1-1788741860559
terminalbench	main	devstral24b	di__b4k__otrc-su-partial	gpt2-codegolf__otrc-su-partial__r1	gpt2-codegolf	otrc-su-partial	1	online_trc_summarize_partial	4000	0.5	summary_failure_accounting	priority	0	CancelledError	False	2026-09-06T19:56:33.399448-05:00	ICLR_results/terminalbench/main/devstral24b/di__b4k__otrc-su-partial/gpt2-codegolf/otrc-su-partial/run_1	logs/harbor_jobs/terminalbench/devstral24b/devstral24b-otrc-su-partial-r1-1788741860559/gpt2-codegolf__YetFeRi	devstral24b-otrc-su-partial-r1-1788741860559
terminalbench	main	devstral24b	di__b4k__otrc-su-partial	hf-model-inference__otrc-su-partial__r1	hf-model-inference	otrc-su-partial	1	online_trc_summarize_partial	4000	0.5	summary_failure_accounting	priority	0	CancelledError	False	2026-09-06T20:01:20.631135-05:00	ICLR_results/terminalbench/main/devstral24b/di__b4k__otrc-su-partial/hf-model-inference/otrc-su-partial/run_1	logs/harbor_jobs/terminalbench/devstral24b/devstral24b-otrc-su-partial-r1-1788741860559/hf-model-inference__Vewa7rV	devstral24b-otrc-su-partial-r1-1788741860559
terminalbench	main	devstral24b	di__b4k__otrc-su-partial	intrusion-detection__otrc-su-partial__r1	intrusion-detection	otrc-su-partial	1	online_trc_summarize_partial	4000	0.5	summary_failure_accounting	priority	0	CancelledError	False	2026-09-06T20:16:46.039288-05:00	ICLR_results/terminalbench/main/devstral24b/di__b4k__otrc-su-partial/intrusion-detection/otrc-su-partial/run_1	logs/harbor_jobs/terminalbench/devstral24b/devstral24b-otrc-su-partial-r1-1788741860559/intrusion-detection__7gBcne2	devstral24b-otrc-su-partial-r1-1788741860559
terminalbench	main	devstral24b	di__b4k__otrc-su-partial	new-encrypt-command__otrc-su-partial__r1	new-encrypt-command	otrc-su-partial	1	online_trc_summarize_partial	4000	0.5	summary_related_response	probable	0	CancelledError	True	2026-09-06T20:15:22.961893-05:00	ICLR_results/terminalbench/main/devstral24b/di__b4k__otrc-su-partial/new-encrypt-command/otrc-su-partial/run_1	logs/harbor_jobs/terminalbench/devstral24b/devstral24b-otrc-su-partial-r1-1788741860559/new-encrypt-command__ng9hJdU	devstral24b-otrc-su-partial-r1-1788741860559
terminalbench	main	devstral24b	di__b4k__otrc-su-partial	password-recovery__otrc-su-partial__r1	password-recovery	otrc-su-partial	1	online_trc_summarize_partial	4000	0.5	tb_erasure_possible	probable	0	CancelledError	False	2026-09-06T20:25:44.887156-05:00	ICLR_results/terminalbench/main/devstral24b/di__b4k__otrc-su-partial/password-recovery/otrc-su-partial/run_1	logs/harbor_jobs/terminalbench/devstral24b/devstral24b-otrc-su-partial-r1-1788741860559/password-recovery__Na49F9S	devstral24b-otrc-su-partial-r1-1788741860559
terminalbench	main	devstral24b	di__b4k__otrc-su-partial	path-tracing-reverse__otrc-su-partial__r1	path-tracing-reverse	otrc-su-partial	1	online_trc_summarize_partial	4000	0.5	tb_erasure_possible	probable	0	CancelledError	False	2026-09-06T19:45:24.696729-05:00	ICLR_results/terminalbench/main/devstral24b/di__b4k__otrc-su-partial/path-tracing-reverse/otrc-su-partial/run_1	logs/harbor_jobs/terminalbench/devstral24b/devstral24b-otrc-su-partial-r1-1788741860559/path-tracing-reverse__89WFJpB	devstral24b-otrc-su-partial-r1-1788741860559
terminalbench	main	devstral24b	di__b4k__otrc-su-partial	pytorch-model-cli.hard__otrc-su-partial__r1	pytorch-model-cli.hard	otrc-su-partial	1	online_trc_summarize_partial	4000	0.5	summary_failure_accounting	priority	0	CancelledError	False	2026-09-06T19:47:32.771723-05:00	ICLR_results/terminalbench/main/devstral24b/di__b4k__otrc-su-partial/pytorch-model-cli.hard/otrc-su-partial/run_1	logs/harbor_jobs/terminalbench/devstral24b/devstral24b-otrc-su-partial-r1-1788741860559/pytorch-model-cli.hard__u9h9wzd	devstral24b-otrc-su-partial-r1-1788741860559
terminalbench	main	devstral24b	di__b4k__otrc-su-partial	qemu-alpine-ssh__otrc-su-partial__r1	qemu-alpine-ssh	otrc-su-partial	1	online_trc_summarize_partial	4000	0.5	summary_failure_accounting	priority	0	CancelledError	False	2026-09-06T19:58:00.069577-05:00	ICLR_results/terminalbench/main/devstral24b/di__b4k__otrc-su-partial/qemu-alpine-ssh/otrc-su-partial/run_1	logs/harbor_jobs/terminalbench/devstral24b/devstral24b-otrc-su-partial-r1-1788741860559/qemu-alpine-ssh__mzDfB58	devstral24b-otrc-su-partial-r1-1788741860559
terminalbench	main	devstral24b	di__b4k__otrc-su-partial	qemu-startup__otrc-su-partial__r1	qemu-startup	otrc-su-partial	1	online_trc_summarize_partial	4000	0.5	summary_failure_accounting	priority	0	Submitted	False	2026-09-06T20:32:09.020726-05:00	ICLR_results/terminalbench/main/devstral24b/di__b4k__otrc-su-partial/qemu-startup/otrc-su-partial/run_1	logs/harbor_jobs/terminalbench/devstral24b/devstral24b-otrc-su-partial-r1-1788741860559/qemu-startup__PAqyWwq	devstral24b-otrc-su-partial-r1-1788741860559
terminalbench	main	devstral24b	di__b4k__otrc-su-partial	raman-fitting.easy__otrc-su-partial__r1	raman-fitting.easy	otrc-su-partial	1	online_trc_summarize_partial	4000	0.5	tb_erasure_possible	probable	0	Submitted	False	2026-09-06T19:44:22.118936-05:00	ICLR_results/terminalbench/main/devstral24b/di__b4k__otrc-su-partial/raman-fitting.easy/otrc-su-partial/run_1	logs/harbor_jobs/terminalbench/devstral24b/devstral24b-otrc-su-partial-r1-1788741860559/raman-fitting.easy__gACwCzt	devstral24b-otrc-su-partial-r1-1788741860559
terminalbench	main	devstral24b	di__b4k__otrc-su-partial	sanitize-git-repo__otrc-su-partial__r1	sanitize-git-repo	otrc-su-partial	1	online_trc_summarize_partial	4000	0.5	summary_failure_accounting	priority	0	CancelledError	False	2026-09-06T20:03:58.659111-05:00	ICLR_results/terminalbench/main/devstral24b/di__b4k__otrc-su-partial/sanitize-git-repo/otrc-su-partial/run_1	logs/harbor_jobs/terminalbench/devstral24b/devstral24b-otrc-su-partial-r1-1788741860559/sanitize-git-repo__cXV7of7	devstral24b-otrc-su-partial-r1-1788741860559
terminalbench	main	devstral24b	di__b4k__otrc-su-partial	sanitize-git-repo.hard__otrc-su-partial__r1	sanitize-git-repo.hard	otrc-su-partial	1	online_trc_summarize_partial	4000	0.5	summary_failure_accounting	priority	0	CancelledError	False	2026-09-06T20:40:57.393648-05:00	ICLR_results/terminalbench/main/devstral24b/di__b4k__otrc-su-partial/sanitize-git-repo.hard/otrc-su-partial/run_1	logs/harbor_jobs/terminalbench/devstral24b/devstral24b-otrc-su-partial-r1-1788741860559/sanitize-git-repo.hard__PVPintJ	devstral24b-otrc-su-partial-r1-1788741860559
terminalbench	main	devstral24b	di__b4k__otrc-su-partial	solana-data__otrc-su-partial__r1	solana-data	otrc-su-partial	1	online_trc_summarize_partial	4000	0.5	summary_failure_accounting	priority	0	CancelledError	False	2026-09-06T19:51:26.266679-05:00	ICLR_results/terminalbench/main/devstral24b/di__b4k__otrc-su-partial/solana-data/otrc-su-partial/run_1	logs/harbor_jobs/terminalbench/devstral24b/devstral24b-otrc-su-partial-r1-1788741860559/solana-data__o9foYpc	devstral24b-otrc-su-partial-r1-1788741860559
terminalbench	main	devstral24b	di__b4k__otrc-su-partial	sqlite-with-gcov__otrc-su-partial__r1	sqlite-with-gcov	otrc-su-partial	1	online_trc_summarize_partial	4000	0.5	summary_failure_accounting	priority	0	CancelledError	True	2026-09-06T19:51:48.356913-05:00	ICLR_results/terminalbench/main/devstral24b/di__b4k__otrc-su-partial/sqlite-with-gcov/otrc-su-partial/run_1	logs/harbor_jobs/terminalbench/devstral24b/devstral24b-otrc-su-partial-r1-1788741860559/sqlite-with-gcov__Xr6D9Ti	devstral24b-otrc-su-partial-r1-1788741860559
terminalbench	main	devstral24b	di__b4k__otrc-su-partial	super-benchmark-upet__otrc-su-partial__r1	super-benchmark-upet	otrc-su-partial	1	online_trc_summarize_partial	4000	0.5	tb_erasure_possible	probable	0	LimitsExceeded	False	2026-09-06T20:10:35.613495-05:00	ICLR_results/terminalbench/main/devstral24b/di__b4k__otrc-su-partial/super-benchmark-upet/otrc-su-partial/run_1	logs/harbor_jobs/terminalbench/devstral24b/devstral24b-otrc-su-partial-r1-1788741860559/super-benchmark-upet__UMhXDbJ	devstral24b-otrc-su-partial-r1-1788741860559
terminalbench	main	devstral24b	di__b4k__otrc-su-partial	swe-bench-astropy-2__otrc-su-partial__r1	swe-bench-astropy-2	otrc-su-partial	1	online_trc_summarize_partial	4000	0.5	summary_failure_accounting	priority	0	CancelledError	False	2026-09-06T20:30:30.747313-05:00	ICLR_results/terminalbench/main/devstral24b/di__b4k__otrc-su-partial/swe-bench-astropy-2/otrc-su-partial/run_1	logs/harbor_jobs/terminalbench/devstral24b/devstral24b-otrc-su-partial-r1-1788741860559/swe-bench-astropy-2__HzCc2d3	devstral24b-otrc-su-partial-r1-1788741860559
terminalbench	main	devstral24b	di__b4k__otrc-su-partial	swe-bench-fsspec__otrc-su-partial__r1	swe-bench-fsspec	otrc-su-partial	1	online_trc_summarize_partial	4000	0.5	summary_related_response	probable	0	LimitsExceeded	False	2026-09-06T20:07:45.498537-05:00	ICLR_results/terminalbench/main/devstral24b/di__b4k__otrc-su-partial/swe-bench-fsspec/otrc-su-partial/run_1	logs/harbor_jobs/terminalbench/devstral24b/devstral24b-otrc-su-partial-r1-1788741860559/swe-bench-fsspec__zZuCuuZ	devstral24b-otrc-su-partial-r1-1788741860559
terminalbench	main	devstral24b	di__b4k__otrc-su-partial	tmux-advanced-workflow__otrc-su-partial__r1	tmux-advanced-workflow	otrc-su-partial	1	online_trc_summarize_partial	4000	0.5	summary_failure_accounting	priority	0	CancelledError	True	2026-09-06T19:44:22.073956-05:00	ICLR_results/terminalbench/main/devstral24b/di__b4k__otrc-su-partial/tmux-advanced-workflow/otrc-su-partial/run_1	logs/harbor_jobs/terminalbench/devstral24b/devstral24b-otrc-su-partial-r1-1788741860559/tmux-advanced-workflow__CjAgpg2	devstral24b-otrc-su-partial-r1-1788741860559
terminalbench	main	devstral24b	di__b4k__otrc-su-partial	write-compressor__otrc-su-partial__r1	write-compressor	otrc-su-partial	1	online_trc_summarize_partial	4000	0.5	summary_failure_accounting	priority	0	CancelledError	False	2026-09-06T20:24:04.804866-05:00	ICLR_results/terminalbench/main/devstral24b/di__b4k__otrc-su-partial/write-compressor/otrc-su-partial/run_1	logs/harbor_jobs/terminalbench/devstral24b/devstral24b-otrc-su-partial-r1-1788741860559/write-compressor__59qrF8w	devstral24b-otrc-su-partial-r1-1788741860559
terminalbench	main	devstral24b	di__b4k__otrc-su-partial	blind-maze-explorer-5x5__otrc-su-partial__r2	blind-maze-explorer-5x5	otrc-su-partial	2	online_trc_summarize_partial	4000	0.5	summary_failure_accounting	priority	0	CancelledError	False	2026-09-06T21:57:34.123423-05:00	ICLR_results/terminalbench/main/devstral24b/di__b4k__otrc-su-partial/blind-maze-explorer-5x5/otrc-su-partial/run_2	logs/harbor_jobs/terminalbench/devstral24b/devstral24b-otrc-su-partial-r2-1788745957199/blind-maze-explorer-5x5__gbMytC2	devstral24b-otrc-su-partial-r2-1788745957199
terminalbench	main	devstral24b	di__b4k__otrc-su-partial	blind-maze-explorer-algorithm__otrc-su-partial__r2	blind-maze-explorer-algorithm	otrc-su-partial	2	online_trc_summarize_partial	4000	0.5	summary_failure_accounting	priority	0	CancelledError	False	2026-09-06T21:17:39.211797-05:00	ICLR_results/terminalbench/main/devstral24b/di__b4k__otrc-su-partial/blind-maze-explorer-algorithm/otrc-su-partial/run_2	logs/harbor_jobs/terminalbench/devstral24b/devstral24b-otrc-su-partial-r2-1788745957199/blind-maze-explorer-algorithm__b6myR6r	devstral24b-otrc-su-partial-r2-1788745957199
terminalbench	main	devstral24b	di__b4k__otrc-su-partial	cartpole-rl-training__otrc-su-partial__r2	cartpole-rl-training	otrc-su-partial	2	online_trc_summarize_partial	4000	0.5	summary_failure_accounting	priority	0	CancelledError	True	2026-09-06T21:57:55.105825-05:00	ICLR_results/terminalbench/main/devstral24b/di__b4k__otrc-su-partial/cartpole-rl-training/otrc-su-partial/run_2	logs/harbor_jobs/terminalbench/devstral24b/devstral24b-otrc-su-partial-r2-1788745957199/cartpole-rl-training__uFsMmur	devstral24b-otrc-su-partial-r2-1788745957199
terminalbench	main	devstral24b	di__b4k__otrc-su-partial	count-dataset-tokens__otrc-su-partial__r2	count-dataset-tokens	otrc-su-partial	2	online_trc_summarize_partial	4000	0.5	summary_failure_accounting	priority	0	CancelledError	False	2026-09-06T20:54:45.688444-05:00	ICLR_results/terminalbench/main/devstral24b/di__b4k__otrc-su-partial/count-dataset-tokens/otrc-su-partial/run_2	logs/harbor_jobs/terminalbench/devstral24b/devstral24b-otrc-su-partial-r2-1788745957199/count-dataset-tokens__zAF5aK6	devstral24b-otrc-su-partial-r2-1788745957199
terminalbench	main	devstral24b	di__b4k__otrc-su-partial	crack-7z-hash.hard__otrc-su-partial__r2	crack-7z-hash.hard	otrc-su-partial	2	online_trc_summarize_partial	4000	0.5	summary_failure_accounting	priority	0	CancelledError	False	2026-09-06T21:38:01.438181-05:00	ICLR_results/terminalbench/main/devstral24b/di__b4k__otrc-su-partial/crack-7z-hash.hard/otrc-su-partial/run_2	logs/harbor_jobs/terminalbench/devstral24b/devstral24b-otrc-su-partial-r2-1788745957199/crack-7z-hash.hard__rcarLTa	devstral24b-otrc-su-partial-r2-1788745957199
terminalbench	main	devstral24b	di__b4k__otrc-su-partial	csv-to-parquet__otrc-su-partial__r2	csv-to-parquet	otrc-su-partial	2	online_trc_summarize_partial	4000	0.5	summary_failure_accounting	priority	0	Submitted	True	2026-09-06T21:13:38.640266-05:00	ICLR_results/terminalbench/main/devstral24b/di__b4k__otrc-su-partial/csv-to-parquet/otrc-su-partial/run_2	logs/harbor_jobs/terminalbench/devstral24b/devstral24b-otrc-su-partial-r2-1788745957199/csv-to-parquet__EsmCJFT	devstral24b-otrc-su-partial-r2-1788745957199
terminalbench	main	devstral24b	di__b4k__otrc-su-partial	download-youtube__otrc-su-partial__r2	download-youtube	otrc-su-partial	2	online_trc_summarize_partial	4000	0.5	summary_failure_accounting	priority	0	CancelledError	False	2026-09-06T21:44:26.310385-05:00	ICLR_results/terminalbench/main/devstral24b/di__b4k__otrc-su-partial/download-youtube/otrc-su-partial/run_2	logs/harbor_jobs/terminalbench/devstral24b/devstral24b-otrc-su-partial-r2-1788745957199/download-youtube__6nYYeAU	devstral24b-otrc-su-partial-r2-1788745957199
terminalbench	main	devstral24b	di__b4k__otrc-su-partial	eval-mteb__otrc-su-partial__r2	eval-mteb	otrc-su-partial	2	online_trc_summarize_partial	4000	0.5	tb_erasure_possible	probable	0	RuntimeError	False	2026-09-06T21:06:35.324239-05:00	ICLR_results/terminalbench/main/devstral24b/di__b4k__otrc-su-partial/eval-mteb/otrc-su-partial/run_2	logs/harbor_jobs/terminalbench/devstral24b/devstral24b-otrc-su-partial-r2-1788745957199/eval-mteb__ti6xVGY	devstral24b-otrc-su-partial-r2-1788745957199
terminalbench	main	devstral24b	di__b4k__otrc-su-partial	eval-mteb.hard__otrc-su-partial__r2	eval-mteb.hard	otrc-su-partial	2	online_trc_summarize_partial	4000	0.5	summary_failure_accounting	priority	0	Submitted	True	2026-09-06T21:50:52.665225-05:00	ICLR_results/terminalbench/main/devstral24b/di__b4k__otrc-su-partial/eval-mteb.hard/otrc-su-partial/run_2	logs/harbor_jobs/terminalbench/devstral24b/devstral24b-otrc-su-partial-r2-1788745957199/eval-mteb.hard__AwcHzth	devstral24b-otrc-su-partial-r2-1788745957199
terminalbench	main	devstral24b	di__b4k__otrc-su-partial	extract-moves-from-video__otrc-su-partial__r2	extract-moves-from-video	otrc-su-partial	2	online_trc_summarize_partial	4000	0.5	summary_failure_accounting	priority	0	CancelledError	False	2026-09-06T21:18:07.151932-05:00	ICLR_results/terminalbench/main/devstral24b/di__b4k__otrc-su-partial/extract-moves-from-video/otrc-su-partial/run_2	logs/harbor_jobs/terminalbench/devstral24b/devstral24b-otrc-su-partial-r2-1788745957199/extract-moves-from-video__qjCyvJ5	devstral24b-otrc-su-partial-r2-1788745957199
terminalbench	main	devstral24b	di__b4k__otrc-su-partial	fibonacci-server__otrc-su-partial__r2	fibonacci-server	otrc-su-partial	2	online_trc_summarize_partial	4000	0.5	summary_related_response	probable	0	CancelledError	False	2026-09-06T21:03:28.596721-05:00	ICLR_results/terminalbench/main/devstral24b/di__b4k__otrc-su-partial/fibonacci-server/otrc-su-partial/run_2	logs/harbor_jobs/terminalbench/devstral24b/devstral24b-otrc-su-partial-r2-1788745957199/fibonacci-server__A7nrooW	devstral24b-otrc-su-partial-r2-1788745957199
terminalbench	main	devstral24b	di__b4k__otrc-su-partial	git-workflow-hack__otrc-su-partial__r2	git-workflow-hack	otrc-su-partial	2	online_trc_summarize_partial	4000	0.5	summary_failure_accounting	priority	0	CancelledError	True	2026-09-06T21:31:35.987587-05:00	ICLR_results/terminalbench/main/devstral24b/di__b4k__otrc-su-partial/git-workflow-hack/otrc-su-partial/run_2	logs/harbor_jobs/terminalbench/devstral24b/devstral24b-otrc-su-partial-r2-1788745957199/git-workflow-hack__RHJ8zDV	devstral24b-otrc-su-partial-r2-1788745957199
terminalbench	main	devstral24b	di__b4k__otrc-su-partial	gpt2-codegolf__otrc-su-partial__r2	gpt2-codegolf	otrc-su-partial	2	online_trc_summarize_partial	4000	0.5	summary_failure_accounting	priority	0	CancelledError	False	2026-09-06T21:05:09.970903-05:00	ICLR_results/terminalbench/main/devstral24b/di__b4k__otrc-su-partial/gpt2-codegolf/otrc-su-partial/run_2	logs/harbor_jobs/terminalbench/devstral24b/devstral24b-otrc-su-partial-r2-1788745957199/gpt2-codegolf__6bPvh9T	devstral24b-otrc-su-partial-r2-1788745957199
terminalbench	main	devstral24b	di__b4k__otrc-su-partial	intrusion-detection__otrc-su-partial__r2	intrusion-detection	otrc-su-partial	2	online_trc_summarize_partial	4000	0.5	summary_failure_accounting	priority	0	CancelledError	False	2026-09-06T21:25:15.921545-05:00	ICLR_results/terminalbench/main/devstral24b/di__b4k__otrc-su-partial/intrusion-detection/otrc-su-partial/run_2	logs/harbor_jobs/terminalbench/devstral24b/devstral24b-otrc-su-partial-r2-1788745957199/intrusion-detection__tuHgfxJ	devstral24b-otrc-su-partial-r2-1788745957199
terminalbench	main	devstral24b	di__b4k__otrc-su-partial	password-recovery__otrc-su-partial__r2	password-recovery	otrc-su-partial	2	online_trc_summarize_partial	4000	0.5	tb_erasure_possible	probable	0	CancelledError	False	2026-09-06T21:33:03.961771-05:00	ICLR_results/terminalbench/main/devstral24b/di__b4k__otrc-su-partial/password-recovery/otrc-su-partial/run_2	logs/harbor_jobs/terminalbench/devstral24b/devstral24b-otrc-su-partial-r2-1788745957199/password-recovery__EXoQRWM	devstral24b-otrc-su-partial-r2-1788745957199
terminalbench	main	devstral24b	di__b4k__otrc-su-partial	path-tracing-reverse__otrc-su-partial__r2	path-tracing-reverse	otrc-su-partial	2	online_trc_summarize_partial	4000	0.5	summary_failure_accounting	priority	0	CancelledError	False	2026-09-06T20:53:48.710005-05:00	ICLR_results/terminalbench/main/devstral24b/di__b4k__otrc-su-partial/path-tracing-reverse/otrc-su-partial/run_2	logs/harbor_jobs/terminalbench/devstral24b/devstral24b-otrc-su-partial-r2-1788745957199/path-tracing-reverse__DZboK5g	devstral24b-otrc-su-partial-r2-1788745957199
terminalbench	main	devstral24b	di__b4k__otrc-su-partial	pytorch-model-cli.hard__otrc-su-partial__r2	pytorch-model-cli.hard	otrc-su-partial	2	online_trc_summarize_partial	4000	0.5	tb_erasure_possible	probable	0	CancelledError	False	2026-09-06T20:56:19.771315-05:00	ICLR_results/terminalbench/main/devstral24b/di__b4k__otrc-su-partial/pytorch-model-cli.hard/otrc-su-partial/run_2	logs/harbor_jobs/terminalbench/devstral24b/devstral24b-otrc-su-partial-r2-1788745957199/pytorch-model-cli.hard__Ay4E5kF	devstral24b-otrc-su-partial-r2-1788745957199
terminalbench	main	devstral24b	di__b4k__otrc-su-partial	qemu-alpine-ssh__otrc-su-partial__r2	qemu-alpine-ssh	otrc-su-partial	2	online_trc_summarize_partial	4000	0.5	tb_erasure_possible	probable	0	CancelledError	False	2026-09-06T21:05:36.515218-05:00	ICLR_results/terminalbench/main/devstral24b/di__b4k__otrc-su-partial/qemu-alpine-ssh/otrc-su-partial/run_2	logs/harbor_jobs/terminalbench/devstral24b/devstral24b-otrc-su-partial-r2-1788745957199/qemu-alpine-ssh__3DrVHFv	devstral24b-otrc-su-partial-r2-1788745957199
terminalbench	main	devstral24b	di__b4k__otrc-su-partial	qemu-startup__otrc-su-partial__r2	qemu-startup	otrc-su-partial	2	online_trc_summarize_partial	4000	0.5	summary_failure_accounting	priority	0	CancelledError	False	2026-09-06T21:39:28.173061-05:00	ICLR_results/terminalbench/main/devstral24b/di__b4k__otrc-su-partial/qemu-startup/otrc-su-partial/run_2	logs/harbor_jobs/terminalbench/devstral24b/devstral24b-otrc-su-partial-r2-1788745957199/qemu-startup__us4ccC6	devstral24b-otrc-su-partial-r2-1788745957199
terminalbench	main	devstral24b	di__b4k__otrc-su-partial	raman-fitting.easy__otrc-su-partial__r2	raman-fitting.easy	otrc-su-partial	2	online_trc_summarize_partial	4000	0.5	summary_failure_accounting	priority	0	Submitted	False	2026-09-06T20:52:38.691335-05:00	ICLR_results/terminalbench/main/devstral24b/di__b4k__otrc-su-partial/raman-fitting.easy/otrc-su-partial/run_2	logs/harbor_jobs/terminalbench/devstral24b/devstral24b-otrc-su-partial-r2-1788745957199/raman-fitting.easy__dPcZ8ej	devstral24b-otrc-su-partial-r2-1788745957199
terminalbench	main	devstral24b	di__b4k__otrc-su-partial	sanitize-git-repo__otrc-su-partial__r2	sanitize-git-repo	otrc-su-partial	2	online_trc_summarize_partial	4000	0.5	summary_failure_accounting	priority	0	CancelledError	False	2026-09-06T21:12:26.635180-05:00	ICLR_results/terminalbench/main/devstral24b/di__b4k__otrc-su-partial/sanitize-git-repo/otrc-su-partial/run_2	logs/harbor_jobs/terminalbench/devstral24b/devstral24b-otrc-su-partial-r2-1788745957199/sanitize-git-repo__Mi4QvMF	devstral24b-otrc-su-partial-r2-1788745957199
terminalbench	main	devstral24b	di__b4k__otrc-su-partial	sanitize-git-repo.hard__otrc-su-partial__r2	sanitize-git-repo.hard	otrc-su-partial	2	online_trc_summarize_partial	4000	0.5	summary_failure_accounting	priority	0	CancelledError	False	2026-09-06T21:50:45.070569-05:00	ICLR_results/terminalbench/main/devstral24b/di__b4k__otrc-su-partial/sanitize-git-repo.hard/otrc-su-partial/run_2	logs/harbor_jobs/terminalbench/devstral24b/devstral24b-otrc-su-partial-r2-1788745957199/sanitize-git-repo.hard__T6QvVND	devstral24b-otrc-su-partial-r2-1788745957199
terminalbench	main	devstral24b	di__b4k__otrc-su-partial	solana-data__otrc-su-partial__r2	solana-data	otrc-su-partial	2	online_trc_summarize_partial	4000	0.5	summary_failure_accounting	priority	0	CancelledError	False	2026-09-06T20:59:05.062892-05:00	ICLR_results/terminalbench/main/devstral24b/di__b4k__otrc-su-partial/solana-data/otrc-su-partial/run_2	logs/harbor_jobs/terminalbench/devstral24b/devstral24b-otrc-su-partial-r2-1788745957199/solana-data__HDS4ZRR	devstral24b-otrc-su-partial-r2-1788745957199
terminalbench	main	devstral24b	di__b4k__otrc-su-partial	sqlite-with-gcov__otrc-su-partial__r2	sqlite-with-gcov	otrc-su-partial	2	online_trc_summarize_partial	4000	0.5	summary_failure_accounting	priority	0	CancelledError	True	2026-09-06T21:00:13.295712-05:00	ICLR_results/terminalbench/main/devstral24b/di__b4k__otrc-su-partial/sqlite-with-gcov/otrc-su-partial/run_2	logs/harbor_jobs/terminalbench/devstral24b/devstral24b-otrc-su-partial-r2-1788745957199/sqlite-with-gcov__hcLsUxH	devstral24b-otrc-su-partial-r2-1788745957199
terminalbench	main	devstral24b	di__b4k__otrc-su-partial	super-benchmark-upet__otrc-su-partial__r2	super-benchmark-upet	otrc-su-partial	2	online_trc_summarize_partial	4000	0.5	summary_failure_accounting	priority	0	CancelledError	False	2026-09-06T21:18:49.688668-05:00	ICLR_results/terminalbench/main/devstral24b/di__b4k__otrc-su-partial/super-benchmark-upet/otrc-su-partial/run_2	logs/harbor_jobs/terminalbench/devstral24b/devstral24b-otrc-su-partial-r2-1788745957199/super-benchmark-upet__iXEtELj	devstral24b-otrc-su-partial-r2-1788745957199
terminalbench	main	devstral24b	di__b4k__otrc-su-partial	swe-bench-astropy-2__otrc-su-partial__r2	swe-bench-astropy-2	otrc-su-partial	2	online_trc_summarize_partial	4000	0.5	summary_related_response	probable	0	CancelledError	False	2026-09-06T21:39:10.926552-05:00	ICLR_results/terminalbench/main/devstral24b/di__b4k__otrc-su-partial/swe-bench-astropy-2/otrc-su-partial/run_2	logs/harbor_jobs/terminalbench/devstral24b/devstral24b-otrc-su-partial-r2-1788745957199/swe-bench-astropy-2__ZHjf566	devstral24b-otrc-su-partial-r2-1788745957199
terminalbench	main	devstral24b	di__b4k__otrc-su-partial	swe-bench-fsspec__otrc-su-partial__r2	swe-bench-fsspec	otrc-su-partial	2	online_trc_summarize_partial	4000	0.5	summary_failure_accounting	priority	0	CancelledError	False	2026-09-06T21:14:01.523729-05:00	ICLR_results/terminalbench/main/devstral24b/di__b4k__otrc-su-partial/swe-bench-fsspec/otrc-su-partial/run_2	logs/harbor_jobs/terminalbench/devstral24b/devstral24b-otrc-su-partial-r2-1788745957199/swe-bench-fsspec__upf8D2g	devstral24b-otrc-su-partial-r2-1788745957199
terminalbench	main	devstral24b	di__b4k__otrc-su-partial	tmux-advanced-workflow__otrc-su-partial__r2	tmux-advanced-workflow	otrc-su-partial	2	online_trc_summarize_partial	4000	0.5	summary_failure_accounting	priority	0	Submitted	True	2026-09-06T20:52:38.647394-05:00	ICLR_results/terminalbench/main/devstral24b/di__b4k__otrc-su-partial/tmux-advanced-workflow/otrc-su-partial/run_2	logs/harbor_jobs/terminalbench/devstral24b/devstral24b-otrc-su-partial-r2-1788745957199/tmux-advanced-workflow__hJGcVER	devstral24b-otrc-su-partial-r2-1788745957199
terminalbench	main	devstral24b	di__b4k__otrc-su-partial	write-compressor__otrc-su-partial__r2	write-compressor	otrc-su-partial	2	online_trc_summarize_partial	4000	0.5	summary_failure_accounting	priority	0	CancelledError	False	2026-09-06T21:32:45.628866-05:00	ICLR_results/terminalbench/main/devstral24b/di__b4k__otrc-su-partial/write-compressor/otrc-su-partial/run_2	logs/harbor_jobs/terminalbench/devstral24b/devstral24b-otrc-su-partial-r2-1788745957199/write-compressor__CDG82sV	devstral24b-otrc-su-partial-r2-1788745957199
terminalbench	main	devstral24b	di__b4k__otrc-su-partial	blind-maze-explorer-5x5__otrc-su-partial__r3	blind-maze-explorer-5x5	otrc-su-partial	3	online_trc_summarize_partial	4000	0.5	summary_failure_accounting	priority	0	LimitsExceeded	False	2026-09-06T23:17:04.686552-05:00	ICLR_results/terminalbench/main/devstral24b/di__b4k__otrc-su-partial/blind-maze-explorer-5x5/otrc-su-partial/run_3	logs/harbor_jobs/terminalbench/devstral24b/devstral24b-otrc-su-partial-r3-1788751140766/blind-maze-explorer-5x5__FvuFMim	devstral24b-otrc-su-partial-r3-1788751140766
terminalbench	main	devstral24b	di__b4k__otrc-su-partial	blind-maze-explorer-algorithm__otrc-su-partial__r3	blind-maze-explorer-algorithm	otrc-su-partial	3	online_trc_summarize_partial	4000	0.5	summary_failure_accounting	priority	0	LimitsExceeded	False	2026-09-06T22:45:20.009637-05:00	ICLR_results/terminalbench/main/devstral24b/di__b4k__otrc-su-partial/blind-maze-explorer-algorithm/otrc-su-partial/run_3	logs/harbor_jobs/terminalbench/devstral24b/devstral24b-otrc-su-partial-r3-1788751140766/blind-maze-explorer-algorithm__jRtWPR9	devstral24b-otrc-su-partial-r3-1788751140766
terminalbench	main	devstral24b	di__b4k__otrc-su-partial	cartpole-rl-training__otrc-su-partial__r3	cartpole-rl-training	otrc-su-partial	3	online_trc_summarize_partial	4000	0.5	summary_failure_accounting	priority	0	CancelledError	True	2026-09-06T23:19:41.151424-05:00	ICLR_results/terminalbench/main/devstral24b/di__b4k__otrc-su-partial/cartpole-rl-training/otrc-su-partial/run_3	logs/harbor_jobs/terminalbench/devstral24b/devstral24b-otrc-su-partial-r3-1788751140766/cartpole-rl-training__Pp3F323	devstral24b-otrc-su-partial-r3-1788751140766
terminalbench	main	devstral24b	di__b4k__otrc-su-partial	count-dataset-tokens__otrc-su-partial__r3	count-dataset-tokens	otrc-su-partial	3	online_trc_summarize_partial	4000	0.5	summary_failure_accounting	priority	0	CancelledError	False	2026-09-06T22:20:04.167319-05:00	ICLR_results/terminalbench/main/devstral24b/di__b4k__otrc-su-partial/count-dataset-tokens/otrc-su-partial/run_3	logs/harbor_jobs/terminalbench/devstral24b/devstral24b-otrc-su-partial-r3-1788751140766/count-dataset-tokens__XFrriup	devstral24b-otrc-su-partial-r3-1788751140766
terminalbench	main	devstral24b	di__b4k__otrc-su-partial	crack-7z-hash.hard__otrc-su-partial__r3	crack-7z-hash.hard	otrc-su-partial	3	online_trc_summarize_partial	4000	0.5	tb_erasure_possible	probable	0	CancelledError	False	2026-09-06T23:00:30.957797-05:00	ICLR_results/terminalbench/main/devstral24b/di__b4k__otrc-su-partial/crack-7z-hash.hard/otrc-su-partial/run_3	logs/harbor_jobs/terminalbench/devstral24b/devstral24b-otrc-su-partial-r3-1788751140766/crack-7z-hash.hard__xRfvbnX	devstral24b-otrc-su-partial-r3-1788751140766
terminalbench	main	devstral24b	di__b4k__otrc-su-partial	csv-to-parquet__otrc-su-partial__r3	csv-to-parquet	otrc-su-partial	3	online_trc_summarize_partial	4000	0.5	summary_failure_accounting	priority	0	CancelledError	False	2026-09-06T22:39:06.724472-05:00	ICLR_results/terminalbench/main/devstral24b/di__b4k__otrc-su-partial/csv-to-parquet/otrc-su-partial/run_3	logs/harbor_jobs/terminalbench/devstral24b/devstral24b-otrc-su-partial-r3-1788751140766/csv-to-parquet__KLh9pJg	devstral24b-otrc-su-partial-r3-1788751140766
terminalbench	main	devstral24b	di__b4k__otrc-su-partial	download-youtube__otrc-su-partial__r3	download-youtube	otrc-su-partial	3	online_trc_summarize_partial	4000	0.5	summary_failure_accounting	priority	0	CancelledError	False	2026-09-06T23:06:54.180249-05:00	ICLR_results/terminalbench/main/devstral24b/di__b4k__otrc-su-partial/download-youtube/otrc-su-partial/run_3	logs/harbor_jobs/terminalbench/devstral24b/devstral24b-otrc-su-partial-r3-1788751140766/download-youtube__5kPPSBM	devstral24b-otrc-su-partial-r3-1788751140766
terminalbench	main	devstral24b	di__b4k__otrc-su-partial	eval-mteb__otrc-su-partial__r3	eval-mteb	otrc-su-partial	3	online_trc_summarize_partial	4000	0.5	summary_failure_accounting	priority	0	RuntimeError	False	2026-09-06T22:32:30.128875-05:00	ICLR_results/terminalbench/main/devstral24b/di__b4k__otrc-su-partial/eval-mteb/otrc-su-partial/run_3	logs/harbor_jobs/terminalbench/devstral24b/devstral24b-otrc-su-partial-r3-1788751140766/eval-mteb__zDC32VC	devstral24b-otrc-su-partial-r3-1788751140766
terminalbench	main	devstral24b	di__b4k__otrc-su-partial	eval-mteb.hard__otrc-su-partial__r3	eval-mteb.hard	otrc-su-partial	3	online_trc_summarize_partial	4000	0.5	summary_failure_accounting	priority	0	CancelledError	False	2026-09-06T23:14:49.989840-05:00	ICLR_results/terminalbench/main/devstral24b/di__b4k__otrc-su-partial/eval-mteb.hard/otrc-su-partial/run_3	logs/harbor_jobs/terminalbench/devstral24b/devstral24b-otrc-su-partial-r3-1788751140766/eval-mteb.hard__Fr34jqH	devstral24b-otrc-su-partial-r3-1788751140766
terminalbench	main	devstral24b	di__b4k__otrc-su-partial	extract-moves-from-video__otrc-su-partial__r3	extract-moves-from-video	otrc-su-partial	3	online_trc_summarize_partial	4000	0.5	summary_failure_accounting	priority	0	CancelledError	False	2026-09-06T22:45:33.342577-05:00	ICLR_results/terminalbench/main/devstral24b/di__b4k__otrc-su-partial/extract-moves-from-video/otrc-su-partial/run_3	logs/harbor_jobs/terminalbench/devstral24b/devstral24b-otrc-su-partial-r3-1788751140766/extract-moves-from-video__5QBR3aF	devstral24b-otrc-su-partial-r3-1788751140766
terminalbench	main	devstral24b	di__b4k__otrc-su-partial	git-workflow-hack__otrc-su-partial__r3	git-workflow-hack	otrc-su-partial	3	online_trc_summarize_partial	4000	0.5	summary_failure_accounting	priority	0	CancelledError	False	2026-09-06T22:54:07.107171-05:00	ICLR_results/terminalbench/main/devstral24b/di__b4k__otrc-su-partial/git-workflow-hack/otrc-su-partial/run_3	logs/harbor_jobs/terminalbench/devstral24b/devstral24b-otrc-su-partial-r3-1788751140766/git-workflow-hack__owdMTQD	devstral24b-otrc-su-partial-r3-1788751140766
terminalbench	main	devstral24b	di__b4k__otrc-su-partial	gpt2-codegolf__otrc-su-partial__r3	gpt2-codegolf	otrc-su-partial	3	online_trc_summarize_partial	4000	0.5	summary_failure_accounting	priority	0	CancelledError	False	2026-09-06T22:30:15.078641-05:00	ICLR_results/terminalbench/main/devstral24b/di__b4k__otrc-su-partial/gpt2-codegolf/otrc-su-partial/run_3	logs/harbor_jobs/terminalbench/devstral24b/devstral24b-otrc-su-partial-r3-1788751140766/gpt2-codegolf__vbMKwiR	devstral24b-otrc-su-partial-r3-1788751140766
terminalbench	main	devstral24b	di__b4k__otrc-su-partial	hf-model-inference__otrc-su-partial__r3	hf-model-inference	otrc-su-partial	3	online_trc_summarize_partial	4000	0.5	tb_erasure_possible	probable	0	CancelledError	False	2026-09-06T22:32:35.787515-05:00	ICLR_results/terminalbench/main/devstral24b/di__b4k__otrc-su-partial/hf-model-inference/otrc-su-partial/run_3	logs/harbor_jobs/terminalbench/devstral24b/devstral24b-otrc-su-partial-r3-1788751140766/hf-model-inference__e7Hdye4	devstral24b-otrc-su-partial-r3-1788751140766
terminalbench	main	devstral24b	di__b4k__otrc-su-partial	intrusion-detection__otrc-su-partial__r3	intrusion-detection	otrc-su-partial	3	online_trc_summarize_partial	4000	0.5	summary_failure_accounting	priority	0	CancelledError	False	2026-09-06T22:52:52.927994-05:00	ICLR_results/terminalbench/main/devstral24b/di__b4k__otrc-su-partial/intrusion-detection/otrc-su-partial/run_3	logs/harbor_jobs/terminalbench/devstral24b/devstral24b-otrc-su-partial-r3-1788751140766/intrusion-detection__SkaNtiS	devstral24b-otrc-su-partial-r3-1788751140766
terminalbench	main	devstral24b	di__b4k__otrc-su-partial	modernize-fortran-build__otrc-su-partial__r3	modernize-fortran-build	otrc-su-partial	3	online_trc_summarize_partial	4000	0.5	summary_related_response	probable	0	CancelledError	False	2026-09-06T22:44:13.741674-05:00	ICLR_results/terminalbench/main/devstral24b/di__b4k__otrc-su-partial/modernize-fortran-build/otrc-su-partial/run_3	logs/harbor_jobs/terminalbench/devstral24b/devstral24b-otrc-su-partial-r3-1788751140766/modernize-fortran-build__ccunPZW	devstral24b-otrc-su-partial-r3-1788751140766
terminalbench	main	devstral24b	di__b4k__otrc-su-partial	password-recovery__otrc-su-partial__r3	password-recovery	otrc-su-partial	3	online_trc_summarize_partial	4000	0.5	summary_failure_accounting	priority	0	CancelledError	False	2026-09-06T22:59:20.404207-05:00	ICLR_results/terminalbench/main/devstral24b/di__b4k__otrc-su-partial/password-recovery/otrc-su-partial/run_3	logs/harbor_jobs/terminalbench/devstral24b/devstral24b-otrc-su-partial-r3-1788751140766/password-recovery__EMFwsXy	devstral24b-otrc-su-partial-r3-1788751140766
terminalbench	main	devstral24b	di__b4k__otrc-su-partial	path-tracing-reverse__otrc-su-partial__r3	path-tracing-reverse	otrc-su-partial	3	online_trc_summarize_partial	4000	0.5	summary_failure_accounting	priority	0	CancelledError	False	2026-09-06T22:19:50.102464-05:00	ICLR_results/terminalbench/main/devstral24b/di__b4k__otrc-su-partial/path-tracing-reverse/otrc-su-partial/run_3	logs/harbor_jobs/terminalbench/devstral24b/devstral24b-otrc-su-partial-r3-1788751140766/path-tracing-reverse__izMdKuH	devstral24b-otrc-su-partial-r3-1788751140766
terminalbench	main	devstral24b	di__b4k__otrc-su-partial	pytorch-model-cli.hard__otrc-su-partial__r3	pytorch-model-cli.hard	otrc-su-partial	3	online_trc_summarize_partial	4000	0.5	summary_failure_accounting	priority	0	CancelledError	False	2026-09-06T22:20:13.540960-05:00	ICLR_results/terminalbench/main/devstral24b/di__b4k__otrc-su-partial/pytorch-model-cli.hard/otrc-su-partial/run_3	logs/harbor_jobs/terminalbench/devstral24b/devstral24b-otrc-su-partial-r3-1788751140766/pytorch-model-cli.hard__wfsmukX	devstral24b-otrc-su-partial-r3-1788751140766
terminalbench	main	devstral24b	di__b4k__otrc-su-partial	qemu-alpine-ssh__otrc-su-partial__r3	qemu-alpine-ssh	otrc-su-partial	3	online_trc_summarize_partial	4000	0.5	summary_failure_accounting	priority	0	CancelledError	False	2026-09-06T22:30:30.817429-05:00	ICLR_results/terminalbench/main/devstral24b/di__b4k__otrc-su-partial/qemu-alpine-ssh/otrc-su-partial/run_3	logs/harbor_jobs/terminalbench/devstral24b/devstral24b-otrc-su-partial-r3-1788751140766/qemu-alpine-ssh__vfuRdMX	devstral24b-otrc-su-partial-r3-1788751140766
terminalbench	main	devstral24b	di__b4k__otrc-su-partial	qemu-startup__otrc-su-partial__r3	qemu-startup	otrc-su-partial	3	online_trc_summarize_partial	4000	0.5	summary_failure_accounting	priority	0	CancelledError	True	2026-09-06T23:05:46.659471-05:00	ICLR_results/terminalbench/main/devstral24b/di__b4k__otrc-su-partial/qemu-startup/otrc-su-partial/run_3	logs/harbor_jobs/terminalbench/devstral24b/devstral24b-otrc-su-partial-r3-1788751140766/qemu-startup__6YqY4AZ	devstral24b-otrc-su-partial-r3-1788751140766
terminalbench	main	devstral24b	di__b4k__otrc-su-partial	raman-fitting.easy__otrc-su-partial__r3	raman-fitting.easy	otrc-su-partial	3	online_trc_summarize_partial	4000	0.5	summary_failure_accounting	priority	0	CancelledError	False	2026-09-06T22:19:02.392953-05:00	ICLR_results/terminalbench/main/devstral24b/di__b4k__otrc-su-partial/raman-fitting.easy/otrc-su-partial/run_3	logs/harbor_jobs/terminalbench/devstral24b/devstral24b-otrc-su-partial-r3-1788751140766/raman-fitting.easy__xQSZ5Nt	devstral24b-otrc-su-partial-r3-1788751140766
terminalbench	main	devstral24b	di__b4k__otrc-su-partial	sanitize-git-repo__otrc-su-partial__r3	sanitize-git-repo	otrc-su-partial	3	online_trc_summarize_partial	4000	0.5	summary_failure_accounting	priority	0	CancelledError	False	2026-09-06T22:37:39.540238-05:00	ICLR_results/terminalbench/main/devstral24b/di__b4k__otrc-su-partial/sanitize-git-repo/otrc-su-partial/run_3	logs/harbor_jobs/terminalbench/devstral24b/devstral24b-otrc-su-partial-r3-1788751140766/sanitize-git-repo__sTSJ8LK	devstral24b-otrc-su-partial-r3-1788751140766
terminalbench	main	devstral24b	di__b4k__otrc-su-partial	sanitize-git-repo.hard__otrc-su-partial__r3	sanitize-git-repo.hard	otrc-su-partial	3	online_trc_summarize_partial	4000	0.5	summary_failure_accounting	priority	0	CancelledError	False	2026-09-06T23:13:18.846792-05:00	ICLR_results/terminalbench/main/devstral24b/di__b4k__otrc-su-partial/sanitize-git-repo.hard/otrc-su-partial/run_3	logs/harbor_jobs/terminalbench/devstral24b/devstral24b-otrc-su-partial-r3-1788751140766/sanitize-git-repo.hard__m65g7kg	devstral24b-otrc-su-partial-r3-1788751140766
terminalbench	main	devstral24b	di__b4k__otrc-su-partial	solana-data__otrc-su-partial__r3	solana-data	otrc-su-partial	3	online_trc_summarize_partial	4000	0.5	summary_failure_accounting	priority	0	CancelledError	False	2026-09-06T22:26:03.355634-05:00	ICLR_results/terminalbench/main/devstral24b/di__b4k__otrc-su-partial/solana-data/otrc-su-partial/run_3	logs/harbor_jobs/terminalbench/devstral24b/devstral24b-otrc-su-partial-r3-1788751140766/solana-data__DQBdBbW	devstral24b-otrc-su-partial-r3-1788751140766
terminalbench	main	devstral24b	di__b4k__otrc-su-partial	sqlite-with-gcov__otrc-su-partial__r3	sqlite-with-gcov	otrc-su-partial	3	online_trc_summarize_partial	4000	0.5	summary_failure_accounting	priority	0	CancelledError	True	2026-09-06T22:26:13.793362-05:00	ICLR_results/terminalbench/main/devstral24b/di__b4k__otrc-su-partial/sqlite-with-gcov/otrc-su-partial/run_3	logs/harbor_jobs/terminalbench/devstral24b/devstral24b-otrc-su-partial-r3-1788751140766/sqlite-with-gcov__j5PPqUc	devstral24b-otrc-su-partial-r3-1788751140766
terminalbench	main	devstral24b	di__b4k__otrc-su-partial	super-benchmark-upet__otrc-su-partial__r3	super-benchmark-upet	otrc-su-partial	3	online_trc_summarize_partial	4000	0.5	tb_erasure_possible	probable	0	CancelledError	False	2026-09-06T22:50:39.230795-05:00	ICLR_results/terminalbench/main/devstral24b/di__b4k__otrc-su-partial/super-benchmark-upet/otrc-su-partial/run_3	logs/harbor_jobs/terminalbench/devstral24b/devstral24b-otrc-su-partial-r3-1788751140766/super-benchmark-upet__tyjzGXj	devstral24b-otrc-su-partial-r3-1788751140766
terminalbench	main	devstral24b	di__b4k__otrc-su-partial	swe-bench-astropy-2__otrc-su-partial__r3	swe-bench-astropy-2	otrc-su-partial	3	online_trc_summarize_partial	4000	0.5	summary_related_response	probable	0	LimitsExceeded	False	2026-09-06T23:03:57.690114-05:00	ICLR_results/terminalbench/main/devstral24b/di__b4k__otrc-su-partial/swe-bench-astropy-2/otrc-su-partial/run_3	logs/harbor_jobs/terminalbench/devstral24b/devstral24b-otrc-su-partial-r3-1788751140766/swe-bench-astropy-2__Fqx6H9a	devstral24b-otrc-su-partial-r3-1788751140766
terminalbench	main	devstral24b	di__b4k__otrc-su-partial	swe-bench-fsspec__otrc-su-partial__r3	swe-bench-fsspec	otrc-su-partial	3	online_trc_summarize_partial	4000	0.5	tb_erasure_possible	probable	0	LimitsExceeded	True	2026-09-06T22:40:55.396802-05:00	ICLR_results/terminalbench/main/devstral24b/di__b4k__otrc-su-partial/swe-bench-fsspec/otrc-su-partial/run_3	logs/harbor_jobs/terminalbench/devstral24b/devstral24b-otrc-su-partial-r3-1788751140766/swe-bench-fsspec__LBefaGA	devstral24b-otrc-su-partial-r3-1788751140766
terminalbench	main	devstral24b	di__b4k__otrc-su-partial	write-compressor__otrc-su-partial__r3	write-compressor	otrc-su-partial	3	online_trc_summarize_partial	4000	0.5	summary_failure_accounting	priority	0	CancelledError	False	2026-09-06T22:57:32.022898-05:00	ICLR_results/terminalbench/main/devstral24b/di__b4k__otrc-su-partial/write-compressor/otrc-su-partial/run_3	logs/harbor_jobs/terminalbench/devstral24b/devstral24b-otrc-su-partial-r3-1788751140766/write-compressor__SLP5KzR	devstral24b-otrc-su-partial-r3-1788751140766
terminalbench	main	devstral24b	di__b4k__trc-ss	blind-maze-explorer-algorithm__trc-ss__r1	blind-maze-explorer-algorithm	trc-ss	1	trc_structured_summarize	4000	0.5	tb_unverifiable	probable	0		False	2026-09-05T05:33:06.379106-05:00	ICLR_results/terminalbench/main/devstral24b/di__b4k__trc-ss/blind-maze-explorer-algorithm/trc-ss/run_1	logs/harbor_jobs/terminalbench/devstral24b/devstral24b-trc-ss-r1-1788602643252/blind-maze-explorer-algorithm__sssSheZ	devstral24b-trc-ss-r1-1788602643252
terminalbench	main	devstral24b	di__b4k__trc-ss	cartpole-rl-training__trc-ss__r1	cartpole-rl-training	trc-ss	1	trc_structured_summarize	4000	0.5	tb_unverifiable	probable	0		False	2026-09-05T06:18:29.907441-05:00	ICLR_results/terminalbench/main/devstral24b/di__b4k__trc-ss/cartpole-rl-training/trc-ss/run_1	logs/harbor_jobs/terminalbench/devstral24b/devstral24b-trc-ss-r1-1788602643252/cartpole-rl-training__Gf2B4XL	devstral24b-trc-ss-r1-1788602643252
terminalbench	main	devstral24b	di__b4k__trc-ss	extract-moves-from-video__trc-ss__r1	extract-moves-from-video	trc-ss	1	trc_structured_summarize	4000	0.5	tb_unverifiable	probable	0		False	2026-09-05T05:33:50.091211-05:00	ICLR_results/terminalbench/main/devstral24b/di__b4k__trc-ss/extract-moves-from-video/trc-ss/run_1	logs/harbor_jobs/terminalbench/devstral24b/devstral24b-trc-ss-r1-1788602643252/extract-moves-from-video__Q3h2hCo	devstral24b-trc-ss-r1-1788602643252
terminalbench	main	devstral24b	di__b4k__trc-ss	gpt2-codegolf__trc-ss__r1	gpt2-codegolf	trc-ss	1	trc_structured_summarize	4000	0.5	tb_erasure_possible	probable	0		False	2026-09-05T05:17:36.871498-05:00	ICLR_results/terminalbench/main/devstral24b/di__b4k__trc-ss/gpt2-codegolf/trc-ss/run_1	logs/harbor_jobs/terminalbench/devstral24b/devstral24b-trc-ss-r1-1788602643252/gpt2-codegolf__h8TzL7z	devstral24b-trc-ss-r1-1788602643252
terminalbench	main	devstral24b	di__b4k__trc-ss	hf-model-inference__trc-ss__r1	hf-model-inference	trc-ss	1	trc_structured_summarize	4000	0.5	tb_unverifiable	probable	0	Submitted	False	2026-09-05T05:18:47.749708-05:00	ICLR_results/terminalbench/main/devstral24b/di__b4k__trc-ss/hf-model-inference/trc-ss/run_1	logs/harbor_jobs/terminalbench/devstral24b/devstral24b-trc-ss-r1-1788602643252/hf-model-inference__axN3n2s	devstral24b-trc-ss-r1-1788602643252
terminalbench	main	devstral24b	di__b4k__trc-ss	path-tracing-reverse__trc-ss__r1	path-tracing-reverse	trc-ss	1	trc_structured_summarize	4000	0.5	tb_erasure_possible	probable	0		False	2026-09-05T05:05:00.526906-05:00	ICLR_results/terminalbench/main/devstral24b/di__b4k__trc-ss/path-tracing-reverse/trc-ss/run_1	logs/harbor_jobs/terminalbench/devstral24b/devstral24b-trc-ss-r1-1788602643252/path-tracing-reverse__oiEWRgS	devstral24b-trc-ss-r1-1788602643252
terminalbench	main	devstral24b	di__b4k__trc-ss	tmux-advanced-workflow__trc-ss__r1	tmux-advanced-workflow	trc-ss	1	trc_structured_summarize	4000	0.5	tb_erasure_possible	probable	0		False	2026-09-05T05:04:04.720961-05:00	ICLR_results/terminalbench/main/devstral24b/di__b4k__trc-ss/tmux-advanced-workflow/trc-ss/run_1	logs/harbor_jobs/terminalbench/devstral24b/devstral24b-trc-ss-r1-1788602643252/tmux-advanced-workflow__otZ9K7e	devstral24b-trc-ss-r1-1788602643252
terminalbench	main	devstral24b	di__b4k__trc-ss	cartpole-rl-training__trc-ss__r2	cartpole-rl-training	trc-ss	2	trc_structured_summarize	4000	0.5	tb_erasure_possible	probable	0	CancelledError	False	2026-09-06T15:45:07.414013-05:00	ICLR_results/terminalbench/main/devstral24b/di__b4k__trc-ss/cartpole-rl-training/trc-ss/run_2	logs/harbor_jobs/terminalbench/devstral24b/devstral24b-trc-ss-r2-1788723985857/cartpole-rl-training__jU4kNAv	devstral24b-trc-ss-r2-1788723985857
terminalbench	main	devstral24b	di__b4k__trc-ss	fibonacci-server__trc-ss__r2	fibonacci-server	trc-ss	2	trc_structured_summarize	4000	0.5	tb_erasure_possible	probable	0	Submitted	True	2026-09-06T14:53:39.691380-05:00	ICLR_results/terminalbench/main/devstral24b/di__b4k__trc-ss/fibonacci-server/trc-ss/run_2	logs/harbor_jobs/terminalbench/devstral24b/devstral24b-trc-ss-r2-1788723985857/fibonacci-server__JH8LmvZ	devstral24b-trc-ss-r2-1788723985857
terminalbench	main	devstral24b	di__b4k__trc-ss	gpt2-codegolf__trc-ss__r2	gpt2-codegolf	trc-ss	2	trc_structured_summarize	4000	0.5	tb_erasure_possible	probable	0	CancelledError	False	2026-09-06T14:58:04.988328-05:00	ICLR_results/terminalbench/main/devstral24b/di__b4k__trc-ss/gpt2-codegolf/trc-ss/run_2	logs/harbor_jobs/terminalbench/devstral24b/devstral24b-trc-ss-r2-1788723985857/gpt2-codegolf__xYh3WRV	devstral24b-trc-ss-r2-1788723985857
terminalbench	main	devstral24b	di__b4k__trc-ss	path-tracing-reverse__trc-ss__r2	path-tracing-reverse	trc-ss	2	trc_structured_summarize	4000	0.5	tb_erasure_possible	probable	0	CancelledError	False	2026-09-06T14:47:13.361957-05:00	ICLR_results/terminalbench/main/devstral24b/di__b4k__trc-ss/path-tracing-reverse/trc-ss/run_2	logs/harbor_jobs/terminalbench/devstral24b/devstral24b-trc-ss-r2-1788723985857/path-tracing-reverse__PKhy8ux	devstral24b-trc-ss-r2-1788723985857
terminalbench	main	devstral24b	di__b4k__trc-ss	swe-bench-fsspec__trc-ss__r2	swe-bench-fsspec	trc-ss	2	trc_structured_summarize	4000	0.5	tb_erasure_possible	probable	0	Submitted	False	2026-09-06T15:05:07.693154-05:00	ICLR_results/terminalbench/main/devstral24b/di__b4k__trc-ss/swe-bench-fsspec/trc-ss/run_2	logs/harbor_jobs/terminalbench/devstral24b/devstral24b-trc-ss-r2-1788723985857/swe-bench-fsspec__GdeC2Fw	devstral24b-trc-ss-r2-1788723985857
terminalbench	main	devstral24b	di__b4k__trc-ss	heterogeneous-dates__trc-ss__r3	heterogeneous-dates	trc-ss	3	trc_structured_summarize	4000	0.5	tb_erasure_possible	probable	0	Submitted	False	2026-09-06T17:02:08.480487-05:00	ICLR_results/terminalbench/main/devstral24b/di__b4k__trc-ss/heterogeneous-dates/trc-ss/run_3	logs/harbor_jobs/terminalbench/devstral24b/devstral24b-trc-ss-r3-1788728291432/heterogeneous-dates__gosGGqD	devstral24b-trc-ss-r3-1788728291432
terminalbench	main	devstral24b	di__b4k__trc-ss	modernize-fortran-build__trc-ss__r3	modernize-fortran-build	trc-ss	3	trc_structured_summarize	4000	0.5	tb_unverifiable	probable	0	Submitted	False	2026-09-06T16:19:04.980102-05:00	ICLR_results/terminalbench/main/devstral24b/di__b4k__trc-ss/modernize-fortran-build/trc-ss/run_3	logs/harbor_jobs/terminalbench/devstral24b/devstral24b-trc-ss-r3-1788728291432/modernize-fortran-build__yH8cDHa	devstral24b-trc-ss-r3-1788728291432
terminalbench	main	devstral24b	di__b4k__trc-ss	prove-plus-comm__trc-ss__r3	prove-plus-comm	trc-ss	3	trc_structured_summarize	4000	0.5	tb_erasure_possible	probable	0	Submitted	True	2026-09-06T15:58:12.990164-05:00	ICLR_results/terminalbench/main/devstral24b/di__b4k__trc-ss/prove-plus-comm/trc-ss/run_3	logs/harbor_jobs/terminalbench/devstral24b/devstral24b-trc-ss-r3-1788728291432/prove-plus-comm__ZvWCmyy	devstral24b-trc-ss-r3-1788728291432
terminalbench	main	devstral24b	di__b4k__trc-ss	sanitize-git-repo__trc-ss__r3	sanitize-git-repo	trc-ss	3	trc_structured_summarize	4000	0.5	tb_erasure_possible	probable	0	CancelledError	False	2026-09-06T16:11:40.738991-05:00	ICLR_results/terminalbench/main/devstral24b/di__b4k__trc-ss/sanitize-git-repo/trc-ss/run_3	logs/harbor_jobs/terminalbench/devstral24b/devstral24b-trc-ss-r3-1788728291432/sanitize-git-repo__vSRh3PL	devstral24b-trc-ss-r3-1788728291432
terminalbench	main	devstral24b	di__b4k__trc-ss	tmux-advanced-workflow__trc-ss__r3	tmux-advanced-workflow	trc-ss	3	trc_structured_summarize	4000	0.5	tb_unverifiable	probable	0	Submitted	True	2026-09-06T15:58:12.941039-05:00	ICLR_results/terminalbench/main/devstral24b/di__b4k__trc-ss/tmux-advanced-workflow/trc-ss/run_3	logs/harbor_jobs/terminalbench/devstral24b/devstral24b-trc-ss-r3-1788728291432/tmux-advanced-workflow__F5Zky98	devstral24b-trc-ss-r3-1788728291432
terminalbench	main	devstral24b	di__b4k__trc-su	blind-maze-explorer-5x5__trc-su__r1	blind-maze-explorer-5x5	trc-su	1	trc_summarize	4000	0.5	tb_erasure_possible	probable	0	LimitsExceeded	False	2026-09-05T02:03:36.939889-05:00	ICLR_results/terminalbench/main/devstral24b/di__b4k__trc-su/blind-maze-explorer-5x5/trc-su/run_1	logs/harbor_jobs/terminalbench/devstral24b/devstral24b-trc-su-r1-1788588901670/blind-maze-explorer-5x5__6CYaPe9	devstral24b-trc-su-r1-1788588901670
terminalbench	main	devstral24b	di__b4k__trc-su	blind-maze-explorer-algorithm__trc-su__r1	blind-maze-explorer-algorithm	trc-su	1	trc_summarize	4000	0.5	tb_erasure_possible	probable	0		False	2026-09-05T01:35:32.172817-05:00	ICLR_results/terminalbench/main/devstral24b/di__b4k__trc-su/blind-maze-explorer-algorithm/trc-su/run_1	logs/harbor_jobs/terminalbench/devstral24b/devstral24b-trc-su-r1-1788588901670/blind-maze-explorer-algorithm__eC4SUiP	devstral24b-trc-su-r1-1788588901670
terminalbench	main	devstral24b	di__b4k__trc-su	cartpole-rl-training__trc-su__r1	cartpole-rl-training	trc-su	1	trc_summarize	4000	0.5	tb_erasure_possible	probable	0		False	2026-09-05T02:05:37.478960-05:00	ICLR_results/terminalbench/main/devstral24b/di__b4k__trc-su/cartpole-rl-training/trc-su/run_1	logs/harbor_jobs/terminalbench/devstral24b/devstral24b-trc-su-r1-1788588901670/cartpole-rl-training__yzci8Sc	devstral24b-trc-su-r1-1788588901670
terminalbench	main	devstral24b	di__b4k__trc-su	count-dataset-tokens__trc-su__r1	count-dataset-tokens	trc-su	1	trc_summarize	4000	0.5	tb_erasure_possible	probable	0		False	2026-09-05T01:16:12.065801-05:00	ICLR_results/terminalbench/main/devstral24b/di__b4k__trc-su/count-dataset-tokens/trc-su/run_1	logs/harbor_jobs/terminalbench/devstral24b/devstral24b-trc-su-r1-1788588901670/count-dataset-tokens__hrsHeCd	devstral24b-trc-su-r1-1788588901670
terminalbench	main	devstral24b	di__b4k__trc-su	crack-7z-hash.hard__trc-su__r1	crack-7z-hash.hard	trc-su	1	trc_summarize	4000	0.5	tb_erasure_possible	probable	0		False	2026-09-05T01:50:01.380284-05:00	ICLR_results/terminalbench/main/devstral24b/di__b4k__trc-su/crack-7z-hash.hard/trc-su/run_1	logs/harbor_jobs/terminalbench/devstral24b/devstral24b-trc-su-r1-1788588901670/crack-7z-hash.hard__t5Cb6At	devstral24b-trc-su-r1-1788588901670
terminalbench	main	devstral24b	di__b4k__trc-su	csv-to-parquet__trc-su__r1	csv-to-parquet	trc-su	1	trc_summarize	4000	0.5	tb_erasure_possible	probable	0	Submitted	True	2026-09-05T01:30:58.466666-05:00	ICLR_results/terminalbench/main/devstral24b/di__b4k__trc-su/csv-to-parquet/trc-su/run_1	logs/harbor_jobs/terminalbench/devstral24b/devstral24b-trc-su-r1-1788588901670/csv-to-parquet__nTY2vYH	devstral24b-trc-su-r1-1788588901670
terminalbench	main	devstral24b	di__b4k__trc-su	download-youtube__trc-su__r1	download-youtube	trc-su	1	trc_summarize	4000	0.5	summary_failure_accounting	priority	0	Submitted	False	2026-09-05T01:55:45.273882-05:00	ICLR_results/terminalbench/main/devstral24b/di__b4k__trc-su/download-youtube/trc-su/run_1	logs/harbor_jobs/terminalbench/devstral24b/devstral24b-trc-su-r1-1788588901670/download-youtube__eo8UkYa	devstral24b-trc-su-r1-1788588901670
terminalbench	main	devstral24b	di__b4k__trc-su	eval-mteb__trc-su__r1	eval-mteb	trc-su	1	trc_summarize	4000	0.5	tb_erasure_possible	probable	0	Submitted	False	2026-09-05T01:26:38.162247-05:00	ICLR_results/terminalbench/main/devstral24b/di__b4k__trc-su/eval-mteb/trc-su/run_1	logs/harbor_jobs/terminalbench/devstral24b/devstral24b-trc-su-r1-1788588901670/eval-mteb__4ALYhpQ	devstral24b-trc-su-r1-1788588901670
terminalbench	main	devstral24b	di__b4k__trc-su	eval-mteb.hard__trc-su__r1	eval-mteb.hard	trc-su	1	trc_summarize	4000	0.5	tb_erasure_possible	probable	0		False	2026-09-05T01:58:38.349186-05:00	ICLR_results/terminalbench/main/devstral24b/di__b4k__trc-su/eval-mteb.hard/trc-su/run_1	logs/harbor_jobs/terminalbench/devstral24b/devstral24b-trc-su-r1-1788588901670/eval-mteb.hard__nBcgQZb	devstral24b-trc-su-r1-1788588901670
terminalbench	main	devstral24b	di__b4k__trc-su	extract-moves-from-video__trc-su__r1	extract-moves-from-video	trc-su	1	trc_summarize	4000	0.5	tb_erasure_possible	probable	0		False	2026-09-05T01:36:33.550488-05:00	ICLR_results/terminalbench/main/devstral24b/di__b4k__trc-su/extract-moves-from-video/trc-su/run_1	logs/harbor_jobs/terminalbench/devstral24b/devstral24b-trc-su-r1-1788588901670/extract-moves-from-video__7887nBg	devstral24b-trc-su-r1-1788588901670
terminalbench	main	devstral24b	di__b4k__trc-su	git-workflow-hack__trc-su__r1	git-workflow-hack	trc-su	1	trc_summarize	4000	0.5	tb_erasure_possible	probable	0		False	2026-09-05T01:42:56.466359-05:00	ICLR_results/terminalbench/main/devstral24b/di__b4k__trc-su/git-workflow-hack/trc-su/run_1	logs/harbor_jobs/terminalbench/devstral24b/devstral24b-trc-su-r1-1788588901670/git-workflow-hack__7pJPgzo	devstral24b-trc-su-r1-1788588901670
terminalbench	main	devstral24b	di__b4k__trc-su	gpt2-codegolf__trc-su__r1	gpt2-codegolf	trc-su	1	trc_summarize	4000	0.5	tb_erasure_possible	probable	0		False	2026-09-05T01:24:30.927962-05:00	ICLR_results/terminalbench/main/devstral24b/di__b4k__trc-su/gpt2-codegolf/trc-su/run_1	logs/harbor_jobs/terminalbench/devstral24b/devstral24b-trc-su-r1-1788588901670/gpt2-codegolf__TCLk3y9	devstral24b-trc-su-r1-1788588901670
terminalbench	main	devstral24b	di__b4k__trc-su	intrusion-detection__trc-su__r1	intrusion-detection	trc-su	1	trc_summarize	4000	0.5	tb_unverifiable	probable	0		False	2026-09-05T01:40:29.214961-05:00	ICLR_results/terminalbench/main/devstral24b/di__b4k__trc-su/intrusion-detection/trc-su/run_1	logs/harbor_jobs/terminalbench/devstral24b/devstral24b-trc-su-r1-1788588901670/intrusion-detection__toPag8c	devstral24b-trc-su-r1-1788588901670
terminalbench	main	devstral24b	di__b4k__trc-su	password-recovery__trc-su__r1	password-recovery	trc-su	1	trc_summarize	4000	0.5	tb_erasure_possible	probable	0		False	2026-09-05T01:49:20.009585-05:00	ICLR_results/terminalbench/main/devstral24b/di__b4k__trc-su/password-recovery/trc-su/run_1	logs/harbor_jobs/terminalbench/devstral24b/devstral24b-trc-su-r1-1788588901670/password-recovery__LRTNZQs	devstral24b-trc-su-r1-1788588901670
terminalbench	main	devstral24b	di__b4k__trc-su	path-tracing-reverse__trc-su__r1	path-tracing-reverse	trc-su	1	trc_summarize	4000	0.5	tb_erasure_possible	probable	0		False	2026-09-05T01:16:09.048032-05:00	ICLR_results/terminalbench/main/devstral24b/di__b4k__trc-su/path-tracing-reverse/trc-su/run_1	logs/harbor_jobs/terminalbench/devstral24b/devstral24b-trc-su-r1-1788588901670/path-tracing-reverse__DhEjgP2	devstral24b-trc-su-r1-1788588901670
terminalbench	main	devstral24b	di__b4k__trc-su	prove-plus-comm__trc-su__r1	prove-plus-comm	trc-su	1	trc_summarize	4000	0.5	tb_erasure_possible	probable	0		False	2026-09-05T01:15:03.271875-05:00	ICLR_results/terminalbench/main/devstral24b/di__b4k__trc-su/prove-plus-comm/trc-su/run_1	logs/harbor_jobs/terminalbench/devstral24b/devstral24b-trc-su-r1-1788588901670/prove-plus-comm__FgBh2Y2	devstral24b-trc-su-r1-1788588901670
terminalbench	main	devstral24b	di__b4k__trc-su	pytorch-model-cli.hard__trc-su__r1	pytorch-model-cli.hard	trc-su	1	trc_summarize	4000	0.5	tb_erasure_possible	probable	0	Submitted	False	2026-09-05T01:16:21.352169-05:00	ICLR_results/terminalbench/main/devstral24b/di__b4k__trc-su/pytorch-model-cli.hard/trc-su/run_1	logs/harbor_jobs/terminalbench/devstral24b/devstral24b-trc-su-r1-1788588901670/pytorch-model-cli.hard__XWLvcdB	devstral24b-trc-su-r1-1788588901670
terminalbench	main	devstral24b	di__b4k__trc-su	qemu-alpine-ssh__trc-su__r1	qemu-alpine-ssh	trc-su	1	trc_summarize	4000	0.5	tb_erasure_possible	probable	0		False	2026-09-05T01:26:09.218995-05:00	ICLR_results/terminalbench/main/devstral24b/di__b4k__trc-su/qemu-alpine-ssh/trc-su/run_1	logs/harbor_jobs/terminalbench/devstral24b/devstral24b-trc-su-r1-1788588901670/qemu-alpine-ssh__Aw3GYF3	devstral24b-trc-su-r1-1788588901670
terminalbench	main	devstral24b	di__b4k__trc-su	qemu-startup__trc-su__r1	qemu-startup	trc-su	1	trc_summarize	4000	0.5	tb_erasure_possible	probable	0		False	2026-09-05T01:54:18.416853-05:00	ICLR_results/terminalbench/main/devstral24b/di__b4k__trc-su/qemu-startup/trc-su/run_1	logs/harbor_jobs/terminalbench/devstral24b/devstral24b-trc-su-r1-1788588901670/qemu-startup__GUFtUKQ	devstral24b-trc-su-r1-1788588901670
terminalbench	main	devstral24b	di__b4k__trc-su	sanitize-git-repo__trc-su__r1	sanitize-git-repo	trc-su	1	trc_summarize	4000	0.5	tb_erasure_possible	probable	0	Submitted	True	2026-09-05T01:30:56.601630-05:00	ICLR_results/terminalbench/main/devstral24b/di__b4k__trc-su/sanitize-git-repo/trc-su/run_1	logs/harbor_jobs/terminalbench/devstral24b/devstral24b-trc-su-r1-1788588901670/sanitize-git-repo__GWNoPRo	devstral24b-trc-su-r1-1788588901670
terminalbench	main	devstral24b	di__b4k__trc-su	sanitize-git-repo.hard__trc-su__r1	sanitize-git-repo.hard	trc-su	1	trc_summarize	4000	0.5	tb_erasure_possible	probable	0		False	2026-09-05T01:56:23.748631-05:00	ICLR_results/terminalbench/main/devstral24b/di__b4k__trc-su/sanitize-git-repo.hard/trc-su/run_1	logs/harbor_jobs/terminalbench/devstral24b/devstral24b-trc-su-r1-1788588901670/sanitize-git-repo.hard__MRvGqeh	devstral24b-trc-su-r1-1788588901670
terminalbench	main	devstral24b	di__b4k__trc-su	solana-data__trc-su__r1	solana-data	trc-su	1	trc_summarize	4000	0.5	tb_erasure_possible	probable	0		False	2026-09-05T01:21:39.674787-05:00	ICLR_results/terminalbench/main/devstral24b/di__b4k__trc-su/solana-data/trc-su/run_1	logs/harbor_jobs/terminalbench/devstral24b/devstral24b-trc-su-r1-1788588901670/solana-data__modiqTd	devstral24b-trc-su-r1-1788588901670
terminalbench	main	devstral24b	di__b4k__trc-su	sqlite-with-gcov__trc-su__r1	sqlite-with-gcov	trc-su	1	trc_summarize	4000	0.5	summary_failure_accounting	priority	0	Submitted	True	2026-09-05T01:22:02.460521-05:00	ICLR_results/terminalbench/main/devstral24b/di__b4k__trc-su/sqlite-with-gcov/trc-su/run_1	logs/harbor_jobs/terminalbench/devstral24b/devstral24b-trc-su-r1-1788588901670/sqlite-with-gcov__SCAK7aT	devstral24b-trc-su-r1-1788588901670
terminalbench	main	devstral24b	di__b4k__trc-su	super-benchmark-upet__trc-su__r1	super-benchmark-upet	trc-su	1	trc_summarize	4000	0.5	summary_related_response	probable	0	LimitsExceeded	False	2026-09-05T01:36:58.148392-05:00	ICLR_results/terminalbench/main/devstral24b/di__b4k__trc-su/super-benchmark-upet/trc-su/run_1	logs/harbor_jobs/terminalbench/devstral24b/devstral24b-trc-su-r1-1788588901670/super-benchmark-upet__j4MrXXX	devstral24b-trc-su-r1-1788588901670
terminalbench	main	devstral24b	di__b4k__trc-su	swe-bench-astropy-2__trc-su__r1	swe-bench-astropy-2	trc-su	1	trc_summarize	4000	0.5	tb_erasure_possible	probable	0		False	2026-09-05T01:50:56.095339-05:00	ICLR_results/terminalbench/main/devstral24b/di__b4k__trc-su/swe-bench-astropy-2/trc-su/run_1	logs/harbor_jobs/terminalbench/devstral24b/devstral24b-trc-su-r1-1788588901670/swe-bench-astropy-2__pjPjLZ2	devstral24b-trc-su-r1-1788588901670
terminalbench	main	devstral24b	di__b4k__trc-su	swe-bench-fsspec__trc-su__r1	swe-bench-fsspec	trc-su	1	trc_summarize	4000	0.5	tb_erasure_possible	probable	0	LimitsExceeded	False	2026-09-05T01:31:17.913360-05:00	ICLR_results/terminalbench/main/devstral24b/di__b4k__trc-su/swe-bench-fsspec/trc-su/run_1	logs/harbor_jobs/terminalbench/devstral24b/devstral24b-trc-su-r1-1788588901670/swe-bench-fsspec__dyesj3c	devstral24b-trc-su-r1-1788588901670
terminalbench	main	devstral24b	di__b4k__trc-su	write-compressor__trc-su__r1	write-compressor	trc-su	1	trc_summarize	4000	0.5	tb_erasure_possible	probable	0		False	2026-09-05T01:47:52.189097-05:00	ICLR_results/terminalbench/main/devstral24b/di__b4k__trc-su/write-compressor/trc-su/run_1	logs/harbor_jobs/terminalbench/devstral24b/devstral24b-trc-su-r1-1788588901670/write-compressor__ikcoGGQ	devstral24b-trc-su-r1-1788588901670
terminalbench	main	devstral24b	di__b4k__trc-su	blind-maze-explorer-5x5__trc-su__r2	blind-maze-explorer-5x5	trc-su	2	trc_summarize	4000	0.5	tb_erasure_possible	probable	0	LimitsExceeded	False	2026-09-05T03:19:34.028603-05:00	ICLR_results/terminalbench/main/devstral24b/di__b4k__trc-su/blind-maze-explorer-5x5/trc-su/run_2	logs/harbor_jobs/terminalbench/devstral24b/devstral24b-trc-su-r2-1788593432249/blind-maze-explorer-5x5__wWQxNZv	devstral24b-trc-su-r2-1788593432249
terminalbench	main	devstral24b	di__b4k__trc-su	blind-maze-explorer-algorithm__trc-su__r2	blind-maze-explorer-algorithm	trc-su	2	trc_summarize	4000	0.5	tb_erasure_possible	probable	0		False	2026-09-05T02:53:47.813552-05:00	ICLR_results/terminalbench/main/devstral24b/di__b4k__trc-su/blind-maze-explorer-algorithm/trc-su/run_2	logs/harbor_jobs/terminalbench/devstral24b/devstral24b-trc-su-r2-1788593432249/blind-maze-explorer-algorithm__wC6JDin	devstral24b-trc-su-r2-1788593432249
terminalbench	main	devstral24b	di__b4k__trc-su	cartpole-rl-training__trc-su__r2	cartpole-rl-training	trc-su	2	trc_summarize	4000	0.5	tb_erasure_possible	probable	0		False	2026-09-05T03:23:06.212227-05:00	ICLR_results/terminalbench/main/devstral24b/di__b4k__trc-su/cartpole-rl-training/trc-su/run_2	logs/harbor_jobs/terminalbench/devstral24b/devstral24b-trc-su-r2-1788593432249/cartpole-rl-training__AkWxmtZ	devstral24b-trc-su-r2-1788593432249
terminalbench	main	devstral24b	di__b4k__trc-su	count-dataset-tokens__trc-su__r2	count-dataset-tokens	trc-su	2	trc_summarize	4000	0.5	tb_erasure_possible	probable	0		False	2026-09-05T02:33:10.553195-05:00	ICLR_results/terminalbench/main/devstral24b/di__b4k__trc-su/count-dataset-tokens/trc-su/run_2	logs/harbor_jobs/terminalbench/devstral24b/devstral24b-trc-su-r2-1788593432249/count-dataset-tokens__ULyYcAt	devstral24b-trc-su-r2-1788593432249
terminalbench	main	devstral24b	di__b4k__trc-su	crack-7z-hash.hard__trc-su__r2	crack-7z-hash.hard	trc-su	2	trc_summarize	4000	0.5	tb_unverifiable	probable	0		False	2026-09-05T03:07:08.287299-05:00	ICLR_results/terminalbench/main/devstral24b/di__b4k__trc-su/crack-7z-hash.hard/trc-su/run_2	logs/harbor_jobs/terminalbench/devstral24b/devstral24b-trc-su-r2-1788593432249/crack-7z-hash.hard__r4R5RvT	devstral24b-trc-su-r2-1788593432249
terminalbench	main	devstral24b	di__b4k__trc-su	download-youtube__trc-su__r2	download-youtube	trc-su	2	trc_summarize	4000	0.5	tb_erasure_possible	probable	0	Submitted	False	2026-09-05T03:13:00.401726-05:00	ICLR_results/terminalbench/main/devstral24b/di__b4k__trc-su/download-youtube/trc-su/run_2	logs/harbor_jobs/terminalbench/devstral24b/devstral24b-trc-su-r2-1788593432249/download-youtube__w36W3gS	devstral24b-trc-su-r2-1788593432249
terminalbench	main	devstral24b	di__b4k__trc-su	eval-mteb__trc-su__r2	eval-mteb	trc-su	2	trc_summarize	4000	0.5	tb_erasure_possible	probable	0	Submitted	True	2026-09-05T02:43:34.257524-05:00	ICLR_results/terminalbench/main/devstral24b/di__b4k__trc-su/eval-mteb/trc-su/run_2	logs/harbor_jobs/terminalbench/devstral24b/devstral24b-trc-su-r2-1788593432249/eval-mteb__xGeDeRC	devstral24b-trc-su-r2-1788593432249
terminalbench	main	devstral24b	di__b4k__trc-su	eval-mteb.hard__trc-su__r2	eval-mteb.hard	trc-su	2	trc_summarize	4000	0.5	summary_failure_accounting	priority	0	Submitted	False	2026-09-05T03:18:51.882464-05:00	ICLR_results/terminalbench/main/devstral24b/di__b4k__trc-su/eval-mteb.hard/trc-su/run_2	logs/harbor_jobs/terminalbench/devstral24b/devstral24b-trc-su-r2-1788593432249/eval-mteb.hard__NobdL9c	devstral24b-trc-su-r2-1788593432249
terminalbench	main	devstral24b	di__b4k__trc-su	extract-moves-from-video__trc-su__r2	extract-moves-from-video	trc-su	2	trc_summarize	4000	0.5	tb_erasure_possible	probable	0		False	2026-09-05T02:53:49.104338-05:00	ICLR_results/terminalbench/main/devstral24b/di__b4k__trc-su/extract-moves-from-video/trc-su/run_2	logs/harbor_jobs/terminalbench/devstral24b/devstral24b-trc-su-r2-1788593432249/extract-moves-from-video__akMcQnS	devstral24b-trc-su-r2-1788593432249
terminalbench	main	devstral24b	di__b4k__trc-su	fibonacci-server__trc-su__r2	fibonacci-server	trc-su	2	trc_summarize	4000	0.5	summary_failure_accounting	priority	0	Submitted	False	2026-09-05T02:39:35.290673-05:00	ICLR_results/terminalbench/main/devstral24b/di__b4k__trc-su/fibonacci-server/trc-su/run_2	logs/harbor_jobs/terminalbench/devstral24b/devstral24b-trc-su-r2-1788593432249/fibonacci-server__3TB5BsL	devstral24b-trc-su-r2-1788593432249
terminalbench	main	devstral24b	di__b4k__trc-su	git-workflow-hack__trc-su__r2	git-workflow-hack	trc-su	2	trc_summarize	4000	0.5	tb_erasure_possible	probable	0		True	2026-09-05T03:00:12.369757-05:00	ICLR_results/terminalbench/main/devstral24b/di__b4k__trc-su/git-workflow-hack/trc-su/run_2	logs/harbor_jobs/terminalbench/devstral24b/devstral24b-trc-su-r2-1788593432249/git-workflow-hack__2YPqaTD	devstral24b-trc-su-r2-1788593432249
terminalbench	main	devstral24b	di__b4k__trc-su	gpt2-codegolf__trc-su__r2	gpt2-codegolf	trc-su	2	trc_summarize	4000	0.5	tb_erasure_possible	probable	0		False	2026-09-05T02:40:48.713961-05:00	ICLR_results/terminalbench/main/devstral24b/di__b4k__trc-su/gpt2-codegolf/trc-su/run_2	logs/harbor_jobs/terminalbench/devstral24b/devstral24b-trc-su-r2-1788593432249/gpt2-codegolf__f7mK2Bb	devstral24b-trc-su-r2-1788593432249
terminalbench	main	devstral24b	di__b4k__trc-su	incompatible-python-fasttext__trc-su__r2	incompatible-python-fasttext	trc-su	2	trc_summarize	4000	0.5	tb_erasure_possible	probable	0	Submitted	True	2026-09-05T02:30:33.820408-05:00	ICLR_results/terminalbench/main/devstral24b/di__b4k__trc-su/incompatible-python-fasttext/trc-su/run_2	logs/harbor_jobs/terminalbench/devstral24b/devstral24b-trc-su-r2-1788593432249/incompatible-python-fasttext__qQKP4A2	devstral24b-trc-su-r2-1788593432249
terminalbench	main	devstral24b	di__b4k__trc-su	intrusion-detection__trc-su__r2	intrusion-detection	trc-su	2	trc_summarize	4000	0.5	tb_erasure_possible	probable	0		False	2026-09-05T02:58:49.127836-05:00	ICLR_results/terminalbench/main/devstral24b/di__b4k__trc-su/intrusion-detection/trc-su/run_2	logs/harbor_jobs/terminalbench/devstral24b/devstral24b-trc-su-r2-1788593432249/intrusion-detection__VeSLzZP	devstral24b-trc-su-r2-1788593432249
terminalbench	main	devstral24b	di__b4k__trc-su	password-recovery__trc-su__r2	password-recovery	trc-su	2	trc_summarize	4000	0.5	tb_erasure_possible	probable	0		False	2026-09-05T03:06:36.121349-05:00	ICLR_results/terminalbench/main/devstral24b/di__b4k__trc-su/password-recovery/trc-su/run_2	logs/harbor_jobs/terminalbench/devstral24b/devstral24b-trc-su-r2-1788593432249/password-recovery__F2vgjoQ	devstral24b-trc-su-r2-1788593432249
terminalbench	main	devstral24b	di__b4k__trc-su	path-tracing-reverse__trc-su__r2	path-tracing-reverse	trc-su	2	trc_summarize	4000	0.5	tb_erasure_possible	probable	0		False	2026-09-05T02:32:11.585915-05:00	ICLR_results/terminalbench/main/devstral24b/di__b4k__trc-su/path-tracing-reverse/trc-su/run_2	logs/harbor_jobs/terminalbench/devstral24b/devstral24b-trc-su-r2-1788593432249/path-tracing-reverse__UR3y5gY	devstral24b-trc-su-r2-1788593432249
terminalbench	main	devstral24b	di__b4k__trc-su	prove-plus-comm__trc-su__r2	prove-plus-comm	trc-su	2	trc_summarize	4000	0.5	tb_erasure_possible	probable	0	Submitted	True	2026-09-05T02:30:33.824790-05:00	ICLR_results/terminalbench/main/devstral24b/di__b4k__trc-su/prove-plus-comm/trc-su/run_2	logs/harbor_jobs/terminalbench/devstral24b/devstral24b-trc-su-r2-1788593432249/prove-plus-comm__A662E4k	devstral24b-trc-su-r2-1788593432249
terminalbench	main	devstral24b	di__b4k__trc-su	pytorch-model-cli.hard__trc-su__r2	pytorch-model-cli.hard	trc-su	2	trc_summarize	4000	0.5	tb_erasure_possible	probable	0	Submitted	False	2026-09-05T02:35:16.260743-05:00	ICLR_results/terminalbench/main/devstral24b/di__b4k__trc-su/pytorch-model-cli.hard/trc-su/run_2	logs/harbor_jobs/terminalbench/devstral24b/devstral24b-trc-su-r2-1788593432249/pytorch-model-cli.hard__kKx7AFA	devstral24b-trc-su-r2-1788593432249
terminalbench	main	devstral24b	di__b4k__trc-su	qemu-alpine-ssh__trc-su__r2	qemu-alpine-ssh	trc-su	2	trc_summarize	4000	0.5	tb_erasure_possible	probable	0		False	2026-09-05T02:43:22.823544-05:00	ICLR_results/terminalbench/main/devstral24b/di__b4k__trc-su/qemu-alpine-ssh/trc-su/run_2	logs/harbor_jobs/terminalbench/devstral24b/devstral24b-trc-su-r2-1788593432249/qemu-alpine-ssh__Vzv4RqS	devstral24b-trc-su-r2-1788593432249
terminalbench	main	devstral24b	di__b4k__trc-su	qemu-startup__trc-su__r2	qemu-startup	trc-su	2	trc_summarize	4000	0.5	tb_erasure_possible	probable	0		False	2026-09-05T03:12:44.779038-05:00	ICLR_results/terminalbench/main/devstral24b/di__b4k__trc-su/qemu-startup/trc-su/run_2	logs/harbor_jobs/terminalbench/devstral24b/devstral24b-trc-su-r2-1788593432249/qemu-startup__xAXT2PB	devstral24b-trc-su-r2-1788593432249
terminalbench	main	devstral24b	di__b4k__trc-su	raman-fitting.easy__trc-su__r2	raman-fitting.easy	trc-su	2	trc_summarize	4000	0.5	tb_erasure_possible	probable	0		False	2026-09-05T02:30:33.816141-05:00	ICLR_results/terminalbench/main/devstral24b/di__b4k__trc-su/raman-fitting.easy/trc-su/run_2	logs/harbor_jobs/terminalbench/devstral24b/devstral24b-trc-su-r2-1788593432249/raman-fitting.easy__GZuoZtu	devstral24b-trc-su-r2-1788593432249
terminalbench	main	devstral24b	di__b4k__trc-su	sanitize-git-repo__trc-su__r2	sanitize-git-repo	trc-su	2	trc_summarize	4000	0.5	summary_failure_accounting	priority	0	Submitted	False	2026-09-05T02:47:57.661557-05:00	ICLR_results/terminalbench/main/devstral24b/di__b4k__trc-su/sanitize-git-repo/trc-su/run_2	logs/harbor_jobs/terminalbench/devstral24b/devstral24b-trc-su-r2-1788593432249/sanitize-git-repo__vnz5CtV	devstral24b-trc-su-r2-1788593432249
terminalbench	main	devstral24b	di__b4k__trc-su	sanitize-git-repo.hard__trc-su__r2	sanitize-git-repo.hard	trc-su	2	trc_summarize	4000	0.5	tb_erasure_possible	probable	0	Submitted	False	2026-09-05T03:13:30.579795-05:00	ICLR_results/terminalbench/main/devstral24b/di__b4k__trc-su/sanitize-git-repo.hard/trc-su/run_2	logs/harbor_jobs/terminalbench/devstral24b/devstral24b-trc-su-r2-1788593432249/sanitize-git-repo.hard__MY3kWMF	devstral24b-trc-su-r2-1788593432249
terminalbench	main	devstral24b	di__b4k__trc-su	solana-data__trc-su__r2	solana-data	trc-su	2	trc_summarize	4000	0.5	tb_erasure_possible	probable	0		False	2026-09-05T02:37:32.784067-05:00	ICLR_results/terminalbench/main/devstral24b/di__b4k__trc-su/solana-data/trc-su/run_2	logs/harbor_jobs/terminalbench/devstral24b/devstral24b-trc-su-r2-1788593432249/solana-data__BQGeLdo	devstral24b-trc-su-r2-1788593432249
terminalbench	main	devstral24b	di__b4k__trc-su	sqlite-with-gcov__trc-su__r2	sqlite-with-gcov	trc-su	2	trc_summarize	4000	0.5	tb_erasure_possible	probable	0	Submitted	True	2026-09-05T02:38:34.367986-05:00	ICLR_results/terminalbench/main/devstral24b/di__b4k__trc-su/sqlite-with-gcov/trc-su/run_2	logs/harbor_jobs/terminalbench/devstral24b/devstral24b-trc-su-r2-1788593432249/sqlite-with-gcov__E4noM3i	devstral24b-trc-su-r2-1788593432249
terminalbench	main	devstral24b	di__b4k__trc-su	super-benchmark-upet__trc-su__r2	super-benchmark-upet	trc-su	2	trc_summarize	4000	0.5	tb_erasure_possible	probable	0	LimitsExceeded	False	2026-09-05T02:53:50.959108-05:00	ICLR_results/terminalbench/main/devstral24b/di__b4k__trc-su/super-benchmark-upet/trc-su/run_2	logs/harbor_jobs/terminalbench/devstral24b/devstral24b-trc-su-r2-1788593432249/super-benchmark-upet__UxgoHna	devstral24b-trc-su-r2-1788593432249
terminalbench	main	devstral24b	di__b4k__trc-su	swe-bench-astropy-2__trc-su__r2	swe-bench-astropy-2	trc-su	2	trc_summarize	4000	0.5	tb_erasure_possible	probable	0	LimitsExceeded	False	2026-09-05T03:09:14.107304-05:00	ICLR_results/terminalbench/main/devstral24b/di__b4k__trc-su/swe-bench-astropy-2/trc-su/run_2	logs/harbor_jobs/terminalbench/devstral24b/devstral24b-trc-su-r2-1788593432249/swe-bench-astropy-2__otaqr8A	devstral24b-trc-su-r2-1788593432249
terminalbench	main	devstral24b	di__b4k__trc-su	swe-bench-fsspec__trc-su__r2	swe-bench-fsspec	trc-su	2	trc_summarize	4000	0.5	tb_erasure_possible	probable	0	Submitted	True	2026-09-05T02:49:55.894959-05:00	ICLR_results/terminalbench/main/devstral24b/di__b4k__trc-su/swe-bench-fsspec/trc-su/run_2	logs/harbor_jobs/terminalbench/devstral24b/devstral24b-trc-su-r2-1788593432249/swe-bench-fsspec__xEPhvqx	devstral24b-trc-su-r2-1788593432249
terminalbench	main	devstral24b	di__b4k__trc-su	tmux-advanced-workflow__trc-su__r2	tmux-advanced-workflow	trc-su	2	trc_summarize	4000	0.5	tb_erasure_possible	probable	0	Submitted	False	2026-09-05T02:30:33.770297-05:00	ICLR_results/terminalbench/main/devstral24b/di__b4k__trc-su/tmux-advanced-workflow/trc-su/run_2	logs/harbor_jobs/terminalbench/devstral24b/devstral24b-trc-su-r2-1788593432249/tmux-advanced-workflow__iXoMs9k	devstral24b-trc-su-r2-1788593432249
terminalbench	main	devstral24b	di__b4k__trc-su	write-compressor__trc-su__r2	write-compressor	trc-su	2	trc_summarize	4000	0.5	tb_erasure_possible	probable	0		False	2026-09-05T03:06:21.694850-05:00	ICLR_results/terminalbench/main/devstral24b/di__b4k__trc-su/write-compressor/trc-su/run_2	logs/harbor_jobs/terminalbench/devstral24b/devstral24b-trc-su-r2-1788593432249/write-compressor__NpZVeM7	devstral24b-trc-su-r2-1788593432249
terminalbench	main	devstral24b	di__b4k__trc-su	blind-maze-explorer-5x5__trc-su__r3	blind-maze-explorer-5x5	trc-su	3	trc_summarize	4000	0.5	tb_erasure_possible	probable	0	LimitsExceeded	False	2026-09-05T04:34:04.579493-05:00	ICLR_results/terminalbench/main/devstral24b/di__b4k__trc-su/blind-maze-explorer-5x5/trc-su/run_3	logs/harbor_jobs/terminalbench/devstral24b/devstral24b-trc-su-r3-1788597782465/blind-maze-explorer-5x5__i9f9SNK	devstral24b-trc-su-r3-1788597782465
terminalbench	main	devstral24b	di__b4k__trc-su	blind-maze-explorer-algorithm__trc-su__r3	blind-maze-explorer-algorithm	trc-su	3	trc_summarize	4000	0.5	tb_erasure_possible	probable	0		False	2026-09-05T04:04:58.554734-05:00	ICLR_results/terminalbench/main/devstral24b/di__b4k__trc-su/blind-maze-explorer-algorithm/trc-su/run_3	logs/harbor_jobs/terminalbench/devstral24b/devstral24b-trc-su-r3-1788597782465/blind-maze-explorer-algorithm__37PsD86	devstral24b-trc-su-r3-1788597782465
terminalbench	main	devstral24b	di__b4k__trc-su	cartpole-rl-training__trc-su__r3	cartpole-rl-training	trc-su	3	trc_summarize	4000	0.5	tb_erasure_possible	probable	0		False	2026-09-05T04:37:02.582709-05:00	ICLR_results/terminalbench/main/devstral24b/di__b4k__trc-su/cartpole-rl-training/trc-su/run_3	logs/harbor_jobs/terminalbench/devstral24b/devstral24b-trc-su-r3-1788597782465/cartpole-rl-training__oYRvcrx	devstral24b-trc-su-r3-1788597782465
terminalbench	main	devstral24b	di__b4k__trc-su	count-dataset-tokens__trc-su__r3	count-dataset-tokens	trc-su	3	trc_summarize	4000	0.5	tb_erasure_possible	probable	0		False	2026-09-05T03:45:13.118252-05:00	ICLR_results/terminalbench/main/devstral24b/di__b4k__trc-su/count-dataset-tokens/trc-su/run_3	logs/harbor_jobs/terminalbench/devstral24b/devstral24b-trc-su-r3-1788597782465/count-dataset-tokens__Hy8ydY5	devstral24b-trc-su-r3-1788597782465
terminalbench	main	devstral24b	di__b4k__trc-su	crack-7z-hash.hard__trc-su__r3	crack-7z-hash.hard	trc-su	3	trc_summarize	4000	0.5	tb_erasure_possible	probable	0		False	2026-09-05T04:20:26.043658-05:00	ICLR_results/terminalbench/main/devstral24b/di__b4k__trc-su/crack-7z-hash.hard/trc-su/run_3	logs/harbor_jobs/terminalbench/devstral24b/devstral24b-trc-su-r3-1788597782465/crack-7z-hash.hard__jeySrBV	devstral24b-trc-su-r3-1788597782465
terminalbench	main	devstral24b	di__b4k__trc-su	csv-to-parquet__trc-su__r3	csv-to-parquet	trc-su	3	trc_summarize	4000	0.5	tb_erasure_possible	probable	0	Submitted	True	2026-09-05T04:00:57.578979-05:00	ICLR_results/terminalbench/main/devstral24b/di__b4k__trc-su/csv-to-parquet/trc-su/run_3	logs/harbor_jobs/terminalbench/devstral24b/devstral24b-trc-su-r3-1788597782465/csv-to-parquet__4f5ncSC	devstral24b-trc-su-r3-1788597782465
terminalbench	main	devstral24b	di__b4k__trc-su	download-youtube__trc-su__r3	download-youtube	trc-su	3	trc_summarize	4000	0.5	tb_erasure_possible	probable	0		False	2026-09-05T04:26:49.567484-05:00	ICLR_results/terminalbench/main/devstral24b/di__b4k__trc-su/download-youtube/trc-su/run_3	logs/harbor_jobs/terminalbench/devstral24b/devstral24b-trc-su-r3-1788597782465/download-youtube__YEzFpwy	devstral24b-trc-su-r3-1788597782465
terminalbench	main	devstral24b	di__b4k__trc-su	eval-mteb__trc-su__r3	eval-mteb	trc-su	3	trc_summarize	4000	0.5	summary_failure_accounting	priority	0	Submitted	True	2026-09-05T03:56:44.807181-05:00	ICLR_results/terminalbench/main/devstral24b/di__b4k__trc-su/eval-mteb/trc-su/run_3	logs/harbor_jobs/terminalbench/devstral24b/devstral24b-trc-su-r3-1788597782465/eval-mteb__RcTokRr	devstral24b-trc-su-r3-1788597782465
terminalbench	main	devstral24b	di__b4k__trc-su	eval-mteb.hard__trc-su__r3	eval-mteb.hard	trc-su	3	trc_summarize	4000	0.5	tb_erasure_possible	probable	0	Submitted	True	2026-09-05T04:31:08.043876-05:00	ICLR_results/terminalbench/main/devstral24b/di__b4k__trc-su/eval-mteb.hard/trc-su/run_3	logs/harbor_jobs/terminalbench/devstral24b/devstral24b-trc-su-r3-1788597782465/eval-mteb.hard__CkTXX82	devstral24b-trc-su-r3-1788597782465
terminalbench	main	devstral24b	di__b4k__trc-su	extract-moves-from-video__trc-su__r3	extract-moves-from-video	trc-su	3	trc_summarize	4000	0.5	tb_erasure_possible	probable	0	Submitted	False	2026-09-05T04:06:02.695699-05:00	ICLR_results/terminalbench/main/devstral24b/di__b4k__trc-su/extract-moves-from-video/trc-su/run_3	logs/harbor_jobs/terminalbench/devstral24b/devstral24b-trc-su-r3-1788597782465/extract-moves-from-video__tTV7yrD	devstral24b-trc-su-r3-1788597782465
terminalbench	main	devstral24b	di__b4k__trc-su	fibonacci-server__trc-su__r3	fibonacci-server	trc-su	3	trc_summarize	4000	0.5	tb_erasure_possible	probable	0	Submitted	False	2026-09-05T03:54:09.683065-05:00	ICLR_results/terminalbench/main/devstral24b/di__b4k__trc-su/fibonacci-server/trc-su/run_3	logs/harbor_jobs/terminalbench/devstral24b/devstral24b-trc-su-r3-1788597782465/fibonacci-server__eM2TS2h	devstral24b-trc-su-r3-1788597782465
terminalbench	main	devstral24b	di__b4k__trc-su	git-workflow-hack__trc-su__r3	git-workflow-hack	trc-su	3	trc_summarize	4000	0.5	tb_erasure_possible	probable	0		False	2026-09-05T04:14:54.273352-05:00	ICLR_results/terminalbench/main/devstral24b/di__b4k__trc-su/git-workflow-hack/trc-su/run_3	logs/harbor_jobs/terminalbench/devstral24b/devstral24b-trc-su-r3-1788597782465/git-workflow-hack__gQoSEYz	devstral24b-trc-su-r3-1788597782465
terminalbench	main	devstral24b	di__b4k__trc-su	gpt2-codegolf__trc-su__r3	gpt2-codegolf	trc-su	3	trc_summarize	4000	0.5	tb_erasure_possible	probable	0		False	2026-09-05T03:54:27.369093-05:00	ICLR_results/terminalbench/main/devstral24b/di__b4k__trc-su/gpt2-codegolf/trc-su/run_3	logs/harbor_jobs/terminalbench/devstral24b/devstral24b-trc-su-r3-1788597782465/gpt2-codegolf__eDAdM9s	devstral24b-trc-su-r3-1788597782465
terminalbench	main	devstral24b	di__b4k__trc-su	intrusion-detection__trc-su__r3	intrusion-detection	trc-su	3	trc_summarize	4000	0.5	tb_unverifiable	probable	0		False	2026-09-05T04:12:52.306903-05:00	ICLR_results/terminalbench/main/devstral24b/di__b4k__trc-su/intrusion-detection/trc-su/run_3	logs/harbor_jobs/terminalbench/devstral24b/devstral24b-trc-su-r3-1788597782465/intrusion-detection__QjUNkQ8	devstral24b-trc-su-r3-1788597782465
terminalbench	main	devstral24b	di__b4k__trc-su	password-recovery__trc-su__r3	password-recovery	trc-su	3	trc_summarize	4000	0.5	tb_erasure_possible	probable	0		False	2026-09-05T04:20:22.953818-05:00	ICLR_results/terminalbench/main/devstral24b/di__b4k__trc-su/password-recovery/trc-su/run_3	logs/harbor_jobs/terminalbench/devstral24b/devstral24b-trc-su-r3-1788597782465/password-recovery__6QpccAz	devstral24b-trc-su-r3-1788597782465
terminalbench	main	devstral24b	di__b4k__trc-su	path-tracing-reverse__trc-su__r3	path-tracing-reverse	trc-su	3	trc_summarize	4000	0.5	tb_unverifiable	probable	0		False	2026-09-05T03:44:38.328231-05:00	ICLR_results/terminalbench/main/devstral24b/di__b4k__trc-su/path-tracing-reverse/trc-su/run_3	logs/harbor_jobs/terminalbench/devstral24b/devstral24b-trc-su-r3-1788597782465/path-tracing-reverse__NKUTWwU	devstral24b-trc-su-r3-1788597782465
terminalbench	main	devstral24b	di__b4k__trc-su	prove-plus-comm__trc-su__r3	prove-plus-comm	trc-su	3	trc_summarize	4000	0.5	tb_erasure_possible	probable	0		False	2026-09-05T03:43:04.071987-05:00	ICLR_results/terminalbench/main/devstral24b/di__b4k__trc-su/prove-plus-comm/trc-su/run_3	logs/harbor_jobs/terminalbench/devstral24b/devstral24b-trc-su-r3-1788597782465/prove-plus-comm__GSc9Dmg	devstral24b-trc-su-r3-1788597782465
terminalbench	main	devstral24b	di__b4k__trc-su	qemu-alpine-ssh__trc-su__r3	qemu-alpine-ssh	trc-su	3	trc_summarize	4000	0.5	tb_erasure_possible	probable	0		False	2026-09-05T03:55:37.237780-05:00	ICLR_results/terminalbench/main/devstral24b/di__b4k__trc-su/qemu-alpine-ssh/trc-su/run_3	logs/harbor_jobs/terminalbench/devstral24b/devstral24b-trc-su-r3-1788597782465/qemu-alpine-ssh__TaUReUU	devstral24b-trc-su-r3-1788597782465
terminalbench	main	devstral24b	di__b4k__trc-su	qemu-startup__trc-su__r3	qemu-startup	trc-su	3	trc_summarize	4000	0.5	tb_unverifiable	probable	0		False	2026-09-05T04:25:44.122806-05:00	ICLR_results/terminalbench/main/devstral24b/di__b4k__trc-su/qemu-startup/trc-su/run_3	logs/harbor_jobs/terminalbench/devstral24b/devstral24b-trc-su-r3-1788597782465/qemu-startup__yTTh4PC	devstral24b-trc-su-r3-1788597782465
terminalbench	main	devstral24b	di__b4k__trc-su	raman-fitting.easy__trc-su__r3	raman-fitting.easy	trc-su	3	trc_summarize	4000	0.5	tb_erasure_possible	probable	0		False	2026-09-05T03:43:04.063425-05:00	ICLR_results/terminalbench/main/devstral24b/di__b4k__trc-su/raman-fitting.easy/trc-su/run_3	logs/harbor_jobs/terminalbench/devstral24b/devstral24b-trc-su-r3-1788597782465/raman-fitting.easy__LckqQds	devstral24b-trc-su-r3-1788597782465
terminalbench	main	devstral24b	di__b4k__trc-su	sanitize-git-repo__trc-su__r3	sanitize-git-repo	trc-su	3	trc_summarize	4000	0.5	tb_erasure_possible	probable	0	Submitted	False	2026-09-05T04:00:51.447447-05:00	ICLR_results/terminalbench/main/devstral24b/di__b4k__trc-su/sanitize-git-repo/trc-su/run_3	logs/harbor_jobs/terminalbench/devstral24b/devstral24b-trc-su-r3-1788597782465/sanitize-git-repo__asYYfVx	devstral24b-trc-su-r3-1788597782465
terminalbench	main	devstral24b	di__b4k__trc-su	sanitize-git-repo.hard__trc-su__r3	sanitize-git-repo.hard	trc-su	3	trc_summarize	4000	0.5	summary_failure_accounting	priority	0	Submitted	False	2026-09-05T04:27:20.763342-05:00	ICLR_results/terminalbench/main/devstral24b/di__b4k__trc-su/sanitize-git-repo.hard/trc-su/run_3	logs/harbor_jobs/terminalbench/devstral24b/devstral24b-trc-su-r3-1788597782465/sanitize-git-repo.hard__9mD7gfi	devstral24b-trc-su-r3-1788597782465
terminalbench	main	devstral24b	di__b4k__trc-su	solana-data__trc-su__r3	solana-data	trc-su	3	trc_summarize	4000	0.5	tb_erasure_possible	probable	0		False	2026-09-05T03:50:13.268665-05:00	ICLR_results/terminalbench/main/devstral24b/di__b4k__trc-su/solana-data/trc-su/run_3	logs/harbor_jobs/terminalbench/devstral24b/devstral24b-trc-su-r3-1788597782465/solana-data__8zPL45g	devstral24b-trc-su-r3-1788597782465
terminalbench	main	devstral24b	di__b4k__trc-su	sqlite-with-gcov__trc-su__r3	sqlite-with-gcov	trc-su	3	trc_summarize	4000	0.5	tb_erasure_possible	probable	0	Submitted	True	2026-09-05T03:51:04.130920-05:00	ICLR_results/terminalbench/main/devstral24b/di__b4k__trc-su/sqlite-with-gcov/trc-su/run_3	logs/harbor_jobs/terminalbench/devstral24b/devstral24b-trc-su-r3-1788597782465/sqlite-with-gcov__NLKFUQT	devstral24b-trc-su-r3-1788597782465
terminalbench	main	devstral24b	di__b4k__trc-su	super-benchmark-upet__trc-su__r3	super-benchmark-upet	trc-su	3	trc_summarize	4000	0.5	summary_related_response	probable	0	LimitsExceeded	False	2026-09-05T04:06:29.880221-05:00	ICLR_results/terminalbench/main/devstral24b/di__b4k__trc-su/super-benchmark-upet/trc-su/run_3	logs/harbor_jobs/terminalbench/devstral24b/devstral24b-trc-su-r3-1788597782465/super-benchmark-upet__fLTpNdM	devstral24b-trc-su-r3-1788597782465
terminalbench	main	devstral24b	di__b4k__trc-su	swe-bench-astropy-2__trc-su__r3	swe-bench-astropy-2	trc-su	3	trc_summarize	4000	0.5	summary_related_response	probable	0		False	2026-09-05T04:21:17.560777-05:00	ICLR_results/terminalbench/main/devstral24b/di__b4k__trc-su/swe-bench-astropy-2/trc-su/run_3	logs/harbor_jobs/terminalbench/devstral24b/devstral24b-trc-su-r3-1788597782465/swe-bench-astropy-2__c8yC2yh	devstral24b-trc-su-r3-1788597782465
terminalbench	main	devstral24b	di__b4k__trc-su	swe-bench-fsspec__trc-su__r3	swe-bench-fsspec	trc-su	3	trc_summarize	4000	0.5	tb_erasure_possible	probable	0	LimitsExceeded	False	2026-09-05T04:01:42.460582-05:00	ICLR_results/terminalbench/main/devstral24b/di__b4k__trc-su/swe-bench-fsspec/trc-su/run_3	logs/harbor_jobs/terminalbench/devstral24b/devstral24b-trc-su-r3-1788597782465/swe-bench-fsspec__EppvYZe	devstral24b-trc-su-r3-1788597782465
terminalbench	main	devstral24b	di__b4k__trc-su	tmux-advanced-workflow__trc-su__r3	tmux-advanced-workflow	trc-su	3	trc_summarize	4000	0.5	tb_erasure_possible	probable	0	Submitted	False	2026-09-05T03:43:04.020829-05:00	ICLR_results/terminalbench/main/devstral24b/di__b4k__trc-su/tmux-advanced-workflow/trc-su/run_3	logs/harbor_jobs/terminalbench/devstral24b/devstral24b-trc-su-r3-1788597782465/tmux-advanced-workflow__Wftpndo	devstral24b-trc-su-r3-1788597782465
terminalbench	main	devstral24b	di__b4k__trc-su	write-compressor__trc-su__r3	write-compressor	trc-su	3	trc_summarize	4000	0.5	tb_erasure_possible	probable	0		False	2026-09-05T04:19:19.531799-05:00	ICLR_results/terminalbench/main/devstral24b/di__b4k__trc-su/write-compressor/trc-su/run_3	logs/harbor_jobs/terminalbench/devstral24b/devstral24b-trc-su-r3-1788597782465/write-compressor__uNxitZc	devstral24b-trc-su-r3-1788597782465
