benchmark	section	cohort_model_path	cell	key	task	condition	run	primitive	budget_tokens	depth	rerun_reason	rerun_priority	summary_marker_errors	exit_status	resolved	started_at_CDT	source_run_dir	source_trial_dir	harbor_job
terminalbench	ablation	qwen35b	d05__b2k__ss	download-youtube__structured-summarize__r1	download-youtube	structured-summarize	1	structured_summarize	2000	0.5	tb_erasure_possible	probable	0		False	2026-09-03T21:14:29.232311-05:00	ICLR_results/terminalbench/ablation/qwen35b/d05__b2k__ss/download-youtube/structured-summarize/run_1	logs/harbor_jobs/terminalbench/qwen35b/qwen35b-structured-summarize-r1-1788487063571/download-youtube__XRuP6io	qwen35b-structured-summarize-r1-1788487063571
terminalbench	ablation	qwen35b	d05__b2k__ss	gpt2-codegolf__structured-summarize__r1	gpt2-codegolf	structured-summarize	1	structured_summarize	2000	0.5	tb_erasure_possible	probable	0		False	2026-09-03T20:59:31.076693-05:00	ICLR_results/terminalbench/ablation/qwen35b/d05__b2k__ss/gpt2-codegolf/structured-summarize/run_1	logs/harbor_jobs/terminalbench/qwen35b/qwen35b-structured-summarize-r1-1788487063571/gpt2-codegolf__pzem36E	qwen35b-structured-summarize-r1-1788487063571
terminalbench	ablation	qwen35b	d05__b2k__ss	heterogeneous-dates__structured-summarize__r1	heterogeneous-dates	structured-summarize	1	structured_summarize	2000	0.5	tb_erasure_possible	probable	0	Submitted	True	2026-09-03T21:20:51.408058-05:00	ICLR_results/terminalbench/ablation/qwen35b/d05__b2k__ss/heterogeneous-dates/structured-summarize/run_1	logs/harbor_jobs/terminalbench/qwen35b/qwen35b-structured-summarize-r1-1788487063571/heterogeneous-dates__qp4rAKL	qwen35b-structured-summarize-r1-1788487063571
terminalbench	ablation	qwen35b	d05__b2k__ss	prove-plus-comm__structured-summarize__r1	prove-plus-comm	structured-summarize	1	structured_summarize	2000	0.5	tb_erasure_possible	probable	0	Submitted	True	2026-09-03T20:57:44.961791-05:00	ICLR_results/terminalbench/ablation/qwen35b/d05__b2k__ss/prove-plus-comm/structured-summarize/run_1	logs/harbor_jobs/terminalbench/qwen35b/qwen35b-structured-summarize-r1-1788487063571/prove-plus-comm__x5SDVeK	qwen35b-structured-summarize-r1-1788487063571
terminalbench	ablation	qwen35b	d05__b2k__ss	crack-7z-hash.hard__structured-summarize__r2	crack-7z-hash.hard	structured-summarize	2	structured_summarize	2000	0.5	tb_unverifiable	probable	0		False	2026-09-03T22:04:43.232390-05:00	ICLR_results/terminalbench/ablation/qwen35b/d05__b2k__ss/crack-7z-hash.hard/structured-summarize/run_2	logs/harbor_jobs/terminalbench/qwen35b/qwen35b-structured-summarize-r2-1788490250323/crack-7z-hash.hard__WApsM69	qwen35b-structured-summarize-r2-1788490250323
terminalbench	ablation	qwen35b	d05__b2k__ss	csv-to-parquet__structured-summarize__r2	csv-to-parquet	structured-summarize	2	structured_summarize	2000	0.5	tb_unverifiable	probable	0		False	2026-09-03T21:58:19.100128-05:00	ICLR_results/terminalbench/ablation/qwen35b/d05__b2k__ss/csv-to-parquet/structured-summarize/run_2	logs/harbor_jobs/terminalbench/qwen35b/qwen35b-structured-summarize-r2-1788490250323/csv-to-parquet__cRSypbL	qwen35b-structured-summarize-r2-1788490250323
terminalbench	ablation	qwen35b	d05__b2k__ss	gpt2-codegolf__structured-summarize__r2	gpt2-codegolf	structured-summarize	2	structured_summarize	2000	0.5	tb_erasure_possible	probable	0		False	2026-09-03T21:57:19.271375-05:00	ICLR_results/terminalbench/ablation/qwen35b/d05__b2k__ss/gpt2-codegolf/structured-summarize/run_2	logs/harbor_jobs/terminalbench/qwen35b/qwen35b-structured-summarize-r2-1788490250323/gpt2-codegolf__tcoqts3	qwen35b-structured-summarize-r2-1788490250323
terminalbench	ablation	qwen35b	d05__b2k__ss	processing-pipeline__structured-summarize__r2	processing-pipeline	structured-summarize	2	structured_summarize	2000	0.5	tb_erasure_possible	probable	0	Submitted	True	2026-09-03T22:03:43.360949-05:00	ICLR_results/terminalbench/ablation/qwen35b/d05__b2k__ss/processing-pipeline/structured-summarize/run_2	logs/harbor_jobs/terminalbench/qwen35b/qwen35b-structured-summarize-r2-1788490250323/processing-pipeline__Nz6yvez	qwen35b-structured-summarize-r2-1788490250323
terminalbench	ablation	qwen35b	d05__b2k__ss	prove-plus-comm__structured-summarize__r2	prove-plus-comm	structured-summarize	2	structured_summarize	2000	0.5	tb_unverifiable	probable	0		False	2026-09-03T21:50:51.700506-05:00	ICLR_results/terminalbench/ablation/qwen35b/d05__b2k__ss/prove-plus-comm/structured-summarize/run_2	logs/harbor_jobs/terminalbench/qwen35b/qwen35b-structured-summarize-r2-1788490250323/prove-plus-comm__GZgUTwP	qwen35b-structured-summarize-r2-1788490250323
terminalbench	ablation	qwen35b	d05__b2k__ss	write-compressor__structured-summarize__r2	write-compressor	structured-summarize	2	structured_summarize	2000	0.5	tb_unverifiable	probable	0		False	2026-09-03T22:03:44.069197-05:00	ICLR_results/terminalbench/ablation/qwen35b/d05__b2k__ss/write-compressor/structured-summarize/run_2	logs/harbor_jobs/terminalbench/qwen35b/qwen35b-structured-summarize-r2-1788490250323/write-compressor__BFWQHBN	qwen35b-structured-summarize-r2-1788490250323
terminalbench	ablation	qwen35b	d05__b2k__ss	crack-7z-hash.hard__structured-summarize__r3	crack-7z-hash.hard	structured-summarize	3	structured_summarize	2000	0.5	tb_unverifiable	probable	0		False	2026-09-03T22:58:54.027585-05:00	ICLR_results/terminalbench/ablation/qwen35b/d05__b2k__ss/crack-7z-hash.hard/structured-summarize/run_3	logs/harbor_jobs/terminalbench/qwen35b/qwen35b-structured-summarize-r3-1788493469288/crack-7z-hash.hard__9QJkdn2	qwen35b-structured-summarize-r3-1788493469288
terminalbench	ablation	qwen35b	d05__b2k__ss	sqlite-with-gcov__structured-summarize__r3	sqlite-with-gcov	structured-summarize	3	structured_summarize	2000	0.5	tb_unverifiable	probable	0		False	2026-09-03T22:44:30.698405-05:00	ICLR_results/terminalbench/ablation/qwen35b/d05__b2k__ss/sqlite-with-gcov/structured-summarize/run_3	logs/harbor_jobs/terminalbench/qwen35b/qwen35b-structured-summarize-r3-1788493469288/sqlite-with-gcov__w9xBzFx	qwen35b-structured-summarize-r3-1788493469288
terminalbench	ablation	qwen35b	d05__b2k__ss-partial	sanitize-git-repo.hard__structured-summarize-partial__r2	sanitize-git-repo.hard	structured-summarize-partial	2	structured_summarize_partial	2000	0.5	tb_erasure_possible	probable	0	Submitted	False	2026-09-04T00:54:22.809305-05:00	ICLR_results/terminalbench/ablation/qwen35b/d05__b2k__ss-partial/sanitize-git-repo.hard/structured-summarize-partial/run_2	logs/harbor_jobs/terminalbench/qwen35b/qwen35b-structured-summarize-partial-r2-1788500098959/sanitize-git-repo.hard__Ys4SoSh	qwen35b-structured-summarize-partial-r2-1788500098959
terminalbench	ablation	qwen35b	d05__b2k__su-full	blind-maze-explorer-5x5__summarization__r1	blind-maze-explorer-5x5	summarization	1	summarization	2000	0.5	summary_failure_accounting	priority	0		False	2026-09-03T15:43:16.882331-05:00	ICLR_results/terminalbench/ablation/qwen35b/d05__b2k__su-full/blind-maze-explorer-5x5/summarization/run_1	logs/harbor_jobs/terminalbench/qwen35b/qwen35b-summarization-r1-1788466985901/blind-maze-explorer-5x5__S72gfvt	qwen35b-summarization-r1-1788466985901
terminalbench	ablation	qwen35b	d05__b2k__su-full	crack-7z-hash.hard__summarization__r1	crack-7z-hash.hard	summarization	1	summarization	2000	0.5	summary_related_response	probable	0		False	2026-09-03T15:36:55.081650-05:00	ICLR_results/terminalbench/ablation/qwen35b/d05__b2k__su-full/crack-7z-hash.hard/summarization/run_1	logs/harbor_jobs/terminalbench/qwen35b/qwen35b-summarization-r1-1788466985901/crack-7z-hash.hard__he9c4PT	qwen35b-summarization-r1-1788466985901
terminalbench	ablation	qwen35b	d05__b2k__su-full	csv-to-parquet__summarization__r1	csv-to-parquet	summarization	1	summarization	2000	0.5	tb_unverifiable	probable	0		False	2026-09-03T15:30:31.888842-05:00	ICLR_results/terminalbench/ablation/qwen35b/d05__b2k__su-full/csv-to-parquet/summarization/run_1	logs/harbor_jobs/terminalbench/qwen35b/qwen35b-summarization-r1-1788466985901/csv-to-parquet__n9mv892	qwen35b-summarization-r1-1788466985901
terminalbench	ablation	qwen35b	d05__b2k__su-full	gpt2-codegolf__summarization__r1	gpt2-codegolf	summarization	1	summarization	2000	0.5	summary_related_response	probable	0		False	2026-09-03T15:29:32.700485-05:00	ICLR_results/terminalbench/ablation/qwen35b/d05__b2k__su-full/gpt2-codegolf/summarization/run_1	logs/harbor_jobs/terminalbench/qwen35b/qwen35b-summarization-r1-1788466985901/gpt2-codegolf__JCLxmbj	qwen35b-summarization-r1-1788466985901
terminalbench	ablation	qwen35b	d05__b2k__su-full	heterogeneous-dates__summarization__r1	heterogeneous-dates	summarization	1	summarization	2000	0.5	summary_failure_accounting	priority	0		False	2026-09-03T15:48:45.524947-05:00	ICLR_results/terminalbench/ablation/qwen35b/d05__b2k__su-full/heterogeneous-dates/summarization/run_1	logs/harbor_jobs/terminalbench/qwen35b/qwen35b-summarization-r1-1788466985901/heterogeneous-dates__wf6ZQWH	qwen35b-summarization-r1-1788466985901
terminalbench	ablation	qwen35b	d05__b2k__su-full	hf-model-inference__summarization__r1	hf-model-inference	summarization	1	summarization	2000	0.5	summary_related_response	probable	0		False	2026-09-03T15:29:37.846189-05:00	ICLR_results/terminalbench/ablation/qwen35b/d05__b2k__su-full/hf-model-inference/summarization/run_1	logs/harbor_jobs/terminalbench/qwen35b/qwen35b-summarization-r1-1788466985901/hf-model-inference__atFg2bm	qwen35b-summarization-r1-1788466985901
terminalbench	ablation	qwen35b	d05__b2k__su-full	incompatible-python-fasttext__summarization__r1	incompatible-python-fasttext	summarization	1	summarization	2000	0.5	summary_failure_accounting	priority	0		False	2026-09-03T15:23:07.231320-05:00	ICLR_results/terminalbench/ablation/qwen35b/d05__b2k__su-full/incompatible-python-fasttext/summarization/run_1	logs/harbor_jobs/terminalbench/qwen35b/qwen35b-summarization-r1-1788466985901/incompatible-python-fasttext__Yvek7oJ	qwen35b-summarization-r1-1788466985901
terminalbench	ablation	qwen35b	d05__b2k__su-full	processing-pipeline__summarization__r1	processing-pipeline	summarization	1	summarization	2000	0.5	tb_unverifiable	probable	0		False	2026-09-03T15:35:58.322421-05:00	ICLR_results/terminalbench/ablation/qwen35b/d05__b2k__su-full/processing-pipeline/summarization/run_1	logs/harbor_jobs/terminalbench/qwen35b/qwen35b-summarization-r1-1788466985901/processing-pipeline__hNTvod2	qwen35b-summarization-r1-1788466985901
terminalbench	ablation	qwen35b	d05__b2k__su-full	pytorch-model-cli.hard__summarization__r1	pytorch-model-cli.hard	summarization	1	summarization	2000	0.5	summary_failure_accounting	priority	0		False	2026-09-03T15:23:07.280285-05:00	ICLR_results/terminalbench/ablation/qwen35b/d05__b2k__su-full/pytorch-model-cli.hard/summarization/run_1	logs/harbor_jobs/terminalbench/qwen35b/qwen35b-summarization-r1-1788466985901/pytorch-model-cli.hard__m8rSGWU	qwen35b-summarization-r1-1788466985901
terminalbench	ablation	qwen35b	d05__b2k__su-full	blind-maze-explorer-5x5__summarization__r2	blind-maze-explorer-5x5	summarization	2	summarization	2000	0.5	summary_failure_accounting	priority	0		False	2026-09-03T16:39:07.687408-05:00	ICLR_results/terminalbench/ablation/qwen35b/d05__b2k__su-full/blind-maze-explorer-5x5/summarization/run_2	logs/harbor_jobs/terminalbench/qwen35b/qwen35b-summarization-r2-1788470339261/blind-maze-explorer-5x5__54RQuHc	qwen35b-summarization-r2-1788470339261
terminalbench	ablation	qwen35b	d05__b2k__su-full	csv-to-parquet__summarization__r2	csv-to-parquet	summarization	2	summarization	2000	0.5	tb_unverifiable	probable	0		False	2026-09-03T16:26:21.040026-05:00	ICLR_results/terminalbench/ablation/qwen35b/d05__b2k__su-full/csv-to-parquet/summarization/run_2	logs/harbor_jobs/terminalbench/qwen35b/qwen35b-summarization-r2-1788470339261/csv-to-parquet__t9aRoGf	qwen35b-summarization-r2-1788470339261
terminalbench	ablation	qwen35b	d05__b2k__su-full	heterogeneous-dates__summarization__r2	heterogeneous-dates	summarization	2	summarization	2000	0.5	summary_failure_accounting	priority	0		False	2026-09-03T16:44:37.086579-05:00	ICLR_results/terminalbench/ablation/qwen35b/d05__b2k__su-full/heterogeneous-dates/summarization/run_2	logs/harbor_jobs/terminalbench/qwen35b/qwen35b-summarization-r2-1788470339261/heterogeneous-dates__N5YAvnF	qwen35b-summarization-r2-1788470339261
terminalbench	ablation	qwen35b	d05__b2k__su-full	hf-model-inference__summarization__r2	hf-model-inference	summarization	2	summarization	2000	0.5	summary_failure_accounting	priority	0		False	2026-09-03T16:25:29.436817-05:00	ICLR_results/terminalbench/ablation/qwen35b/d05__b2k__su-full/hf-model-inference/summarization/run_2	logs/harbor_jobs/terminalbench/qwen35b/qwen35b-summarization-r2-1788470339261/hf-model-inference__vMQ3dhp	qwen35b-summarization-r2-1788470339261
terminalbench	ablation	qwen35b	d05__b2k__su-full	processing-pipeline__summarization__r2	processing-pipeline	summarization	2	summarization	2000	0.5	summary_failure_accounting	priority	0		False	2026-09-03T16:31:49.906663-05:00	ICLR_results/terminalbench/ablation/qwen35b/d05__b2k__su-full/processing-pipeline/summarization/run_2	logs/harbor_jobs/terminalbench/qwen35b/qwen35b-summarization-r2-1788470339261/processing-pipeline__vQ9NdKx	qwen35b-summarization-r2-1788470339261
terminalbench	ablation	qwen35b	d05__b2k__su-full	pytorch-model-cli.hard__summarization__r2	pytorch-model-cli.hard	summarization	2	summarization	2000	0.5	tb_unverifiable	probable	0		False	2026-09-03T16:19:00.669548-05:00	ICLR_results/terminalbench/ablation/qwen35b/d05__b2k__su-full/pytorch-model-cli.hard/summarization/run_2	logs/harbor_jobs/terminalbench/qwen35b/qwen35b-summarization-r2-1788470339261/pytorch-model-cli.hard__t7xW6UP	qwen35b-summarization-r2-1788470339261
terminalbench	ablation	qwen35b	d05__b2k__su-full	sanitize-git-repo.hard__summarization__r2	sanitize-git-repo.hard	summarization	2	summarization	2000	0.5	tb_unverifiable	probable	0		False	2026-09-03T16:38:16.014215-05:00	ICLR_results/terminalbench/ablation/qwen35b/d05__b2k__su-full/sanitize-git-repo.hard/summarization/run_2	logs/harbor_jobs/terminalbench/qwen35b/qwen35b-summarization-r2-1788470339261/sanitize-git-repo.hard__29Fawfn	qwen35b-summarization-r2-1788470339261
terminalbench	ablation	qwen35b	d05__b2k__su-full	swe-bench-fsspec__summarization__r2	swe-bench-fsspec	summarization	2	summarization	2000	0.5	tb_unverifiable	probable	0		False	2026-09-03T16:29:21.851975-05:00	ICLR_results/terminalbench/ablation/qwen35b/d05__b2k__su-full/swe-bench-fsspec/summarization/run_2	logs/harbor_jobs/terminalbench/qwen35b/qwen35b-summarization-r2-1788470339261/swe-bench-fsspec__UfxyfYt	qwen35b-summarization-r2-1788470339261
terminalbench	ablation	qwen35b	d05__b2k__su-full	blind-maze-explorer-5x5__summarization__r3	blind-maze-explorer-5x5	summarization	3	summarization	2000	0.5	summary_failure_accounting	priority	0		False	2026-09-03T17:35:28.070751-05:00	ICLR_results/terminalbench/ablation/qwen35b/d05__b2k__su-full/blind-maze-explorer-5x5/summarization/run_3	logs/harbor_jobs/terminalbench/qwen35b/qwen35b-summarization-r3-1788473706123/blind-maze-explorer-5x5__y48C9G2	qwen35b-summarization-r3-1788473706123
terminalbench	ablation	qwen35b	d05__b2k__su-full	csv-to-parquet__summarization__r3	csv-to-parquet	summarization	3	summarization	2000	0.5	summary_failure_accounting	priority	0		False	2026-09-03T17:22:41.605894-05:00	ICLR_results/terminalbench/ablation/qwen35b/d05__b2k__su-full/csv-to-parquet/summarization/run_3	logs/harbor_jobs/terminalbench/qwen35b/qwen35b-summarization-r3-1788473706123/csv-to-parquet__XF4oUpC	qwen35b-summarization-r3-1788473706123
terminalbench	ablation	qwen35b	d05__b2k__su-full	gpt2-codegolf__summarization__r3	gpt2-codegolf	summarization	3	summarization	2000	0.5	summary_related_response	probable	0		False	2026-09-03T17:21:34.855218-05:00	ICLR_results/terminalbench/ablation/qwen35b/d05__b2k__su-full/gpt2-codegolf/summarization/run_3	logs/harbor_jobs/terminalbench/qwen35b/qwen35b-summarization-r3-1788473706123/gpt2-codegolf__swRN4vA	qwen35b-summarization-r3-1788473706123
terminalbench	ablation	qwen35b	d05__b2k__su-full	heterogeneous-dates__summarization__r3	heterogeneous-dates	summarization	3	summarization	2000	0.5	summary_related_response	probable	0		True	2026-09-03T17:40:45.608377-05:00	ICLR_results/terminalbench/ablation/qwen35b/d05__b2k__su-full/heterogeneous-dates/summarization/run_3	logs/harbor_jobs/terminalbench/qwen35b/qwen35b-summarization-r3-1788473706123/heterogeneous-dates__bo5cDD5	qwen35b-summarization-r3-1788473706123
terminalbench	ablation	qwen35b	d05__b2k__su-full	hf-model-inference__summarization__r3	hf-model-inference	summarization	3	summarization	2000	0.5	summary_related_response	probable	0		False	2026-09-03T17:21:37.835336-05:00	ICLR_results/terminalbench/ablation/qwen35b/d05__b2k__su-full/hf-model-inference/summarization/run_3	logs/harbor_jobs/terminalbench/qwen35b/qwen35b-summarization-r3-1788473706123/hf-model-inference__QKWKaaD	qwen35b-summarization-r3-1788473706123
terminalbench	ablation	qwen35b	d05__b2k__su-full	incompatible-python-fasttext__summarization__r3	incompatible-python-fasttext	summarization	3	summarization	2000	0.5	summary_failure_accounting	priority	0		False	2026-09-03T17:15:07.472390-05:00	ICLR_results/terminalbench/ablation/qwen35b/d05__b2k__su-full/incompatible-python-fasttext/summarization/run_3	logs/harbor_jobs/terminalbench/qwen35b/qwen35b-summarization-r3-1788473706123/incompatible-python-fasttext__Pime6j8	qwen35b-summarization-r3-1788473706123
terminalbench	ablation	qwen35b	d05__b2k__su-full	processing-pipeline__summarization__r3	processing-pipeline	summarization	3	summarization	2000	0.5	summary_failure_accounting	priority	0		False	2026-09-03T17:27:58.978747-05:00	ICLR_results/terminalbench/ablation/qwen35b/d05__b2k__su-full/processing-pipeline/summarization/run_3	logs/harbor_jobs/terminalbench/qwen35b/qwen35b-summarization-r3-1788473706123/processing-pipeline__F65hdBh	qwen35b-summarization-r3-1788473706123
terminalbench	ablation	qwen35b	d05__b2k__su-full	prove-plus-comm__summarization__r3	prove-plus-comm	summarization	3	summarization	2000	0.5	tb_unverifiable	probable	0		True	2026-09-03T17:15:07.515541-05:00	ICLR_results/terminalbench/ablation/qwen35b/d05__b2k__su-full/prove-plus-comm/summarization/run_3	logs/harbor_jobs/terminalbench/qwen35b/qwen35b-summarization-r3-1788473706123/prove-plus-comm__VNM9hif	qwen35b-summarization-r3-1788473706123
terminalbench	ablation	qwen35b	d05__b2k__su-full	pytorch-model-cli.hard__summarization__r3	pytorch-model-cli.hard	summarization	3	summarization	2000	0.5	tb_unverifiable	probable	0		False	2026-09-03T17:15:07.521870-05:00	ICLR_results/terminalbench/ablation/qwen35b/d05__b2k__su-full/pytorch-model-cli.hard/summarization/run_3	logs/harbor_jobs/terminalbench/qwen35b/qwen35b-summarization-r3-1788473706123/pytorch-model-cli.hard__PqRRfao	qwen35b-summarization-r3-1788473706123
terminalbench	ablation	qwen35b	d05__b2k__su-full	sqlite-with-gcov__summarization__r3	sqlite-with-gcov	summarization	3	summarization	2000	0.5	summary_related_response	probable	0		False	2026-09-03T17:15:07.527634-05:00	ICLR_results/terminalbench/ablation/qwen35b/d05__b2k__su-full/sqlite-with-gcov/summarization/run_3	logs/harbor_jobs/terminalbench/qwen35b/qwen35b-summarization-r3-1788473706123/sqlite-with-gcov__qnwZ4Nm	qwen35b-summarization-r3-1788473706123
terminalbench	ablation	qwen35b	d05__b2k__su-full	swe-bench-fsspec__summarization__r3	swe-bench-fsspec	summarization	3	summarization	2000	0.5	summary_failure_accounting	priority	0		False	2026-09-03T17:25:28.619411-05:00	ICLR_results/terminalbench/ablation/qwen35b/d05__b2k__su-full/swe-bench-fsspec/summarization/run_3	logs/harbor_jobs/terminalbench/qwen35b/qwen35b-summarization-r3-1788473706123/swe-bench-fsspec__YEVryyF	qwen35b-summarization-r3-1788473706123
terminalbench	ablation	qwen35b	d05__b2k__su-partial	blind-maze-explorer-5x5__summarization-partial__r1	blind-maze-explorer-5x5	summarization-partial	1	summarization_partial	2000	0.5	summary_failure_accounting	priority	0		False	2026-09-03T18:31:26.475580-05:00	ICLR_results/terminalbench/ablation/qwen35b/d05__b2k__su-partial/blind-maze-explorer-5x5/summarization-partial/run_1	logs/harbor_jobs/terminalbench/qwen35b/qwen35b-summarization-partial-r1-1788477067102/blind-maze-explorer-5x5__QRALHUV	qwen35b-summarization-partial-r1-1788477067102
terminalbench	ablation	qwen35b	d05__b2k__su-partial	crack-7z-hash.hard__summarization-partial__r1	crack-7z-hash.hard	summarization-partial	1	summarization_partial	2000	0.5	summary_related_response	probable	0		False	2026-09-03T18:25:05.353503-05:00	ICLR_results/terminalbench/ablation/qwen35b/d05__b2k__su-partial/crack-7z-hash.hard/summarization-partial/run_1	logs/harbor_jobs/terminalbench/qwen35b/qwen35b-summarization-partial-r1-1788477067102/crack-7z-hash.hard__6hDtxda	qwen35b-summarization-partial-r1-1788477067102
terminalbench	ablation	qwen35b	d05__b2k__su-partial	csv-to-parquet__summarization-partial__r1	csv-to-parquet	summarization-partial	1	summarization_partial	2000	0.5	summary_failure_accounting	priority	0		False	2026-09-03T18:18:40.871899-05:00	ICLR_results/terminalbench/ablation/qwen35b/d05__b2k__su-partial/csv-to-parquet/summarization-partial/run_1	logs/harbor_jobs/terminalbench/qwen35b/qwen35b-summarization-partial-r1-1788477067102/csv-to-parquet__c3QFFTD	qwen35b-summarization-partial-r1-1788477067102
terminalbench	ablation	qwen35b	d05__b2k__su-partial	download-youtube__summarization-partial__r1	download-youtube	summarization-partial	1	summarization_partial	2000	0.5	summary_failure_accounting	priority	0		False	2026-09-03T18:30:22.870510-05:00	ICLR_results/terminalbench/ablation/qwen35b/d05__b2k__su-partial/download-youtube/summarization-partial/run_1	logs/harbor_jobs/terminalbench/qwen35b/qwen35b-summarization-partial-r1-1788477067102/download-youtube__BtMWDtX	qwen35b-summarization-partial-r1-1788477067102
terminalbench	ablation	qwen35b	d05__b2k__su-partial	gpt2-codegolf__summarization-partial__r1	gpt2-codegolf	summarization-partial	1	summarization_partial	2000	0.5	summary_failure_accounting	priority	0		False	2026-09-03T18:17:34.246284-05:00	ICLR_results/terminalbench/ablation/qwen35b/d05__b2k__su-partial/gpt2-codegolf/summarization-partial/run_1	logs/harbor_jobs/terminalbench/qwen35b/qwen35b-summarization-partial-r1-1788477067102/gpt2-codegolf__nuvXMEe	qwen35b-summarization-partial-r1-1788477067102
terminalbench	ablation	qwen35b	d05__b2k__su-partial	heterogeneous-dates__summarization-partial__r1	heterogeneous-dates	summarization-partial	1	summarization_partial	2000	0.5	summary_failure_accounting	priority	0		False	2026-09-03T18:36:44.615097-05:00	ICLR_results/terminalbench/ablation/qwen35b/d05__b2k__su-partial/heterogeneous-dates/summarization-partial/run_1	logs/harbor_jobs/terminalbench/qwen35b/qwen35b-summarization-partial-r1-1788477067102/heterogeneous-dates__fBEq8si	qwen35b-summarization-partial-r1-1788477067102
terminalbench	ablation	qwen35b	d05__b2k__su-partial	hf-model-inference__summarization-partial__r1	hf-model-inference	summarization-partial	1	summarization_partial	2000	0.5	summary_failure_accounting	priority	0		False	2026-09-03T18:17:38.382446-05:00	ICLR_results/terminalbench/ablation/qwen35b/d05__b2k__su-partial/hf-model-inference/summarization-partial/run_1	logs/harbor_jobs/terminalbench/qwen35b/qwen35b-summarization-partial-r1-1788477067102/hf-model-inference__2KdhYdS	qwen35b-summarization-partial-r1-1788477067102
terminalbench	ablation	qwen35b	d05__b2k__su-partial	incompatible-python-fasttext__summarization-partial__r1	incompatible-python-fasttext	summarization-partial	1	summarization_partial	2000	0.5	summary_failure_accounting	priority	0		False	2026-09-03T18:11:08.453436-05:00	ICLR_results/terminalbench/ablation/qwen35b/d05__b2k__su-partial/incompatible-python-fasttext/summarization-partial/run_1	logs/harbor_jobs/terminalbench/qwen35b/qwen35b-summarization-partial-r1-1788477067102/incompatible-python-fasttext__zHcisdj	qwen35b-summarization-partial-r1-1788477067102
terminalbench	ablation	qwen35b	d05__b2k__su-partial	processing-pipeline__summarization-partial__r1	processing-pipeline	summarization-partial	1	summarization_partial	2000	0.5	summary_failure_accounting	priority	0		False	2026-09-03T18:23:59.030477-05:00	ICLR_results/terminalbench/ablation/qwen35b/d05__b2k__su-partial/processing-pipeline/summarization-partial/run_1	logs/harbor_jobs/terminalbench/qwen35b/qwen35b-summarization-partial-r1-1788477067102/processing-pipeline__mfhMrfT	qwen35b-summarization-partial-r1-1788477067102
terminalbench	ablation	qwen35b	d05__b2k__su-partial	pytorch-model-cli.hard__summarization-partial__r1	pytorch-model-cli.hard	summarization-partial	1	summarization_partial	2000	0.5	summary_failure_accounting	priority	0		False	2026-09-03T18:11:08.508625-05:00	ICLR_results/terminalbench/ablation/qwen35b/d05__b2k__su-partial/pytorch-model-cli.hard/summarization-partial/run_1	logs/harbor_jobs/terminalbench/qwen35b/qwen35b-summarization-partial-r1-1788477067102/pytorch-model-cli.hard__gJxzaik	qwen35b-summarization-partial-r1-1788477067102
terminalbench	ablation	qwen35b	d05__b2k__su-partial	sanitize-git-repo.hard__summarization-partial__r1	sanitize-git-repo.hard	summarization-partial	1	summarization_partial	2000	0.5	summary_failure_accounting	priority	0		False	2026-09-03T18:30:26.883069-05:00	ICLR_results/terminalbench/ablation/qwen35b/d05__b2k__su-partial/sanitize-git-repo.hard/summarization-partial/run_1	logs/harbor_jobs/terminalbench/qwen35b/qwen35b-summarization-partial-r1-1788477067102/sanitize-git-repo.hard__Z6yz3DD	qwen35b-summarization-partial-r1-1788477067102
terminalbench	ablation	qwen35b	d05__b2k__su-partial	swe-bench-fsspec__summarization-partial__r1	swe-bench-fsspec	summarization-partial	1	summarization_partial	2000	0.5	summary_failure_accounting	priority	0		False	2026-09-03T18:21:29.337994-05:00	ICLR_results/terminalbench/ablation/qwen35b/d05__b2k__su-partial/swe-bench-fsspec/summarization-partial/run_1	logs/harbor_jobs/terminalbench/qwen35b/qwen35b-summarization-partial-r1-1788477067102/swe-bench-fsspec__nGxd79A	qwen35b-summarization-partial-r1-1788477067102
terminalbench	ablation	qwen35b	d05__b2k__su-partial	write-compressor__summarization-partial__r1	write-compressor	summarization-partial	1	summarization_partial	2000	0.5	summary_failure_accounting	priority	0		False	2026-09-03T18:24:00.234492-05:00	ICLR_results/terminalbench/ablation/qwen35b/d05__b2k__su-partial/write-compressor/summarization-partial/run_1	logs/harbor_jobs/terminalbench/qwen35b/qwen35b-summarization-partial-r1-1788477067102/write-compressor__mwMAagw	qwen35b-summarization-partial-r1-1788477067102
terminalbench	ablation	qwen35b	d05__b2k__su-partial	blind-maze-explorer-5x5__summarization-partial__r2	blind-maze-explorer-5x5	summarization-partial	2	summarization_partial	2000	0.5	summary_failure_accounting	priority	0		False	2026-09-03T19:27:44.020291-05:00	ICLR_results/terminalbench/ablation/qwen35b/d05__b2k__su-partial/blind-maze-explorer-5x5/summarization-partial/run_2	logs/harbor_jobs/terminalbench/qwen35b/qwen35b-summarization-partial-r2-1788480458101/blind-maze-explorer-5x5__C2urBvk	qwen35b-summarization-partial-r2-1788480458101
terminalbench	ablation	qwen35b	d05__b2k__su-partial	crack-7z-hash.hard__summarization-partial__r2	crack-7z-hash.hard	summarization-partial	2	summarization_partial	2000	0.5	summary_failure_accounting	priority	0		False	2026-09-03T19:21:22.468422-05:00	ICLR_results/terminalbench/ablation/qwen35b/d05__b2k__su-partial/crack-7z-hash.hard/summarization-partial/run_2	logs/harbor_jobs/terminalbench/qwen35b/qwen35b-summarization-partial-r2-1788480458101/crack-7z-hash.hard__5ByFSkS	qwen35b-summarization-partial-r2-1788480458101
terminalbench	ablation	qwen35b	d05__b2k__su-partial	csv-to-parquet__summarization-partial__r2	csv-to-parquet	summarization-partial	2	summarization_partial	2000	0.5	summary_failure_accounting	priority	0		False	2026-09-03T19:14:57.788261-05:00	ICLR_results/terminalbench/ablation/qwen35b/d05__b2k__su-partial/csv-to-parquet/summarization-partial/run_2	logs/harbor_jobs/terminalbench/qwen35b/qwen35b-summarization-partial-r2-1788480458101/csv-to-parquet__YZ7N8xy	qwen35b-summarization-partial-r2-1788480458101
terminalbench	ablation	qwen35b	d05__b2k__su-partial	heterogeneous-dates__summarization-partial__r2	heterogeneous-dates	summarization-partial	2	summarization_partial	2000	0.5	summary_failure_accounting	priority	0		True	2026-09-03T19:30:47.990583-05:00	ICLR_results/terminalbench/ablation/qwen35b/d05__b2k__su-partial/heterogeneous-dates/summarization-partial/run_2	logs/harbor_jobs/terminalbench/qwen35b/qwen35b-summarization-partial-r2-1788480458101/heterogeneous-dates__qoUbyHA	qwen35b-summarization-partial-r2-1788480458101
terminalbench	ablation	qwen35b	d05__b2k__su-partial	hf-model-inference__summarization-partial__r2	hf-model-inference	summarization-partial	2	summarization_partial	2000	0.5	summary_failure_accounting	priority	0		False	2026-09-03T19:14:04.635784-05:00	ICLR_results/terminalbench/ablation/qwen35b/d05__b2k__su-partial/hf-model-inference/summarization-partial/run_2	logs/harbor_jobs/terminalbench/qwen35b/qwen35b-summarization-partial-r2-1788480458101/hf-model-inference__apkhsP6	qwen35b-summarization-partial-r2-1788480458101
terminalbench	ablation	qwen35b	d05__b2k__su-partial	incompatible-python-fasttext__summarization-partial__r2	incompatible-python-fasttext	summarization-partial	2	summarization_partial	2000	0.5	summary_failure_accounting	priority	0		False	2026-09-03T19:07:39.463343-05:00	ICLR_results/terminalbench/ablation/qwen35b/d05__b2k__su-partial/incompatible-python-fasttext/summarization-partial/run_2	logs/harbor_jobs/terminalbench/qwen35b/qwen35b-summarization-partial-r2-1788480458101/incompatible-python-fasttext__DpRHrBB	qwen35b-summarization-partial-r2-1788480458101
terminalbench	ablation	qwen35b	d05__b2k__su-partial	processing-pipeline__summarization-partial__r2	processing-pipeline	summarization-partial	2	summarization_partial	2000	0.5	summary_failure_accounting	priority	0		False	2026-09-03T19:18:00.459517-05:00	ICLR_results/terminalbench/ablation/qwen35b/d05__b2k__su-partial/processing-pipeline/summarization-partial/run_2	logs/harbor_jobs/terminalbench/qwen35b/qwen35b-summarization-partial-r2-1788480458101/processing-pipeline__3Ua2JAh	qwen35b-summarization-partial-r2-1788480458101
terminalbench	ablation	qwen35b	d05__b2k__su-partial	pytorch-model-cli.hard__summarization-partial__r2	pytorch-model-cli.hard	summarization-partial	2	summarization_partial	2000	0.5	summary_failure_accounting	priority	0		False	2026-09-03T19:07:39.512369-05:00	ICLR_results/terminalbench/ablation/qwen35b/d05__b2k__su-partial/pytorch-model-cli.hard/summarization-partial/run_2	logs/harbor_jobs/terminalbench/qwen35b/qwen35b-summarization-partial-r2-1788480458101/pytorch-model-cli.hard__JYbWHsx	qwen35b-summarization-partial-r2-1788480458101
terminalbench	ablation	qwen35b	d05__b2k__su-partial	sanitize-git-repo.hard__summarization-partial__r2	sanitize-git-repo.hard	summarization-partial	2	summarization_partial	2000	0.5	summary_failure_accounting	priority	0		False	2026-09-03T19:26:50.907972-05:00	ICLR_results/terminalbench/ablation/qwen35b/d05__b2k__su-partial/sanitize-git-repo.hard/summarization-partial/run_2	logs/harbor_jobs/terminalbench/qwen35b/qwen35b-summarization-partial-r2-1788480458101/sanitize-git-repo.hard__ftzcTgN	qwen35b-summarization-partial-r2-1788480458101
terminalbench	ablation	qwen35b	d05__b2k__su-partial	sqlite-with-gcov__summarization-partial__r2	sqlite-with-gcov	summarization-partial	2	summarization_partial	2000	0.5	summary_related_response	probable	0		False	2026-09-03T19:07:39.517904-05:00	ICLR_results/terminalbench/ablation/qwen35b/d05__b2k__su-partial/sqlite-with-gcov/summarization-partial/run_2	logs/harbor_jobs/terminalbench/qwen35b/qwen35b-summarization-partial-r2-1788480458101/sqlite-with-gcov__KYhQkip	qwen35b-summarization-partial-r2-1788480458101
terminalbench	ablation	qwen35b	d05__b2k__su-partial	write-compressor__summarization-partial__r2	write-compressor	summarization-partial	2	summarization_partial	2000	0.5	summary_related_response	probable	0		False	2026-09-03T19:20:26.638260-05:00	ICLR_results/terminalbench/ablation/qwen35b/d05__b2k__su-partial/write-compressor/summarization-partial/run_2	logs/harbor_jobs/terminalbench/qwen35b/qwen35b-summarization-partial-r2-1788480458101/write-compressor__pBFGSUP	qwen35b-summarization-partial-r2-1788480458101
terminalbench	ablation	qwen35b	d05__b2k__su-partial	blind-maze-explorer-5x5__summarization-partial__r3	blind-maze-explorer-5x5	summarization-partial	3	summarization_partial	2000	0.5	summary_failure_accounting	priority	0		False	2026-09-03T20:23:39.520881-05:00	ICLR_results/terminalbench/ablation/qwen35b/d05__b2k__su-partial/blind-maze-explorer-5x5/summarization-partial/run_3	logs/harbor_jobs/terminalbench/qwen35b/qwen35b-summarization-partial-r3-1788483817605/blind-maze-explorer-5x5__anDe9RJ	qwen35b-summarization-partial-r3-1788483817605
terminalbench	ablation	qwen35b	d05__b2k__su-partial	crack-7z-hash.hard__summarization-partial__r3	crack-7z-hash.hard	summarization-partial	3	summarization_partial	2000	0.5	summary_failure_accounting	priority	0		False	2026-09-03T20:17:18.164063-05:00	ICLR_results/terminalbench/ablation/qwen35b/d05__b2k__su-partial/crack-7z-hash.hard/summarization-partial/run_3	logs/harbor_jobs/terminalbench/qwen35b/qwen35b-summarization-partial-r3-1788483817605/crack-7z-hash.hard__ZCyvQqn	qwen35b-summarization-partial-r3-1788483817605
terminalbench	ablation	qwen35b	d05__b2k__su-partial	csv-to-parquet__summarization-partial__r3	csv-to-parquet	summarization-partial	3	summarization_partial	2000	0.5	summary_failure_accounting	priority	0		False	2026-09-03T20:10:55.299905-05:00	ICLR_results/terminalbench/ablation/qwen35b/d05__b2k__su-partial/csv-to-parquet/summarization-partial/run_3	logs/harbor_jobs/terminalbench/qwen35b/qwen35b-summarization-partial-r3-1788483817605/csv-to-parquet__SvRKD9j	qwen35b-summarization-partial-r3-1788483817605
terminalbench	ablation	qwen35b	d05__b2k__su-partial	gpt2-codegolf__summarization-partial__r3	gpt2-codegolf	summarization-partial	3	summarization_partial	2000	0.5	summary_failure_accounting	priority	0		False	2026-09-03T20:10:08.014895-05:00	ICLR_results/terminalbench/ablation/qwen35b/d05__b2k__su-partial/gpt2-codegolf/summarization-partial/run_3	logs/harbor_jobs/terminalbench/qwen35b/qwen35b-summarization-partial-r3-1788483817605/gpt2-codegolf__o743N3N	qwen35b-summarization-partial-r3-1788483817605
terminalbench	ablation	qwen35b	d05__b2k__su-partial	heterogeneous-dates__summarization-partial__r3	heterogeneous-dates	summarization-partial	3	summarization_partial	2000	0.5	summary_failure_accounting	priority	0		False	2026-09-03T20:29:18.850899-05:00	ICLR_results/terminalbench/ablation/qwen35b/d05__b2k__su-partial/heterogeneous-dates/summarization-partial/run_3	logs/harbor_jobs/terminalbench/qwen35b/qwen35b-summarization-partial-r3-1788483817605/heterogeneous-dates__QzYUb4u	qwen35b-summarization-partial-r3-1788483817605
terminalbench	ablation	qwen35b	d05__b2k__su-partial	hf-model-inference__summarization-partial__r3	hf-model-inference	summarization-partial	3	summarization_partial	2000	0.5	summary_failure_accounting	priority	0		False	2026-09-03T20:10:09.111333-05:00	ICLR_results/terminalbench/ablation/qwen35b/d05__b2k__su-partial/hf-model-inference/summarization-partial/run_3	logs/harbor_jobs/terminalbench/qwen35b/qwen35b-summarization-partial-r3-1788483817605/hf-model-inference__icKsQDN	qwen35b-summarization-partial-r3-1788483817605
terminalbench	ablation	qwen35b	d05__b2k__su-partial	incompatible-python-fasttext__summarization-partial__r3	incompatible-python-fasttext	summarization-partial	3	summarization_partial	2000	0.5	summary_failure_accounting	priority	0		False	2026-09-03T20:03:38.967670-05:00	ICLR_results/terminalbench/ablation/qwen35b/d05__b2k__su-partial/incompatible-python-fasttext/summarization-partial/run_3	logs/harbor_jobs/terminalbench/qwen35b/qwen35b-summarization-partial-r3-1788483817605/incompatible-python-fasttext__WGcsnCg	qwen35b-summarization-partial-r3-1788483817605
terminalbench	ablation	qwen35b	d05__b2k__su-partial	processing-pipeline__summarization-partial__r3	processing-pipeline	summarization-partial	3	summarization_partial	2000	0.5	summary_failure_accounting	priority	0		False	2026-09-03T20:16:31.035928-05:00	ICLR_results/terminalbench/ablation/qwen35b/d05__b2k__su-partial/processing-pipeline/summarization-partial/run_3	logs/harbor_jobs/terminalbench/qwen35b/qwen35b-summarization-partial-r3-1788483817605/processing-pipeline__kyaeLcH	qwen35b-summarization-partial-r3-1788483817605
terminalbench	ablation	qwen35b	d05__b2k__su-partial	pytorch-model-cli.hard__summarization-partial__r3	pytorch-model-cli.hard	summarization-partial	3	summarization_partial	2000	0.5	summary_failure_accounting	priority	0		False	2026-09-03T20:03:39.019754-05:00	ICLR_results/terminalbench/ablation/qwen35b/d05__b2k__su-partial/pytorch-model-cli.hard/summarization-partial/run_3	logs/harbor_jobs/terminalbench/qwen35b/qwen35b-summarization-partial-r3-1788483817605/pytorch-model-cli.hard__mdi4D7e	qwen35b-summarization-partial-r3-1788483817605
terminalbench	ablation	qwen35b	d05__b2k__su-partial	sanitize-git-repo.hard__summarization-partial__r3	sanitize-git-repo.hard	summarization-partial	3	summarization_partial	2000	0.5	summary_failure_accounting	priority	0		False	2026-09-03T20:22:56.598076-05:00	ICLR_results/terminalbench/ablation/qwen35b/d05__b2k__su-partial/sanitize-git-repo.hard/summarization-partial/run_3	logs/harbor_jobs/terminalbench/qwen35b/qwen35b-summarization-partial-r3-1788483817605/sanitize-git-repo.hard__VkQkhcX	qwen35b-summarization-partial-r3-1788483817605
terminalbench	ablation	qwen35b	d05__b2k__su-partial	sqlite-with-gcov__summarization-partial__r3	sqlite-with-gcov	summarization-partial	3	summarization_partial	2000	0.5	summary_failure_accounting	priority	0		False	2026-09-03T20:03:39.025698-05:00	ICLR_results/terminalbench/ablation/qwen35b/d05__b2k__su-partial/sqlite-with-gcov/summarization-partial/run_3	logs/harbor_jobs/terminalbench/qwen35b/qwen35b-summarization-partial-r3-1788483817605/sqlite-with-gcov__ksdN6CV	qwen35b-summarization-partial-r3-1788483817605
terminalbench	ablation	qwen35b	d05__b2k__su-partial	swe-bench-fsspec__summarization-partial__r3	swe-bench-fsspec	summarization-partial	3	summarization_partial	2000	0.5	summary_failure_accounting	priority	0		False	2026-09-03T20:13:59.863267-05:00	ICLR_results/terminalbench/ablation/qwen35b/d05__b2k__su-partial/swe-bench-fsspec/summarization-partial/run_3	logs/harbor_jobs/terminalbench/qwen35b/qwen35b-summarization-partial-r3-1788483817605/swe-bench-fsspec__UNUp6UF	qwen35b-summarization-partial-r3-1788483817605
terminalbench	ablation	qwen35b	d05__b2k__su-partial	write-compressor__summarization-partial__r3	write-compressor	summarization-partial	3	summarization_partial	2000	0.5	summary_failure_accounting	priority	0		False	2026-09-03T20:16:31.746824-05:00	ICLR_results/terminalbench/ablation/qwen35b/d05__b2k__su-partial/write-compressor/summarization-partial/run_3	logs/harbor_jobs/terminalbench/qwen35b/qwen35b-summarization-partial-r3-1788483817605/write-compressor__VRp95JZ	qwen35b-summarization-partial-r3-1788483817605
terminalbench	main	qwen35b	d05__b3k__ss	extract-moves-from-video__structured-summarize__r1	extract-moves-from-video	structured-summarize	1	structured_summarize	3000	0.5	tb_erasure_possible	probable	0		False	2026-09-01T09:32:26.126128-05:00	ICLR_results/terminalbench/main/qwen35b/d05__b3k__ss/extract-moves-from-video/structured-summarize/run_1	logs/harbor_jobs/terminalbench/qwen35b/qwen35b-structured-summarize-r1-1788271095304/extract-moves-from-video__dPyZLZx	qwen35b-structured-summarize-r1-1788271095304
terminalbench	main	qwen35b	d05__b3k__ss	fibonacci-server__structured-summarize__r1	fibonacci-server	structured-summarize	1	structured_summarize	3000	0.5	tb_erasure_possible	probable	0	Submitted	True	2026-09-01T09:09:51.352767-05:00	ICLR_results/terminalbench/main/qwen35b/d05__b3k__ss/fibonacci-server/structured-summarize/run_1	logs/harbor_jobs/terminalbench/qwen35b/qwen35b-structured-summarize-r1-1788271095304/fibonacci-server__MReaoxj	qwen35b-structured-summarize-r1-1788271095304
terminalbench	main	qwen35b	d05__b3k__ss	fix-git__structured-summarize__r1	fix-git	structured-summarize	1	structured_summarize	3000	0.5	tb_erasure_possible	probable	0	Submitted	False	2026-09-01T09:42:55.671437-05:00	ICLR_results/terminalbench/main/qwen35b/d05__b3k__ss/fix-git/structured-summarize/run_1	logs/harbor_jobs/terminalbench/qwen35b/qwen35b-structured-summarize-r1-1788271095304/fix-git__44Ykbci	qwen35b-structured-summarize-r1-1788271095304
terminalbench	main	qwen35b	d05__b3k__ss	fix-pandas-version__structured-summarize__r1	fix-pandas-version	structured-summarize	1	structured_summarize	3000	0.5	tb_erasure_possible	probable	0	Submitted	True	2026-09-01T09:17:53.679074-05:00	ICLR_results/terminalbench/main/qwen35b/d05__b3k__ss/fix-pandas-version/structured-summarize/run_1	logs/harbor_jobs/terminalbench/qwen35b/qwen35b-structured-summarize-r1-1788271095304/fix-pandas-version__ad2g6md	qwen35b-structured-summarize-r1-1788271095304
terminalbench	main	qwen35b	d05__b3k__ss	hf-model-inference__structured-summarize__r1	hf-model-inference	structured-summarize	1	structured_summarize	3000	0.5	tb_erasure_possible	probable	0	Submitted	False	2026-09-01T09:15:02.572435-05:00	ICLR_results/terminalbench/main/qwen35b/d05__b3k__ss/hf-model-inference/structured-summarize/run_1	logs/harbor_jobs/terminalbench/qwen35b/qwen35b-structured-summarize-r1-1788271095304/hf-model-inference__umHhqG7	qwen35b-structured-summarize-r1-1788271095304
terminalbench	main	qwen35b	d05__b3k__ss	processing-pipeline__structured-summarize__r1	processing-pipeline	structured-summarize	1	structured_summarize	3000	0.5	tb_erasure_possible	probable	0	Submitted	True	2026-09-01T09:25:15.369425-05:00	ICLR_results/terminalbench/main/qwen35b/d05__b3k__ss/processing-pipeline/structured-summarize/run_1	logs/harbor_jobs/terminalbench/qwen35b/qwen35b-structured-summarize-r1-1788271095304/processing-pipeline__fhqr8SP	qwen35b-structured-summarize-r1-1788271095304
terminalbench	main	qwen35b	d05__b3k__ss	raman-fitting.easy__structured-summarize__r1	raman-fitting.easy	structured-summarize	1	structured_summarize	3000	0.5	tb_erasure_possible	probable	0	Submitted	False	2026-09-01T08:58:16.797273-05:00	ICLR_results/terminalbench/main/qwen35b/d05__b3k__ss/raman-fitting.easy/structured-summarize/run_1	logs/harbor_jobs/terminalbench/qwen35b/qwen35b-structured-summarize-r1-1788271095304/raman-fitting.easy__REYJguJ	qwen35b-structured-summarize-r1-1788271095304
terminalbench	main	qwen35b	d05__b3k__ss	sqlite-with-gcov__structured-summarize__r1	sqlite-with-gcov	structured-summarize	1	structured_summarize	3000	0.5	tb_erasure_possible	probable	0		False	2026-09-01T09:08:39.933051-05:00	ICLR_results/terminalbench/main/qwen35b/d05__b3k__ss/sqlite-with-gcov/structured-summarize/run_1	logs/harbor_jobs/terminalbench/qwen35b/qwen35b-structured-summarize-r1-1788271095304/sqlite-with-gcov__B4mBpsz	qwen35b-structured-summarize-r1-1788271095304
terminalbench	main	qwen35b	d05__b3k__ss	cartpole-rl-training__structured-summarize__r2	cartpole-rl-training	structured-summarize	2	structured_summarize	3000	0.5	tb_erasure_possible	probable	0		False	2026-09-01T12:06:49.994977-05:00	ICLR_results/terminalbench/main/qwen35b/d05__b3k__ss/cartpole-rl-training/structured-summarize/run_2	logs/harbor_jobs/terminalbench/qwen35b/qwen35b-structured-summarize-r2-1788278104097/cartpole-rl-training__M2VwTCa	qwen35b-structured-summarize-r2-1788278104097
terminalbench	main	qwen35b	d05__b3k__ss	decommissioning-service-with-sensitive-data__structured-summarize__r2	decommissioning-service-with-sensitive-data	structured-summarize	2	structured_summarize	3000	0.5	tb_erasure_possible	probable	0	Submitted	False	2026-09-01T12:03:03.766716-05:00	ICLR_results/terminalbench/main/qwen35b/d05__b3k__ss/decommissioning-service-with-sensitive-data/structured-summarize/run_2	logs/harbor_jobs/terminalbench/qwen35b/qwen35b-structured-summarize-r2-1788278104097/decommissioning-service-with-sen__p9eduMt	qwen35b-structured-summarize-r2-1788278104097
terminalbench	main	qwen35b	d05__b3k__ss	fix-git__structured-summarize__r2	fix-git	structured-summarize	2	structured_summarize	3000	0.5	tb_erasure_possible	probable	0	Submitted	False	2026-09-01T11:39:05.661734-05:00	ICLR_results/terminalbench/main/qwen35b/d05__b3k__ss/fix-git/structured-summarize/run_2	logs/harbor_jobs/terminalbench/qwen35b/qwen35b-structured-summarize-r2-1788278104097/fix-git__wmbGvcA	qwen35b-structured-summarize-r2-1788278104097
terminalbench	main	qwen35b	d05__b3k__ss	gpt2-codegolf__structured-summarize__r2	gpt2-codegolf	structured-summarize	2	structured_summarize	3000	0.5	tb_erasure_possible	probable	0		False	2026-09-01T11:05:04.428957-05:00	ICLR_results/terminalbench/main/qwen35b/d05__b3k__ss/gpt2-codegolf/structured-summarize/run_2	logs/harbor_jobs/terminalbench/qwen35b/qwen35b-structured-summarize-r2-1788278104097/gpt2-codegolf__KC3xPWc	qwen35b-structured-summarize-r2-1788278104097
terminalbench	main	qwen35b	d05__b3k__ss	heterogeneous-dates__structured-summarize__r2	heterogeneous-dates	structured-summarize	2	structured_summarize	3000	0.5	tb_erasure_possible	probable	0	Submitted	True	2026-09-01T12:12:02.439531-05:00	ICLR_results/terminalbench/main/qwen35b/d05__b3k__ss/heterogeneous-dates/structured-summarize/run_2	logs/harbor_jobs/terminalbench/qwen35b/qwen35b-structured-summarize-r2-1788278104097/heterogeneous-dates__NZXjq2Z	qwen35b-structured-summarize-r2-1788278104097
terminalbench	main	qwen35b	d05__b3k__ss	incompatible-python-fasttext__structured-summarize__r2	incompatible-python-fasttext	structured-summarize	2	structured_summarize	3000	0.5	tb_erasure_possible	probable	0	Submitted	False	2026-09-01T10:55:05.612322-05:00	ICLR_results/terminalbench/main/qwen35b/d05__b3k__ss/incompatible-python-fasttext/structured-summarize/run_2	logs/harbor_jobs/terminalbench/qwen35b/qwen35b-structured-summarize-r2-1788278104097/incompatible-python-fasttext__Z2SqT2D	qwen35b-structured-summarize-r2-1788278104097
terminalbench	main	qwen35b	d05__b3k__ss	modernize-fortran-build__structured-summarize__r2	modernize-fortran-build	structured-summarize	2	structured_summarize	3000	0.5	tb_erasure_possible	probable	0	Submitted	True	2026-09-01T11:23:10.641266-05:00	ICLR_results/terminalbench/main/qwen35b/d05__b3k__ss/modernize-fortran-build/structured-summarize/run_2	logs/harbor_jobs/terminalbench/qwen35b/qwen35b-structured-summarize-r2-1788278104097/modernize-fortran-build__vvvCV5w	qwen35b-structured-summarize-r2-1788278104097
terminalbench	main	qwen35b	d05__b3k__ss	new-encrypt-command__structured-summarize__r2	new-encrypt-command	structured-summarize	2	structured_summarize	3000	0.5	tb_erasure_possible	probable	0	Submitted	True	2026-09-01T11:35:14.443858-05:00	ICLR_results/terminalbench/main/qwen35b/d05__b3k__ss/new-encrypt-command/structured-summarize/run_2	logs/harbor_jobs/terminalbench/qwen35b/qwen35b-structured-summarize-r2-1788278104097/new-encrypt-command__69ctS2h	qwen35b-structured-summarize-r2-1788278104097
terminalbench	main	qwen35b	d05__b3k__ss	processing-pipeline__structured-summarize__r2	processing-pipeline	structured-summarize	2	structured_summarize	3000	0.5	tb_erasure_possible	probable	0	Submitted	True	2026-09-01T11:21:24.821123-05:00	ICLR_results/terminalbench/main/qwen35b/d05__b3k__ss/processing-pipeline/structured-summarize/run_2	logs/harbor_jobs/terminalbench/qwen35b/qwen35b-structured-summarize-r2-1788278104097/processing-pipeline__MnPfQGk	qwen35b-structured-summarize-r2-1788278104097
terminalbench	main	qwen35b	d05__b3k__ss	pytorch-model-cli.hard__structured-summarize__r2	pytorch-model-cli.hard	structured-summarize	2	structured_summarize	3000	0.5	tb_erasure_possible	probable	0		False	2026-09-01T10:56:36.255234-05:00	ICLR_results/terminalbench/main/qwen35b/d05__b3k__ss/pytorch-model-cli.hard/structured-summarize/run_2	logs/harbor_jobs/terminalbench/qwen35b/qwen35b-structured-summarize-r2-1788278104097/pytorch-model-cli.hard__ANWYhXg	qwen35b-structured-summarize-r2-1788278104097
terminalbench	main	qwen35b	d05__b3k__ss	qemu-alpine-ssh__structured-summarize__r2	qemu-alpine-ssh	structured-summarize	2	structured_summarize	3000	0.5	tb_erasure_possible	probable	0		False	2026-09-01T11:06:53.749336-05:00	ICLR_results/terminalbench/main/qwen35b/d05__b3k__ss/qemu-alpine-ssh/structured-summarize/run_2	logs/harbor_jobs/terminalbench/qwen35b/qwen35b-structured-summarize-r2-1788278104097/qemu-alpine-ssh__Hu3zreF	qwen35b-structured-summarize-r2-1788278104097
terminalbench	main	qwen35b	d05__b3k__ss	qemu-startup__structured-summarize__r2	qemu-startup	structured-summarize	2	structured_summarize	3000	0.5	tb_erasure_possible	probable	0	Submitted	True	2026-09-01T11:50:00.492649-05:00	ICLR_results/terminalbench/main/qwen35b/d05__b3k__ss/qemu-startup/structured-summarize/run_2	logs/harbor_jobs/terminalbench/qwen35b/qwen35b-structured-summarize-r2-1788278104097/qemu-startup__WgEp5pY	qwen35b-structured-summarize-r2-1788278104097
terminalbench	main	qwen35b	d05__b3k__ss	raman-fitting.easy__structured-summarize__r2	raman-fitting.easy	structured-summarize	2	structured_summarize	3000	0.5	tb_erasure_possible	probable	0	Submitted	False	2026-09-01T10:55:05.607839-05:00	ICLR_results/terminalbench/main/qwen35b/d05__b3k__ss/raman-fitting.easy/structured-summarize/run_2	logs/harbor_jobs/terminalbench/qwen35b/qwen35b-structured-summarize-r2-1788278104097/raman-fitting.easy__Et7FyjT	qwen35b-structured-summarize-r2-1788278104097
terminalbench	main	qwen35b	d05__b3k__ss	sqlite-with-gcov__structured-summarize__r2	sqlite-with-gcov	structured-summarize	2	structured_summarize	3000	0.5	tb_unverifiable	probable	0		False	2026-09-01T11:02:18.484321-05:00	ICLR_results/terminalbench/main/qwen35b/d05__b3k__ss/sqlite-with-gcov/structured-summarize/run_2	logs/harbor_jobs/terminalbench/qwen35b/qwen35b-structured-summarize-r2-1788278104097/sqlite-with-gcov__K6b7Dhg	qwen35b-structured-summarize-r2-1788278104097
terminalbench	main	qwen35b	d05__b3k__ss	write-compressor__structured-summarize__r2	write-compressor	structured-summarize	2	structured_summarize	3000	0.5	tb_erasure_possible	probable	0		False	2026-09-01T11:41:07.638847-05:00	ICLR_results/terminalbench/main/qwen35b/d05__b3k__ss/write-compressor/structured-summarize/run_2	logs/harbor_jobs/terminalbench/qwen35b/qwen35b-structured-summarize-r2-1788278104097/write-compressor__Djz5S3P	qwen35b-structured-summarize-r2-1788278104097
terminalbench	main	qwen35b	d05__b3k__ss	count-dataset-tokens__structured-summarize__r3	count-dataset-tokens	structured-summarize	3	structured_summarize	3000	0.5	tb_unverifiable	probable	0		False	2026-09-01T12:53:39.934112-05:00	ICLR_results/terminalbench/main/qwen35b/d05__b3k__ss/count-dataset-tokens/structured-summarize/run_3	logs/harbor_jobs/terminalbench/qwen35b/qwen35b-structured-summarize-r3-1788284971711/count-dataset-tokens__38YeR3k	qwen35b-structured-summarize-r3-1788284971711
terminalbench	main	qwen35b	d05__b3k__ss	csv-to-parquet__structured-summarize__r3	csv-to-parquet	structured-summarize	3	structured_summarize	3000	0.5	tb_unverifiable	probable	0		False	2026-09-01T13:15:59.412684-05:00	ICLR_results/terminalbench/main/qwen35b/d05__b3k__ss/csv-to-parquet/structured-summarize/run_3	logs/harbor_jobs/terminalbench/qwen35b/qwen35b-structured-summarize-r3-1788284971711/csv-to-parquet__Q75ohnR	qwen35b-structured-summarize-r3-1788284971711
terminalbench	main	qwen35b	d05__b3k__ss	download-youtube__structured-summarize__r3	download-youtube	structured-summarize	3	structured_summarize	3000	0.5	tb_erasure_possible	probable	0		False	2026-09-01T13:50:07.523962-05:00	ICLR_results/terminalbench/main/qwen35b/d05__b3k__ss/download-youtube/structured-summarize/run_3	logs/harbor_jobs/terminalbench/qwen35b/qwen35b-structured-summarize-r3-1788284971711/download-youtube__P473BQ8	qwen35b-structured-summarize-r3-1788284971711
terminalbench	main	qwen35b	d05__b3k__ss	eval-mteb.hard__structured-summarize__r3	eval-mteb.hard	structured-summarize	3	structured_summarize	3000	0.5	tb_erasure_possible	probable	0	Submitted	True	2026-09-01T13:57:39.408767-05:00	ICLR_results/terminalbench/main/qwen35b/d05__b3k__ss/eval-mteb.hard/structured-summarize/run_3	logs/harbor_jobs/terminalbench/qwen35b/qwen35b-structured-summarize-r3-1788284971711/eval-mteb.hard__uAxSTNw	qwen35b-structured-summarize-r3-1788284971711
terminalbench	main	qwen35b	d05__b3k__ss	fibonacci-server__structured-summarize__r3	fibonacci-server	structured-summarize	3	structured_summarize	3000	0.5	tb_unverifiable	probable	0		False	2026-09-01T13:03:13.663515-05:00	ICLR_results/terminalbench/main/qwen35b/d05__b3k__ss/fibonacci-server/structured-summarize/run_3	logs/harbor_jobs/terminalbench/qwen35b/qwen35b-structured-summarize-r3-1788284971711/fibonacci-server__95waGmN	qwen35b-structured-summarize-r3-1788284971711
terminalbench	main	qwen35b	d05__b3k__ss	fix-git__structured-summarize__r3	fix-git	structured-summarize	3	structured_summarize	3000	0.5	tb_erasure_possible	probable	0	Submitted	False	2026-09-01T13:37:47.925372-05:00	ICLR_results/terminalbench/main/qwen35b/d05__b3k__ss/fix-git/structured-summarize/run_3	logs/harbor_jobs/terminalbench/qwen35b/qwen35b-structured-summarize-r3-1788284971711/fix-git__yeRzD9R	qwen35b-structured-summarize-r3-1788284971711
terminalbench	main	qwen35b	d05__b3k__ss	incompatible-python-fasttext__structured-summarize__r3	incompatible-python-fasttext	structured-summarize	3	structured_summarize	3000	0.5	tb_erasure_possible	probable	0	Submitted	True	2026-09-01T12:49:33.190480-05:00	ICLR_results/terminalbench/main/qwen35b/d05__b3k__ss/incompatible-python-fasttext/structured-summarize/run_3	logs/harbor_jobs/terminalbench/qwen35b/qwen35b-structured-summarize-r3-1788284971711/incompatible-python-fasttext__CEF47gQ	qwen35b-structured-summarize-r3-1788284971711
terminalbench	main	qwen35b	d05__b3k__ss	modernize-fortran-build__structured-summarize__r3	modernize-fortran-build	structured-summarize	3	structured_summarize	3000	0.5	tb_erasure_possible	probable	0	Submitted	True	2026-09-01T13:21:56.313095-05:00	ICLR_results/terminalbench/main/qwen35b/d05__b3k__ss/modernize-fortran-build/structured-summarize/run_3	logs/harbor_jobs/terminalbench/qwen35b/qwen35b-structured-summarize-r3-1788284971711/modernize-fortran-build__QH6nTxC	qwen35b-structured-summarize-r3-1788284971711
terminalbench	main	qwen35b	d05__b3k__ss	new-encrypt-command__structured-summarize__r3	new-encrypt-command	structured-summarize	3	structured_summarize	3000	0.5	tb_erasure_possible	probable	0	Submitted	True	2026-09-01T13:33:31.296716-05:00	ICLR_results/terminalbench/main/qwen35b/d05__b3k__ss/new-encrypt-command/structured-summarize/run_3	logs/harbor_jobs/terminalbench/qwen35b/qwen35b-structured-summarize-r3-1788284971711/new-encrypt-command__mSMdgPd	qwen35b-structured-summarize-r3-1788284971711
terminalbench	main	qwen35b	d05__b3k__ss	path-tracing-reverse__structured-summarize__r3	path-tracing-reverse	structured-summarize	3	structured_summarize	3000	0.5	tb_unverifiable	probable	0		False	2026-09-01T12:50:35.853131-05:00	ICLR_results/terminalbench/main/qwen35b/d05__b3k__ss/path-tracing-reverse/structured-summarize/run_3	logs/harbor_jobs/terminalbench/qwen35b/qwen35b-structured-summarize-r3-1788284971711/path-tracing-reverse__hooWXTY	qwen35b-structured-summarize-r3-1788284971711
terminalbench	main	qwen35b	d05__b3k__ss	processing-pipeline__structured-summarize__r3	processing-pipeline	structured-summarize	3	structured_summarize	3000	0.5	tb_erasure_possible	probable	0	Submitted	True	2026-09-01T13:20:08.497089-05:00	ICLR_results/terminalbench/main/qwen35b/d05__b3k__ss/processing-pipeline/structured-summarize/run_3	logs/harbor_jobs/terminalbench/qwen35b/qwen35b-structured-summarize-r3-1788284971711/processing-pipeline__zmFn2G8	qwen35b-structured-summarize-r3-1788284971711
terminalbench	main	qwen35b	d05__b3k__ss	prove-plus-comm__structured-summarize__r3	prove-plus-comm	structured-summarize	3	structured_summarize	3000	0.5	tb_erasure_possible	probable	0		False	2026-09-01T12:49:33.194952-05:00	ICLR_results/terminalbench/main/qwen35b/d05__b3k__ss/prove-plus-comm/structured-summarize/run_3	logs/harbor_jobs/terminalbench/qwen35b/qwen35b-structured-summarize-r3-1788284971711/prove-plus-comm__qdehyZF	qwen35b-structured-summarize-r3-1788284971711
terminalbench	main	qwen35b	d05__b3k__ss	pytorch-model-cli.hard__structured-summarize__r3	pytorch-model-cli.hard	structured-summarize	3	structured_summarize	3000	0.5	tb_erasure_possible	probable	0		False	2026-09-01T12:55:59.963595-05:00	ICLR_results/terminalbench/main/qwen35b/d05__b3k__ss/pytorch-model-cli.hard/structured-summarize/run_3	logs/harbor_jobs/terminalbench/qwen35b/qwen35b-structured-summarize-r3-1788284971711/pytorch-model-cli.hard__HEhiFwW	qwen35b-structured-summarize-r3-1788284971711
terminalbench	main	qwen35b	d05__b3k__ss	qemu-alpine-ssh__structured-summarize__r3	qemu-alpine-ssh	structured-summarize	3	structured_summarize	3000	0.5	tb_erasure_possible	probable	0		False	2026-09-01T13:03:23.171300-05:00	ICLR_results/terminalbench/main/qwen35b/d05__b3k__ss/qemu-alpine-ssh/structured-summarize/run_3	logs/harbor_jobs/terminalbench/qwen35b/qwen35b-structured-summarize-r3-1788284971711/qemu-alpine-ssh__mpJAXA3	qwen35b-structured-summarize-r3-1788284971711
terminalbench	main	qwen35b	d05__b3k__ss	sqlite-with-gcov__structured-summarize__r3	sqlite-with-gcov	structured-summarize	3	structured_summarize	3000	0.5	tb_unverifiable	probable	0		False	2026-09-01T12:57:01.064837-05:00	ICLR_results/terminalbench/main/qwen35b/d05__b3k__ss/sqlite-with-gcov/structured-summarize/run_3	logs/harbor_jobs/terminalbench/qwen35b/qwen35b-structured-summarize-r3-1788284971711/sqlite-with-gcov__ZxHsnqQ	qwen35b-structured-summarize-r3-1788284971711
terminalbench	main	qwen35b	d05__b3k__ss	tmux-advanced-workflow__structured-summarize__r3	tmux-advanced-workflow	structured-summarize	3	structured_summarize	3000	0.5	tb_erasure_possible	probable	0	Submitted	False	2026-09-01T12:49:33.136792-05:00	ICLR_results/terminalbench/main/qwen35b/d05__b3k__ss/tmux-advanced-workflow/structured-summarize/run_3	logs/harbor_jobs/terminalbench/qwen35b/qwen35b-structured-summarize-r3-1788284971711/tmux-advanced-workflow__Y5Cu5VA	qwen35b-structured-summarize-r3-1788284971711
terminalbench	main	qwen35b	d05__b3k__ss-partial	gpt2-codegolf__structured-summarize-partial__r1	gpt2-codegolf	structured-summarize-partial	1	structured_summarize_partial	3000	0.5	tb_erasure_possible	probable	0		False	2026-09-01T14:56:48.587972-05:00	ICLR_results/terminalbench/main/qwen35b/d05__b3k__ss-partial/gpt2-codegolf/structured-summarize-partial/run_1	logs/harbor_jobs/terminalbench/qwen35b/qwen35b-structured-summarize-partial-r1-1788291632931/gpt2-codegolf__fvvErAs	qwen35b-structured-summarize-partial-r1-1788291632931
terminalbench	main	qwen35b	d05__b3k__su-full	blind-maze-explorer-5x5__summarization__r1	blind-maze-explorer-5x5	summarization	1	summarization	3000	0.5	tb_erasure_possible	probable	0	Submitted	False	2026-08-31T19:43:55.471257-05:00	ICLR_results/terminalbench/main/qwen35b/d05__b3k__su-full/blind-maze-explorer-5x5/summarization/run_1	logs/harbor_jobs/terminalbench/qwen35b/qwen35b-summarization-r1-1788218779822/blind-maze-explorer-5x5__6nNarua	qwen35b-summarization-r1-1788218779822
terminalbench	main	qwen35b	d05__b3k__su-full	blind-maze-explorer-algorithm__summarization__r1	blind-maze-explorer-algorithm	summarization	1	summarization	3000	0.5	tb_erasure_possible	probable	0	Submitted	False	2026-08-31T19:04:38.156111-05:00	ICLR_results/terminalbench/main/qwen35b/d05__b3k__su-full/blind-maze-explorer-algorithm/summarization/run_1	logs/harbor_jobs/terminalbench/qwen35b/qwen35b-summarization-r1-1788218779822/blind-maze-explorer-algorithm__auXaRWJ	qwen35b-summarization-r1-1788218779822
terminalbench	main	qwen35b	d05__b3k__su-full	cartpole-rl-training__summarization__r1	cartpole-rl-training	summarization	1	summarization	3000	0.5	tb_erasure_possible	probable	0		False	2026-08-31T19:50:05.010235-05:00	ICLR_results/terminalbench/main/qwen35b/d05__b3k__su-full/cartpole-rl-training/summarization/run_1	logs/harbor_jobs/terminalbench/qwen35b/qwen35b-summarization-r1-1788218779822/cartpole-rl-training__Jo7fw6U	qwen35b-summarization-r1-1788218779822
terminalbench	main	qwen35b	d05__b3k__su-full	count-dataset-tokens__summarization__r1	count-dataset-tokens	summarization	1	summarization	3000	0.5	summary_related_response	probable	0		False	2026-08-31T18:32:50.493180-05:00	ICLR_results/terminalbench/main/qwen35b/d05__b3k__su-full/count-dataset-tokens/summarization/run_1	logs/harbor_jobs/terminalbench/qwen35b/qwen35b-summarization-r1-1788218779822/count-dataset-tokens__KMQP6tC	qwen35b-summarization-r1-1788218779822
terminalbench	main	qwen35b	d05__b3k__su-full	crack-7z-hash.hard__summarization__r1	crack-7z-hash.hard	summarization	1	summarization	3000	0.5	summary_failure_accounting	priority	0		False	2026-08-31T19:20:32.074242-05:00	ICLR_results/terminalbench/main/qwen35b/d05__b3k__su-full/crack-7z-hash.hard/summarization/run_1	logs/harbor_jobs/terminalbench/qwen35b/qwen35b-summarization-r1-1788218779822/crack-7z-hash.hard__Vnh6Daq	qwen35b-summarization-r1-1788218779822
terminalbench	main	qwen35b	d05__b3k__su-full	csv-to-parquet__summarization__r1	csv-to-parquet	summarization	1	summarization	3000	0.5	tb_erasure_possible	probable	0		False	2026-08-31T18:53:38.237307-05:00	ICLR_results/terminalbench/main/qwen35b/d05__b3k__su-full/csv-to-parquet/summarization/run_1	logs/harbor_jobs/terminalbench/qwen35b/qwen35b-summarization-r1-1788218779822/csv-to-parquet__3oJLaZ2	qwen35b-summarization-r1-1788218779822
terminalbench	main	qwen35b	d05__b3k__su-full	decommissioning-service-with-sensitive-data__summarization__r1	decommissioning-service-with-sensitive-data	summarization	1	summarization	3000	0.5	summary_failure_accounting	priority	0		False	2026-08-31T19:39:36.972167-05:00	ICLR_results/terminalbench/main/qwen35b/d05__b3k__su-full/decommissioning-service-with-sensitive-data/summarization/run_1	logs/harbor_jobs/terminalbench/qwen35b/qwen35b-summarization-r1-1788218779822/decommissioning-service-with-sen__p7ep3vE	qwen35b-summarization-r1-1788218779822
terminalbench	main	qwen35b	d05__b3k__su-full	download-youtube__summarization__r1	download-youtube	summarization	1	summarization	3000	0.5	summary_failure_accounting	priority	0		False	2026-08-31T19:26:52.839444-05:00	ICLR_results/terminalbench/main/qwen35b/d05__b3k__su-full/download-youtube/summarization/run_1	logs/harbor_jobs/terminalbench/qwen35b/qwen35b-summarization-r1-1788218779822/download-youtube__EAXLFBD	qwen35b-summarization-r1-1788218779822
terminalbench	main	qwen35b	d05__b3k__su-full	eval-mteb__summarization__r1	eval-mteb	summarization	1	summarization	3000	0.5	summary_failure_accounting	priority	0		False	2026-08-31T18:43:50.631703-05:00	ICLR_results/terminalbench/main/qwen35b/d05__b3k__su-full/eval-mteb/summarization/run_1	logs/harbor_jobs/terminalbench/qwen35b/qwen35b-summarization-r1-1788218779822/eval-mteb__4AoZE43	qwen35b-summarization-r1-1788218779822
terminalbench	main	qwen35b	d05__b3k__su-full	eval-mteb.hard__summarization__r1	eval-mteb.hard	summarization	1	summarization	3000	0.5	summary_failure_accounting	priority	0		False	2026-08-31T19:36:03.065172-05:00	ICLR_results/terminalbench/main/qwen35b/d05__b3k__su-full/eval-mteb.hard/summarization/run_1	logs/harbor_jobs/terminalbench/qwen35b/qwen35b-summarization-r1-1788218779822/eval-mteb.hard__eY3nXN2	qwen35b-summarization-r1-1788218779822
terminalbench	main	qwen35b	d05__b3k__su-full	extract-moves-from-video__summarization__r1	extract-moves-from-video	summarization	1	summarization	3000	0.5	summary_related_response	probable	0		False	2026-08-31T19:06:28.123130-05:00	ICLR_results/terminalbench/main/qwen35b/d05__b3k__su-full/extract-moves-from-video/summarization/run_1	logs/harbor_jobs/terminalbench/qwen35b/qwen35b-summarization-r1-1788218779822/extract-moves-from-video__wGAgvhW	qwen35b-summarization-r1-1788218779822
terminalbench	main	qwen35b	d05__b3k__su-full	fix-git__summarization__r1	fix-git	summarization	1	summarization	3000	0.5	tb_erasure_possible	probable	0		False	2026-08-31T19:14:10.588401-05:00	ICLR_results/terminalbench/main/qwen35b/d05__b3k__su-full/fix-git/summarization/run_1	logs/harbor_jobs/terminalbench/qwen35b/qwen35b-summarization-r1-1788218779822/fix-git__a7VZTT4	qwen35b-summarization-r1-1788218779822
terminalbench	main	qwen35b	d05__b3k__su-full	fix-pandas-version__summarization__r1	fix-pandas-version	summarization	1	summarization	3000	0.5	tb_unverifiable	probable	0		True	2026-08-31T18:47:43.503915-05:00	ICLR_results/terminalbench/main/qwen35b/d05__b3k__su-full/fix-pandas-version/summarization/run_1	logs/harbor_jobs/terminalbench/qwen35b/qwen35b-summarization-r1-1788218779822/fix-pandas-version__doemDkF	qwen35b-summarization-r1-1788218779822
terminalbench	main	qwen35b	d05__b3k__su-full	git-workflow-hack__summarization__r1	git-workflow-hack	summarization	1	summarization	3000	0.5	summary_related_response	probable	0		False	2026-08-31T19:12:51.097946-05:00	ICLR_results/terminalbench/main/qwen35b/d05__b3k__su-full/git-workflow-hack/summarization/run_1	logs/harbor_jobs/terminalbench/qwen35b/qwen35b-summarization-r1-1788218779822/git-workflow-hack__qnvVhsw	qwen35b-summarization-r1-1788218779822
terminalbench	main	qwen35b	d05__b3k__su-full	gpt2-codegolf__summarization__r1	gpt2-codegolf	summarization	1	summarization	3000	0.5	tb_unverifiable	probable	0		False	2026-08-31T18:41:21.653673-05:00	ICLR_results/terminalbench/main/qwen35b/d05__b3k__su-full/gpt2-codegolf/summarization/run_1	logs/harbor_jobs/terminalbench/qwen35b/qwen35b-summarization-r1-1788218779822/gpt2-codegolf__nUzGtSQ	qwen35b-summarization-r1-1788218779822
terminalbench	main	qwen35b	d05__b3k__su-full	hf-model-inference__summarization__r1	hf-model-inference	summarization	1	summarization	3000	0.5	summary_related_response	probable	0		False	2026-08-31T18:45:31.809310-05:00	ICLR_results/terminalbench/main/qwen35b/d05__b3k__su-full/hf-model-inference/summarization/run_1	logs/harbor_jobs/terminalbench/qwen35b/qwen35b-summarization-r1-1788218779822/hf-model-inference__PPkddPp	qwen35b-summarization-r1-1788218779822
terminalbench	main	qwen35b	d05__b3k__su-full	incompatible-python-fasttext__summarization__r1	incompatible-python-fasttext	summarization	1	summarization	3000	0.5	summary_failure_accounting	priority	0		True	2026-08-31T18:26:21.290505-05:00	ICLR_results/terminalbench/main/qwen35b/d05__b3k__su-full/incompatible-python-fasttext/summarization/run_1	logs/harbor_jobs/terminalbench/qwen35b/qwen35b-summarization-r1-1788218779822/incompatible-python-fasttext__FRWPThj	qwen35b-summarization-r1-1788218779822
terminalbench	main	qwen35b	d05__b3k__su-full	intrusion-detection__summarization__r1	intrusion-detection	summarization	1	summarization	3000	0.5	summary_related_response	probable	0		False	2026-08-31T19:12:36.695525-05:00	ICLR_results/terminalbench/main/qwen35b/d05__b3k__su-full/intrusion-detection/summarization/run_1	logs/harbor_jobs/terminalbench/qwen35b/qwen35b-summarization-r1-1788218779822/intrusion-detection__SsG99aD	qwen35b-summarization-r1-1788218779822
terminalbench	main	qwen35b	d05__b3k__su-full	modernize-fortran-build__summarization__r1	modernize-fortran-build	summarization	1	summarization	3000	0.5	summary_failure_accounting	priority	0		True	2026-08-31T19:00:03.143664-05:00	ICLR_results/terminalbench/main/qwen35b/d05__b3k__su-full/modernize-fortran-build/summarization/run_1	logs/harbor_jobs/terminalbench/qwen35b/qwen35b-summarization-r1-1788218779822/modernize-fortran-build__sXY9VWD	qwen35b-summarization-r1-1788218779822
terminalbench	main	qwen35b	d05__b3k__su-full	password-recovery__summarization__r1	password-recovery	summarization	1	summarization	3000	0.5	summary_failure_accounting	priority	0		False	2026-08-31T19:19:14.613258-05:00	ICLR_results/terminalbench/main/qwen35b/d05__b3k__su-full/password-recovery/summarization/run_1	logs/harbor_jobs/terminalbench/qwen35b/qwen35b-summarization-r1-1788218779822/password-recovery__PKodVCM	qwen35b-summarization-r1-1788218779822
terminalbench	main	qwen35b	d05__b3k__su-full	path-tracing-reverse__summarization__r1	path-tracing-reverse	summarization	1	summarization	3000	0.5	tb_unverifiable	probable	0		False	2026-08-31T18:32:47.381539-05:00	ICLR_results/terminalbench/main/qwen35b/d05__b3k__su-full/path-tracing-reverse/summarization/run_1	logs/harbor_jobs/terminalbench/qwen35b/qwen35b-summarization-r1-1788218779822/path-tracing-reverse__Djpk25G	qwen35b-summarization-r1-1788218779822
terminalbench	main	qwen35b	d05__b3k__su-full	processing-pipeline__summarization__r1	processing-pipeline	summarization	1	summarization	3000	0.5	summary_failure_accounting	priority	0		False	2026-08-31T18:58:14.747930-05:00	ICLR_results/terminalbench/main/qwen35b/d05__b3k__su-full/processing-pipeline/summarization/run_1	logs/harbor_jobs/terminalbench/qwen35b/qwen35b-summarization-r1-1788218779822/processing-pipeline__pp66ShF	qwen35b-summarization-r1-1788218779822
terminalbench	main	qwen35b	d05__b3k__su-full	prove-plus-comm__summarization__r1	prove-plus-comm	summarization	1	summarization	3000	0.5	tb_unverifiable	probable	0		True	2026-08-31T18:26:21.294854-05:00	ICLR_results/terminalbench/main/qwen35b/d05__b3k__su-full/prove-plus-comm/summarization/run_1	logs/harbor_jobs/terminalbench/qwen35b/qwen35b-summarization-r1-1788218779822/prove-plus-comm__ZaSYDyW	qwen35b-summarization-r1-1788218779822
terminalbench	main	qwen35b	d05__b3k__su-full	pytorch-model-cli.hard__summarization__r1	pytorch-model-cli.hard	summarization	1	summarization	3000	0.5	summary_failure_accounting	priority	0		False	2026-08-31T18:32:51.670693-05:00	ICLR_results/terminalbench/main/qwen35b/d05__b3k__su-full/pytorch-model-cli.hard/summarization/run_1	logs/harbor_jobs/terminalbench/qwen35b/qwen35b-summarization-r1-1788218779822/pytorch-model-cli.hard__NWMg2cz	qwen35b-summarization-r1-1788218779822
terminalbench	main	qwen35b	d05__b3k__su-full	qemu-alpine-ssh__summarization__r1	qemu-alpine-ssh	summarization	1	summarization	3000	0.5	tb_erasure_possible	probable	0		False	2026-08-31T18:43:14.729848-05:00	ICLR_results/terminalbench/main/qwen35b/d05__b3k__su-full/qemu-alpine-ssh/summarization/run_1	logs/harbor_jobs/terminalbench/qwen35b/qwen35b-summarization-r1-1788218779822/qemu-alpine-ssh__WULBYsE	qwen35b-summarization-r1-1788218779822
terminalbench	main	qwen35b	d05__b3k__su-full	qemu-startup__summarization__r1	qemu-startup	summarization	1	summarization	3000	0.5	summary_failure_accounting	priority	0		True	2026-08-31T19:25:38.633240-05:00	ICLR_results/terminalbench/main/qwen35b/d05__b3k__su-full/qemu-startup/summarization/run_1	logs/harbor_jobs/terminalbench/qwen35b/qwen35b-summarization-r1-1788218779822/qemu-startup__aKp3a9D	qwen35b-summarization-r1-1788218779822
terminalbench	main	qwen35b	d05__b3k__su-full	raman-fitting.easy__summarization__r1	raman-fitting.easy	summarization	1	summarization	3000	0.5	tb_unverifiable	probable	0		False	2026-08-31T18:26:21.286130-05:00	ICLR_results/terminalbench/main/qwen35b/d05__b3k__su-full/raman-fitting.easy/summarization/run_1	logs/harbor_jobs/terminalbench/qwen35b/qwen35b-summarization-r1-1788218779822/raman-fitting.easy__aGuZ9Xb	qwen35b-summarization-r1-1788218779822
terminalbench	main	qwen35b	d05__b3k__su-full	sanitize-git-repo__summarization__r1	sanitize-git-repo	summarization	1	summarization	3000	0.5	tb_erasure_possible	probable	0		False	2026-08-31T18:51:53.320290-05:00	ICLR_results/terminalbench/main/qwen35b/d05__b3k__su-full/sanitize-git-repo/summarization/run_1	logs/harbor_jobs/terminalbench/qwen35b/qwen35b-summarization-r1-1788218779822/sanitize-git-repo__jyJ5n3y	qwen35b-summarization-r1-1788218779822
terminalbench	main	qwen35b	d05__b3k__su-full	sanitize-git-repo.hard__summarization__r1	sanitize-git-repo.hard	summarization	1	summarization	3000	0.5	summary_related_response	probable	0		False	2026-08-31T19:33:15.654521-05:00	ICLR_results/terminalbench/main/qwen35b/d05__b3k__su-full/sanitize-git-repo.hard/summarization/run_1	logs/harbor_jobs/terminalbench/qwen35b/qwen35b-summarization-r1-1788218779822/sanitize-git-repo.hard__VJB6pC7	qwen35b-summarization-r1-1788218779822
terminalbench	main	qwen35b	d05__b3k__su-full	sqlite-with-gcov__summarization__r1	sqlite-with-gcov	summarization	1	summarization	3000	0.5	tb_erasure_possible	probable	0		False	2026-08-31T18:39:11.701966-05:00	ICLR_results/terminalbench/main/qwen35b/d05__b3k__su-full/sqlite-with-gcov/summarization/run_1	logs/harbor_jobs/terminalbench/qwen35b/qwen35b-summarization-r1-1788218779822/sqlite-with-gcov__hdqaDTy	qwen35b-summarization-r1-1788218779822
terminalbench	main	qwen35b	d05__b3k__su-full	super-benchmark-upet__summarization__r1	super-benchmark-upet	summarization	1	summarization	3000	0.5	summary_failure_accounting	priority	0		False	2026-08-31T19:10:07.828854-05:00	ICLR_results/terminalbench/main/qwen35b/d05__b3k__su-full/super-benchmark-upet/summarization/run_1	logs/harbor_jobs/terminalbench/qwen35b/qwen35b-summarization-r1-1788218779822/super-benchmark-upet__dq5jeae	qwen35b-summarization-r1-1788218779822
terminalbench	main	qwen35b	d05__b3k__su-full	swe-bench-astropy-2__summarization__r1	swe-bench-astropy-2	summarization	1	summarization	3000	0.5	summary_failure_accounting	priority	0		False	2026-08-31T19:25:25.113638-05:00	ICLR_results/terminalbench/main/qwen35b/d05__b3k__su-full/swe-bench-astropy-2/summarization/run_1	logs/harbor_jobs/terminalbench/qwen35b/qwen35b-summarization-r1-1788218779822/swe-bench-astropy-2__HBPvHSi	qwen35b-summarization-r1-1788218779822
terminalbench	main	qwen35b	d05__b3k__su-full	swe-bench-fsspec__summarization__r1	swe-bench-fsspec	summarization	1	summarization	3000	0.5	tb_unverifiable	probable	0		False	2026-08-31T18:54:01.083728-05:00	ICLR_results/terminalbench/main/qwen35b/d05__b3k__su-full/swe-bench-fsspec/summarization/run_1	logs/harbor_jobs/terminalbench/qwen35b/qwen35b-summarization-r1-1788218779822/swe-bench-fsspec__dJQvbEy	qwen35b-summarization-r1-1788218779822
terminalbench	main	qwen35b	d05__b3k__su-full	tmux-advanced-workflow__summarization__r1	tmux-advanced-workflow	summarization	1	summarization	3000	0.5	tb_unverifiable	probable	0		False	2026-08-31T18:26:21.237096-05:00	ICLR_results/terminalbench/main/qwen35b/d05__b3k__su-full/tmux-advanced-workflow/summarization/run_1	logs/harbor_jobs/terminalbench/qwen35b/qwen35b-summarization-r1-1788218779822/tmux-advanced-workflow__2iHkmJf	qwen35b-summarization-r1-1788218779822
terminalbench	main	qwen35b	d05__b3k__su-full	write-compressor__summarization__r1	write-compressor	summarization	1	summarization	3000	0.5	tb_unverifiable	probable	0		False	2026-08-31T19:19:01.884983-05:00	ICLR_results/terminalbench/main/qwen35b/d05__b3k__su-full/write-compressor/summarization/run_1	logs/harbor_jobs/terminalbench/qwen35b/qwen35b-summarization-r1-1788218779822/write-compressor__4u4F9o7	qwen35b-summarization-r1-1788218779822
terminalbench	main	qwen35b	d05__b3k__su-full	blind-maze-explorer-algorithm__summarization__r2	blind-maze-explorer-algorithm	summarization	2	summarization	3000	0.5	tb_erasure_possible	probable	0		False	2026-08-31T20:57:53.381202-05:00	ICLR_results/terminalbench/main/qwen35b/d05__b3k__su-full/blind-maze-explorer-algorithm/summarization/run_2	logs/harbor_jobs/terminalbench/qwen35b/qwen35b-summarization-r2-1788226126756/blind-maze-explorer-algorithm__EqgrsBs	qwen35b-summarization-r2-1788226126756
terminalbench	main	qwen35b	d05__b3k__su-full	cartpole-rl-training__summarization__r2	cartpole-rl-training	summarization	2	summarization	3000	0.5	summary_related_response	probable	0		False	2026-08-31T21:45:04.506290-05:00	ICLR_results/terminalbench/main/qwen35b/d05__b3k__su-full/cartpole-rl-training/summarization/run_2	logs/harbor_jobs/terminalbench/qwen35b/qwen35b-summarization-r2-1788226126756/cartpole-rl-training__fxRk4W3	qwen35b-summarization-r2-1788226126756
terminalbench	main	qwen35b	d05__b3k__su-full	count-dataset-tokens__summarization__r2	count-dataset-tokens	summarization	2	summarization	3000	0.5	summary_failure_accounting	priority	0		False	2026-08-31T20:32:12.593678-05:00	ICLR_results/terminalbench/main/qwen35b/d05__b3k__su-full/count-dataset-tokens/summarization/run_2	logs/harbor_jobs/terminalbench/qwen35b/qwen35b-summarization-r2-1788226126756/count-dataset-tokens__ojvdFjZ	qwen35b-summarization-r2-1788226126756
terminalbench	main	qwen35b	d05__b3k__su-full	crack-7z-hash.hard__summarization__r2	crack-7z-hash.hard	summarization	2	summarization	3000	0.5	summary_failure_accounting	priority	0		False	2026-08-31T21:19:38.132056-05:00	ICLR_results/terminalbench/main/qwen35b/d05__b3k__su-full/crack-7z-hash.hard/summarization/run_2	logs/harbor_jobs/terminalbench/qwen35b/qwen35b-summarization-r2-1788226126756/crack-7z-hash.hard__BPRopLc	qwen35b-summarization-r2-1788226126756
terminalbench	main	qwen35b	d05__b3k__su-full	csv-to-parquet__summarization__r2	csv-to-parquet	summarization	2	summarization	3000	0.5	summary_failure_accounting	priority	0		True	2026-08-31T20:51:28.664663-05:00	ICLR_results/terminalbench/main/qwen35b/d05__b3k__su-full/csv-to-parquet/summarization/run_2	logs/harbor_jobs/terminalbench/qwen35b/qwen35b-summarization-r2-1788226126756/csv-to-parquet__22SHkfo	qwen35b-summarization-r2-1788226126756
terminalbench	main	qwen35b	d05__b3k__su-full	decommissioning-service-with-sensitive-data__summarization__r2	decommissioning-service-with-sensitive-data	summarization	2	summarization	3000	0.5	tb_unverifiable	probable	0		False	2026-08-31T21:38:42.934358-05:00	ICLR_results/terminalbench/main/qwen35b/d05__b3k__su-full/decommissioning-service-with-sensitive-data/summarization/run_2	logs/harbor_jobs/terminalbench/qwen35b/qwen35b-summarization-r2-1788226126756/decommissioning-service-with-sen__pSnqtYm	qwen35b-summarization-r2-1788226126756
terminalbench	main	qwen35b	d05__b3k__su-full	download-youtube__summarization__r2	download-youtube	summarization	2	summarization	3000	0.5	summary_related_response	probable	0		False	2026-08-31T21:25:58.943020-05:00	ICLR_results/terminalbench/main/qwen35b/d05__b3k__su-full/download-youtube/summarization/run_2	logs/harbor_jobs/terminalbench/qwen35b/qwen35b-summarization-r2-1788226126756/download-youtube__Wg4TghR	qwen35b-summarization-r2-1788226126756
terminalbench	main	qwen35b	d05__b3k__su-full	eval-mteb__summarization__r2	eval-mteb	summarization	2	summarization	3000	0.5	summary_failure_accounting	priority	0		False	2026-08-31T20:42:34.489118-05:00	ICLR_results/terminalbench/main/qwen35b/d05__b3k__su-full/eval-mteb/summarization/run_2	logs/harbor_jobs/terminalbench/qwen35b/qwen35b-summarization-r2-1788226126756/eval-mteb__5fsgcNF	qwen35b-summarization-r2-1788226126756
terminalbench	main	qwen35b	d05__b3k__su-full	eval-mteb.hard__summarization__r2	eval-mteb.hard	summarization	2	summarization	3000	0.5	summary_failure_accounting	priority	0		False	2026-08-31T21:36:06.882744-05:00	ICLR_results/terminalbench/main/qwen35b/d05__b3k__su-full/eval-mteb.hard/summarization/run_2	logs/harbor_jobs/terminalbench/qwen35b/qwen35b-summarization-r2-1788226126756/eval-mteb.hard__mXnTE7k	qwen35b-summarization-r2-1788226126756
terminalbench	main	qwen35b	d05__b3k__su-full	extract-moves-from-video__summarization__r2	extract-moves-from-video	summarization	2	summarization	3000	0.5	summary_related_response	probable	0		False	2026-08-31T21:01:31.932045-05:00	ICLR_results/terminalbench/main/qwen35b/d05__b3k__su-full/extract-moves-from-video/summarization/run_2	logs/harbor_jobs/terminalbench/qwen35b/qwen35b-summarization-r2-1788226126756/extract-moves-from-video__Hex5Udn	qwen35b-summarization-r2-1788226126756
terminalbench	main	qwen35b	d05__b3k__su-full	fibonacci-server__summarization__r2	fibonacci-server	summarization	2	summarization	3000	0.5	tb_erasure_possible	probable	0		False	2026-08-31T20:38:39.331913-05:00	ICLR_results/terminalbench/main/qwen35b/d05__b3k__su-full/fibonacci-server/summarization/run_2	logs/harbor_jobs/terminalbench/qwen35b/qwen35b-summarization-r2-1788226126756/fibonacci-server__6bfL8vc	qwen35b-summarization-r2-1788226126756
terminalbench	main	qwen35b	d05__b3k__su-full	fix-git__summarization__r2	fix-git	summarization	2	summarization	3000	0.5	summary_failure_accounting	priority	0		False	2026-08-31T21:13:16.154558-05:00	ICLR_results/terminalbench/main/qwen35b/d05__b3k__su-full/fix-git/summarization/run_2	logs/harbor_jobs/terminalbench/qwen35b/qwen35b-summarization-r2-1788226126756/fix-git__HpjFhRP	qwen35b-summarization-r2-1788226126756
terminalbench	main	qwen35b	d05__b3k__su-full	git-workflow-hack__summarization__r2	git-workflow-hack	summarization	2	summarization	3000	0.5	tb_unverifiable	probable	0		False	2026-08-31T21:12:54.274355-05:00	ICLR_results/terminalbench/main/qwen35b/d05__b3k__su-full/git-workflow-hack/summarization/run_2	logs/harbor_jobs/terminalbench/qwen35b/qwen35b-summarization-r2-1788226126756/git-workflow-hack__MsgHPfa	qwen35b-summarization-r2-1788226126756
terminalbench	main	qwen35b	d05__b3k__su-full	gpt2-codegolf__summarization__r2	gpt2-codegolf	summarization	2	summarization	3000	0.5	tb_unverifiable	probable	0		False	2026-08-31T20:39:42.634273-05:00	ICLR_results/terminalbench/main/qwen35b/d05__b3k__su-full/gpt2-codegolf/summarization/run_2	logs/harbor_jobs/terminalbench/qwen35b/qwen35b-summarization-r2-1788226126756/gpt2-codegolf__id9x42c	qwen35b-summarization-r2-1788226126756
terminalbench	main	qwen35b	d05__b3k__su-full	heterogeneous-dates__summarization__r2	heterogeneous-dates	summarization	2	summarization	3000	0.5	summary_related_response	probable	0		True	2026-08-31T21:48:16.359211-05:00	ICLR_results/terminalbench/main/qwen35b/d05__b3k__su-full/heterogeneous-dates/summarization/run_2	logs/harbor_jobs/terminalbench/qwen35b/qwen35b-summarization-r2-1788226126756/heterogeneous-dates__DYiaSM6	qwen35b-summarization-r2-1788226126756
terminalbench	main	qwen35b	d05__b3k__su-full	hf-model-inference__summarization__r2	hf-model-inference	summarization	2	summarization	3000	0.5	summary_related_response	probable	0		False	2026-08-31T20:45:07.275249-05:00	ICLR_results/terminalbench/main/qwen35b/d05__b3k__su-full/hf-model-inference/summarization/run_2	logs/harbor_jobs/terminalbench/qwen35b/qwen35b-summarization-r2-1788226126756/hf-model-inference__PETkq67	qwen35b-summarization-r2-1788226126756
terminalbench	main	qwen35b	d05__b3k__su-full	incompatible-python-fasttext__summarization__r2	incompatible-python-fasttext	summarization	2	summarization	3000	0.5	tb_erasure_possible	probable	0	Submitted	False	2026-08-31T20:28:48.259726-05:00	ICLR_results/terminalbench/main/qwen35b/d05__b3k__su-full/incompatible-python-fasttext/summarization/run_2	logs/harbor_jobs/terminalbench/qwen35b/qwen35b-summarization-r2-1788226126756/incompatible-python-fasttext__h2xH7Cm	qwen35b-summarization-r2-1788226126756
terminalbench	main	qwen35b	d05__b3k__su-full	intrusion-detection__summarization__r2	intrusion-detection	summarization	2	summarization	3000	0.5	tb_unverifiable	probable	0		False	2026-08-31T21:10:34.242657-05:00	ICLR_results/terminalbench/main/qwen35b/d05__b3k__su-full/intrusion-detection/summarization/run_2	logs/harbor_jobs/terminalbench/qwen35b/qwen35b-summarization-r2-1788226126756/intrusion-detection__zUkUTKo	qwen35b-summarization-r2-1788226126756
terminalbench	main	qwen35b	d05__b3k__su-full	modernize-fortran-build__summarization__r2	modernize-fortran-build	summarization	2	summarization	3000	0.5	summary_related_response	probable	0		False	2026-08-31T20:55:07.395517-05:00	ICLR_results/terminalbench/main/qwen35b/d05__b3k__su-full/modernize-fortran-build/summarization/run_2	logs/harbor_jobs/terminalbench/qwen35b/qwen35b-summarization-r2-1788226126756/modernize-fortran-build__d25RyZW	qwen35b-summarization-r2-1788226126756
terminalbench	main	qwen35b	d05__b3k__su-full	password-recovery__summarization__r2	password-recovery	summarization	2	summarization	3000	0.5	summary_failure_accounting	priority	0		False	2026-08-31T21:19:17.361141-05:00	ICLR_results/terminalbench/main/qwen35b/d05__b3k__su-full/password-recovery/summarization/run_2	logs/harbor_jobs/terminalbench/qwen35b/qwen35b-summarization-r2-1788226126756/password-recovery__B8AgcWo	qwen35b-summarization-r2-1788226126756
terminalbench	main	qwen35b	d05__b3k__su-full	path-tracing-reverse__summarization__r2	path-tracing-reverse	summarization	2	summarization	3000	0.5	tb_erasure_possible	probable	0	Submitted	False	2026-08-31T20:29:38.827247-05:00	ICLR_results/terminalbench/main/qwen35b/d05__b3k__su-full/path-tracing-reverse/summarization/run_2	logs/harbor_jobs/terminalbench/qwen35b/qwen35b-summarization-r2-1788226126756/path-tracing-reverse__RNfA2WP	qwen35b-summarization-r2-1788226126756
terminalbench	main	qwen35b	d05__b3k__su-full	processing-pipeline__summarization__r2	processing-pipeline	summarization	2	summarization	3000	0.5	tb_erasure_possible	probable	0	Submitted	True	2026-08-31T20:53:23.913336-05:00	ICLR_results/terminalbench/main/qwen35b/d05__b3k__su-full/processing-pipeline/summarization/run_2	logs/harbor_jobs/terminalbench/qwen35b/qwen35b-summarization-r2-1788226126756/processing-pipeline__UbsGD97	qwen35b-summarization-r2-1788226126756
terminalbench	main	qwen35b	d05__b3k__su-full	pytorch-model-cli.hard__summarization__r2	pytorch-model-cli.hard	summarization	2	summarization	3000	0.5	tb_erasure_possible	probable	0	Submitted	False	2026-08-31T20:34:15.144415-05:00	ICLR_results/terminalbench/main/qwen35b/d05__b3k__su-full/pytorch-model-cli.hard/summarization/run_2	logs/harbor_jobs/terminalbench/qwen35b/qwen35b-summarization-r2-1788226126756/pytorch-model-cli.hard__5Avu5gT	qwen35b-summarization-r2-1788226126756
terminalbench	main	qwen35b	d05__b3k__su-full	qemu-alpine-ssh__summarization__r2	qemu-alpine-ssh	summarization	2	summarization	3000	0.5	summary_failure_accounting	priority	0		False	2026-08-31T20:41:49.391433-05:00	ICLR_results/terminalbench/main/qwen35b/d05__b3k__su-full/qemu-alpine-ssh/summarization/run_2	logs/harbor_jobs/terminalbench/qwen35b/qwen35b-summarization-r2-1788226126756/qemu-alpine-ssh__tBbfkdu	qwen35b-summarization-r2-1788226126756
terminalbench	main	qwen35b	d05__b3k__su-full	qemu-startup__summarization__r2	qemu-startup	summarization	2	summarization	3000	0.5	summary_failure_accounting	priority	0		True	2026-08-31T21:25:41.939138-05:00	ICLR_results/terminalbench/main/qwen35b/d05__b3k__su-full/qemu-startup/summarization/run_2	logs/harbor_jobs/terminalbench/qwen35b/qwen35b-summarization-r2-1788226126756/qemu-startup__KDeez3E	qwen35b-summarization-r2-1788226126756
terminalbench	main	qwen35b	d05__b3k__su-full	raman-fitting.easy__summarization__r2	raman-fitting.easy	summarization	2	summarization	3000	0.5	tb_erasure_possible	probable	0		False	2026-08-31T20:28:48.255382-05:00	ICLR_results/terminalbench/main/qwen35b/d05__b3k__su-full/raman-fitting.easy/summarization/run_2	logs/harbor_jobs/terminalbench/qwen35b/qwen35b-summarization-r2-1788226126756/raman-fitting.easy__mEa2PwD	qwen35b-summarization-r2-1788226126756
terminalbench	main	qwen35b	d05__b3k__su-full	sanitize-git-repo__summarization__r2	sanitize-git-repo	summarization	2	summarization	3000	0.5	tb_unverifiable	probable	0		False	2026-08-31T20:47:02.291216-05:00	ICLR_results/terminalbench/main/qwen35b/d05__b3k__su-full/sanitize-git-repo/summarization/run_2	logs/harbor_jobs/terminalbench/qwen35b/qwen35b-summarization-r2-1788226126756/sanitize-git-repo__LmC3JMd	qwen35b-summarization-r2-1788226126756
terminalbench	main	qwen35b	d05__b3k__su-full	sanitize-git-repo.hard__summarization__r2	sanitize-git-repo.hard	summarization	2	summarization	3000	0.5	tb_unverifiable	probable	0		False	2026-08-31T21:32:21.768364-05:00	ICLR_results/terminalbench/main/qwen35b/d05__b3k__su-full/sanitize-git-repo.hard/summarization/run_2	logs/harbor_jobs/terminalbench/qwen35b/qwen35b-summarization-r2-1788226126756/sanitize-git-repo.hard__6k7i9Xp	qwen35b-summarization-r2-1788226126756
terminalbench	main	qwen35b	d05__b3k__su-full	sqlite-with-gcov__summarization__r2	sqlite-with-gcov	summarization	2	summarization	3000	0.5	tb_erasure_possible	probable	0	Submitted	True	2026-08-31T20:35:55.874270-05:00	ICLR_results/terminalbench/main/qwen35b/d05__b3k__su-full/sqlite-with-gcov/summarization/run_2	logs/harbor_jobs/terminalbench/qwen35b/qwen35b-summarization-r2-1788226126756/sqlite-with-gcov__FtdYoKz	qwen35b-summarization-r2-1788226126756
terminalbench	main	qwen35b	d05__b3k__su-full	super-benchmark-upet__summarization__r2	super-benchmark-upet	summarization	2	summarization	3000	0.5	summary_failure_accounting	priority	0		False	2026-08-31T21:07:55.465668-05:00	ICLR_results/terminalbench/main/qwen35b/d05__b3k__su-full/super-benchmark-upet/summarization/run_2	logs/harbor_jobs/terminalbench/qwen35b/qwen35b-summarization-r2-1788226126756/super-benchmark-upet__u9ic9xK	qwen35b-summarization-r2-1788226126756
terminalbench	main	qwen35b	d05__b3k__su-full	swe-bench-astropy-2__summarization__r2	swe-bench-astropy-2	summarization	2	summarization	3000	0.5	tb_unverifiable	probable	0		False	2026-08-31T21:23:25.006428-05:00	ICLR_results/terminalbench/main/qwen35b/d05__b3k__su-full/swe-bench-astropy-2/summarization/run_2	logs/harbor_jobs/terminalbench/qwen35b/qwen35b-summarization-r2-1788226126756/swe-bench-astropy-2__rsyVbQo	qwen35b-summarization-r2-1788226126756
terminalbench	main	qwen35b	d05__b3k__su-full	swe-bench-fsspec__summarization__r2	swe-bench-fsspec	summarization	2	summarization	3000	0.5	tb_erasure_possible	probable	0		False	2026-08-31T20:52:12.517585-05:00	ICLR_results/terminalbench/main/qwen35b/d05__b3k__su-full/swe-bench-fsspec/summarization/run_2	logs/harbor_jobs/terminalbench/qwen35b/qwen35b-summarization-r2-1788226126756/swe-bench-fsspec__JUKR8hS	qwen35b-summarization-r2-1788226126756
terminalbench	main	qwen35b	d05__b3k__su-full	tmux-advanced-workflow__summarization__r2	tmux-advanced-workflow	summarization	2	summarization	3000	0.5	summary_failure_accounting	priority	0		False	2026-08-31T20:28:48.205266-05:00	ICLR_results/terminalbench/main/qwen35b/d05__b3k__su-full/tmux-advanced-workflow/summarization/run_2	logs/harbor_jobs/terminalbench/qwen35b/qwen35b-summarization-r2-1788226126756/tmux-advanced-workflow__qw55Sv2	qwen35b-summarization-r2-1788226126756
terminalbench	main	qwen35b	d05__b3k__su-full	write-compressor__summarization__r2	write-compressor	summarization	2	summarization	3000	0.5	tb_unverifiable	probable	0		False	2026-08-31T21:16:59.246823-05:00	ICLR_results/terminalbench/main/qwen35b/d05__b3k__su-full/write-compressor/summarization/run_2	logs/harbor_jobs/terminalbench/qwen35b/qwen35b-summarization-r2-1788226126756/write-compressor__TgT7N5B	qwen35b-summarization-r2-1788226126756
terminalbench	main	qwen35b	d05__b3k__su-full	blind-maze-explorer-algorithm__summarization__r3	blind-maze-explorer-algorithm	summarization	3	summarization	3000	0.5	summary_failure_accounting	priority	0		False	2026-08-31T23:01:06.958202-05:00	ICLR_results/terminalbench/main/qwen35b/d05__b3k__su-full/blind-maze-explorer-algorithm/summarization/run_3	logs/harbor_jobs/terminalbench/qwen35b/qwen35b-summarization-r3-1788233287825/blind-maze-explorer-algorithm__t4MaXRS	qwen35b-summarization-r3-1788233287825
terminalbench	main	qwen35b	d05__b3k__su-full	cartpole-rl-training__summarization__r3	cartpole-rl-training	summarization	3	summarization	3000	0.5	tb_unverifiable	probable	0		False	2026-08-31T23:44:50.408545-05:00	ICLR_results/terminalbench/main/qwen35b/d05__b3k__su-full/cartpole-rl-training/summarization/run_3	logs/harbor_jobs/terminalbench/qwen35b/qwen35b-summarization-r3-1788233287825/cartpole-rl-training__c5UbKxa	qwen35b-summarization-r3-1788233287825
terminalbench	main	qwen35b	d05__b3k__su-full	count-dataset-tokens__summarization__r3	count-dataset-tokens	summarization	3	summarization	3000	0.5	tb_unverifiable	probable	0		False	2026-08-31T22:29:17.888269-05:00	ICLR_results/terminalbench/main/qwen35b/d05__b3k__su-full/count-dataset-tokens/summarization/run_3	logs/harbor_jobs/terminalbench/qwen35b/qwen35b-summarization-r3-1788233287825/count-dataset-tokens__42ZJBR8	qwen35b-summarization-r3-1788233287825
terminalbench	main	qwen35b	d05__b3k__su-full	crack-7z-hash.hard__summarization__r3	crack-7z-hash.hard	summarization	3	summarization	3000	0.5	summary_failure_accounting	priority	0		False	2026-08-31T23:24:07.268055-05:00	ICLR_results/terminalbench/main/qwen35b/d05__b3k__su-full/crack-7z-hash.hard/summarization/run_3	logs/harbor_jobs/terminalbench/qwen35b/qwen35b-summarization-r3-1788233287825/crack-7z-hash.hard__mT6qFg8	qwen35b-summarization-r3-1788233287825
terminalbench	main	qwen35b	d05__b3k__su-full	download-youtube__summarization__r3	download-youtube	summarization	3	summarization	3000	0.5	summary_failure_accounting	priority	0		False	2026-08-31T23:30:27.573180-05:00	ICLR_results/terminalbench/main/qwen35b/d05__b3k__su-full/download-youtube/summarization/run_3	logs/harbor_jobs/terminalbench/qwen35b/qwen35b-summarization-r3-1788233287825/download-youtube__jWxTsiU	qwen35b-summarization-r3-1788233287825
terminalbench	main	qwen35b	d05__b3k__su-full	eval-mteb__summarization__r3	eval-mteb	summarization	3	summarization	3000	0.5	summary_failure_accounting	priority	0		False	2026-08-31T22:42:29.501937-05:00	ICLR_results/terminalbench/main/qwen35b/d05__b3k__su-full/eval-mteb/summarization/run_3	logs/harbor_jobs/terminalbench/qwen35b/qwen35b-summarization-r3-1788233287825/eval-mteb__gWS6Qsd	qwen35b-summarization-r3-1788233287825
terminalbench	main	qwen35b	d05__b3k__su-full	extract-moves-from-video__summarization__r3	extract-moves-from-video	summarization	3	summarization	3000	0.5	summary_related_response	probable	0		False	2026-08-31T23:05:02.236754-05:00	ICLR_results/terminalbench/main/qwen35b/d05__b3k__su-full/extract-moves-from-video/summarization/run_3	logs/harbor_jobs/terminalbench/qwen35b/qwen35b-summarization-r3-1788233287825/extract-moves-from-video__SHm6bAy	qwen35b-summarization-r3-1788233287825
terminalbench	main	qwen35b	d05__b3k__su-full	fix-git__summarization__r3	fix-git	summarization	3	summarization	3000	0.5	tb_erasure_possible	probable	0		False	2026-08-31T23:17:46.019757-05:00	ICLR_results/terminalbench/main/qwen35b/d05__b3k__su-full/fix-git/summarization/run_3	logs/harbor_jobs/terminalbench/qwen35b/qwen35b-summarization-r3-1788233287825/fix-git__hLNdmBD	qwen35b-summarization-r3-1788233287825
terminalbench	main	qwen35b	d05__b3k__su-full	fix-pandas-version__summarization__r3	fix-pandas-version	summarization	3	summarization	3000	0.5	summary_failure_accounting	priority	0		False	2026-08-31T22:47:01.022568-05:00	ICLR_results/terminalbench/main/qwen35b/d05__b3k__su-full/fix-pandas-version/summarization/run_3	logs/harbor_jobs/terminalbench/qwen35b/qwen35b-summarization-r3-1788233287825/fix-pandas-version__aVEjs52	qwen35b-summarization-r3-1788233287825
terminalbench	main	qwen35b	d05__b3k__su-full	git-workflow-hack__summarization__r3	git-workflow-hack	summarization	3	summarization	3000	0.5	summary_failure_accounting	priority	0		False	2026-08-31T23:16:30.137297-05:00	ICLR_results/terminalbench/main/qwen35b/d05__b3k__su-full/git-workflow-hack/summarization/run_3	logs/harbor_jobs/terminalbench/qwen35b/qwen35b-summarization-r3-1788233287825/git-workflow-hack__AKeRw9j	qwen35b-summarization-r3-1788233287825
terminalbench	main	qwen35b	d05__b3k__su-full	gpt2-codegolf__summarization__r3	gpt2-codegolf	summarization	3	summarization	3000	0.5	tb_erasure_possible	probable	0		False	2026-08-31T22:40:40.249478-05:00	ICLR_results/terminalbench/main/qwen35b/d05__b3k__su-full/gpt2-codegolf/summarization/run_3	logs/harbor_jobs/terminalbench/qwen35b/qwen35b-summarization-r3-1788233287825/gpt2-codegolf__ps9CacX	qwen35b-summarization-r3-1788233287825
terminalbench	main	qwen35b	d05__b3k__su-full	hf-model-inference__summarization__r3	hf-model-inference	summarization	3	summarization	3000	0.5	tb_erasure_possible	probable	0	Submitted	False	2026-08-31T22:44:53.538629-05:00	ICLR_results/terminalbench/main/qwen35b/d05__b3k__su-full/hf-model-inference/summarization/run_3	logs/harbor_jobs/terminalbench/qwen35b/qwen35b-summarization-r3-1788233287825/hf-model-inference__VN2fjei	qwen35b-summarization-r3-1788233287825
terminalbench	main	qwen35b	d05__b3k__su-full	incompatible-python-fasttext__summarization__r3	incompatible-python-fasttext	summarization	3	summarization	3000	0.5	tb_unverifiable	probable	0		False	2026-08-31T22:28:09.326332-05:00	ICLR_results/terminalbench/main/qwen35b/d05__b3k__su-full/incompatible-python-fasttext/summarization/run_3	logs/harbor_jobs/terminalbench/qwen35b/qwen35b-summarization-r3-1788233287825/incompatible-python-fasttext__ucN4wrE	qwen35b-summarization-r3-1788233287825
terminalbench	main	qwen35b	d05__b3k__su-full	modernize-fortran-build__summarization__r3	modernize-fortran-build	summarization	3	summarization	3000	0.5	summary_failure_accounting	priority	0		False	2026-08-31T22:58:33.376749-05:00	ICLR_results/terminalbench/main/qwen35b/d05__b3k__su-full/modernize-fortran-build/summarization/run_3	logs/harbor_jobs/terminalbench/qwen35b/qwen35b-summarization-r3-1788233287825/modernize-fortran-build__vmLjdtu	qwen35b-summarization-r3-1788233287825
terminalbench	main	qwen35b	d05__b3k__su-full	new-encrypt-command__summarization__r3	new-encrypt-command	summarization	3	summarization	3000	0.5	summary_failure_accounting	priority	0		True	2026-08-31T23:11:25.747923-05:00	ICLR_results/terminalbench/main/qwen35b/d05__b3k__su-full/new-encrypt-command/summarization/run_3	logs/harbor_jobs/terminalbench/qwen35b/qwen35b-summarization-r3-1788233287825/new-encrypt-command__SuQJxAk	qwen35b-summarization-r3-1788233287825
terminalbench	main	qwen35b	d05__b3k__su-full	path-tracing-reverse__summarization__r3	path-tracing-reverse	summarization	3	summarization	3000	0.5	tb_unverifiable	probable	0		False	2026-08-31T22:28:56.053631-05:00	ICLR_results/terminalbench/main/qwen35b/d05__b3k__su-full/path-tracing-reverse/summarization/run_3	logs/harbor_jobs/terminalbench/qwen35b/qwen35b-summarization-r3-1788233287825/path-tracing-reverse__igadzZa	qwen35b-summarization-r3-1788233287825
terminalbench	main	qwen35b	d05__b3k__su-full	processing-pipeline__summarization__r3	processing-pipeline	summarization	3	summarization	3000	0.5	summary_failure_accounting	priority	0		False	2026-08-31T22:54:43.565374-05:00	ICLR_results/terminalbench/main/qwen35b/d05__b3k__su-full/processing-pipeline/summarization/run_3	logs/harbor_jobs/terminalbench/qwen35b/qwen35b-summarization-r3-1788233287825/processing-pipeline__xyhMsQf	qwen35b-summarization-r3-1788233287825
terminalbench	main	qwen35b	d05__b3k__su-full	pytorch-model-cli.hard__summarization__r3	pytorch-model-cli.hard	summarization	3	summarization	3000	0.5	tb_erasure_possible	probable	0		False	2026-08-31T22:34:33.680465-05:00	ICLR_results/terminalbench/main/qwen35b/d05__b3k__su-full/pytorch-model-cli.hard/summarization/run_3	logs/harbor_jobs/terminalbench/qwen35b/qwen35b-summarization-r3-1788233287825/pytorch-model-cli.hard__yys2UTA	qwen35b-summarization-r3-1788233287825
terminalbench	main	qwen35b	d05__b3k__su-full	qemu-alpine-ssh__summarization__r3	qemu-alpine-ssh	summarization	3	summarization	3000	0.5	summary_failure_accounting	priority	0		False	2026-08-31T22:41:45.099034-05:00	ICLR_results/terminalbench/main/qwen35b/d05__b3k__su-full/qemu-alpine-ssh/summarization/run_3	logs/harbor_jobs/terminalbench/qwen35b/qwen35b-summarization-r3-1788233287825/qemu-alpine-ssh__GpcFBfq	qwen35b-summarization-r3-1788233287825
terminalbench	main	qwen35b	d05__b3k__su-full	qemu-startup__summarization__r3	qemu-startup	summarization	3	summarization	3000	0.5	summary_failure_accounting	priority	0		True	2026-08-31T23:29:15.816681-05:00	ICLR_results/terminalbench/main/qwen35b/d05__b3k__su-full/qemu-startup/summarization/run_3	logs/harbor_jobs/terminalbench/qwen35b/qwen35b-summarization-r3-1788233287825/qemu-startup__27Xuzf3	qwen35b-summarization-r3-1788233287825
terminalbench	main	qwen35b	d05__b3k__su-full	raman-fitting.easy__summarization__r3	raman-fitting.easy	summarization	3	summarization	3000	0.5	summary_failure_accounting	priority	0		False	2026-08-31T22:28:09.322172-05:00	ICLR_results/terminalbench/main/qwen35b/d05__b3k__su-full/raman-fitting.easy/summarization/run_3	logs/harbor_jobs/terminalbench/qwen35b/qwen35b-summarization-r3-1788233287825/raman-fitting.easy__i774YJH	qwen35b-summarization-r3-1788233287825
terminalbench	main	qwen35b	d05__b3k__su-full	sanitize-git-repo__summarization__r3	sanitize-git-repo	summarization	3	summarization	3000	0.5	summary_related_response	probable	0		False	2026-08-31T22:48:22.399548-05:00	ICLR_results/terminalbench/main/qwen35b/d05__b3k__su-full/sanitize-git-repo/summarization/run_3	logs/harbor_jobs/terminalbench/qwen35b/qwen35b-summarization-r3-1788233287825/sanitize-git-repo__R3aBzQc	qwen35b-summarization-r3-1788233287825
terminalbench	main	qwen35b	d05__b3k__su-full	sanitize-git-repo.hard__summarization__r3	sanitize-git-repo.hard	summarization	3	summarization	3000	0.5	tb_unverifiable	probable	0		False	2026-08-31T23:36:50.792101-05:00	ICLR_results/terminalbench/main/qwen35b/d05__b3k__su-full/sanitize-git-repo.hard/summarization/run_3	logs/harbor_jobs/terminalbench/qwen35b/qwen35b-summarization-r3-1788233287825/sanitize-git-repo.hard__9musFMe	qwen35b-summarization-r3-1788233287825
terminalbench	main	qwen35b	d05__b3k__su-full	solana-data__summarization__r3	solana-data	summarization	3	summarization	3000	0.5	tb_erasure_possible	probable	0		False	2026-08-31T22:35:59.923700-05:00	ICLR_results/terminalbench/main/qwen35b/d05__b3k__su-full/solana-data/summarization/run_3	logs/harbor_jobs/terminalbench/qwen35b/qwen35b-summarization-r3-1788233287825/solana-data__reiT8Wb	qwen35b-summarization-r3-1788233287825
terminalbench	main	qwen35b	d05__b3k__su-full	sqlite-with-gcov__summarization__r3	sqlite-with-gcov	summarization	3	summarization	3000	0.5	tb_unverifiable	probable	0		False	2026-08-31T22:38:31.737246-05:00	ICLR_results/terminalbench/main/qwen35b/d05__b3k__su-full/sqlite-with-gcov/summarization/run_3	logs/harbor_jobs/terminalbench/qwen35b/qwen35b-summarization-r3-1788233287825/sqlite-with-gcov__rGF73vm	qwen35b-summarization-r3-1788233287825
terminalbench	main	qwen35b	d05__b3k__su-full	super-benchmark-upet__summarization__r3	super-benchmark-upet	summarization	3	summarization	3000	0.5	summary_related_response	probable	0		False	2026-08-31T23:10:48.211089-05:00	ICLR_results/terminalbench/main/qwen35b/d05__b3k__su-full/super-benchmark-upet/summarization/run_3	logs/harbor_jobs/terminalbench/qwen35b/qwen35b-summarization-r3-1788233287825/super-benchmark-upet__DVbNzKh	qwen35b-summarization-r3-1788233287825
terminalbench	main	qwen35b	d05__b3k__su-full	swe-bench-astropy-2__summarization__r3	swe-bench-astropy-2	summarization	3	summarization	3000	0.5	summary_failure_accounting	priority	0		False	2026-08-31T23:25:37.172025-05:00	ICLR_results/terminalbench/main/qwen35b/d05__b3k__su-full/swe-bench-astropy-2/summarization/run_3	logs/harbor_jobs/terminalbench/qwen35b/qwen35b-summarization-r3-1788233287825/swe-bench-astropy-2__ZkJtykC	qwen35b-summarization-r3-1788233287825
terminalbench	main	qwen35b	d05__b3k__su-full	tmux-advanced-workflow__summarization__r3	tmux-advanced-workflow	summarization	3	summarization	3000	0.5	tb_erasure_possible	probable	0	Submitted	False	2026-08-31T22:28:09.276233-05:00	ICLR_results/terminalbench/main/qwen35b/d05__b3k__su-full/tmux-advanced-workflow/summarization/run_3	logs/harbor_jobs/terminalbench/qwen35b/qwen35b-summarization-r3-1788233287825/tmux-advanced-workflow__yYSqeNr	qwen35b-summarization-r3-1788233287825
terminalbench	main	qwen35b	d05__b3k__su-full	write-compressor__summarization__r3	write-compressor	summarization	3	summarization	3000	0.5	tb_unverifiable	probable	0		False	2026-08-31T23:19:14.410452-05:00	ICLR_results/terminalbench/main/qwen35b/d05__b3k__su-full/write-compressor/summarization/run_3	logs/harbor_jobs/terminalbench/qwen35b/qwen35b-summarization-r3-1788233287825/write-compressor__8K4L9PF	qwen35b-summarization-r3-1788233287825
terminalbench	main	qwen35b	d05__b3k__su-partial	blind-maze-explorer-5x5__summarization-partial__r1	blind-maze-explorer-5x5	summarization-partial	1	summarization_partial	3000	0.5	summary_failure_accounting	priority	0		False	2026-09-01T01:44:23.023431-05:00	ICLR_results/terminalbench/main/qwen35b/d05__b3k__su-partial/blind-maze-explorer-5x5/summarization-partial/run_1	logs/harbor_jobs/terminalbench/qwen35b/qwen35b-summarization-partial-r1-1788240776782/blind-maze-explorer-5x5__JCLQoGy	qwen35b-summarization-partial-r1-1788240776782
terminalbench	main	qwen35b	d05__b3k__su-partial	blind-maze-explorer-algorithm__summarization-partial__r1	blind-maze-explorer-algorithm	summarization-partial	1	summarization_partial	3000	0.5	summary_related_response	probable	0		False	2026-09-01T01:05:43.027237-05:00	ICLR_results/terminalbench/main/qwen35b/d05__b3k__su-partial/blind-maze-explorer-algorithm/summarization-partial/run_1	logs/harbor_jobs/terminalbench/qwen35b/qwen35b-summarization-partial-r1-1788240776782/blind-maze-explorer-algorithm__7mSsPHE	qwen35b-summarization-partial-r1-1788240776782
terminalbench	main	qwen35b	d05__b3k__su-partial	cartpole-rl-training__summarization-partial__r1	cartpole-rl-training	summarization-partial	1	summarization_partial	3000	0.5	summary_related_response	probable	0		False	2026-09-01T01:48:09.318246-05:00	ICLR_results/terminalbench/main/qwen35b/d05__b3k__su-partial/cartpole-rl-training/summarization-partial/run_1	logs/harbor_jobs/terminalbench/qwen35b/qwen35b-summarization-partial-r1-1788240776782/cartpole-rl-training__oCEGzXU	qwen35b-summarization-partial-r1-1788240776782
terminalbench	main	qwen35b	d05__b3k__su-partial	count-dataset-tokens__summarization-partial__r1	count-dataset-tokens	summarization-partial	1	summarization_partial	3000	0.5	summary_related_response	probable	0		False	2026-09-01T00:34:37.782312-05:00	ICLR_results/terminalbench/main/qwen35b/d05__b3k__su-partial/count-dataset-tokens/summarization-partial/run_1	logs/harbor_jobs/terminalbench/qwen35b/qwen35b-summarization-partial-r1-1788240776782/count-dataset-tokens__tePedQV	qwen35b-summarization-partial-r1-1788240776782
terminalbench	main	qwen35b	d05__b3k__su-partial	crack-7z-hash.hard__summarization-partial__r1	crack-7z-hash.hard	summarization-partial	1	summarization_partial	3000	0.5	summary_failure_accounting	priority	0		False	2026-09-01T01:23:54.091087-05:00	ICLR_results/terminalbench/main/qwen35b/d05__b3k__su-partial/crack-7z-hash.hard/summarization-partial/run_1	logs/harbor_jobs/terminalbench/qwen35b/qwen35b-summarization-partial-r1-1788240776782/crack-7z-hash.hard__vw2Gc8U	qwen35b-summarization-partial-r1-1788240776782
terminalbench	main	qwen35b	d05__b3k__su-partial	csv-to-parquet__summarization-partial__r1	csv-to-parquet	summarization-partial	1	summarization_partial	3000	0.5	summary_failure_accounting	priority	0		False	2026-09-01T00:56:56.322565-05:00	ICLR_results/terminalbench/main/qwen35b/d05__b3k__su-partial/csv-to-parquet/summarization-partial/run_1	logs/harbor_jobs/terminalbench/qwen35b/qwen35b-summarization-partial-r1-1788240776782/csv-to-parquet__ksrqrh4	qwen35b-summarization-partial-r1-1788240776782
terminalbench	main	qwen35b	d05__b3k__su-partial	eval-mteb__summarization-partial__r1	eval-mteb	summarization-partial	1	summarization_partial	3000	0.5	summary_failure_accounting	priority	0		False	2026-09-01T00:46:32.258551-05:00	ICLR_results/terminalbench/main/qwen35b/d05__b3k__su-partial/eval-mteb/summarization-partial/run_1	logs/harbor_jobs/terminalbench/qwen35b/qwen35b-summarization-partial-r1-1788240776782/eval-mteb__uQhx8T6	qwen35b-summarization-partial-r1-1788240776782
terminalbench	main	qwen35b	d05__b3k__su-partial	eval-mteb.hard__summarization-partial__r1	eval-mteb.hard	summarization-partial	1	summarization_partial	3000	0.5	summary_failure_accounting	priority	0		False	2026-09-01T01:40:30.275695-05:00	ICLR_results/terminalbench/main/qwen35b/d05__b3k__su-partial/eval-mteb.hard/summarization-partial/run_1	logs/harbor_jobs/terminalbench/qwen35b/qwen35b-summarization-partial-r1-1788240776782/eval-mteb.hard__Le5CzRh	qwen35b-summarization-partial-r1-1788240776782
terminalbench	main	qwen35b	d05__b3k__su-partial	extract-moves-from-video__summarization-partial__r1	extract-moves-from-video	summarization-partial	1	summarization_partial	3000	0.5	summary_failure_accounting	priority	0		False	2026-09-01T01:09:44.760060-05:00	ICLR_results/terminalbench/main/qwen35b/d05__b3k__su-partial/extract-moves-from-video/summarization-partial/run_1	logs/harbor_jobs/terminalbench/qwen35b/qwen35b-summarization-partial-r1-1788240776782/extract-moves-from-video__ZbLiFMR	qwen35b-summarization-partial-r1-1788240776782
terminalbench	main	qwen35b	d05__b3k__su-partial	fix-git__summarization-partial__r1	fix-git	summarization-partial	1	summarization_partial	3000	0.5	summary_failure_accounting	priority	0	Submitted	False	2026-09-01T01:21:06.222576-05:00	ICLR_results/terminalbench/main/qwen35b/d05__b3k__su-partial/fix-git/summarization-partial/run_1	logs/harbor_jobs/terminalbench/qwen35b/qwen35b-summarization-partial-r1-1788240776782/fix-git__irVvS4z	qwen35b-summarization-partial-r1-1788240776782
terminalbench	main	qwen35b	d05__b3k__su-partial	fix-pandas-version__summarization-partial__r1	fix-pandas-version	summarization-partial	1	summarization_partial	3000	0.5	summary_related_response	probable	0		False	2026-09-01T00:52:19.527664-05:00	ICLR_results/terminalbench/main/qwen35b/d05__b3k__su-partial/fix-pandas-version/summarization-partial/run_1	logs/harbor_jobs/terminalbench/qwen35b/qwen35b-summarization-partial-r1-1788240776782/fix-pandas-version__EUUKp7z	qwen35b-summarization-partial-r1-1788240776782
terminalbench	main	qwen35b	d05__b3k__su-partial	git-workflow-hack__summarization-partial__r1	git-workflow-hack	summarization-partial	1	summarization_partial	3000	0.5	summary_failure_accounting	priority	0		False	2026-09-01T01:17:17.559225-05:00	ICLR_results/terminalbench/main/qwen35b/d05__b3k__su-partial/git-workflow-hack/summarization-partial/run_1	logs/harbor_jobs/terminalbench/qwen35b/qwen35b-summarization-partial-r1-1788240776782/git-workflow-hack__iQSBm3j	qwen35b-summarization-partial-r1-1788240776782
terminalbench	main	qwen35b	d05__b3k__su-partial	gpt2-codegolf__summarization-partial__r1	gpt2-codegolf	summarization-partial	1	summarization_partial	3000	0.5	summary_related_response	probable	0		False	2026-09-01T00:45:57.813159-05:00	ICLR_results/terminalbench/main/qwen35b/d05__b3k__su-partial/gpt2-codegolf/summarization-partial/run_1	logs/harbor_jobs/terminalbench/qwen35b/qwen35b-summarization-partial-r1-1788240776782/gpt2-codegolf__4SXpNv2	qwen35b-summarization-partial-r1-1788240776782
terminalbench	main	qwen35b	d05__b3k__su-partial	hf-model-inference__summarization-partial__r1	hf-model-inference	summarization-partial	1	summarization_partial	3000	0.5	summary_related_response	probable	0		False	2026-09-01T00:46:36.043799-05:00	ICLR_results/terminalbench/main/qwen35b/d05__b3k__su-partial/hf-model-inference/summarization-partial/run_1	logs/harbor_jobs/terminalbench/qwen35b/qwen35b-summarization-partial-r1-1788240776782/hf-model-inference__crRRUxL	qwen35b-summarization-partial-r1-1788240776782
terminalbench	main	qwen35b	d05__b3k__su-partial	incompatible-python-fasttext__summarization-partial__r1	incompatible-python-fasttext	summarization-partial	1	summarization_partial	3000	0.5	summary_failure_accounting	priority	0	Submitted	True	2026-09-01T00:32:58.281821-05:00	ICLR_results/terminalbench/main/qwen35b/d05__b3k__su-partial/incompatible-python-fasttext/summarization-partial/run_1	logs/harbor_jobs/terminalbench/qwen35b/qwen35b-summarization-partial-r1-1788240776782/incompatible-python-fasttext__X83QsrR	qwen35b-summarization-partial-r1-1788240776782
terminalbench	main	qwen35b	d05__b3k__su-partial	password-recovery__summarization-partial__r1	password-recovery	summarization-partial	1	summarization_partial	3000	0.5	summary_failure_accounting	priority	0		False	2026-09-01T01:23:42.583959-05:00	ICLR_results/terminalbench/main/qwen35b/d05__b3k__su-partial/password-recovery/summarization-partial/run_1	logs/harbor_jobs/terminalbench/qwen35b/qwen35b-summarization-partial-r1-1788240776782/password-recovery__s6YRKHH	qwen35b-summarization-partial-r1-1788240776782
terminalbench	main	qwen35b	d05__b3k__su-partial	processing-pipeline__summarization-partial__r1	processing-pipeline	summarization-partial	1	summarization_partial	3000	0.5	summary_failure_accounting	priority	0		False	2026-09-01T00:59:18.045031-05:00	ICLR_results/terminalbench/main/qwen35b/d05__b3k__su-partial/processing-pipeline/summarization-partial/run_1	logs/harbor_jobs/terminalbench/qwen35b/qwen35b-summarization-partial-r1-1788240776782/processing-pipeline__VTnDR2S	qwen35b-summarization-partial-r1-1788240776782
terminalbench	main	qwen35b	d05__b3k__su-partial	qemu-alpine-ssh__summarization-partial__r1	qemu-alpine-ssh	summarization-partial	1	summarization_partial	3000	0.5	summary_failure_accounting	priority	0		False	2026-09-01T00:46:31.522410-05:00	ICLR_results/terminalbench/main/qwen35b/d05__b3k__su-partial/qemu-alpine-ssh/summarization-partial/run_1	logs/harbor_jobs/terminalbench/qwen35b/qwen35b-summarization-partial-r1-1788240776782/qemu-alpine-ssh__sr7adgM	qwen35b-summarization-partial-r1-1788240776782
terminalbench	main	qwen35b	d05__b3k__su-partial	qemu-startup__summarization-partial__r1	qemu-startup	summarization-partial	1	summarization_partial	3000	0.5	summary_failure_accounting	priority	0		True	2026-09-01T01:30:05.694973-05:00	ICLR_results/terminalbench/main/qwen35b/d05__b3k__su-partial/qemu-startup/summarization-partial/run_1	logs/harbor_jobs/terminalbench/qwen35b/qwen35b-summarization-partial-r1-1788240776782/qemu-startup__yVzY4zx	qwen35b-summarization-partial-r1-1788240776782
terminalbench	main	qwen35b	d05__b3k__su-partial	sanitize-git-repo__summarization-partial__r1	sanitize-git-repo	summarization-partial	1	summarization_partial	3000	0.5	summary_failure_accounting	priority	0		False	2026-09-01T00:52:57.381147-05:00	ICLR_results/terminalbench/main/qwen35b/d05__b3k__su-partial/sanitize-git-repo/summarization-partial/run_1	logs/harbor_jobs/terminalbench/qwen35b/qwen35b-summarization-partial-r1-1788240776782/sanitize-git-repo__WPTXjjh	qwen35b-summarization-partial-r1-1788240776782
terminalbench	main	qwen35b	d05__b3k__su-partial	sanitize-git-repo.hard__summarization-partial__r1	sanitize-git-repo.hard	summarization-partial	1	summarization_partial	3000	0.5	summary_related_response	probable	0		False	2026-09-01T01:36:37.559121-05:00	ICLR_results/terminalbench/main/qwen35b/d05__b3k__su-partial/sanitize-git-repo.hard/summarization-partial/run_1	logs/harbor_jobs/terminalbench/qwen35b/qwen35b-summarization-partial-r1-1788240776782/sanitize-git-repo.hard__7zzqvcu	qwen35b-summarization-partial-r1-1788240776782
terminalbench	main	qwen35b	d05__b3k__su-partial	sqlite-with-gcov__summarization-partial__r1	sqlite-with-gcov	summarization-partial	1	summarization_partial	3000	0.5	summary_related_response	probable	0		False	2026-09-01T00:40:13.574336-05:00	ICLR_results/terminalbench/main/qwen35b/d05__b3k__su-partial/sqlite-with-gcov/summarization-partial/run_1	logs/harbor_jobs/terminalbench/qwen35b/qwen35b-summarization-partial-r1-1788240776782/sqlite-with-gcov__jhiwBVV	qwen35b-summarization-partial-r1-1788240776782
terminalbench	main	qwen35b	d05__b3k__su-partial	super-benchmark-upet__summarization-partial__r1	super-benchmark-upet	summarization-partial	1	summarization_partial	3000	0.5	summary_failure_accounting	priority	0		False	2026-09-01T01:16:06.727234-05:00	ICLR_results/terminalbench/main/qwen35b/d05__b3k__su-partial/super-benchmark-upet/summarization-partial/run_1	logs/harbor_jobs/terminalbench/qwen35b/qwen35b-summarization-partial-r1-1788240776782/super-benchmark-upet__qD5cFXe	qwen35b-summarization-partial-r1-1788240776782
terminalbench	main	qwen35b	d05__b3k__su-partial	swe-bench-astropy-2__summarization-partial__r1	swe-bench-astropy-2	summarization-partial	1	summarization_partial	3000	0.5	summary_failure_accounting	priority	0		False	2026-09-01T01:29:41.430843-05:00	ICLR_results/terminalbench/main/qwen35b/d05__b3k__su-partial/swe-bench-astropy-2/summarization-partial/run_1	logs/harbor_jobs/terminalbench/qwen35b/qwen35b-summarization-partial-r1-1788240776782/swe-bench-astropy-2__TTbvvrq	qwen35b-summarization-partial-r1-1788240776782
terminalbench	main	qwen35b	d05__b3k__su-partial	swe-bench-fsspec__summarization-partial__r1	swe-bench-fsspec	summarization-partial	1	summarization_partial	3000	0.5	summary_failure_accounting	priority	0		False	2026-09-01T00:58:36.720056-05:00	ICLR_results/terminalbench/main/qwen35b/d05__b3k__su-partial/swe-bench-fsspec/summarization-partial/run_1	logs/harbor_jobs/terminalbench/qwen35b/qwen35b-summarization-partial-r1-1788240776782/swe-bench-fsspec__F5NC89t	qwen35b-summarization-partial-r1-1788240776782
terminalbench	main	qwen35b	d05__b3k__su-partial	tmux-advanced-workflow__summarization-partial__r1	tmux-advanced-workflow	summarization-partial	1	summarization_partial	3000	0.5	summary_related_response	probable	0		False	2026-09-01T00:32:58.233815-05:00	ICLR_results/terminalbench/main/qwen35b/d05__b3k__su-partial/tmux-advanced-workflow/summarization-partial/run_1	logs/harbor_jobs/terminalbench/qwen35b/qwen35b-summarization-partial-r1-1788240776782/tmux-advanced-workflow__2ECaUuP	qwen35b-summarization-partial-r1-1788240776782
terminalbench	main	qwen35b	d05__b3k__su-partial	write-compressor__summarization-partial__r1	write-compressor	summarization-partial	1	summarization_partial	3000	0.5	summary_failure_accounting	priority	0		False	2026-09-01T01:23:18.022254-05:00	ICLR_results/terminalbench/main/qwen35b/d05__b3k__su-partial/write-compressor/summarization-partial/run_1	logs/harbor_jobs/terminalbench/qwen35b/qwen35b-summarization-partial-r1-1788240776782/write-compressor__EHvvJto	qwen35b-summarization-partial-r1-1788240776782
terminalbench	main	qwen35b	d05__b3k__su-partial	blind-maze-explorer-5x5__summarization-partial__r2	blind-maze-explorer-5x5	summarization-partial	2	summarization_partial	3000	0.5	summary_failure_accounting	priority	0		False	2026-09-01T05:08:34.481945-05:00	ICLR_results/terminalbench/main/qwen35b/d05__b3k__su-partial/blind-maze-explorer-5x5/summarization-partial/run_2	logs/harbor_jobs/terminalbench/qwen35b/qwen35b-summarization-partial-r2-1788247914682/blind-maze-explorer-5x5__PNpiagU	qwen35b-summarization-partial-r2-1788247914682
terminalbench	main	qwen35b	d05__b3k__su-partial	blind-maze-explorer-algorithm__summarization-partial__r2	blind-maze-explorer-algorithm	summarization-partial	2	summarization_partial	3000	0.5	summary_related_response	probable	0		False	2026-09-01T03:06:31.764304-05:00	ICLR_results/terminalbench/main/qwen35b/d05__b3k__su-partial/blind-maze-explorer-algorithm/summarization-partial/run_2	logs/harbor_jobs/terminalbench/qwen35b/qwen35b-summarization-partial-r2-1788247914682/blind-maze-explorer-algorithm__68XsQSx	qwen35b-summarization-partial-r2-1788247914682
terminalbench	main	qwen35b	d05__b3k__su-partial	count-dataset-tokens__summarization-partial__r2	count-dataset-tokens	summarization-partial	2	summarization_partial	3000	0.5	summary_failure_accounting	priority	0		False	2026-09-01T02:38:21.269862-05:00	ICLR_results/terminalbench/main/qwen35b/d05__b3k__su-partial/count-dataset-tokens/summarization-partial/run_2	logs/harbor_jobs/terminalbench/qwen35b/qwen35b-summarization-partial-r2-1788247914682/count-dataset-tokens__Ja885yS	qwen35b-summarization-partial-r2-1788247914682
terminalbench	main	qwen35b	d05__b3k__su-partial	crack-7z-hash.hard__summarization-partial__r2	crack-7z-hash.hard	summarization-partial	2	summarization_partial	3000	0.5	summary_failure_accounting	priority	0		False	2026-09-01T03:28:15.977634-05:00	ICLR_results/terminalbench/main/qwen35b/d05__b3k__su-partial/crack-7z-hash.hard/summarization-partial/run_2	logs/harbor_jobs/terminalbench/qwen35b/qwen35b-summarization-partial-r2-1788247914682/crack-7z-hash.hard__GEsK93i	qwen35b-summarization-partial-r2-1788247914682
terminalbench	main	qwen35b	d05__b3k__su-partial	csv-to-parquet__summarization-partial__r2	csv-to-parquet	summarization-partial	2	summarization_partial	3000	0.5	summary_failure_accounting	priority	0	Submitted	True	2026-09-01T02:58:18.352882-05:00	ICLR_results/terminalbench/main/qwen35b/d05__b3k__su-partial/csv-to-parquet/summarization-partial/run_2	logs/harbor_jobs/terminalbench/qwen35b/qwen35b-summarization-partial-r2-1788247914682/csv-to-parquet__ivDnjJv	qwen35b-summarization-partial-r2-1788247914682
terminalbench	main	qwen35b	d05__b3k__su-partial	decommissioning-service-with-sensitive-data__summarization-partial__r2	decommissioning-service-with-sensitive-data	summarization-partial	2	summarization_partial	3000	0.5	summary_failure_accounting	priority	0		False	2026-09-01T03:47:21.523540-05:00	ICLR_results/terminalbench/main/qwen35b/d05__b3k__su-partial/decommissioning-service-with-sensitive-data/summarization-partial/run_2	logs/harbor_jobs/terminalbench/qwen35b/qwen35b-summarization-partial-r2-1788247914682/decommissioning-service-with-sen__NHfHqZi	qwen35b-summarization-partial-r2-1788247914682
terminalbench	main	qwen35b	d05__b3k__su-partial	download-youtube__summarization-partial__r2	download-youtube	summarization-partial	2	summarization_partial	3000	0.5	summary_related_response	probable	0		False	2026-09-01T03:34:37.595693-05:00	ICLR_results/terminalbench/main/qwen35b/d05__b3k__su-partial/download-youtube/summarization-partial/run_2	logs/harbor_jobs/terminalbench/qwen35b/qwen35b-summarization-partial-r2-1788247914682/download-youtube__p4CfYV4	qwen35b-summarization-partial-r2-1788247914682
terminalbench	main	qwen35b	d05__b3k__su-partial	eval-mteb__summarization-partial__r2	eval-mteb	summarization-partial	2	summarization_partial	3000	0.5	summary_failure_accounting	priority	0		False	2026-09-01T02:48:45.426970-05:00	ICLR_results/terminalbench/main/qwen35b/d05__b3k__su-partial/eval-mteb/summarization-partial/run_2	logs/harbor_jobs/terminalbench/qwen35b/qwen35b-summarization-partial-r2-1788247914682/eval-mteb__vYHbYTK	qwen35b-summarization-partial-r2-1788247914682
terminalbench	main	qwen35b	d05__b3k__su-partial	eval-mteb.hard__summarization-partial__r2	eval-mteb.hard	summarization-partial	2	summarization_partial	3000	0.5	summary_failure_accounting	priority	0		False	2026-09-01T03:42:14.970478-05:00	ICLR_results/terminalbench/main/qwen35b/d05__b3k__su-partial/eval-mteb.hard/summarization-partial/run_2	logs/harbor_jobs/terminalbench/qwen35b/qwen35b-summarization-partial-r2-1788247914682/eval-mteb.hard__ybKNLL9	qwen35b-summarization-partial-r2-1788247914682
terminalbench	main	qwen35b	d05__b3k__su-partial	fibonacci-server__summarization-partial__r2	fibonacci-server	summarization-partial	2	summarization_partial	3000	0.5	summary_related_response	probable	0		False	2026-09-01T02:45:34.368933-05:00	ICLR_results/terminalbench/main/qwen35b/d05__b3k__su-partial/fibonacci-server/summarization-partial/run_2	logs/harbor_jobs/terminalbench/qwen35b/qwen35b-summarization-partial-r2-1788247914682/fibonacci-server__WPWfRZk	qwen35b-summarization-partial-r2-1788247914682
terminalbench	main	qwen35b	d05__b3k__su-partial	fix-git__summarization-partial__r2	fix-git	summarization-partial	2	summarization_partial	3000	0.5	tb_erasure_possible	probable	0		False	2026-09-01T03:21:54.395647-05:00	ICLR_results/terminalbench/main/qwen35b/d05__b3k__su-partial/fix-git/summarization-partial/run_2	logs/harbor_jobs/terminalbench/qwen35b/qwen35b-summarization-partial-r2-1788247914682/fix-git__qGdZMuq	qwen35b-summarization-partial-r2-1788247914682
terminalbench	main	qwen35b	d05__b3k__su-partial	gpt2-codegolf__summarization-partial__r2	gpt2-codegolf	summarization-partial	2	summarization_partial	3000	0.5	summary_related_response	probable	0		False	2026-09-01T02:45:35.056933-05:00	ICLR_results/terminalbench/main/qwen35b/d05__b3k__su-partial/gpt2-codegolf/summarization-partial/run_2	logs/harbor_jobs/terminalbench/qwen35b/qwen35b-summarization-partial-r2-1788247914682/gpt2-codegolf__jRMEtMg	qwen35b-summarization-partial-r2-1788247914682
terminalbench	main	qwen35b	d05__b3k__su-partial	hf-model-inference__summarization-partial__r2	hf-model-inference	summarization-partial	2	summarization_partial	3000	0.5	summary_related_response	probable	0		False	2026-09-01T02:51:57.373472-05:00	ICLR_results/terminalbench/main/qwen35b/d05__b3k__su-partial/hf-model-inference/summarization-partial/run_2	logs/harbor_jobs/terminalbench/qwen35b/qwen35b-summarization-partial-r2-1788247914682/hf-model-inference__kU6H6LB	qwen35b-summarization-partial-r2-1788247914682
terminalbench	main	qwen35b	d05__b3k__su-partial	incompatible-python-fasttext__summarization-partial__r2	incompatible-python-fasttext	summarization-partial	2	summarization_partial	3000	0.5	summary_failure_accounting	priority	0	Submitted	False	2026-09-01T02:31:56.190381-05:00	ICLR_results/terminalbench/main/qwen35b/d05__b3k__su-partial/incompatible-python-fasttext/summarization-partial/run_2	logs/harbor_jobs/terminalbench/qwen35b/qwen35b-summarization-partial-r2-1788247914682/incompatible-python-fasttext__eSXsMCa	qwen35b-summarization-partial-r2-1788247914682
terminalbench	main	qwen35b	d05__b3k__su-partial	intrusion-detection__summarization-partial__r2	intrusion-detection	summarization-partial	2	summarization_partial	3000	0.5	tb_unverifiable	probable	0		False	2026-09-01T03:18:00.794273-05:00	ICLR_results/terminalbench/main/qwen35b/d05__b3k__su-partial/intrusion-detection/summarization-partial/run_2	logs/harbor_jobs/terminalbench/qwen35b/qwen35b-summarization-partial-r2-1788247914682/intrusion-detection__ueWw3AB	qwen35b-summarization-partial-r2-1788247914682
terminalbench	main	qwen35b	d05__b3k__su-partial	modernize-fortran-build__summarization-partial__r2	modernize-fortran-build	summarization-partial	2	summarization_partial	3000	0.5	summary_failure_accounting	priority	0	Submitted	False	2026-09-01T03:04:18.900626-05:00	ICLR_results/terminalbench/main/qwen35b/d05__b3k__su-partial/modernize-fortran-build/summarization-partial/run_2	logs/harbor_jobs/terminalbench/qwen35b/qwen35b-summarization-partial-r2-1788247914682/modernize-fortran-build__BjubryT	qwen35b-summarization-partial-r2-1788247914682
terminalbench	main	qwen35b	d05__b3k__su-partial	password-recovery__summarization-partial__r2	password-recovery	summarization-partial	2	summarization_partial	3000	0.5	summary_related_response	probable	0		False	2026-09-01T03:25:28.035260-05:00	ICLR_results/terminalbench/main/qwen35b/d05__b3k__su-partial/password-recovery/summarization-partial/run_2	logs/harbor_jobs/terminalbench/qwen35b/qwen35b-summarization-partial-r2-1788247914682/password-recovery__U2TFmkd	qwen35b-summarization-partial-r2-1788247914682
terminalbench	main	qwen35b	d05__b3k__su-partial	processing-pipeline__summarization-partial__r2	processing-pipeline	summarization-partial	2	summarization_partial	3000	0.5	summary_failure_accounting	priority	0		False	2026-09-01T03:04:05.460435-05:00	ICLR_results/terminalbench/main/qwen35b/d05__b3k__su-partial/processing-pipeline/summarization-partial/run_2	logs/harbor_jobs/terminalbench/qwen35b/qwen35b-summarization-partial-r2-1788247914682/processing-pipeline__PY3VbBk	qwen35b-summarization-partial-r2-1788247914682
terminalbench	main	qwen35b	d05__b3k__su-partial	prove-plus-comm__summarization-partial__r2	prove-plus-comm	summarization-partial	2	summarization_partial	3000	0.5	summary_related_response	probable	0		False	2026-09-01T02:31:56.194686-05:00	ICLR_results/terminalbench/main/qwen35b/d05__b3k__su-partial/prove-plus-comm/summarization-partial/run_2	logs/harbor_jobs/terminalbench/qwen35b/qwen35b-summarization-partial-r2-1788247914682/prove-plus-comm__r3oYfax	qwen35b-summarization-partial-r2-1788247914682
terminalbench	main	qwen35b	d05__b3k__su-partial	pytorch-model-cli.hard__summarization-partial__r2	pytorch-model-cli.hard	summarization-partial	2	summarization_partial	3000	0.5	summary_related_response	probable	0		False	2026-09-01T02:38:23.793037-05:00	ICLR_results/terminalbench/main/qwen35b/d05__b3k__su-partial/pytorch-model-cli.hard/summarization-partial/run_2	logs/harbor_jobs/terminalbench/qwen35b/qwen35b-summarization-partial-r2-1788247914682/pytorch-model-cli.hard__yraP5Lz	qwen35b-summarization-partial-r2-1788247914682
terminalbench	main	qwen35b	d05__b3k__su-partial	qemu-alpine-ssh__summarization-partial__r2	qemu-alpine-ssh	summarization-partial	2	summarization_partial	3000	0.5	summary_failure_accounting	priority	0		False	2026-09-01T02:47:33.822900-05:00	ICLR_results/terminalbench/main/qwen35b/d05__b3k__su-partial/qemu-alpine-ssh/summarization-partial/run_2	logs/harbor_jobs/terminalbench/qwen35b/qwen35b-summarization-partial-r2-1788247914682/qemu-alpine-ssh__Fwzztdu	qwen35b-summarization-partial-r2-1788247914682
terminalbench	main	qwen35b	d05__b3k__su-partial	qemu-startup__summarization-partial__r2	qemu-startup	summarization-partial	2	summarization_partial	3000	0.5	summary_failure_accounting	priority	0		True	2026-09-01T03:31:50.637115-05:00	ICLR_results/terminalbench/main/qwen35b/d05__b3k__su-partial/qemu-startup/summarization-partial/run_2	logs/harbor_jobs/terminalbench/qwen35b/qwen35b-summarization-partial-r2-1788247914682/qemu-startup__JHpWrQv	qwen35b-summarization-partial-r2-1788247914682
terminalbench	main	qwen35b	d05__b3k__su-partial	sanitize-git-repo.hard__summarization-partial__r2	sanitize-git-repo.hard	summarization-partial	2	summarization_partial	3000	0.5	summary_related_response	probable	0		False	2026-09-01T03:41:00.367760-05:00	ICLR_results/terminalbench/main/qwen35b/d05__b3k__su-partial/sanitize-git-repo.hard/summarization-partial/run_2	logs/harbor_jobs/terminalbench/qwen35b/qwen35b-summarization-partial-r2-1788247914682/sanitize-git-repo.hard__CkU2PhS	qwen35b-summarization-partial-r2-1788247914682
terminalbench	main	qwen35b	d05__b3k__su-partial	solana-data__summarization-partial__r2	solana-data	summarization-partial	2	summarization_partial	3000	0.5	summary_related_response	probable	0		False	2026-09-01T02:39:03.281655-05:00	ICLR_results/terminalbench/main/qwen35b/d05__b3k__su-partial/solana-data/summarization-partial/run_2	logs/harbor_jobs/terminalbench/qwen35b/qwen35b-summarization-partial-r2-1788247914682/solana-data__HkBKDd7	qwen35b-summarization-partial-r2-1788247914682
terminalbench	main	qwen35b	d05__b3k__su-partial	sqlite-with-gcov__summarization-partial__r2	sqlite-with-gcov	summarization-partial	2	summarization_partial	3000	0.5	summary_related_response	probable	0		False	2026-09-01T02:41:12.892426-05:00	ICLR_results/terminalbench/main/qwen35b/d05__b3k__su-partial/sqlite-with-gcov/summarization-partial/run_2	logs/harbor_jobs/terminalbench/qwen35b/qwen35b-summarization-partial-r2-1788247914682/sqlite-with-gcov__thzjphL	qwen35b-summarization-partial-r2-1788247914682
terminalbench	main	qwen35b	d05__b3k__su-partial	super-benchmark-upet__summarization-partial__r2	super-benchmark-upet	summarization-partial	2	summarization_partial	3000	0.5	summary_failure_accounting	priority	0		False	2026-09-01T03:15:49.876446-05:00	ICLR_results/terminalbench/main/qwen35b/d05__b3k__su-partial/super-benchmark-upet/summarization-partial/run_2	logs/harbor_jobs/terminalbench/qwen35b/qwen35b-summarization-partial-r2-1788247914682/super-benchmark-upet__Kc4gp2c	qwen35b-summarization-partial-r2-1788247914682
terminalbench	main	qwen35b	d05__b3k__su-partial	swe-bench-fsspec__summarization-partial__r2	swe-bench-fsspec	summarization-partial	2	summarization_partial	3000	0.5	summary_related_response	probable	0		False	2026-09-01T02:58:20.530600-05:00	ICLR_results/terminalbench/main/qwen35b/d05__b3k__su-partial/swe-bench-fsspec/summarization-partial/run_2	logs/harbor_jobs/terminalbench/qwen35b/qwen35b-summarization-partial-r2-1788247914682/swe-bench-fsspec__kg9WyuQ	qwen35b-summarization-partial-r2-1788247914682
terminalbench	main	qwen35b	d05__b3k__su-partial	write-compressor__summarization-partial__r2	write-compressor	summarization-partial	2	summarization_partial	3000	0.5	summary_related_response	probable	0		False	2026-09-01T03:24:25.831801-05:00	ICLR_results/terminalbench/main/qwen35b/d05__b3k__su-partial/write-compressor/summarization-partial/run_2	logs/harbor_jobs/terminalbench/qwen35b/qwen35b-summarization-partial-r2-1788247914682/write-compressor__6xtr9Tu	qwen35b-summarization-partial-r2-1788247914682
terminalbench	main	qwen35b	d05__b3k__su-partial	blind-maze-explorer-5x5__summarization-partial__r3	blind-maze-explorer-5x5	summarization-partial	3	summarization_partial	3000	0.5	summary_failure_accounting	priority	0		False	2026-09-01T07:05:24.636903-05:00	ICLR_results/terminalbench/main/qwen35b/d05__b3k__su-partial/blind-maze-explorer-5x5/summarization-partial/run_3	logs/harbor_jobs/terminalbench/qwen35b/qwen35b-summarization-partial-r3-1788259618473/blind-maze-explorer-5x5__hKgDoQh	qwen35b-summarization-partial-r3-1788259618473
terminalbench	main	qwen35b	d05__b3k__su-partial	blind-maze-explorer-algorithm__summarization-partial__r3	blind-maze-explorer-algorithm	summarization-partial	3	summarization_partial	3000	0.5	summary_related_response	probable	0		False	2026-09-01T06:20:23.082321-05:00	ICLR_results/terminalbench/main/qwen35b/d05__b3k__su-partial/blind-maze-explorer-algorithm/summarization-partial/run_3	logs/harbor_jobs/terminalbench/qwen35b/qwen35b-summarization-partial-r3-1788259618473/blind-maze-explorer-algorithm__orMTzyj	qwen35b-summarization-partial-r3-1788259618473
terminalbench	main	qwen35b	d05__b3k__su-partial	cartpole-rl-training__summarization-partial__r3	cartpole-rl-training	summarization-partial	3	summarization_partial	3000	0.5	summary_related_response	probable	0		False	2026-09-01T07:32:37.676171-05:00	ICLR_results/terminalbench/main/qwen35b/d05__b3k__su-partial/cartpole-rl-training/summarization-partial/run_3	logs/harbor_jobs/terminalbench/qwen35b/qwen35b-summarization-partial-r3-1788259618473/cartpole-rl-training__Mre4rXK	qwen35b-summarization-partial-r3-1788259618473
terminalbench	main	qwen35b	d05__b3k__su-partial	count-dataset-tokens__summarization-partial__r3	count-dataset-tokens	summarization-partial	3	summarization_partial	3000	0.5	summary_failure_accounting	priority	0		False	2026-09-01T05:53:24.891785-05:00	ICLR_results/terminalbench/main/qwen35b/d05__b3k__su-partial/count-dataset-tokens/summarization-partial/run_3	logs/harbor_jobs/terminalbench/qwen35b/qwen35b-summarization-partial-r3-1788259618473/count-dataset-tokens__QqkL8Ef	qwen35b-summarization-partial-r3-1788259618473
terminalbench	main	qwen35b	d05__b3k__su-partial	crack-7z-hash.hard__summarization-partial__r3	crack-7z-hash.hard	summarization-partial	3	summarization_partial	3000	0.5	summary_failure_accounting	priority	0		False	2026-09-01T06:44:12.871270-05:00	ICLR_results/terminalbench/main/qwen35b/d05__b3k__su-partial/crack-7z-hash.hard/summarization-partial/run_3	logs/harbor_jobs/terminalbench/qwen35b/qwen35b-summarization-partial-r3-1788259618473/crack-7z-hash.hard__hyj6vr4	qwen35b-summarization-partial-r3-1788259618473
terminalbench	main	qwen35b	d05__b3k__su-partial	csv-to-parquet__summarization-partial__r3	csv-to-parquet	summarization-partial	3	summarization_partial	3000	0.5	summary_failure_accounting	priority	0		False	2026-09-01T06:12:10.146030-05:00	ICLR_results/terminalbench/main/qwen35b/d05__b3k__su-partial/csv-to-parquet/summarization-partial/run_3	logs/harbor_jobs/terminalbench/qwen35b/qwen35b-summarization-partial-r3-1788259618473/csv-to-parquet__TEFi7Et	qwen35b-summarization-partial-r3-1788259618473
terminalbench	main	qwen35b	d05__b3k__su-partial	decommissioning-service-with-sensitive-data__summarization-partial__r3	decommissioning-service-with-sensitive-data	summarization-partial	3	summarization_partial	3000	0.5	summary_failure_accounting	priority	0		False	2026-09-01T07:03:18.340226-05:00	ICLR_results/terminalbench/main/qwen35b/d05__b3k__su-partial/decommissioning-service-with-sensitive-data/summarization-partial/run_3	logs/harbor_jobs/terminalbench/qwen35b/qwen35b-summarization-partial-r3-1788259618473/decommissioning-service-with-sen__kUP4NP4	qwen35b-summarization-partial-r3-1788259618473
terminalbench	main	qwen35b	d05__b3k__su-partial	eval-mteb__summarization-partial__r3	eval-mteb	summarization-partial	3	summarization_partial	3000	0.5	summary_failure_accounting	priority	0		False	2026-09-01T06:03:48.654531-05:00	ICLR_results/terminalbench/main/qwen35b/d05__b3k__su-partial/eval-mteb/summarization-partial/run_3	logs/harbor_jobs/terminalbench/qwen35b/qwen35b-summarization-partial-r3-1788259618473/eval-mteb__p5o3kUG	qwen35b-summarization-partial-r3-1788259618473
terminalbench	main	qwen35b	d05__b3k__su-partial	fix-git__summarization-partial__r3	fix-git	summarization-partial	3	summarization_partial	3000	0.5	summary_related_response	probable	0		False	2026-09-01T06:37:51.539143-05:00	ICLR_results/terminalbench/main/qwen35b/d05__b3k__su-partial/fix-git/summarization-partial/run_3	logs/harbor_jobs/terminalbench/qwen35b/qwen35b-summarization-partial-r3-1788259618473/fix-git__faUi5dX	qwen35b-summarization-partial-r3-1788259618473
terminalbench	main	qwen35b	d05__b3k__su-partial	fix-pandas-version__summarization-partial__r3	fix-pandas-version	summarization-partial	3	summarization_partial	3000	0.5	summary_related_response	probable	0		False	2026-09-01T06:07:45.136653-05:00	ICLR_results/terminalbench/main/qwen35b/d05__b3k__su-partial/fix-pandas-version/summarization-partial/run_3	logs/harbor_jobs/terminalbench/qwen35b/qwen35b-summarization-partial-r3-1788259618473/fix-pandas-version__ZagXBJX	qwen35b-summarization-partial-r3-1788259618473
terminalbench	main	qwen35b	d05__b3k__su-partial	gpt2-codegolf__summarization-partial__r3	gpt2-codegolf	summarization-partial	3	summarization_partial	3000	0.5	summary_related_response	probable	0		False	2026-09-01T06:01:23.848929-05:00	ICLR_results/terminalbench/main/qwen35b/d05__b3k__su-partial/gpt2-codegolf/summarization-partial/run_3	logs/harbor_jobs/terminalbench/qwen35b/qwen35b-summarization-partial-r3-1788259618473/gpt2-codegolf__ZPFb9UL	qwen35b-summarization-partial-r3-1788259618473
terminalbench	main	qwen35b	d05__b3k__su-partial	incompatible-python-fasttext__summarization-partial__r3	incompatible-python-fasttext	summarization-partial	3	summarization_partial	3000	0.5	summary_failure_accounting	priority	0		False	2026-09-01T05:46:59.964529-05:00	ICLR_results/terminalbench/main/qwen35b/d05__b3k__su-partial/incompatible-python-fasttext/summarization-partial/run_3	logs/harbor_jobs/terminalbench/qwen35b/qwen35b-summarization-partial-r3-1788259618473/incompatible-python-fasttext__uiX2jCk	qwen35b-summarization-partial-r3-1788259618473
terminalbench	main	qwen35b	d05__b3k__su-partial	intrusion-detection__summarization-partial__r3	intrusion-detection	summarization-partial	3	summarization_partial	3000	0.5	summary_failure_accounting	priority	0		False	2026-09-01T06:34:09.081273-05:00	ICLR_results/terminalbench/main/qwen35b/d05__b3k__su-partial/intrusion-detection/summarization-partial/run_3	logs/harbor_jobs/terminalbench/qwen35b/qwen35b-summarization-partial-r3-1788259618473/intrusion-detection__3QzmjK6	qwen35b-summarization-partial-r3-1788259618473
terminalbench	main	qwen35b	d05__b3k__su-partial	modernize-fortran-build__summarization-partial__r3	modernize-fortran-build	summarization-partial	3	summarization_partial	3000	0.5	summary_failure_accounting	priority	0	Submitted	False	2026-09-01T06:18:34.777046-05:00	ICLR_results/terminalbench/main/qwen35b/d05__b3k__su-partial/modernize-fortran-build/summarization-partial/run_3	logs/harbor_jobs/terminalbench/qwen35b/qwen35b-summarization-partial-r3-1788259618473/modernize-fortran-build__7fSDGFW	qwen35b-summarization-partial-r3-1788259618473
terminalbench	main	qwen35b	d05__b3k__su-partial	new-encrypt-command__summarization-partial__r3	new-encrypt-command	summarization-partial	3	summarization_partial	3000	0.5	tb_unverifiable	probable	0		True	2026-09-01T06:31:31.115450-05:00	ICLR_results/terminalbench/main/qwen35b/d05__b3k__su-partial/new-encrypt-command/summarization-partial/run_3	logs/harbor_jobs/terminalbench/qwen35b/qwen35b-summarization-partial-r3-1788259618473/new-encrypt-command__83M6DtQ	qwen35b-summarization-partial-r3-1788259618473
terminalbench	main	qwen35b	d05__b3k__su-partial	password-recovery__summarization-partial__r3	password-recovery	summarization-partial	3	summarization_partial	3000	0.5	summary_failure_accounting	priority	0		False	2026-09-01T06:42:08.212839-05:00	ICLR_results/terminalbench/main/qwen35b/d05__b3k__su-partial/password-recovery/summarization-partial/run_3	logs/harbor_jobs/terminalbench/qwen35b/qwen35b-summarization-partial-r3-1788259618473/password-recovery__X229e8d	qwen35b-summarization-partial-r3-1788259618473
terminalbench	main	qwen35b	d05__b3k__su-partial	processing-pipeline__summarization-partial__r3	processing-pipeline	summarization-partial	3	summarization_partial	3000	0.5	tb_erasure_possible	probable	0	Submitted	True	2026-09-01T06:16:32.157698-05:00	ICLR_results/terminalbench/main/qwen35b/d05__b3k__su-partial/processing-pipeline/summarization-partial/run_3	logs/harbor_jobs/terminalbench/qwen35b/qwen35b-summarization-partial-r3-1788259618473/processing-pipeline__7BTXY34	qwen35b-summarization-partial-r3-1788259618473
terminalbench	main	qwen35b	d05__b3k__su-partial	qemu-alpine-ssh__summarization-partial__r3	qemu-alpine-ssh	summarization-partial	3	summarization_partial	3000	0.5	summary_failure_accounting	priority	0		False	2026-09-01T06:01:46.565722-05:00	ICLR_results/terminalbench/main/qwen35b/d05__b3k__su-partial/qemu-alpine-ssh/summarization-partial/run_3	logs/harbor_jobs/terminalbench/qwen35b/qwen35b-summarization-partial-r3-1788259618473/qemu-alpine-ssh__dxev5hH	qwen35b-summarization-partial-r3-1788259618473
terminalbench	main	qwen35b	d05__b3k__su-partial	qemu-startup__summarization-partial__r3	qemu-startup	summarization-partial	3	summarization_partial	3000	0.5	summary_failure_accounting	priority	0		True	2026-09-01T06:48:30.782351-05:00	ICLR_results/terminalbench/main/qwen35b/d05__b3k__su-partial/qemu-startup/summarization-partial/run_3	logs/harbor_jobs/terminalbench/qwen35b/qwen35b-summarization-partial-r3-1788259618473/qemu-startup__y5nN4AW	qwen35b-summarization-partial-r3-1788259618473
terminalbench	main	qwen35b	d05__b3k__su-partial	sanitize-git-repo.hard__summarization-partial__r3	sanitize-git-repo.hard	summarization-partial	3	summarization_partial	3000	0.5	summary_related_response	probable	0		False	2026-09-01T06:56:57.233502-05:00	ICLR_results/terminalbench/main/qwen35b/d05__b3k__su-partial/sanitize-git-repo.hard/summarization-partial/run_3	logs/harbor_jobs/terminalbench/qwen35b/qwen35b-summarization-partial-r3-1788259618473/sanitize-git-repo.hard__JL7jMLG	qwen35b-summarization-partial-r3-1788259618473
terminalbench	main	qwen35b	d05__b3k__su-partial	solana-data__summarization-partial__r3	solana-data	summarization-partial	3	summarization_partial	3000	0.5	summary_related_response	probable	0		False	2026-09-01T05:54:54.184095-05:00	ICLR_results/terminalbench/main/qwen35b/d05__b3k__su-partial/solana-data/summarization-partial/run_3	logs/harbor_jobs/terminalbench/qwen35b/qwen35b-summarization-partial-r3-1788259618473/solana-data__p25RyYD	qwen35b-summarization-partial-r3-1788259618473
terminalbench	main	qwen35b	d05__b3k__su-partial	swe-bench-fsspec__summarization-partial__r3	swe-bench-fsspec	summarization-partial	3	summarization_partial	3000	0.5	summary_failure_accounting	priority	0		False	2026-09-01T06:14:02.586566-05:00	ICLR_results/terminalbench/main/qwen35b/d05__b3k__su-partial/swe-bench-fsspec/summarization-partial/run_3	logs/harbor_jobs/terminalbench/qwen35b/qwen35b-summarization-partial-r3-1788259618473/swe-bench-fsspec__TAQuw3m	qwen35b-summarization-partial-r3-1788259618473
terminalbench	main	qwen35b	d05__b3k__su-partial	tmux-advanced-workflow__summarization-partial__r3	tmux-advanced-workflow	summarization-partial	3	summarization_partial	3000	0.5	summary_related_response	probable	0		False	2026-09-01T05:46:59.915391-05:00	ICLR_results/terminalbench/main/qwen35b/d05__b3k__su-partial/tmux-advanced-workflow/summarization-partial/run_3	logs/harbor_jobs/terminalbench/qwen35b/qwen35b-summarization-partial-r3-1788259618473/tmux-advanced-workflow__h78Kuw7	qwen35b-summarization-partial-r3-1788259618473
terminalbench	main	qwen35b	d05__b3k__su-partial	write-compressor__summarization-partial__r3	write-compressor	summarization-partial	3	summarization_partial	3000	0.5	summary_related_response	probable	0		False	2026-09-01T06:40:33.807173-05:00	ICLR_results/terminalbench/main/qwen35b/d05__b3k__su-partial/write-compressor/summarization-partial/run_3	logs/harbor_jobs/terminalbench/qwen35b/qwen35b-summarization-partial-r3-1788259618473/write-compressor__bBu38ad	qwen35b-summarization-partial-r3-1788259618473
terminalbench	ablation	qwen35b	d05__b4k__ss	blind-maze-explorer-5x5__structured-summarize__r1	blind-maze-explorer-5x5	structured-summarize	1	structured_summarize	4000	0.5	tb_erasure_possible	probable	0	Submitted	False	2026-09-04T08:20:07.069187-05:00	ICLR_results/terminalbench/ablation/qwen35b/d05__b4k__ss/blind-maze-explorer-5x5/structured-summarize/run_1	logs/harbor_jobs/terminalbench/qwen35b/qwen35b-structured-summarize-r1-1788526914217/blind-maze-explorer-5x5__wHAieJy	qwen35b-structured-summarize-r1-1788526914217
terminalbench	ablation	qwen35b	d05__b4k__ss	crack-7z-hash.hard__structured-summarize__r1	crack-7z-hash.hard	structured-summarize	1	structured_summarize	4000	0.5	tb_erasure_possible	probable	0	Submitted	True	2026-09-04T08:14:51.530264-05:00	ICLR_results/terminalbench/ablation/qwen35b/d05__b4k__ss/crack-7z-hash.hard/structured-summarize/run_1	logs/harbor_jobs/terminalbench/qwen35b/qwen35b-structured-summarize-r1-1788526914217/crack-7z-hash.hard__wng2gLx	qwen35b-structured-summarize-r1-1788526914217
terminalbench	ablation	qwen35b	d05__b4k__ss	incompatible-python-fasttext__structured-summarize__r2	incompatible-python-fasttext	structured-summarize	2	structured_summarize	4000	0.5	tb_erasure_possible	probable	0	Submitted	True	2026-09-04T08:43:16.063761-05:00	ICLR_results/terminalbench/ablation/qwen35b/d05__b4k__ss/incompatible-python-fasttext/structured-summarize/run_2	logs/harbor_jobs/terminalbench/qwen35b/qwen35b-structured-summarize-r2-1788529394660/incompatible-python-fasttext__UqTPgFn	qwen35b-structured-summarize-r2-1788529394660
terminalbench	ablation	qwen35b	d05__b4k__ss	pytorch-model-cli.hard__structured-summarize__r2	pytorch-model-cli.hard	structured-summarize	2	structured_summarize	4000	0.5	tb_erasure_possible	probable	0		False	2026-09-04T08:43:16.114087-05:00	ICLR_results/terminalbench/ablation/qwen35b/d05__b4k__ss/pytorch-model-cli.hard/structured-summarize/run_2	logs/harbor_jobs/terminalbench/qwen35b/qwen35b-structured-summarize-r2-1788529394660/pytorch-model-cli.hard__uu3y5VG	qwen35b-structured-summarize-r2-1788529394660
terminalbench	ablation	qwen35b	d05__b4k__ss	sanitize-git-repo.hard__structured-summarize__r2	sanitize-git-repo.hard	structured-summarize	2	structured_summarize	4000	0.5	tb_unverifiable	probable	0		False	2026-09-04T08:57:54.059202-05:00	ICLR_results/terminalbench/ablation/qwen35b/d05__b4k__ss/sanitize-git-repo.hard/structured-summarize/run_2	logs/harbor_jobs/terminalbench/qwen35b/qwen35b-structured-summarize-r2-1788529394660/sanitize-git-repo.hard__priEujv	qwen35b-structured-summarize-r2-1788529394660
terminalbench	ablation	qwen35b	d05__b4k__ss	sqlite-with-gcov__structured-summarize__r2	sqlite-with-gcov	structured-summarize	2	structured_summarize	4000	0.5	tb_erasure_possible	probable	0		False	2026-09-04T08:43:16.120169-05:00	ICLR_results/terminalbench/ablation/qwen35b/d05__b4k__ss/sqlite-with-gcov/structured-summarize/run_2	logs/harbor_jobs/terminalbench/qwen35b/qwen35b-structured-summarize-r2-1788529394660/sqlite-with-gcov__SmZokzE	qwen35b-structured-summarize-r2-1788529394660
terminalbench	ablation	qwen35b	d05__b4k__ss	write-compressor__structured-summarize__r2	write-compressor	structured-summarize	2	structured_summarize	4000	0.5	tb_erasure_possible	probable	0		False	2026-09-04T08:51:30.390944-05:00	ICLR_results/terminalbench/ablation/qwen35b/d05__b4k__ss/write-compressor/structured-summarize/run_2	logs/harbor_jobs/terminalbench/qwen35b/qwen35b-structured-summarize-r2-1788529394660/write-compressor__FZeCSbh	qwen35b-structured-summarize-r2-1788529394660
terminalbench	ablation	qwen35b	d05__b4k__ss	crack-7z-hash.hard__structured-summarize__r3	crack-7z-hash.hard	structured-summarize	3	structured_summarize	4000	0.5	tb_erasure_possible	probable	0		False	2026-09-04T09:41:48.247560-05:00	ICLR_results/terminalbench/ablation/qwen35b/d05__b4k__ss/crack-7z-hash.hard/structured-summarize/run_3	logs/harbor_jobs/terminalbench/qwen35b/qwen35b-structured-summarize-r3-1788532401156/crack-7z-hash.hard__2EPbSVa	qwen35b-structured-summarize-r3-1788532401156
terminalbench	ablation	qwen35b	d05__b4k__ss	csv-to-parquet__structured-summarize__r3	csv-to-parquet	structured-summarize	3	structured_summarize	4000	0.5	tb_erasure_possible	probable	0		True	2026-09-04T09:39:49.421370-05:00	ICLR_results/terminalbench/ablation/qwen35b/d05__b4k__ss/csv-to-parquet/structured-summarize/run_3	logs/harbor_jobs/terminalbench/qwen35b/qwen35b-structured-summarize-r3-1788532401156/csv-to-parquet__S5Da2HQ	qwen35b-structured-summarize-r3-1788532401156
terminalbench	ablation	qwen35b	d05__b4k__ss	hf-model-inference__structured-summarize__r3	hf-model-inference	structured-summarize	3	structured_summarize	4000	0.5	tb_erasure_possible	probable	0		False	2026-09-04T09:34:40.844306-05:00	ICLR_results/terminalbench/ablation/qwen35b/d05__b4k__ss/hf-model-inference/structured-summarize/run_3	logs/harbor_jobs/terminalbench/qwen35b/qwen35b-structured-summarize-r3-1788532401156/hf-model-inference__97aBtqF	qwen35b-structured-summarize-r3-1788532401156
terminalbench	ablation	qwen35b	d05__b4k__ss	incompatible-python-fasttext__structured-summarize__r3	incompatible-python-fasttext	structured-summarize	3	structured_summarize	4000	0.5	tb_erasure_possible	probable	0	Submitted	True	2026-09-04T09:33:22.613283-05:00	ICLR_results/terminalbench/ablation/qwen35b/d05__b4k__ss/incompatible-python-fasttext/structured-summarize/run_3	logs/harbor_jobs/terminalbench/qwen35b/qwen35b-structured-summarize-r3-1788532401156/incompatible-python-fasttext__CPG7Jf8	qwen35b-structured-summarize-r3-1788532401156
terminalbench	ablation	qwen35b	d05__b4k__ss	processing-pipeline__structured-summarize__r3	processing-pipeline	structured-summarize	3	structured_summarize	4000	0.5	tb_erasure_possible	probable	0	Submitted	True	2026-09-04T09:40:37.918828-05:00	ICLR_results/terminalbench/ablation/qwen35b/d05__b4k__ss/processing-pipeline/structured-summarize/run_3	logs/harbor_jobs/terminalbench/qwen35b/qwen35b-structured-summarize-r3-1788532401156/processing-pipeline__KMsN6gQ	qwen35b-structured-summarize-r3-1788532401156
terminalbench	ablation	qwen35b	d05__b4k__ss	pytorch-model-cli.hard__structured-summarize__r3	pytorch-model-cli.hard	structured-summarize	3	structured_summarize	4000	0.5	tb_erasure_possible	probable	0		False	2026-09-04T09:33:22.664078-05:00	ICLR_results/terminalbench/ablation/qwen35b/d05__b4k__ss/pytorch-model-cli.hard/structured-summarize/run_3	logs/harbor_jobs/terminalbench/qwen35b/qwen35b-structured-summarize-r3-1788532401156/pytorch-model-cli.hard__VejsLvr	qwen35b-structured-summarize-r3-1788532401156
terminalbench	ablation	qwen35b	d05__b4k__ss	sanitize-git-repo.hard__structured-summarize__r3	sanitize-git-repo.hard	structured-summarize	3	structured_summarize	4000	0.5	tb_unverifiable	probable	0		False	2026-09-04T09:47:25.935047-05:00	ICLR_results/terminalbench/ablation/qwen35b/d05__b4k__ss/sanitize-git-repo.hard/structured-summarize/run_3	logs/harbor_jobs/terminalbench/qwen35b/qwen35b-structured-summarize-r3-1788532401156/sanitize-git-repo.hard__cfQFzPs	qwen35b-structured-summarize-r3-1788532401156
terminalbench	ablation	qwen35b	d05__b4k__ss	sqlite-with-gcov__structured-summarize__r3	sqlite-with-gcov	structured-summarize	3	structured_summarize	4000	0.5	tb_unverifiable	probable	0		False	2026-09-04T09:33:22.670260-05:00	ICLR_results/terminalbench/ablation/qwen35b/d05__b4k__ss/sqlite-with-gcov/structured-summarize/run_3	logs/harbor_jobs/terminalbench/qwen35b/qwen35b-structured-summarize-r3-1788532401156/sqlite-with-gcov__ZF9RybE	qwen35b-structured-summarize-r3-1788532401156
terminalbench	ablation	qwen35b	d05__b4k__ss-partial	hf-model-inference__structured-summarize-partial__r1	hf-model-inference	structured-summarize-partial	1	structured_summarize_partial	4000	0.5	tb_erasure_possible	probable	0		False	2026-09-04T10:20:57.340193-05:00	ICLR_results/terminalbench/ablation/qwen35b/d05__b4k__ss-partial/hf-model-inference/structured-summarize-partial/run_1	logs/harbor_jobs/terminalbench/qwen35b/qwen35b-structured-summarize-partial-r1-1788535092597/hf-model-inference__oLJUFbz	qwen35b-structured-summarize-partial-r1-1788535092597
terminalbench	ablation	qwen35b	d05__b4k__su-full	blind-maze-explorer-5x5__summarization__r1	blind-maze-explorer-5x5	summarization	1	summarization	4000	0.5	tb_unverifiable	probable	0		False	2026-09-04T03:40:12.472865-05:00	ICLR_results/terminalbench/ablation/qwen35b/d05__b4k__su-full/blind-maze-explorer-5x5/summarization/run_1	logs/harbor_jobs/terminalbench/qwen35b/qwen35b-summarization-r1-1788510055383/blind-maze-explorer-5x5__N7xCWch	qwen35b-summarization-r1-1788510055383
terminalbench	ablation	qwen35b	d05__b4k__su-full	crack-7z-hash.hard__summarization__r1	crack-7z-hash.hard	summarization	1	summarization	4000	0.5	tb_erasure_possible	probable	0	Submitted	True	2026-09-04T03:34:33.472279-05:00	ICLR_results/terminalbench/ablation/qwen35b/d05__b4k__su-full/crack-7z-hash.hard/summarization/run_1	logs/harbor_jobs/terminalbench/qwen35b/qwen35b-summarization-r1-1788510055383/crack-7z-hash.hard__cysxJ7S	qwen35b-summarization-r1-1788510055383
terminalbench	ablation	qwen35b	d05__b4k__su-full	csv-to-parquet__summarization__r1	csv-to-parquet	summarization	1	summarization	4000	0.5	summary_failure_accounting	priority	0		False	2026-09-04T03:28:09.494481-05:00	ICLR_results/terminalbench/ablation/qwen35b/d05__b4k__su-full/csv-to-parquet/summarization/run_1	logs/harbor_jobs/terminalbench/qwen35b/qwen35b-summarization-r1-1788510055383/csv-to-parquet__ePnRqq4	qwen35b-summarization-r1-1788510055383
terminalbench	ablation	qwen35b	d05__b4k__su-full	download-youtube__summarization__r1	download-youtube	summarization	1	summarization	4000	0.5	summary_related_response	probable	0		False	2026-09-04T03:37:34.879367-05:00	ICLR_results/terminalbench/ablation/qwen35b/d05__b4k__su-full/download-youtube/summarization/run_1	logs/harbor_jobs/terminalbench/qwen35b/qwen35b-summarization-r1-1788510055383/download-youtube__7tj8E5t	qwen35b-summarization-r1-1788510055383
terminalbench	ablation	qwen35b	d05__b4k__su-full	gpt2-codegolf__summarization__r1	gpt2-codegolf	summarization	1	summarization	4000	0.5	summary_related_response	probable	0		False	2026-09-04T03:21:57.676268-05:00	ICLR_results/terminalbench/ablation/qwen35b/d05__b4k__su-full/gpt2-codegolf/summarization/run_1	logs/harbor_jobs/terminalbench/qwen35b/qwen35b-summarization-r1-1788510055383/gpt2-codegolf__tLRiGPs	qwen35b-summarization-r1-1788510055383
terminalbench	ablation	qwen35b	d05__b4k__su-full	hf-model-inference__summarization__r1	hf-model-inference	summarization	1	summarization	4000	0.5	summary_failure_accounting	priority	0		False	2026-09-04T03:27:24.365853-05:00	ICLR_results/terminalbench/ablation/qwen35b/d05__b4k__su-full/hf-model-inference/summarization/run_1	logs/harbor_jobs/terminalbench/qwen35b/qwen35b-summarization-r1-1788510055383/hf-model-inference__pQc3eLT	qwen35b-summarization-r1-1788510055383
terminalbench	ablation	qwen35b	d05__b4k__su-full	incompatible-python-fasttext__summarization__r1	incompatible-python-fasttext	summarization	1	summarization	4000	0.5	summary_failure_accounting	priority	0		True	2026-09-04T03:20:56.781979-05:00	ICLR_results/terminalbench/ablation/qwen35b/d05__b4k__su-full/incompatible-python-fasttext/summarization/run_1	logs/harbor_jobs/terminalbench/qwen35b/qwen35b-summarization-r1-1788510055383/incompatible-python-fasttext__43baJDA	qwen35b-summarization-r1-1788510055383
terminalbench	ablation	qwen35b	d05__b4k__su-full	pytorch-model-cli.hard__summarization__r1	pytorch-model-cli.hard	summarization	1	summarization	4000	0.5	summary_related_response	probable	0		False	2026-09-04T03:20:56.836372-05:00	ICLR_results/terminalbench/ablation/qwen35b/d05__b4k__su-full/pytorch-model-cli.hard/summarization/run_1	logs/harbor_jobs/terminalbench/qwen35b/qwen35b-summarization-r1-1788510055383/pytorch-model-cli.hard__FbasV3d	qwen35b-summarization-r1-1788510055383
terminalbench	ablation	qwen35b	d05__b4k__su-full	sanitize-git-repo.hard__summarization__r1	sanitize-git-repo.hard	summarization	1	summarization	4000	0.5	tb_unverifiable	probable	0		False	2026-09-04T03:37:46.175661-05:00	ICLR_results/terminalbench/ablation/qwen35b/d05__b4k__su-full/sanitize-git-repo.hard/summarization/run_1	logs/harbor_jobs/terminalbench/qwen35b/qwen35b-summarization-r1-1788510055383/sanitize-git-repo.hard__SVerKxR	qwen35b-summarization-r1-1788510055383
terminalbench	ablation	qwen35b	d05__b4k__su-full	sqlite-with-gcov__summarization__r1	sqlite-with-gcov	summarization	1	summarization	4000	0.5	summary_failure_accounting	priority	0		False	2026-09-04T03:20:56.842011-05:00	ICLR_results/terminalbench/ablation/qwen35b/d05__b4k__su-full/sqlite-with-gcov/summarization/run_1	logs/harbor_jobs/terminalbench/qwen35b/qwen35b-summarization-r1-1788510055383/sqlite-with-gcov__K4LzLai	qwen35b-summarization-r1-1788510055383
terminalbench	ablation	qwen35b	d05__b4k__su-full	swe-bench-fsspec__summarization__r1	swe-bench-fsspec	summarization	1	summarization	4000	0.5	tb_unverifiable	probable	0		False	2026-09-04T03:28:21.423120-05:00	ICLR_results/terminalbench/ablation/qwen35b/d05__b4k__su-full/swe-bench-fsspec/summarization/run_1	logs/harbor_jobs/terminalbench/qwen35b/qwen35b-summarization-r1-1788510055383/swe-bench-fsspec__7Pkmypb	qwen35b-summarization-r1-1788510055383
terminalbench	ablation	qwen35b	d05__b4k__su-full	write-compressor__summarization__r1	write-compressor	summarization	1	summarization	4000	0.5	summary_failure_accounting	priority	0		False	2026-09-04T03:33:47.558264-05:00	ICLR_results/terminalbench/ablation/qwen35b/d05__b4k__su-full/write-compressor/summarization/run_1	logs/harbor_jobs/terminalbench/qwen35b/qwen35b-summarization-r1-1788510055383/write-compressor__4XDDj3P	qwen35b-summarization-r1-1788510055383
terminalbench	ablation	qwen35b	d05__b4k__su-full	blind-maze-explorer-5x5__summarization__r2	blind-maze-explorer-5x5	summarization	2	summarization	4000	0.5	tb_erasure_possible	probable	0		False	2026-09-04T04:28:22.532983-05:00	ICLR_results/terminalbench/ablation/qwen35b/d05__b4k__su-full/blind-maze-explorer-5x5/summarization/run_2	logs/harbor_jobs/terminalbench/qwen35b/qwen35b-summarization-r2-1788513077164/blind-maze-explorer-5x5__AJRdsWG	qwen35b-summarization-r2-1788513077164
terminalbench	ablation	qwen35b	d05__b4k__su-full	crack-7z-hash.hard__summarization__r2	crack-7z-hash.hard	summarization	2	summarization	4000	0.5	summary_failure_accounting	priority	0		False	2026-09-04T04:21:55.348216-05:00	ICLR_results/terminalbench/ablation/qwen35b/d05__b4k__su-full/crack-7z-hash.hard/summarization/run_2	logs/harbor_jobs/terminalbench/qwen35b/qwen35b-summarization-r2-1788513077164/crack-7z-hash.hard__fH8B3Cp	qwen35b-summarization-r2-1788513077164
terminalbench	ablation	qwen35b	d05__b4k__su-full	csv-to-parquet__summarization__r2	csv-to-parquet	summarization	2	summarization	4000	0.5	summary_related_response	probable	0		False	2026-09-04T04:17:47.630302-05:00	ICLR_results/terminalbench/ablation/qwen35b/d05__b4k__su-full/csv-to-parquet/summarization/run_2	logs/harbor_jobs/terminalbench/qwen35b/qwen35b-summarization-r2-1788513077164/csv-to-parquet__UVdZ7yL	qwen35b-summarization-r2-1788513077164
terminalbench	ablation	qwen35b	d05__b4k__su-full	download-youtube__summarization__r2	download-youtube	summarization	2	summarization	4000	0.5	tb_erasure_possible	probable	0		False	2026-09-04T04:24:15.250701-05:00	ICLR_results/terminalbench/ablation/qwen35b/d05__b4k__su-full/download-youtube/summarization/run_2	logs/harbor_jobs/terminalbench/qwen35b/qwen35b-summarization-r2-1788513077164/download-youtube__FHA9vHZ	qwen35b-summarization-r2-1788513077164
terminalbench	ablation	qwen35b	d05__b4k__su-full	gpt2-codegolf__summarization__r2	gpt2-codegolf	summarization	2	summarization	4000	0.5	tb_erasure_possible	probable	0		False	2026-09-04T04:12:05.659038-05:00	ICLR_results/terminalbench/ablation/qwen35b/d05__b4k__su-full/gpt2-codegolf/summarization/run_2	logs/harbor_jobs/terminalbench/qwen35b/qwen35b-summarization-r2-1788513077164/gpt2-codegolf__wTJRypV	qwen35b-summarization-r2-1788513077164
terminalbench	ablation	qwen35b	d05__b4k__su-full	hf-model-inference__summarization__r2	hf-model-inference	summarization	2	summarization	4000	0.5	tb_erasure_possible	probable	0		False	2026-09-04T04:12:06.823922-05:00	ICLR_results/terminalbench/ablation/qwen35b/d05__b4k__su-full/hf-model-inference/summarization/run_2	logs/harbor_jobs/terminalbench/qwen35b/qwen35b-summarization-r2-1788513077164/hf-model-inference__GZxjoSg	qwen35b-summarization-r2-1788513077164
terminalbench	ablation	qwen35b	d05__b4k__su-full	processing-pipeline__summarization__r2	processing-pipeline	summarization	2	summarization	4000	0.5	tb_erasure_possible	probable	0	Submitted	True	2026-09-04T04:18:30.163213-05:00	ICLR_results/terminalbench/ablation/qwen35b/d05__b4k__su-full/processing-pipeline/summarization/run_2	logs/harbor_jobs/terminalbench/qwen35b/qwen35b-summarization-r2-1788513077164/processing-pipeline__Acu3LgL	qwen35b-summarization-r2-1788513077164
terminalbench	ablation	qwen35b	d05__b4k__su-full	pytorch-model-cli.hard__summarization__r2	pytorch-model-cli.hard	summarization	2	summarization	4000	0.5	summary_failure_accounting	priority	0		False	2026-09-04T04:11:18.593369-05:00	ICLR_results/terminalbench/ablation/qwen35b/d05__b4k__su-full/pytorch-model-cli.hard/summarization/run_2	logs/harbor_jobs/terminalbench/qwen35b/qwen35b-summarization-r2-1788513077164/pytorch-model-cli.hard__c6GYwDi	qwen35b-summarization-r2-1788513077164
terminalbench	ablation	qwen35b	d05__b4k__su-full	sanitize-git-repo.hard__summarization__r2	sanitize-git-repo.hard	summarization	2	summarization	4000	0.5	tb_erasure_possible	probable	0		False	2026-09-04T04:25:00.555271-05:00	ICLR_results/terminalbench/ablation/qwen35b/d05__b4k__su-full/sanitize-git-repo.hard/summarization/run_2	logs/harbor_jobs/terminalbench/qwen35b/qwen35b-summarization-r2-1788513077164/sanitize-git-repo.hard__oMhKSe8	qwen35b-summarization-r2-1788513077164
terminalbench	ablation	qwen35b	d05__b4k__su-full	sqlite-with-gcov__summarization__r2	sqlite-with-gcov	summarization	2	summarization	4000	0.5	tb_erasure_possible	probable	0		False	2026-09-04T04:11:18.598967-05:00	ICLR_results/terminalbench/ablation/qwen35b/d05__b4k__su-full/sqlite-with-gcov/summarization/run_2	logs/harbor_jobs/terminalbench/qwen35b/qwen35b-summarization-r2-1788513077164/sqlite-with-gcov__LefdAus	qwen35b-summarization-r2-1788513077164
terminalbench	ablation	qwen35b	d05__b4k__su-full	swe-bench-fsspec__summarization__r2	swe-bench-fsspec	summarization	2	summarization	4000	0.5	summary_failure_accounting	priority	0		False	2026-09-04T04:18:29.473140-05:00	ICLR_results/terminalbench/ablation/qwen35b/d05__b4k__su-full/swe-bench-fsspec/summarization/run_2	logs/harbor_jobs/terminalbench/qwen35b/qwen35b-summarization-r2-1788513077164/swe-bench-fsspec__E58PYAU	qwen35b-summarization-r2-1788513077164
terminalbench	ablation	qwen35b	d05__b4k__su-full	write-compressor__summarization__r2	write-compressor	summarization	2	summarization	4000	0.5	tb_erasure_possible	probable	0		False	2026-09-04T04:18:30.928556-05:00	ICLR_results/terminalbench/ablation/qwen35b/d05__b4k__su-full/write-compressor/summarization/run_2	logs/harbor_jobs/terminalbench/qwen35b/qwen35b-summarization-r2-1788513077164/write-compressor__wFMcK6w	qwen35b-summarization-r2-1788513077164
terminalbench	ablation	qwen35b	d05__b4k__su-full	blind-maze-explorer-5x5__summarization__r3	blind-maze-explorer-5x5	summarization	3	summarization	4000	0.5	tb_erasure_possible	probable	0	Submitted	False	2026-09-04T05:16:38.248147-05:00	ICLR_results/terminalbench/ablation/qwen35b/d05__b4k__su-full/blind-maze-explorer-5x5/summarization/run_3	logs/harbor_jobs/terminalbench/qwen35b/qwen35b-summarization-r3-1788516035365/blind-maze-explorer-5x5__6WFcMqb	qwen35b-summarization-r3-1788516035365
terminalbench	ablation	qwen35b	d05__b4k__su-full	crack-7z-hash.hard__summarization__r3	crack-7z-hash.hard	summarization	3	summarization	4000	0.5	summary_failure_accounting	priority	0		False	2026-09-04T05:10:20.299178-05:00	ICLR_results/terminalbench/ablation/qwen35b/d05__b4k__su-full/crack-7z-hash.hard/summarization/run_3	logs/harbor_jobs/terminalbench/qwen35b/qwen35b-summarization-r3-1788516035365/crack-7z-hash.hard__zwM3ftq	qwen35b-summarization-r3-1788516035365
terminalbench	ablation	qwen35b	d05__b4k__su-full	csv-to-parquet__summarization__r3	csv-to-parquet	summarization	3	summarization	4000	0.5	summary_failure_accounting	priority	0		False	2026-09-04T05:04:51.476802-05:00	ICLR_results/terminalbench/ablation/qwen35b/d05__b4k__su-full/csv-to-parquet/summarization/run_3	logs/harbor_jobs/terminalbench/qwen35b/qwen35b-summarization-r3-1788516035365/csv-to-parquet__fyZr2zw	qwen35b-summarization-r3-1788516035365
terminalbench	ablation	qwen35b	d05__b4k__su-full	download-youtube__summarization__r3	download-youtube	summarization	3	summarization	4000	0.5	tb_erasure_possible	probable	0		False	2026-09-04T05:12:07.210272-05:00	ICLR_results/terminalbench/ablation/qwen35b/d05__b4k__su-full/download-youtube/summarization/run_3	logs/harbor_jobs/terminalbench/qwen35b/qwen35b-summarization-r3-1788516035365/download-youtube__usZhjfV	qwen35b-summarization-r3-1788516035365
terminalbench	ablation	qwen35b	d05__b4k__su-full	gpt2-codegolf__summarization__r3	gpt2-codegolf	summarization	3	summarization	4000	0.5	tb_erasure_possible	probable	0		False	2026-09-04T05:01:20.012724-05:00	ICLR_results/terminalbench/ablation/qwen35b/d05__b4k__su-full/gpt2-codegolf/summarization/run_3	logs/harbor_jobs/terminalbench/qwen35b/qwen35b-summarization-r3-1788516035365/gpt2-codegolf__23hZJwZ	qwen35b-summarization-r3-1788516035365
terminalbench	ablation	qwen35b	d05__b4k__su-full	processing-pipeline__summarization__r3	processing-pipeline	summarization	3	summarization	4000	0.5	tb_erasure_possible	probable	0	Submitted	False	2026-09-04T05:07:51.406415-05:00	ICLR_results/terminalbench/ablation/qwen35b/d05__b4k__su-full/processing-pipeline/summarization/run_3	logs/harbor_jobs/terminalbench/qwen35b/qwen35b-summarization-r3-1788516035365/processing-pipeline__VHAotW7	qwen35b-summarization-r3-1788516035365
terminalbench	ablation	qwen35b	d05__b4k__su-full	pytorch-model-cli.hard__summarization__r3	pytorch-model-cli.hard	summarization	3	summarization	4000	0.5	tb_erasure_possible	probable	0		False	2026-09-04T05:00:36.784636-05:00	ICLR_results/terminalbench/ablation/qwen35b/d05__b4k__su-full/pytorch-model-cli.hard/summarization/run_3	logs/harbor_jobs/terminalbench/qwen35b/qwen35b-summarization-r3-1788516035365/pytorch-model-cli.hard__z6PAqok	qwen35b-summarization-r3-1788516035365
terminalbench	ablation	qwen35b	d05__b4k__su-full	sanitize-git-repo.hard__summarization__r3	sanitize-git-repo.hard	summarization	3	summarization	4000	0.5	summary_failure_accounting	priority	0		False	2026-09-04T05:15:50.550397-05:00	ICLR_results/terminalbench/ablation/qwen35b/d05__b4k__su-full/sanitize-git-repo.hard/summarization/run_3	logs/harbor_jobs/terminalbench/qwen35b/qwen35b-summarization-r3-1788516035365/sanitize-git-repo.hard__fvZRP3N	qwen35b-summarization-r3-1788516035365
terminalbench	ablation	qwen35b	d05__b4k__su-full	sqlite-with-gcov__summarization__r3	sqlite-with-gcov	summarization	3	summarization	4000	0.5	summary_failure_accounting	priority	0		False	2026-09-04T05:00:36.790323-05:00	ICLR_results/terminalbench/ablation/qwen35b/d05__b4k__su-full/sqlite-with-gcov/summarization/run_3	logs/harbor_jobs/terminalbench/qwen35b/qwen35b-summarization-r3-1788516035365/sqlite-with-gcov__tLwDRru	qwen35b-summarization-r3-1788516035365
terminalbench	ablation	qwen35b	d05__b4k__su-full	swe-bench-fsspec__summarization__r3	swe-bench-fsspec	summarization	3	summarization	4000	0.5	summary_failure_accounting	priority	0		False	2026-09-04T05:06:58.395927-05:00	ICLR_results/terminalbench/ablation/qwen35b/d05__b4k__su-full/swe-bench-fsspec/summarization/run_3	logs/harbor_jobs/terminalbench/qwen35b/qwen35b-summarization-r3-1788516035365/swe-bench-fsspec__jTksCeF	qwen35b-summarization-r3-1788516035365
terminalbench	ablation	qwen35b	d05__b4k__su-full	write-compressor__summarization__r3	write-compressor	summarization	3	summarization	4000	0.5	summary_failure_accounting	priority	0		False	2026-09-04T05:08:35.299506-05:00	ICLR_results/terminalbench/ablation/qwen35b/d05__b4k__su-full/write-compressor/summarization/run_3	logs/harbor_jobs/terminalbench/qwen35b/qwen35b-summarization-r3-1788516035365/write-compressor__seLKEkE	qwen35b-summarization-r3-1788516035365
terminalbench	ablation	qwen35b	d05__b4k__su-partial	blind-maze-explorer-5x5__summarization-partial__r1	blind-maze-explorer-5x5	summarization-partial	1	summarization_partial	4000	0.5	summary_related_response	probable	0		False	2026-09-04T05:58:58.542005-05:00	ICLR_results/terminalbench/ablation/qwen35b/d05__b4k__su-partial/blind-maze-explorer-5x5/summarization-partial/run_1	logs/harbor_jobs/terminalbench/qwen35b/qwen35b-summarization-partial-r1-1788518455340/blind-maze-explorer-5x5__MXQNA94	qwen35b-summarization-partial-r1-1788518455340
terminalbench	ablation	qwen35b	d05__b4k__su-partial	crack-7z-hash.hard__summarization-partial__r1	crack-7z-hash.hard	summarization-partial	1	summarization_partial	4000	0.5	summary_failure_accounting	priority	0		False	2026-09-04T05:52:37.119254-05:00	ICLR_results/terminalbench/ablation/qwen35b/d05__b4k__su-partial/crack-7z-hash.hard/summarization-partial/run_1	logs/harbor_jobs/terminalbench/qwen35b/qwen35b-summarization-partial-r1-1788518455340/crack-7z-hash.hard__VdKafKX	qwen35b-summarization-partial-r1-1788518455340
terminalbench	ablation	qwen35b	d05__b4k__su-partial	gpt2-codegolf__summarization-partial__r1	gpt2-codegolf	summarization-partial	1	summarization_partial	4000	0.5	summary_failure_accounting	priority	0		False	2026-09-04T05:42:37.943473-05:00	ICLR_results/terminalbench/ablation/qwen35b/d05__b4k__su-partial/gpt2-codegolf/summarization-partial/run_1	logs/harbor_jobs/terminalbench/qwen35b/qwen35b-summarization-partial-r1-1788518455340/gpt2-codegolf__XRUkZen	qwen35b-summarization-partial-r1-1788518455340
terminalbench	ablation	qwen35b	d05__b4k__su-partial	heterogeneous-dates__summarization-partial__r1	heterogeneous-dates	summarization-partial	1	summarization_partial	4000	0.5	summary_failure_accounting	priority	0	Submitted	False	2026-09-04T06:01:06.020458-05:00	ICLR_results/terminalbench/ablation/qwen35b/d05__b4k__su-partial/heterogeneous-dates/summarization-partial/run_1	logs/harbor_jobs/terminalbench/qwen35b/qwen35b-summarization-partial-r1-1788518455340/heterogeneous-dates__VvzQTQ2	qwen35b-summarization-partial-r1-1788518455340
terminalbench	ablation	qwen35b	d05__b4k__su-partial	hf-model-inference__summarization-partial__r1	hf-model-inference	summarization-partial	1	summarization_partial	4000	0.5	summary_failure_accounting	priority	0	Submitted	False	2026-09-04T05:47:23.458794-05:00	ICLR_results/terminalbench/ablation/qwen35b/d05__b4k__su-partial/hf-model-inference/summarization-partial/run_1	logs/harbor_jobs/terminalbench/qwen35b/qwen35b-summarization-partial-r1-1788518455340/hf-model-inference__RwSK7By	qwen35b-summarization-partial-r1-1788518455340
terminalbench	ablation	qwen35b	d05__b4k__su-partial	incompatible-python-fasttext__summarization-partial__r1	incompatible-python-fasttext	summarization-partial	1	summarization_partial	4000	0.5	summary_failure_accounting	priority	0		False	2026-09-04T05:40:56.683076-05:00	ICLR_results/terminalbench/ablation/qwen35b/d05__b4k__su-partial/incompatible-python-fasttext/summarization-partial/run_1	logs/harbor_jobs/terminalbench/qwen35b/qwen35b-summarization-partial-r1-1788518455340/incompatible-python-fasttext__KALSxm2	qwen35b-summarization-partial-r1-1788518455340
terminalbench	ablation	qwen35b	d05__b4k__su-partial	pytorch-model-cli.hard__summarization-partial__r1	pytorch-model-cli.hard	summarization-partial	1	summarization_partial	4000	0.5	summary_failure_accounting	priority	0		False	2026-09-04T05:40:56.733642-05:00	ICLR_results/terminalbench/ablation/qwen35b/d05__b4k__su-partial/pytorch-model-cli.hard/summarization-partial/run_1	logs/harbor_jobs/terminalbench/qwen35b/qwen35b-summarization-partial-r1-1788518455340/pytorch-model-cli.hard__CG8GUfk	qwen35b-summarization-partial-r1-1788518455340
terminalbench	ablation	qwen35b	d05__b4k__su-partial	sanitize-git-repo.hard__summarization-partial__r1	sanitize-git-repo.hard	summarization-partial	1	summarization_partial	4000	0.5	summary_failure_accounting	priority	0		False	2026-09-04T05:58:41.885903-05:00	ICLR_results/terminalbench/ablation/qwen35b/d05__b4k__su-partial/sanitize-git-repo.hard/summarization-partial/run_1	logs/harbor_jobs/terminalbench/qwen35b/qwen35b-summarization-partial-r1-1788518455340/sanitize-git-repo.hard__Qxb2AY5	qwen35b-summarization-partial-r1-1788518455340
terminalbench	ablation	qwen35b	d05__b4k__su-partial	sqlite-with-gcov__summarization-partial__r1	sqlite-with-gcov	summarization-partial	1	summarization_partial	4000	0.5	summary_failure_accounting	priority	0		False	2026-09-04T05:40:56.739731-05:00	ICLR_results/terminalbench/ablation/qwen35b/d05__b4k__su-partial/sqlite-with-gcov/summarization-partial/run_1	logs/harbor_jobs/terminalbench/qwen35b/qwen35b-summarization-partial-r1-1788518455340/sqlite-with-gcov__6NisjYR	qwen35b-summarization-partial-r1-1788518455340
terminalbench	ablation	qwen35b	d05__b4k__su-partial	swe-bench-fsspec__summarization-partial__r1	swe-bench-fsspec	summarization-partial	1	summarization_partial	4000	0.5	summary_failure_accounting	priority	0		False	2026-09-04T05:49:02.779902-05:00	ICLR_results/terminalbench/ablation/qwen35b/d05__b4k__su-partial/swe-bench-fsspec/summarization-partial/run_1	logs/harbor_jobs/terminalbench/qwen35b/qwen35b-summarization-partial-r1-1788518455340/swe-bench-fsspec__rqcWgit	qwen35b-summarization-partial-r1-1788518455340
terminalbench	ablation	qwen35b	d05__b4k__su-partial	write-compressor__summarization-partial__r1	write-compressor	summarization-partial	1	summarization_partial	4000	0.5	summary_failure_accounting	priority	0		False	2026-09-04T05:52:20.109735-05:00	ICLR_results/terminalbench/ablation/qwen35b/d05__b4k__su-partial/write-compressor/summarization-partial/run_1	logs/harbor_jobs/terminalbench/qwen35b/qwen35b-summarization-partial-r1-1788518455340/write-compressor__HAGNbNo	qwen35b-summarization-partial-r1-1788518455340
terminalbench	ablation	qwen35b	d05__b4k__su-partial	blind-maze-explorer-5x5__summarization-partial__r2	blind-maze-explorer-5x5	summarization-partial	2	summarization_partial	4000	0.5	summary_failure_accounting	priority	0		False	2026-09-04T06:48:22.673837-05:00	ICLR_results/terminalbench/ablation/qwen35b/d05__b4k__su-partial/blind-maze-explorer-5x5/summarization-partial/run_2	logs/harbor_jobs/terminalbench/qwen35b/qwen35b-summarization-partial-r2-1788521421265/blind-maze-explorer-5x5__teSP6WV	qwen35b-summarization-partial-r2-1788521421265
terminalbench	ablation	qwen35b	d05__b4k__su-partial	crack-7z-hash.hard__summarization-partial__r2	crack-7z-hash.hard	summarization-partial	2	summarization_partial	4000	0.5	summary_related_response	probable	0		False	2026-09-04T06:42:01.044744-05:00	ICLR_results/terminalbench/ablation/qwen35b/d05__b4k__su-partial/crack-7z-hash.hard/summarization-partial/run_2	logs/harbor_jobs/terminalbench/qwen35b/qwen35b-summarization-partial-r2-1788521421265/crack-7z-hash.hard__QWh3SmH	qwen35b-summarization-partial-r2-1788521421265
terminalbench	ablation	qwen35b	d05__b4k__su-partial	download-youtube__summarization-partial__r2	download-youtube	summarization-partial	2	summarization_partial	4000	0.5	summary_failure_accounting	priority	0		False	2026-09-04T06:42:24.057676-05:00	ICLR_results/terminalbench/ablation/qwen35b/d05__b4k__su-partial/download-youtube/summarization-partial/run_2	logs/harbor_jobs/terminalbench/qwen35b/qwen35b-summarization-partial-r2-1788521421265/download-youtube__3FapAf5	qwen35b-summarization-partial-r2-1788521421265
terminalbench	ablation	qwen35b	d05__b4k__su-partial	gpt2-codegolf__summarization-partial__r2	gpt2-codegolf	summarization-partial	2	summarization_partial	4000	0.5	tb_unverifiable	probable	0		False	2026-09-04T06:31:13.092273-05:00	ICLR_results/terminalbench/ablation/qwen35b/d05__b4k__su-partial/gpt2-codegolf/summarization-partial/run_2	logs/harbor_jobs/terminalbench/qwen35b/qwen35b-summarization-partial-r2-1788521421265/gpt2-codegolf__fmdnBoD	qwen35b-summarization-partial-r2-1788521421265
terminalbench	ablation	qwen35b	d05__b4k__su-partial	hf-model-inference__summarization-partial__r2	hf-model-inference	summarization-partial	2	summarization_partial	4000	0.5	tb_erasure_possible	probable	0	Submitted	False	2026-09-04T06:31:39.670131-05:00	ICLR_results/terminalbench/ablation/qwen35b/d05__b4k__su-partial/hf-model-inference/summarization-partial/run_2	logs/harbor_jobs/terminalbench/qwen35b/qwen35b-summarization-partial-r2-1788521421265/hf-model-inference__ttr4JsY	qwen35b-summarization-partial-r2-1788521421265
terminalbench	ablation	qwen35b	d05__b4k__su-partial	incompatible-python-fasttext__summarization-partial__r2	incompatible-python-fasttext	summarization-partial	2	summarization_partial	4000	0.5	tb_erasure_possible	probable	0	Submitted	True	2026-09-04T06:30:22.643990-05:00	ICLR_results/terminalbench/ablation/qwen35b/d05__b4k__su-partial/incompatible-python-fasttext/summarization-partial/run_2	logs/harbor_jobs/terminalbench/qwen35b/qwen35b-summarization-partial-r2-1788521421265/incompatible-python-fasttext__9hCsMg5	qwen35b-summarization-partial-r2-1788521421265
terminalbench	ablation	qwen35b	d05__b4k__su-partial	processing-pipeline__summarization-partial__r2	processing-pipeline	summarization-partial	2	summarization_partial	4000	0.5	summary_failure_accounting	priority	0	Submitted	True	2026-09-04T06:37:37.740070-05:00	ICLR_results/terminalbench/ablation/qwen35b/d05__b4k__su-partial/processing-pipeline/summarization-partial/run_2	logs/harbor_jobs/terminalbench/qwen35b/qwen35b-summarization-partial-r2-1788521421265/processing-pipeline__y8Y6goA	qwen35b-summarization-partial-r2-1788521421265
terminalbench	ablation	qwen35b	d05__b4k__su-partial	sqlite-with-gcov__summarization-partial__r2	sqlite-with-gcov	summarization-partial	2	summarization_partial	4000	0.5	summary_failure_accounting	priority	0		False	2026-09-04T06:30:22.702643-05:00	ICLR_results/terminalbench/ablation/qwen35b/d05__b4k__su-partial/sqlite-with-gcov/summarization-partial/run_2	logs/harbor_jobs/terminalbench/qwen35b/qwen35b-summarization-partial-r2-1788521421265/sqlite-with-gcov__6XeZjMW	qwen35b-summarization-partial-r2-1788521421265
terminalbench	ablation	qwen35b	d05__b4k__su-partial	swe-bench-fsspec__summarization-partial__r2	swe-bench-fsspec	summarization-partial	2	summarization_partial	4000	0.5	summary_failure_accounting	priority	0		False	2026-09-04T06:36:51.485134-05:00	ICLR_results/terminalbench/ablation/qwen35b/d05__b4k__su-partial/swe-bench-fsspec/summarization-partial/run_2	logs/harbor_jobs/terminalbench/qwen35b/qwen35b-summarization-partial-r2-1788521421265/swe-bench-fsspec__Kg4aqTp	qwen35b-summarization-partial-r2-1788521421265
terminalbench	ablation	qwen35b	d05__b4k__su-partial	write-compressor__summarization-partial__r2	write-compressor	summarization-partial	2	summarization_partial	4000	0.5	summary_failure_accounting	priority	0		False	2026-09-04T06:37:38.951853-05:00	ICLR_results/terminalbench/ablation/qwen35b/d05__b4k__su-partial/write-compressor/summarization-partial/run_2	logs/harbor_jobs/terminalbench/qwen35b/qwen35b-summarization-partial-r2-1788521421265/write-compressor__34qJ5AN	qwen35b-summarization-partial-r2-1788521421265
terminalbench	ablation	qwen35b	d05__b4k__su-partial	blind-maze-explorer-5x5__summarization-partial__r3	blind-maze-explorer-5x5	summarization-partial	3	summarization_partial	4000	0.5	summary_failure_accounting	priority	0		False	2026-09-04T07:31:32.749969-05:00	ICLR_results/terminalbench/ablation/qwen35b/d05__b4k__su-partial/blind-maze-explorer-5x5/summarization-partial/run_3	logs/harbor_jobs/terminalbench/qwen35b/qwen35b-summarization-partial-r3-1788524209150/blind-maze-explorer-5x5__gYnZwGY	qwen35b-summarization-partial-r3-1788524209150
terminalbench	ablation	qwen35b	d05__b4k__su-partial	crack-7z-hash.hard__summarization-partial__r3	crack-7z-hash.hard	summarization-partial	3	summarization_partial	4000	0.5	summary_failure_accounting	priority	0		False	2026-09-04T07:25:11.622902-05:00	ICLR_results/terminalbench/ablation/qwen35b/d05__b4k__su-partial/crack-7z-hash.hard/summarization-partial/run_3	logs/harbor_jobs/terminalbench/qwen35b/qwen35b-summarization-partial-r3-1788524209150/crack-7z-hash.hard__6i4Fzgn	qwen35b-summarization-partial-r3-1788524209150
terminalbench	ablation	qwen35b	d05__b4k__su-partial	csv-to-parquet__summarization-partial__r3	csv-to-parquet	summarization-partial	3	summarization_partial	4000	0.5	summary_failure_accounting	priority	0		False	2026-09-04T07:23:19.716750-05:00	ICLR_results/terminalbench/ablation/qwen35b/d05__b4k__su-partial/csv-to-parquet/summarization-partial/run_3	logs/harbor_jobs/terminalbench/qwen35b/qwen35b-summarization-partial-r3-1788524209150/csv-to-parquet__nWGVssG	qwen35b-summarization-partial-r3-1788524209150
terminalbench	ablation	qwen35b	d05__b4k__su-partial	gpt2-codegolf__summarization-partial__r3	gpt2-codegolf	summarization-partial	3	summarization_partial	4000	0.5	summary_failure_accounting	priority	0		False	2026-09-04T07:17:44.220664-05:00	ICLR_results/terminalbench/ablation/qwen35b/d05__b4k__su-partial/gpt2-codegolf/summarization-partial/run_3	logs/harbor_jobs/terminalbench/qwen35b/qwen35b-summarization-partial-r3-1788524209150/gpt2-codegolf__34yt7kr	qwen35b-summarization-partial-r3-1788524209150
terminalbench	ablation	qwen35b	d05__b4k__su-partial	hf-model-inference__summarization-partial__r3	hf-model-inference	summarization-partial	3	summarization_partial	4000	0.5	summary_failure_accounting	priority	0	Submitted	False	2026-09-04T07:17:45.390047-05:00	ICLR_results/terminalbench/ablation/qwen35b/d05__b4k__su-partial/hf-model-inference/summarization-partial/run_3	logs/harbor_jobs/terminalbench/qwen35b/qwen35b-summarization-partial-r3-1788524209150/hf-model-inference__eHUid5x	qwen35b-summarization-partial-r3-1788524209150
terminalbench	ablation	qwen35b	d05__b4k__su-partial	pytorch-model-cli.hard__summarization-partial__r3	pytorch-model-cli.hard	summarization-partial	3	summarization_partial	4000	0.5	summary_failure_accounting	priority	0		False	2026-09-04T07:16:50.579334-05:00	ICLR_results/terminalbench/ablation/qwen35b/d05__b4k__su-partial/pytorch-model-cli.hard/summarization-partial/run_3	logs/harbor_jobs/terminalbench/qwen35b/qwen35b-summarization-partial-r3-1788524209150/pytorch-model-cli.hard__5ws9ZPZ	qwen35b-summarization-partial-r3-1788524209150
terminalbench	ablation	qwen35b	d05__b4k__su-partial	sanitize-git-repo.hard__summarization-partial__r3	sanitize-git-repo.hard	summarization-partial	3	summarization_partial	4000	0.5	summary_failure_accounting	priority	0		False	2026-09-04T07:30:33.960046-05:00	ICLR_results/terminalbench/ablation/qwen35b/d05__b4k__su-partial/sanitize-git-repo.hard/summarization-partial/run_3	logs/harbor_jobs/terminalbench/qwen35b/qwen35b-summarization-partial-r3-1788524209150/sanitize-git-repo.hard__KjajmwX	qwen35b-summarization-partial-r3-1788524209150
terminalbench	ablation	qwen35b	d05__b4k__su-partial	swe-bench-fsspec__summarization-partial__r3	swe-bench-fsspec	summarization-partial	3	summarization_partial	4000	0.5	summary_failure_accounting	priority	0		False	2026-09-04T07:23:20.439938-05:00	ICLR_results/terminalbench/ablation/qwen35b/d05__b4k__su-partial/swe-bench-fsspec/summarization-partial/run_3	logs/harbor_jobs/terminalbench/qwen35b/qwen35b-summarization-partial-r3-1788524209150/swe-bench-fsspec__KPfMBcw	qwen35b-summarization-partial-r3-1788524209150
terminalbench	ablation	qwen35b	d05__b4k__su-partial	write-compressor__summarization-partial__r3	write-compressor	summarization-partial	3	summarization_partial	4000	0.5	summary_failure_accounting	priority	0		False	2026-09-04T07:24:10.790666-05:00	ICLR_results/terminalbench/ablation/qwen35b/d05__b4k__su-partial/write-compressor/summarization-partial/run_3	logs/harbor_jobs/terminalbench/qwen35b/qwen35b-summarization-partial-r3-1788524209150/write-compressor__4eLopuT	qwen35b-summarization-partial-r3-1788524209150
terminalbench	main	qwen35b	di__b3k__otrc-ss-partial	hf-model-inference__otrc-ss-partial__r1	hf-model-inference	otrc-ss-partial	1	online_trc_structured_summarize_partial	3000	0.5	tb_erasure_possible	probable	0		False	2026-09-02T23:10:35.870293-05:00	ICLR_results/terminalbench/main/qwen35b/di__b3k__otrc-ss-partial/hf-model-inference/otrc-ss-partial/run_1	logs/harbor_jobs/terminalbench/qwen35b/qwen35b-otrc-ss-partial-r1-1788407622023/hf-model-inference__YuBbGjD	qwen35b-otrc-ss-partial-r1-1788407622023
terminalbench	main	qwen35b	di__b3k__otrc-ss-partial	processing-pipeline__otrc-ss-partial__r1	processing-pipeline	otrc-ss-partial	1	online_trc_structured_summarize_partial	3000	0.5	tb_unverifiable	probable	0	Submitted	True	2026-09-02T23:23:17.331016-05:00	ICLR_results/terminalbench/main/qwen35b/di__b3k__otrc-ss-partial/processing-pipeline/otrc-ss-partial/run_1	logs/harbor_jobs/terminalbench/qwen35b/qwen35b-otrc-ss-partial-r1-1788407622023/processing-pipeline__bpe6xdh	qwen35b-otrc-ss-partial-r1-1788407622023
terminalbench	main	qwen35b	di__b3k__otrc-ss-partial	fix-git__otrc-ss-partial__r2	fix-git	otrc-ss-partial	2	online_trc_structured_summarize_partial	3000	0.5	tb_unverifiable	probable	0	Submitted	False	2026-09-03T01:33:03.378686-05:00	ICLR_results/terminalbench/main/qwen35b/di__b3k__otrc-ss-partial/fix-git/otrc-ss-partial/run_2	logs/harbor_jobs/terminalbench/qwen35b/qwen35b-otrc-ss-partial-r2-1788414722236/fix-git__HwSjkpM	qwen35b-otrc-ss-partial-r2-1788414722236
terminalbench	main	qwen35b	di__b3k__otrc-ss-partial	processing-pipeline__otrc-ss-partial__r2	processing-pipeline	otrc-ss-partial	2	online_trc_structured_summarize_partial	3000	0.5	tb_unverifiable	probable	0	Submitted	True	2026-09-03T01:17:08.420539-05:00	ICLR_results/terminalbench/main/qwen35b/di__b3k__otrc-ss-partial/processing-pipeline/otrc-ss-partial/run_2	logs/harbor_jobs/terminalbench/qwen35b/qwen35b-otrc-ss-partial-r2-1788414722236/processing-pipeline__7xya4Gx	qwen35b-otrc-ss-partial-r2-1788414722236
terminalbench	main	qwen35b	di__b3k__otrc-ss-partial	tmux-advanced-workflow__otrc-ss-partial__r3	tmux-advanced-workflow	otrc-ss-partial	3	online_trc_structured_summarize_partial	3000	0.5	tb_erasure_possible	probable	0	Submitted	True	2026-09-03T02:42:34.873491-05:00	ICLR_results/terminalbench/main/qwen35b/di__b3k__otrc-ss-partial/tmux-advanced-workflow/otrc-ss-partial/run_3	logs/harbor_jobs/terminalbench/qwen35b/qwen35b-otrc-ss-partial-r3-1788421353436/tmux-advanced-workflow__jyyaKW9	qwen35b-otrc-ss-partial-r3-1788421353436
terminalbench	main	qwen35b	di__b3k__otrc-su-partial	blind-maze-explorer-5x5__otrc-su-partial__r1	blind-maze-explorer-5x5	otrc-su-partial	1	online_trc_summarize_partial	3000	0.5	summary_failure_accounting	priority	0		False	2026-09-02T18:07:04.803680-05:00	ICLR_results/terminalbench/main/qwen35b/di__b3k__otrc-su-partial/blind-maze-explorer-5x5/otrc-su-partial/run_1	logs/harbor_jobs/terminalbench/qwen35b/qwen35b-otrc-su-partial-r1-1788386121366/blind-maze-explorer-5x5__ZarAuqU	qwen35b-otrc-su-partial-r1-1788386121366
terminalbench	main	qwen35b	di__b3k__otrc-su-partial	blind-maze-explorer-algorithm__otrc-su-partial__r1	blind-maze-explorer-algorithm	otrc-su-partial	1	online_trc_summarize_partial	3000	0.5	summary_failure_accounting	priority	0		False	2026-09-02T17:23:38.915740-05:00	ICLR_results/terminalbench/main/qwen35b/di__b3k__otrc-su-partial/blind-maze-explorer-algorithm/otrc-su-partial/run_1	logs/harbor_jobs/terminalbench/qwen35b/qwen35b-otrc-su-partial-r1-1788386121366/blind-maze-explorer-algorithm__pKr3VNx	qwen35b-otrc-su-partial-r1-1788386121366
terminalbench	main	qwen35b	di__b3k__otrc-su-partial	cartpole-rl-training__otrc-su-partial__r1	cartpole-rl-training	otrc-su-partial	1	online_trc_summarize_partial	3000	0.5	summary_failure_accounting	priority	0		False	2026-09-02T18:08:41.227395-05:00	ICLR_results/terminalbench/main/qwen35b/di__b3k__otrc-su-partial/cartpole-rl-training/otrc-su-partial/run_1	logs/harbor_jobs/terminalbench/qwen35b/qwen35b-otrc-su-partial-r1-1788386121366/cartpole-rl-training__CvXzEDC	qwen35b-otrc-su-partial-r1-1788386121366
terminalbench	main	qwen35b	di__b3k__otrc-su-partial	count-dataset-tokens__otrc-su-partial__r1	count-dataset-tokens	otrc-su-partial	1	online_trc_summarize_partial	3000	0.5	summary_failure_accounting	priority	0		False	2026-09-02T17:01:48.546385-05:00	ICLR_results/terminalbench/main/qwen35b/di__b3k__otrc-su-partial/count-dataset-tokens/otrc-su-partial/run_1	logs/harbor_jobs/terminalbench/qwen35b/qwen35b-otrc-su-partial-r1-1788386121366/count-dataset-tokens__hRoJaS8	qwen35b-otrc-su-partial-r1-1788386121366
terminalbench	main	qwen35b	di__b3k__otrc-su-partial	crack-7z-hash.hard__otrc-su-partial__r1	crack-7z-hash.hard	otrc-su-partial	1	online_trc_summarize_partial	3000	0.5	summary_failure_accounting	priority	0		False	2026-09-02T17:46:26.590016-05:00	ICLR_results/terminalbench/main/qwen35b/di__b3k__otrc-su-partial/crack-7z-hash.hard/otrc-su-partial/run_1	logs/harbor_jobs/terminalbench/qwen35b/qwen35b-otrc-su-partial-r1-1788386121366/crack-7z-hash.hard__p36xexH	qwen35b-otrc-su-partial-r1-1788386121366
terminalbench	main	qwen35b	di__b3k__otrc-su-partial	download-youtube__otrc-su-partial__r1	download-youtube	otrc-su-partial	1	online_trc_summarize_partial	3000	0.5	summary_failure_accounting	priority	0		False	2026-09-02T17:52:49.141430-05:00	ICLR_results/terminalbench/main/qwen35b/di__b3k__otrc-su-partial/download-youtube/otrc-su-partial/run_1	logs/harbor_jobs/terminalbench/qwen35b/qwen35b-otrc-su-partial-r1-1788386121366/download-youtube__Dx2Szu8	qwen35b-otrc-su-partial-r1-1788386121366
terminalbench	main	qwen35b	di__b3k__otrc-su-partial	eval-mteb__otrc-su-partial__r1	eval-mteb	otrc-su-partial	1	online_trc_summarize_partial	3000	0.5	summary_failure_accounting	priority	0		False	2026-09-02T17:12:13.565030-05:00	ICLR_results/terminalbench/main/qwen35b/di__b3k__otrc-su-partial/eval-mteb/otrc-su-partial/run_1	logs/harbor_jobs/terminalbench/qwen35b/qwen35b-otrc-su-partial-r1-1788386121366/eval-mteb__gesSecH	qwen35b-otrc-su-partial-r1-1788386121366
terminalbench	main	qwen35b	di__b3k__otrc-su-partial	eval-mteb.hard__otrc-su-partial__r1	eval-mteb.hard	otrc-su-partial	1	online_trc_summarize_partial	3000	0.5	summary_related_response	probable	0		True	2026-09-02T18:02:17.665466-05:00	ICLR_results/terminalbench/main/qwen35b/di__b3k__otrc-su-partial/eval-mteb.hard/otrc-su-partial/run_1	logs/harbor_jobs/terminalbench/qwen35b/qwen35b-otrc-su-partial-r1-1788386121366/eval-mteb.hard__a4GdJtW	qwen35b-otrc-su-partial-r1-1788386121366
terminalbench	main	qwen35b	di__b3k__otrc-su-partial	extract-moves-from-video__otrc-su-partial__r1	extract-moves-from-video	otrc-su-partial	1	online_trc_summarize_partial	3000	0.5	summary_failure_accounting	priority	0		False	2026-09-02T17:28:38.143200-05:00	ICLR_results/terminalbench/main/qwen35b/di__b3k__otrc-su-partial/extract-moves-from-video/otrc-su-partial/run_1	logs/harbor_jobs/terminalbench/qwen35b/qwen35b-otrc-su-partial-r1-1788386121366/extract-moves-from-video__GLEGMMv	qwen35b-otrc-su-partial-r1-1788386121366
terminalbench	main	qwen35b	di__b3k__otrc-su-partial	git-workflow-hack__otrc-su-partial__r1	git-workflow-hack	otrc-su-partial	1	online_trc_summarize_partial	3000	0.5	summary_failure_accounting	priority	0		True	2026-09-02T17:40:04.229236-05:00	ICLR_results/terminalbench/main/qwen35b/di__b3k__otrc-su-partial/git-workflow-hack/otrc-su-partial/run_1	logs/harbor_jobs/terminalbench/qwen35b/qwen35b-otrc-su-partial-r1-1788386121366/git-workflow-hack__PjTdacg	qwen35b-otrc-su-partial-r1-1788386121366
terminalbench	main	qwen35b	di__b3k__otrc-su-partial	gpt2-codegolf__otrc-su-partial__r1	gpt2-codegolf	otrc-su-partial	1	online_trc_summarize_partial	3000	0.5	summary_related_response	probable	0		False	2026-09-02T17:10:01.404930-05:00	ICLR_results/terminalbench/main/qwen35b/di__b3k__otrc-su-partial/gpt2-codegolf/otrc-su-partial/run_1	logs/harbor_jobs/terminalbench/qwen35b/qwen35b-otrc-su-partial-r1-1788386121366/gpt2-codegolf__RVjZhMQ	qwen35b-otrc-su-partial-r1-1788386121366
terminalbench	main	qwen35b	di__b3k__otrc-su-partial	hf-model-inference__otrc-su-partial__r1	hf-model-inference	otrc-su-partial	1	online_trc_summarize_partial	3000	0.5	summary_failure_accounting	priority	0		False	2026-09-02T17:12:14.793609-05:00	ICLR_results/terminalbench/main/qwen35b/di__b3k__otrc-su-partial/hf-model-inference/otrc-su-partial/run_1	logs/harbor_jobs/terminalbench/qwen35b/qwen35b-otrc-su-partial-r1-1788386121366/hf-model-inference__VxbcVcc	qwen35b-otrc-su-partial-r1-1788386121366
terminalbench	main	qwen35b	di__b3k__otrc-su-partial	incompatible-python-fasttext__otrc-su-partial__r1	incompatible-python-fasttext	otrc-su-partial	1	online_trc_summarize_partial	3000	0.5	summary_related_response	probable	0		False	2026-09-02T16:55:22.838377-05:00	ICLR_results/terminalbench/main/qwen35b/di__b3k__otrc-su-partial/incompatible-python-fasttext/otrc-su-partial/run_1	logs/harbor_jobs/terminalbench/qwen35b/qwen35b-otrc-su-partial-r1-1788386121366/incompatible-python-fasttext__9BVpvns	qwen35b-otrc-su-partial-r1-1788386121366
terminalbench	main	qwen35b	di__b3k__otrc-su-partial	intrusion-detection__otrc-su-partial__r1	intrusion-detection	otrc-su-partial	1	online_trc_summarize_partial	3000	0.5	summary_failure_accounting	priority	0		False	2026-09-02T17:39:02.602183-05:00	ICLR_results/terminalbench/main/qwen35b/di__b3k__otrc-su-partial/intrusion-detection/otrc-su-partial/run_1	logs/harbor_jobs/terminalbench/qwen35b/qwen35b-otrc-su-partial-r1-1788386121366/intrusion-detection__6oQkBWR	qwen35b-otrc-su-partial-r1-1788386121366
terminalbench	main	qwen35b	di__b3k__otrc-su-partial	modernize-fortran-build__otrc-su-partial__r1	modernize-fortran-build	otrc-su-partial	1	online_trc_summarize_partial	3000	0.5	summary_related_response	probable	0		False	2026-09-02T17:22:12.929628-05:00	ICLR_results/terminalbench/main/qwen35b/di__b3k__otrc-su-partial/modernize-fortran-build/otrc-su-partial/run_1	logs/harbor_jobs/terminalbench/qwen35b/qwen35b-otrc-su-partial-r1-1788386121366/modernize-fortran-build__TGN5cAc	qwen35b-otrc-su-partial-r1-1788386121366
terminalbench	main	qwen35b	di__b3k__otrc-su-partial	new-encrypt-command__otrc-su-partial__r1	new-encrypt-command	otrc-su-partial	1	online_trc_summarize_partial	3000	0.5	summary_failure_accounting	priority	0	Submitted	True	2026-09-02T17:38:10.467041-05:00	ICLR_results/terminalbench/main/qwen35b/di__b3k__otrc-su-partial/new-encrypt-command/otrc-su-partial/run_1	logs/harbor_jobs/terminalbench/qwen35b/qwen35b-otrc-su-partial-r1-1788386121366/new-encrypt-command__gkyczEi	qwen35b-otrc-su-partial-r1-1788386121366
terminalbench	main	qwen35b	di__b3k__otrc-su-partial	password-recovery__otrc-su-partial__r1	password-recovery	otrc-su-partial	1	online_trc_summarize_partial	3000	0.5	summary_failure_accounting	priority	0		False	2026-09-02T17:45:27.981477-05:00	ICLR_results/terminalbench/main/qwen35b/di__b3k__otrc-su-partial/password-recovery/otrc-su-partial/run_1	logs/harbor_jobs/terminalbench/qwen35b/qwen35b-otrc-su-partial-r1-1788386121366/password-recovery__MzU2jWF	qwen35b-otrc-su-partial-r1-1788386121366
terminalbench	main	qwen35b	di__b3k__otrc-su-partial	path-tracing-reverse__otrc-su-partial__r1	path-tracing-reverse	otrc-su-partial	1	online_trc_summarize_partial	3000	0.5	summary_failure_accounting	priority	0		False	2026-09-02T16:56:14.918174-05:00	ICLR_results/terminalbench/main/qwen35b/di__b3k__otrc-su-partial/path-tracing-reverse/otrc-su-partial/run_1	logs/harbor_jobs/terminalbench/qwen35b/qwen35b-otrc-su-partial-r1-1788386121366/path-tracing-reverse__HdrmL9e	qwen35b-otrc-su-partial-r1-1788386121366
terminalbench	main	qwen35b	di__b3k__otrc-su-partial	pytorch-model-cli.hard__otrc-su-partial__r1	pytorch-model-cli.hard	otrc-su-partial	1	online_trc_summarize_partial	3000	0.5	summary_failure_accounting	priority	0		False	2026-09-02T17:01:51.244166-05:00	ICLR_results/terminalbench/main/qwen35b/di__b3k__otrc-su-partial/pytorch-model-cli.hard/otrc-su-partial/run_1	logs/harbor_jobs/terminalbench/qwen35b/qwen35b-otrc-su-partial-r1-1788386121366/pytorch-model-cli.hard__QTPGTiB	qwen35b-otrc-su-partial-r1-1788386121366
terminalbench	main	qwen35b	di__b3k__otrc-su-partial	qemu-alpine-ssh__otrc-su-partial__r1	qemu-alpine-ssh	otrc-su-partial	1	online_trc_summarize_partial	3000	0.5	summary_failure_accounting	priority	0		False	2026-09-02T17:10:14.972282-05:00	ICLR_results/terminalbench/main/qwen35b/di__b3k__otrc-su-partial/qemu-alpine-ssh/otrc-su-partial/run_1	logs/harbor_jobs/terminalbench/qwen35b/qwen35b-otrc-su-partial-r1-1788386121366/qemu-alpine-ssh__rMgey4C	qwen35b-otrc-su-partial-r1-1788386121366
terminalbench	main	qwen35b	di__b3k__otrc-su-partial	qemu-startup__otrc-su-partial__r1	qemu-startup	otrc-su-partial	1	online_trc_summarize_partial	3000	0.5	summary_failure_accounting	priority	0		True	2026-09-02T17:51:52.051375-05:00	ICLR_results/terminalbench/main/qwen35b/di__b3k__otrc-su-partial/qemu-startup/otrc-su-partial/run_1	logs/harbor_jobs/terminalbench/qwen35b/qwen35b-otrc-su-partial-r1-1788386121366/qemu-startup__AsgRTVx	qwen35b-otrc-su-partial-r1-1788386121366
terminalbench	main	qwen35b	di__b3k__otrc-su-partial	raman-fitting.easy__otrc-su-partial__r1	raman-fitting.easy	otrc-su-partial	1	online_trc_summarize_partial	3000	0.5	summary_failure_accounting	priority	0		False	2026-09-02T16:55:22.834425-05:00	ICLR_results/terminalbench/main/qwen35b/di__b3k__otrc-su-partial/raman-fitting.easy/otrc-su-partial/run_1	logs/harbor_jobs/terminalbench/qwen35b/qwen35b-otrc-su-partial-r1-1788386121366/raman-fitting.easy__z5PkQqY	qwen35b-otrc-su-partial-r1-1788386121366
terminalbench	main	qwen35b	di__b3k__otrc-su-partial	sanitize-git-repo__otrc-su-partial__r1	sanitize-git-repo	otrc-su-partial	1	online_trc_summarize_partial	3000	0.5	summary_failure_accounting	priority	0		False	2026-09-02T17:17:17.306503-05:00	ICLR_results/terminalbench/main/qwen35b/di__b3k__otrc-su-partial/sanitize-git-repo/otrc-su-partial/run_1	logs/harbor_jobs/terminalbench/qwen35b/qwen35b-otrc-su-partial-r1-1788386121366/sanitize-git-repo__UEqgDs5	qwen35b-otrc-su-partial-r1-1788386121366
terminalbench	main	qwen35b	di__b3k__otrc-su-partial	sanitize-git-repo.hard__otrc-su-partial__r1	sanitize-git-repo.hard	otrc-su-partial	1	online_trc_summarize_partial	3000	0.5	summary_failure_accounting	priority	0		False	2026-09-02T17:59:12.562562-05:00	ICLR_results/terminalbench/main/qwen35b/di__b3k__otrc-su-partial/sanitize-git-repo.hard/otrc-su-partial/run_1	logs/harbor_jobs/terminalbench/qwen35b/qwen35b-otrc-su-partial-r1-1788386121366/sanitize-git-repo.hard__js2hSjQ	qwen35b-otrc-su-partial-r1-1788386121366
terminalbench	main	qwen35b	di__b3k__otrc-su-partial	solana-data__otrc-su-partial__r1	solana-data	otrc-su-partial	1	online_trc_summarize_partial	3000	0.5	summary_failure_accounting	priority	0		False	2026-09-02T17:03:30.957925-05:00	ICLR_results/terminalbench/main/qwen35b/di__b3k__otrc-su-partial/solana-data/otrc-su-partial/run_1	logs/harbor_jobs/terminalbench/qwen35b/qwen35b-otrc-su-partial-r1-1788386121366/solana-data__nCaQWWo	qwen35b-otrc-su-partial-r1-1788386121366
terminalbench	main	qwen35b	di__b3k__otrc-su-partial	sqlite-with-gcov__otrc-su-partial__r1	sqlite-with-gcov	otrc-su-partial	1	online_trc_summarize_partial	3000	0.5	summary_failure_accounting	priority	0		False	2026-09-02T17:05:46.016888-05:00	ICLR_results/terminalbench/main/qwen35b/di__b3k__otrc-su-partial/sqlite-with-gcov/otrc-su-partial/run_1	logs/harbor_jobs/terminalbench/qwen35b/qwen35b-otrc-su-partial-r1-1788386121366/sqlite-with-gcov__vZ3axiN	qwen35b-otrc-su-partial-r1-1788386121366
terminalbench	main	qwen35b	di__b3k__otrc-su-partial	super-benchmark-upet__otrc-su-partial__r1	super-benchmark-upet	otrc-su-partial	1	online_trc_summarize_partial	3000	0.5	summary_failure_accounting	priority	0		False	2026-09-02T17:35:02.053228-05:00	ICLR_results/terminalbench/main/qwen35b/di__b3k__otrc-su-partial/super-benchmark-upet/otrc-su-partial/run_1	logs/harbor_jobs/terminalbench/qwen35b/qwen35b-otrc-su-partial-r1-1788386121366/super-benchmark-upet__pRGn7Ee	qwen35b-otrc-su-partial-r1-1788386121366
terminalbench	main	qwen35b	di__b3k__otrc-su-partial	swe-bench-astropy-2__otrc-su-partial__r1	swe-bench-astropy-2	otrc-su-partial	1	online_trc_summarize_partial	3000	0.5	summary_related_response	probable	0		False	2026-09-02T17:50:09.599546-05:00	ICLR_results/terminalbench/main/qwen35b/di__b3k__otrc-su-partial/swe-bench-astropy-2/otrc-su-partial/run_1	logs/harbor_jobs/terminalbench/qwen35b/qwen35b-otrc-su-partial-r1-1788386121366/swe-bench-astropy-2__zsK7JSK	qwen35b-otrc-su-partial-r1-1788386121366
terminalbench	main	qwen35b	di__b3k__otrc-su-partial	swe-bench-fsspec__otrc-su-partial__r1	swe-bench-fsspec	otrc-su-partial	1	online_trc_summarize_partial	3000	0.5	summary_failure_accounting	priority	0		False	2026-09-02T17:20:38.540767-05:00	ICLR_results/terminalbench/main/qwen35b/di__b3k__otrc-su-partial/swe-bench-fsspec/otrc-su-partial/run_1	logs/harbor_jobs/terminalbench/qwen35b/qwen35b-otrc-su-partial-r1-1788386121366/swe-bench-fsspec__9D6misW	qwen35b-otrc-su-partial-r1-1788386121366
terminalbench	main	qwen35b	di__b3k__otrc-su-partial	tmux-advanced-workflow__otrc-su-partial__r1	tmux-advanced-workflow	otrc-su-partial	1	online_trc_summarize_partial	3000	0.5	summary_related_response	probable	0		False	2026-09-02T16:55:22.787453-05:00	ICLR_results/terminalbench/main/qwen35b/di__b3k__otrc-su-partial/tmux-advanced-workflow/otrc-su-partial/run_1	logs/harbor_jobs/terminalbench/qwen35b/qwen35b-otrc-su-partial-r1-1788386121366/tmux-advanced-workflow__dgtRkx2	qwen35b-otrc-su-partial-r1-1788386121366
terminalbench	main	qwen35b	di__b3k__otrc-su-partial	write-compressor__otrc-su-partial__r1	write-compressor	otrc-su-partial	1	online_trc_summarize_partial	3000	0.5	summary_failure_accounting	priority	0		False	2026-09-02T17:43:45.131773-05:00	ICLR_results/terminalbench/main/qwen35b/di__b3k__otrc-su-partial/write-compressor/otrc-su-partial/run_1	logs/harbor_jobs/terminalbench/qwen35b/qwen35b-otrc-su-partial-r1-1788386121366/write-compressor__iEN3BK3	qwen35b-otrc-su-partial-r1-1788386121366
terminalbench	main	qwen35b	di__b3k__otrc-su-partial	blind-maze-explorer-5x5__otrc-su-partial__r2	blind-maze-explorer-5x5	otrc-su-partial	2	online_trc_summarize_partial	3000	0.5	summary_failure_accounting	priority	0		False	2026-09-02T20:04:33.516249-05:00	ICLR_results/terminalbench/main/qwen35b/di__b3k__otrc-su-partial/blind-maze-explorer-5x5/otrc-su-partial/run_2	logs/harbor_jobs/terminalbench/qwen35b/qwen35b-otrc-su-partial-r2-1788393216793/blind-maze-explorer-5x5__MwRShvc	qwen35b-otrc-su-partial-r2-1788393216793
terminalbench	main	qwen35b	di__b3k__otrc-su-partial	blind-maze-explorer-algorithm__otrc-su-partial__r2	blind-maze-explorer-algorithm	otrc-su-partial	2	online_trc_summarize_partial	3000	0.5	summary_failure_accounting	priority	0		False	2026-09-02T19:23:08.847884-05:00	ICLR_results/terminalbench/main/qwen35b/di__b3k__otrc-su-partial/blind-maze-explorer-algorithm/otrc-su-partial/run_2	logs/harbor_jobs/terminalbench/qwen35b/qwen35b-otrc-su-partial-r2-1788393216793/blind-maze-explorer-algorithm__kQqiy2C	qwen35b-otrc-su-partial-r2-1788393216793
terminalbench	main	qwen35b	di__b3k__otrc-su-partial	cartpole-rl-training__otrc-su-partial__r2	cartpole-rl-training	otrc-su-partial	2	online_trc_summarize_partial	3000	0.5	summary_related_response	probable	0		True	2026-09-02T20:05:30.933268-05:00	ICLR_results/terminalbench/main/qwen35b/di__b3k__otrc-su-partial/cartpole-rl-training/otrc-su-partial/run_2	logs/harbor_jobs/terminalbench/qwen35b/qwen35b-otrc-su-partial-r2-1788393216793/cartpole-rl-training__u34mnZt	qwen35b-otrc-su-partial-r2-1788393216793
terminalbench	main	qwen35b	di__b3k__otrc-su-partial	crack-7z-hash.hard__otrc-su-partial__r2	crack-7z-hash.hard	otrc-su-partial	2	online_trc_summarize_partial	3000	0.5	summary_related_response	probable	0		False	2026-09-02T19:44:47.255627-05:00	ICLR_results/terminalbench/main/qwen35b/di__b3k__otrc-su-partial/crack-7z-hash.hard/otrc-su-partial/run_2	logs/harbor_jobs/terminalbench/qwen35b/qwen35b-otrc-su-partial-r2-1788393216793/crack-7z-hash.hard__tQTjnZ2	qwen35b-otrc-su-partial-r2-1788393216793
terminalbench	main	qwen35b	di__b3k__otrc-su-partial	csv-to-parquet__otrc-su-partial__r2	csv-to-parquet	otrc-su-partial	2	online_trc_summarize_partial	3000	0.5	summary_failure_accounting	priority	0		False	2026-09-02T19:16:44.286511-05:00	ICLR_results/terminalbench/main/qwen35b/di__b3k__otrc-su-partial/csv-to-parquet/otrc-su-partial/run_2	logs/harbor_jobs/terminalbench/qwen35b/qwen35b-otrc-su-partial-r2-1788393216793/csv-to-parquet__chLSKGY	qwen35b-otrc-su-partial-r2-1788393216793
terminalbench	main	qwen35b	di__b3k__otrc-su-partial	download-youtube__otrc-su-partial__r2	download-youtube	otrc-su-partial	2	online_trc_summarize_partial	3000	0.5	summary_failure_accounting	priority	0		False	2026-09-02T19:51:11.166425-05:00	ICLR_results/terminalbench/main/qwen35b/di__b3k__otrc-su-partial/download-youtube/otrc-su-partial/run_2	logs/harbor_jobs/terminalbench/qwen35b/qwen35b-otrc-su-partial-r2-1788393216793/download-youtube__EboBqbg	qwen35b-otrc-su-partial-r2-1788393216793
terminalbench	main	qwen35b	di__b3k__otrc-su-partial	eval-mteb__otrc-su-partial__r2	eval-mteb	otrc-su-partial	2	online_trc_summarize_partial	3000	0.5	summary_failure_accounting	priority	0		False	2026-09-02T19:07:59.742342-05:00	ICLR_results/terminalbench/main/qwen35b/di__b3k__otrc-su-partial/eval-mteb/otrc-su-partial/run_2	logs/harbor_jobs/terminalbench/qwen35b/qwen35b-otrc-su-partial-r2-1788393216793/eval-mteb__WubJq5z	qwen35b-otrc-su-partial-r2-1788393216793
terminalbench	main	qwen35b	di__b3k__otrc-su-partial	eval-mteb.hard__otrc-su-partial__r2	eval-mteb.hard	otrc-su-partial	2	online_trc_summarize_partial	3000	0.5	summary_failure_accounting	priority	0		False	2026-09-02T20:01:34.898439-05:00	ICLR_results/terminalbench/main/qwen35b/di__b3k__otrc-su-partial/eval-mteb.hard/otrc-su-partial/run_2	logs/harbor_jobs/terminalbench/qwen35b/qwen35b-otrc-su-partial-r2-1788393216793/eval-mteb.hard__PhpxMrQ	qwen35b-otrc-su-partial-r2-1788393216793
terminalbench	main	qwen35b	di__b3k__otrc-su-partial	fibonacci-server__otrc-su-partial__r2	fibonacci-server	otrc-su-partial	2	online_trc_summarize_partial	3000	0.5	summary_failure_accounting	priority	0	Submitted	False	2026-09-02T19:04:58.506852-05:00	ICLR_results/terminalbench/main/qwen35b/di__b3k__otrc-su-partial/fibonacci-server/otrc-su-partial/run_2	logs/harbor_jobs/terminalbench/qwen35b/qwen35b-otrc-su-partial-r2-1788393216793/fibonacci-server__zJz9n7Y	qwen35b-otrc-su-partial-r2-1788393216793
terminalbench	main	qwen35b	di__b3k__otrc-su-partial	git-workflow-hack__otrc-su-partial__r2	git-workflow-hack	otrc-su-partial	2	online_trc_summarize_partial	3000	0.5	summary_failure_accounting	priority	0		True	2026-09-02T19:38:21.520293-05:00	ICLR_results/terminalbench/main/qwen35b/di__b3k__otrc-su-partial/git-workflow-hack/otrc-su-partial/run_2	logs/harbor_jobs/terminalbench/qwen35b/qwen35b-otrc-su-partial-r2-1788393216793/git-workflow-hack__Rscgtbx	qwen35b-otrc-su-partial-r2-1788393216793
terminalbench	main	qwen35b	di__b3k__otrc-su-partial	gpt2-codegolf__otrc-su-partial__r2	gpt2-codegolf	otrc-su-partial	2	online_trc_summarize_partial	3000	0.5	summary_related_response	probable	0		False	2026-09-02T19:07:26.921585-05:00	ICLR_results/terminalbench/main/qwen35b/di__b3k__otrc-su-partial/gpt2-codegolf/otrc-su-partial/run_2	logs/harbor_jobs/terminalbench/qwen35b/qwen35b-otrc-su-partial-r2-1788393216793/gpt2-codegolf__pJcJTJd	qwen35b-otrc-su-partial-r2-1788393216793
terminalbench	main	qwen35b	di__b3k__otrc-su-partial	hf-model-inference__otrc-su-partial__r2	hf-model-inference	otrc-su-partial	2	online_trc_summarize_partial	3000	0.5	summary_failure_accounting	priority	0		False	2026-09-02T19:10:22.412987-05:00	ICLR_results/terminalbench/main/qwen35b/di__b3k__otrc-su-partial/hf-model-inference/otrc-su-partial/run_2	logs/harbor_jobs/terminalbench/qwen35b/qwen35b-otrc-su-partial-r2-1788393216793/hf-model-inference__WeksRAj	qwen35b-otrc-su-partial-r2-1788393216793
terminalbench	main	qwen35b	di__b3k__otrc-su-partial	incompatible-python-fasttext__otrc-su-partial__r2	incompatible-python-fasttext	otrc-su-partial	2	online_trc_summarize_partial	3000	0.5	summary_failure_accounting	priority	0		False	2026-09-02T18:53:38.271820-05:00	ICLR_results/terminalbench/main/qwen35b/di__b3k__otrc-su-partial/incompatible-python-fasttext/otrc-su-partial/run_2	logs/harbor_jobs/terminalbench/qwen35b/qwen35b-otrc-su-partial-r2-1788393216793/incompatible-python-fasttext__FdtKe3M	qwen35b-otrc-su-partial-r2-1788393216793
terminalbench	main	qwen35b	di__b3k__otrc-su-partial	intrusion-detection__otrc-su-partial__r2	intrusion-detection	otrc-su-partial	2	online_trc_summarize_partial	3000	0.5	summary_failure_accounting	priority	0		False	2026-09-02T19:38:20.766706-05:00	ICLR_results/terminalbench/main/qwen35b/di__b3k__otrc-su-partial/intrusion-detection/otrc-su-partial/run_2	logs/harbor_jobs/terminalbench/qwen35b/qwen35b-otrc-su-partial-r2-1788393216793/intrusion-detection__ckfaSJm	qwen35b-otrc-su-partial-r2-1788393216793
terminalbench	main	qwen35b	di__b3k__otrc-su-partial	new-encrypt-command__otrc-su-partial__r2	new-encrypt-command	otrc-su-partial	2	online_trc_summarize_partial	3000	0.5	summary_failure_accounting	priority	0	Submitted	True	2026-09-02T19:35:53.069858-05:00	ICLR_results/terminalbench/main/qwen35b/di__b3k__otrc-su-partial/new-encrypt-command/otrc-su-partial/run_2	logs/harbor_jobs/terminalbench/qwen35b/qwen35b-otrc-su-partial-r2-1788393216793/new-encrypt-command__AiHnnZZ	qwen35b-otrc-su-partial-r2-1788393216793
terminalbench	main	qwen35b	di__b3k__otrc-su-partial	password-recovery__otrc-su-partial__r2	password-recovery	otrc-su-partial	2	online_trc_summarize_partial	3000	0.5	summary_failure_accounting	priority	0		False	2026-09-02T19:44:46.044646-05:00	ICLR_results/terminalbench/main/qwen35b/di__b3k__otrc-su-partial/password-recovery/otrc-su-partial/run_2	logs/harbor_jobs/terminalbench/qwen35b/qwen35b-otrc-su-partial-r2-1788393216793/password-recovery__wBqduoz	qwen35b-otrc-su-partial-r2-1788393216793
terminalbench	main	qwen35b	di__b3k__otrc-su-partial	path-tracing-reverse__otrc-su-partial__r2	path-tracing-reverse	otrc-su-partial	2	online_trc_summarize_partial	3000	0.5	summary_failure_accounting	priority	0		False	2026-09-02T18:54:30.284691-05:00	ICLR_results/terminalbench/main/qwen35b/di__b3k__otrc-su-partial/path-tracing-reverse/otrc-su-partial/run_2	logs/harbor_jobs/terminalbench/qwen35b/qwen35b-otrc-su-partial-r2-1788393216793/path-tracing-reverse__NbVgPiX	qwen35b-otrc-su-partial-r2-1788393216793
terminalbench	main	qwen35b	di__b3k__otrc-su-partial	pytorch-model-cli.hard__otrc-su-partial__r2	pytorch-model-cli.hard	otrc-su-partial	2	online_trc_summarize_partial	3000	0.5	summary_failure_accounting	priority	0	Submitted	False	2026-09-02T19:00:07.216328-05:00	ICLR_results/terminalbench/main/qwen35b/di__b3k__otrc-su-partial/pytorch-model-cli.hard/otrc-su-partial/run_2	logs/harbor_jobs/terminalbench/qwen35b/qwen35b-otrc-su-partial-r2-1788393216793/pytorch-model-cli.hard__ZFksaQ7	qwen35b-otrc-su-partial-r2-1788393216793
terminalbench	main	qwen35b	di__b3k__otrc-su-partial	qemu-alpine-ssh__otrc-su-partial__r2	qemu-alpine-ssh	otrc-su-partial	2	online_trc_summarize_partial	3000	0.5	summary_related_response	probable	0		False	2026-09-02T19:07:57.338702-05:00	ICLR_results/terminalbench/main/qwen35b/di__b3k__otrc-su-partial/qemu-alpine-ssh/otrc-su-partial/run_2	logs/harbor_jobs/terminalbench/qwen35b/qwen35b-otrc-su-partial-r2-1788393216793/qemu-alpine-ssh__pmDLV8e	qwen35b-otrc-su-partial-r2-1788393216793
terminalbench	main	qwen35b	di__b3k__otrc-su-partial	qemu-startup__otrc-su-partial__r2	qemu-startup	otrc-su-partial	2	online_trc_summarize_partial	3000	0.5	summary_failure_accounting	priority	0		False	2026-09-02T19:51:09.974931-05:00	ICLR_results/terminalbench/main/qwen35b/di__b3k__otrc-su-partial/qemu-startup/otrc-su-partial/run_2	logs/harbor_jobs/terminalbench/qwen35b/qwen35b-otrc-su-partial-r2-1788393216793/qemu-startup__Ku9tQyV	qwen35b-otrc-su-partial-r2-1788393216793
terminalbench	main	qwen35b	di__b3k__otrc-su-partial	raman-fitting.easy__otrc-su-partial__r2	raman-fitting.easy	otrc-su-partial	2	online_trc_summarize_partial	3000	0.5	summary_failure_accounting	priority	0	Submitted	False	2026-09-02T18:53:38.267582-05:00	ICLR_results/terminalbench/main/qwen35b/di__b3k__otrc-su-partial/raman-fitting.easy/otrc-su-partial/run_2	logs/harbor_jobs/terminalbench/qwen35b/qwen35b-otrc-su-partial-r2-1788393216793/raman-fitting.easy__YxZCNuT	qwen35b-otrc-su-partial-r2-1788393216793
terminalbench	main	qwen35b	di__b3k__otrc-su-partial	sanitize-git-repo__otrc-su-partial__r2	sanitize-git-repo	otrc-su-partial	2	online_trc_summarize_partial	3000	0.5	summary_failure_accounting	priority	0		False	2026-09-02T19:14:46.137163-05:00	ICLR_results/terminalbench/main/qwen35b/di__b3k__otrc-su-partial/sanitize-git-repo/otrc-su-partial/run_2	logs/harbor_jobs/terminalbench/qwen35b/qwen35b-otrc-su-partial-r2-1788393216793/sanitize-git-repo__9S9byzM	qwen35b-otrc-su-partial-r2-1788393216793
terminalbench	main	qwen35b	di__b3k__otrc-su-partial	sanitize-git-repo.hard__otrc-su-partial__r2	sanitize-git-repo.hard	otrc-su-partial	2	online_trc_summarize_partial	3000	0.5	summary_failure_accounting	priority	0		False	2026-09-02T19:57:34.207236-05:00	ICLR_results/terminalbench/main/qwen35b/di__b3k__otrc-su-partial/sanitize-git-repo.hard/otrc-su-partial/run_2	logs/harbor_jobs/terminalbench/qwen35b/qwen35b-otrc-su-partial-r2-1788393216793/sanitize-git-repo.hard__5CLVvux	qwen35b-otrc-su-partial-r2-1788393216793
terminalbench	main	qwen35b	di__b3k__otrc-su-partial	solana-data__otrc-su-partial__r2	solana-data	otrc-su-partial	2	online_trc_summarize_partial	3000	0.5	summary_failure_accounting	priority	0		False	2026-09-02T19:01:27.003279-05:00	ICLR_results/terminalbench/main/qwen35b/di__b3k__otrc-su-partial/solana-data/otrc-su-partial/run_2	logs/harbor_jobs/terminalbench/qwen35b/qwen35b-otrc-su-partial-r2-1788393216793/solana-data__i9suUsS	qwen35b-otrc-su-partial-r2-1788393216793
terminalbench	main	qwen35b	di__b3k__otrc-su-partial	sqlite-with-gcov__otrc-su-partial__r2	sqlite-with-gcov	otrc-su-partial	2	online_trc_summarize_partial	3000	0.5	summary_failure_accounting	priority	0		False	2026-09-02T19:04:01.824147-05:00	ICLR_results/terminalbench/main/qwen35b/di__b3k__otrc-su-partial/sqlite-with-gcov/otrc-su-partial/run_2	logs/harbor_jobs/terminalbench/qwen35b/qwen35b-otrc-su-partial-r2-1788393216793/sqlite-with-gcov__gdcw3wV	qwen35b-otrc-su-partial-r2-1788393216793
terminalbench	main	qwen35b	di__b3k__otrc-su-partial	super-benchmark-upet__otrc-su-partial__r2	super-benchmark-upet	otrc-su-partial	2	online_trc_summarize_partial	3000	0.5	summary_failure_accounting	priority	0		False	2026-09-02T19:30:00.474284-05:00	ICLR_results/terminalbench/main/qwen35b/di__b3k__otrc-su-partial/super-benchmark-upet/otrc-su-partial/run_2	logs/harbor_jobs/terminalbench/qwen35b/qwen35b-otrc-su-partial-r2-1788393216793/super-benchmark-upet__dzWA5y6	qwen35b-otrc-su-partial-r2-1788393216793
terminalbench	main	qwen35b	di__b3k__otrc-su-partial	swe-bench-astropy-2__otrc-su-partial__r2	swe-bench-astropy-2	otrc-su-partial	2	online_trc_summarize_partial	3000	0.5	summary_failure_accounting	priority	0		False	2026-09-02T19:46:04.465171-05:00	ICLR_results/terminalbench/main/qwen35b/di__b3k__otrc-su-partial/swe-bench-astropy-2/otrc-su-partial/run_2	logs/harbor_jobs/terminalbench/qwen35b/qwen35b-otrc-su-partial-r2-1788393216793/swe-bench-astropy-2__7yneQEp	qwen35b-otrc-su-partial-r2-1788393216793
terminalbench	main	qwen35b	di__b3k__otrc-su-partial	swe-bench-fsspec__otrc-su-partial__r2	swe-bench-fsspec	otrc-su-partial	2	online_trc_summarize_partial	3000	0.5	summary_failure_accounting	priority	0		False	2026-09-02T19:18:22.864810-05:00	ICLR_results/terminalbench/main/qwen35b/di__b3k__otrc-su-partial/swe-bench-fsspec/otrc-su-partial/run_2	logs/harbor_jobs/terminalbench/qwen35b/qwen35b-otrc-su-partial-r2-1788393216793/swe-bench-fsspec__SMfjroJ	qwen35b-otrc-su-partial-r2-1788393216793
terminalbench	main	qwen35b	di__b3k__otrc-su-partial	tmux-advanced-workflow__otrc-su-partial__r2	tmux-advanced-workflow	otrc-su-partial	2	online_trc_summarize_partial	3000	0.5	summary_related_response	probable	0		False	2026-09-02T18:53:38.221674-05:00	ICLR_results/terminalbench/main/qwen35b/di__b3k__otrc-su-partial/tmux-advanced-workflow/otrc-su-partial/run_2	logs/harbor_jobs/terminalbench/qwen35b/qwen35b-otrc-su-partial-r2-1788393216793/tmux-advanced-workflow__rG8Uxit	qwen35b-otrc-su-partial-r2-1788393216793
terminalbench	main	qwen35b	di__b3k__otrc-su-partial	write-compressor__otrc-su-partial__r2	write-compressor	otrc-su-partial	2	online_trc_summarize_partial	3000	0.5	summary_related_response	probable	0		False	2026-09-02T19:39:39.998439-05:00	ICLR_results/terminalbench/main/qwen35b/di__b3k__otrc-su-partial/write-compressor/otrc-su-partial/run_2	logs/harbor_jobs/terminalbench/qwen35b/qwen35b-otrc-su-partial-r2-1788393216793/write-compressor__fsCx8xx	qwen35b-otrc-su-partial-r2-1788393216793
terminalbench	main	qwen35b	di__b3k__otrc-su-partial	blind-maze-explorer-algorithm__otrc-su-partial__r3	blind-maze-explorer-algorithm	otrc-su-partial	3	online_trc_summarize_partial	3000	0.5	summary_related_response	probable	0		False	2026-09-02T21:28:47.125815-05:00	ICLR_results/terminalbench/main/qwen35b/di__b3k__otrc-su-partial/blind-maze-explorer-algorithm/otrc-su-partial/run_3	logs/harbor_jobs/terminalbench/qwen35b/qwen35b-otrc-su-partial-r3-1788400391616/blind-maze-explorer-algorithm__eXQzkWD	qwen35b-otrc-su-partial-r3-1788400391616
terminalbench	main	qwen35b	di__b3k__otrc-su-partial	cartpole-rl-training__otrc-su-partial__r3	cartpole-rl-training	otrc-su-partial	3	online_trc_summarize_partial	3000	0.5	summary_related_response	probable	0		False	2026-09-02T22:08:59.323930-05:00	ICLR_results/terminalbench/main/qwen35b/di__b3k__otrc-su-partial/cartpole-rl-training/otrc-su-partial/run_3	logs/harbor_jobs/terminalbench/qwen35b/qwen35b-otrc-su-partial-r3-1788400391616/cartpole-rl-training__2SjiCsA	qwen35b-otrc-su-partial-r3-1788400391616
terminalbench	main	qwen35b	di__b3k__otrc-su-partial	count-dataset-tokens__otrc-su-partial__r3	count-dataset-tokens	otrc-su-partial	3	online_trc_summarize_partial	3000	0.5	summary_failure_accounting	priority	0		False	2026-09-02T20:59:39.085558-05:00	ICLR_results/terminalbench/main/qwen35b/di__b3k__otrc-su-partial/count-dataset-tokens/otrc-su-partial/run_3	logs/harbor_jobs/terminalbench/qwen35b/qwen35b-otrc-su-partial-r3-1788400391616/count-dataset-tokens__itsBpLB	qwen35b-otrc-su-partial-r3-1788400391616
terminalbench	main	qwen35b	di__b3k__otrc-su-partial	crack-7z-hash.hard__otrc-su-partial__r3	crack-7z-hash.hard	otrc-su-partial	3	online_trc_summarize_partial	3000	0.5	summary_failure_accounting	priority	0		False	2026-09-02T21:46:41.671114-05:00	ICLR_results/terminalbench/main/qwen35b/di__b3k__otrc-su-partial/crack-7z-hash.hard/otrc-su-partial/run_3	logs/harbor_jobs/terminalbench/qwen35b/qwen35b-otrc-su-partial-r3-1788400391616/crack-7z-hash.hard__oaKVtyo	qwen35b-otrc-su-partial-r3-1788400391616
terminalbench	main	qwen35b	di__b3k__otrc-su-partial	csv-to-parquet__otrc-su-partial__r3	csv-to-parquet	otrc-su-partial	3	online_trc_summarize_partial	3000	0.5	summary_failure_accounting	priority	0		False	2026-09-02T21:18:26.265687-05:00	ICLR_results/terminalbench/main/qwen35b/di__b3k__otrc-su-partial/csv-to-parquet/otrc-su-partial/run_3	logs/harbor_jobs/terminalbench/qwen35b/qwen35b-otrc-su-partial-r3-1788400391616/csv-to-parquet__Daxpkjc	qwen35b-otrc-su-partial-r3-1788400391616
terminalbench	main	qwen35b	di__b3k__otrc-su-partial	decommissioning-service-with-sensitive-data__otrc-su-partial__r3	decommissioning-service-with-sensitive-data	otrc-su-partial	3	online_trc_summarize_partial	3000	0.5	tb_unverifiable	probable	0	Submitted	False	2026-09-02T22:05:47.732072-05:00	ICLR_results/terminalbench/main/qwen35b/di__b3k__otrc-su-partial/decommissioning-service-with-sensitive-data/otrc-su-partial/run_3	logs/harbor_jobs/terminalbench/qwen35b/qwen35b-otrc-su-partial-r3-1788400391616/decommissioning-service-with-sen__d7f8N8T	qwen35b-otrc-su-partial-r3-1788400391616
terminalbench	main	qwen35b	di__b3k__otrc-su-partial	eval-mteb__otrc-su-partial__r3	eval-mteb	otrc-su-partial	3	online_trc_summarize_partial	3000	0.5	summary_failure_accounting	priority	0		False	2026-09-02T21:09:57.610148-05:00	ICLR_results/terminalbench/main/qwen35b/di__b3k__otrc-su-partial/eval-mteb/otrc-su-partial/run_3	logs/harbor_jobs/terminalbench/qwen35b/qwen35b-otrc-su-partial-r3-1788400391616/eval-mteb__waqmriJ	qwen35b-otrc-su-partial-r3-1788400391616
terminalbench	main	qwen35b	di__b3k__otrc-su-partial	eval-mteb.hard__otrc-su-partial__r3	eval-mteb.hard	otrc-su-partial	3	online_trc_summarize_partial	3000	0.5	summary_failure_accounting	priority	0		False	2026-09-02T22:02:05.552072-05:00	ICLR_results/terminalbench/main/qwen35b/di__b3k__otrc-su-partial/eval-mteb.hard/otrc-su-partial/run_3	logs/harbor_jobs/terminalbench/qwen35b/qwen35b-otrc-su-partial-r3-1788400391616/eval-mteb.hard__BDu34ZF	qwen35b-otrc-su-partial-r3-1788400391616
terminalbench	main	qwen35b	di__b3k__otrc-su-partial	extract-moves-from-video__otrc-su-partial__r3	extract-moves-from-video	otrc-su-partial	3	online_trc_summarize_partial	3000	0.5	summary_failure_accounting	priority	0		False	2026-09-02T21:29:09.824606-05:00	ICLR_results/terminalbench/main/qwen35b/di__b3k__otrc-su-partial/extract-moves-from-video/otrc-su-partial/run_3	logs/harbor_jobs/terminalbench/qwen35b/qwen35b-otrc-su-partial-r3-1788400391616/extract-moves-from-video__6kv4eCE	qwen35b-otrc-su-partial-r3-1788400391616
terminalbench	main	qwen35b	di__b3k__otrc-su-partial	fix-pandas-version__otrc-su-partial__r3	fix-pandas-version	otrc-su-partial	3	online_trc_summarize_partial	3000	0.5	tb_erasure_possible	probable	0	Submitted	True	2026-09-02T21:13:56.105945-05:00	ICLR_results/terminalbench/main/qwen35b/di__b3k__otrc-su-partial/fix-pandas-version/otrc-su-partial/run_3	logs/harbor_jobs/terminalbench/qwen35b/qwen35b-otrc-su-partial-r3-1788400391616/fix-pandas-version__K6YeKdq	qwen35b-otrc-su-partial-r3-1788400391616
terminalbench	main	qwen35b	di__b3k__otrc-su-partial	git-workflow-hack__otrc-su-partial__r3	git-workflow-hack	otrc-su-partial	3	online_trc_summarize_partial	3000	0.5	summary_related_response	probable	0		False	2026-09-02T21:40:17.802487-05:00	ICLR_results/terminalbench/main/qwen35b/di__b3k__otrc-su-partial/git-workflow-hack/otrc-su-partial/run_3	logs/harbor_jobs/terminalbench/qwen35b/qwen35b-otrc-su-partial-r3-1788400391616/git-workflow-hack__6DWsQLQ	qwen35b-otrc-su-partial-r3-1788400391616
terminalbench	main	qwen35b	di__b3k__otrc-su-partial	gpt2-codegolf__otrc-su-partial__r3	gpt2-codegolf	otrc-su-partial	3	online_trc_summarize_partial	3000	0.5	summary_related_response	probable	0		False	2026-09-02T21:07:33.684049-05:00	ICLR_results/terminalbench/main/qwen35b/di__b3k__otrc-su-partial/gpt2-codegolf/otrc-su-partial/run_3	logs/harbor_jobs/terminalbench/qwen35b/qwen35b-otrc-su-partial-r3-1788400391616/gpt2-codegolf__4J7uoVC	qwen35b-otrc-su-partial-r3-1788400391616
terminalbench	main	qwen35b	di__b3k__otrc-su-partial	heterogeneous-dates__otrc-su-partial__r3	heterogeneous-dates	otrc-su-partial	3	online_trc_summarize_partial	3000	0.5	summary_failure_accounting	priority	0	Submitted	True	2026-09-02T22:15:21.449309-05:00	ICLR_results/terminalbench/main/qwen35b/di__b3k__otrc-su-partial/heterogeneous-dates/otrc-su-partial/run_3	logs/harbor_jobs/terminalbench/qwen35b/qwen35b-otrc-su-partial-r3-1788400391616/heterogeneous-dates__vJAHcor	qwen35b-otrc-su-partial-r3-1788400391616
terminalbench	main	qwen35b	di__b3k__otrc-su-partial	hf-model-inference__otrc-su-partial__r3	hf-model-inference	otrc-su-partial	3	online_trc_summarize_partial	3000	0.5	summary_failure_accounting	priority	0		False	2026-09-02T21:10:02.125957-05:00	ICLR_results/terminalbench/main/qwen35b/di__b3k__otrc-su-partial/hf-model-inference/otrc-su-partial/run_3	logs/harbor_jobs/terminalbench/qwen35b/qwen35b-otrc-su-partial-r3-1788400391616/hf-model-inference__iSJLiBJ	qwen35b-otrc-su-partial-r3-1788400391616
terminalbench	main	qwen35b	di__b3k__otrc-su-partial	incompatible-python-fasttext__otrc-su-partial__r3	incompatible-python-fasttext	otrc-su-partial	3	online_trc_summarize_partial	3000	0.5	summary_failure_accounting	priority	0		True	2026-09-02T20:53:13.161027-05:00	ICLR_results/terminalbench/main/qwen35b/di__b3k__otrc-su-partial/incompatible-python-fasttext/otrc-su-partial/run_3	logs/harbor_jobs/terminalbench/qwen35b/qwen35b-otrc-su-partial-r3-1788400391616/incompatible-python-fasttext__FUqCk9C	qwen35b-otrc-su-partial-r3-1788400391616
terminalbench	main	qwen35b	di__b3k__otrc-su-partial	intrusion-detection__otrc-su-partial__r3	intrusion-detection	otrc-su-partial	3	online_trc_summarize_partial	3000	0.5	summary_failure_accounting	priority	0		False	2026-09-02T21:37:37.081609-05:00	ICLR_results/terminalbench/main/qwen35b/di__b3k__otrc-su-partial/intrusion-detection/otrc-su-partial/run_3	logs/harbor_jobs/terminalbench/qwen35b/qwen35b-otrc-su-partial-r3-1788400391616/intrusion-detection__grVJkQt	qwen35b-otrc-su-partial-r3-1788400391616
terminalbench	main	qwen35b	di__b3k__otrc-su-partial	modernize-fortran-build__otrc-su-partial__r3	modernize-fortran-build	otrc-su-partial	3	online_trc_summarize_partial	3000	0.5	summary_failure_accounting	priority	0	Submitted	False	2026-09-02T21:24:50.997260-05:00	ICLR_results/terminalbench/main/qwen35b/di__b3k__otrc-su-partial/modernize-fortran-build/otrc-su-partial/run_3	logs/harbor_jobs/terminalbench/qwen35b/qwen35b-otrc-su-partial-r3-1788400391616/modernize-fortran-build__e9WJyyf	qwen35b-otrc-su-partial-r3-1788400391616
terminalbench	main	qwen35b	di__b3k__otrc-su-partial	password-recovery__otrc-su-partial__r3	password-recovery	otrc-su-partial	3	online_trc_summarize_partial	3000	0.5	summary_related_response	probable	0		False	2026-09-02T21:45:16.726256-05:00	ICLR_results/terminalbench/main/qwen35b/di__b3k__otrc-su-partial/password-recovery/otrc-su-partial/run_3	logs/harbor_jobs/terminalbench/qwen35b/qwen35b-otrc-su-partial-r3-1788400391616/password-recovery__cmwUQ8x	qwen35b-otrc-su-partial-r3-1788400391616
terminalbench	main	qwen35b	di__b3k__otrc-su-partial	processing-pipeline__otrc-su-partial__r3	processing-pipeline	otrc-su-partial	3	online_trc_summarize_partial	3000	0.5	summary_related_response	probable	0		True	2026-09-02T21:22:45.137725-05:00	ICLR_results/terminalbench/main/qwen35b/di__b3k__otrc-su-partial/processing-pipeline/otrc-su-partial/run_3	logs/harbor_jobs/terminalbench/qwen35b/qwen35b-otrc-su-partial-r3-1788400391616/processing-pipeline__aoQeLaV	qwen35b-otrc-su-partial-r3-1788400391616
terminalbench	main	qwen35b	di__b3k__otrc-su-partial	pytorch-model-cli.hard__otrc-su-partial__r3	pytorch-model-cli.hard	otrc-su-partial	3	online_trc_summarize_partial	3000	0.5	summary_failure_accounting	priority	0		False	2026-09-02T20:59:41.813793-05:00	ICLR_results/terminalbench/main/qwen35b/di__b3k__otrc-su-partial/pytorch-model-cli.hard/otrc-su-partial/run_3	logs/harbor_jobs/terminalbench/qwen35b/qwen35b-otrc-su-partial-r3-1788400391616/pytorch-model-cli.hard__vr2zKnn	qwen35b-otrc-su-partial-r3-1788400391616
terminalbench	main	qwen35b	di__b3k__otrc-su-partial	qemu-alpine-ssh__otrc-su-partial__r3	qemu-alpine-ssh	otrc-su-partial	3	online_trc_summarize_partial	3000	0.5	summary_failure_accounting	priority	0		False	2026-09-02T21:08:03.049533-05:00	ICLR_results/terminalbench/main/qwen35b/di__b3k__otrc-su-partial/qemu-alpine-ssh/otrc-su-partial/run_3	logs/harbor_jobs/terminalbench/qwen35b/qwen35b-otrc-su-partial-r3-1788400391616/qemu-alpine-ssh__5auUP4q	qwen35b-otrc-su-partial-r3-1788400391616
terminalbench	main	qwen35b	di__b3k__otrc-su-partial	qemu-startup__otrc-su-partial__r3	qemu-startup	otrc-su-partial	3	online_trc_summarize_partial	3000	0.5	summary_failure_accounting	priority	0		False	2026-09-02T21:51:41.126236-05:00	ICLR_results/terminalbench/main/qwen35b/di__b3k__otrc-su-partial/qemu-startup/otrc-su-partial/run_3	logs/harbor_jobs/terminalbench/qwen35b/qwen35b-otrc-su-partial-r3-1788400391616/qemu-startup__yaccK6D	qwen35b-otrc-su-partial-r3-1788400391616
terminalbench	main	qwen35b	di__b3k__otrc-su-partial	raman-fitting.easy__otrc-su-partial__r3	raman-fitting.easy	otrc-su-partial	3	online_trc_summarize_partial	3000	0.5	summary_failure_accounting	priority	0		False	2026-09-02T20:53:13.157167-05:00	ICLR_results/terminalbench/main/qwen35b/di__b3k__otrc-su-partial/raman-fitting.easy/otrc-su-partial/run_3	logs/harbor_jobs/terminalbench/qwen35b/qwen35b-otrc-su-partial-r3-1788400391616/raman-fitting.easy__ntGyBDm	qwen35b-otrc-su-partial-r3-1788400391616
terminalbench	main	qwen35b	di__b3k__otrc-su-partial	sanitize-git-repo__otrc-su-partial__r3	sanitize-git-repo	otrc-su-partial	3	online_trc_summarize_partial	3000	0.5	summary_failure_accounting	priority	0		False	2026-09-02T21:16:23.463273-05:00	ICLR_results/terminalbench/main/qwen35b/di__b3k__otrc-su-partial/sanitize-git-repo/otrc-su-partial/run_3	logs/harbor_jobs/terminalbench/qwen35b/qwen35b-otrc-su-partial-r3-1788400391616/sanitize-git-repo__UujMs7d	qwen35b-otrc-su-partial-r3-1788400391616
terminalbench	main	qwen35b	di__b3k__otrc-su-partial	sanitize-git-repo.hard__otrc-su-partial__r3	sanitize-git-repo.hard	otrc-su-partial	3	online_trc_summarize_partial	3000	0.5	summary_related_response	probable	0		False	2026-09-02T21:59:26.264491-05:00	ICLR_results/terminalbench/main/qwen35b/di__b3k__otrc-su-partial/sanitize-git-repo.hard/otrc-su-partial/run_3	logs/harbor_jobs/terminalbench/qwen35b/qwen35b-otrc-su-partial-r3-1788400391616/sanitize-git-repo.hard__H7aTUFk	qwen35b-otrc-su-partial-r3-1788400391616
terminalbench	main	qwen35b	di__b3k__otrc-su-partial	solana-data__otrc-su-partial__r3	solana-data	otrc-su-partial	3	online_trc_summarize_partial	3000	0.5	summary_failure_accounting	priority	0		False	2026-09-02T21:01:03.917232-05:00	ICLR_results/terminalbench/main/qwen35b/di__b3k__otrc-su-partial/solana-data/otrc-su-partial/run_3	logs/harbor_jobs/terminalbench/qwen35b/qwen35b-otrc-su-partial-r3-1788400391616/solana-data__MRc2MNz	qwen35b-otrc-su-partial-r3-1788400391616
terminalbench	main	qwen35b	di__b3k__otrc-su-partial	sqlite-with-gcov__otrc-su-partial__r3	sqlite-with-gcov	otrc-su-partial	3	online_trc_summarize_partial	3000	0.5	summary_related_response	probable	0		False	2026-09-02T21:03:37.018084-05:00	ICLR_results/terminalbench/main/qwen35b/di__b3k__otrc-su-partial/sqlite-with-gcov/otrc-su-partial/run_3	logs/harbor_jobs/terminalbench/qwen35b/qwen35b-otrc-su-partial-r3-1788400391616/sqlite-with-gcov__GSQBeBx	qwen35b-otrc-su-partial-r3-1788400391616
terminalbench	main	qwen35b	di__b3k__otrc-su-partial	super-benchmark-upet__otrc-su-partial__r3	super-benchmark-upet	otrc-su-partial	3	online_trc_summarize_partial	3000	0.5	summary_related_response	probable	0		False	2026-09-02T21:35:33.137947-05:00	ICLR_results/terminalbench/main/qwen35b/di__b3k__otrc-su-partial/super-benchmark-upet/otrc-su-partial/run_3	logs/harbor_jobs/terminalbench/qwen35b/qwen35b-otrc-su-partial-r3-1788400391616/super-benchmark-upet__XKUDpVK	qwen35b-otrc-su-partial-r3-1788400391616
terminalbench	main	qwen35b	di__b3k__otrc-su-partial	swe-bench-astropy-2__otrc-su-partial__r3	swe-bench-astropy-2	otrc-su-partial	3	online_trc_summarize_partial	3000	0.5	summary_failure_accounting	priority	0		False	2026-09-02T21:50:32.626962-05:00	ICLR_results/terminalbench/main/qwen35b/di__b3k__otrc-su-partial/swe-bench-astropy-2/otrc-su-partial/run_3	logs/harbor_jobs/terminalbench/qwen35b/qwen35b-otrc-su-partial-r3-1788400391616/swe-bench-astropy-2__wdHnTPP	qwen35b-otrc-su-partial-r3-1788400391616
terminalbench	main	qwen35b	di__b3k__otrc-su-partial	swe-bench-fsspec__otrc-su-partial__r3	swe-bench-fsspec	otrc-su-partial	3	online_trc_summarize_partial	3000	0.5	summary_failure_accounting	priority	0		False	2026-09-02T21:18:59.622684-05:00	ICLR_results/terminalbench/main/qwen35b/di__b3k__otrc-su-partial/swe-bench-fsspec/otrc-su-partial/run_3	logs/harbor_jobs/terminalbench/qwen35b/qwen35b-otrc-su-partial-r3-1788400391616/swe-bench-fsspec__eEQCigK	qwen35b-otrc-su-partial-r3-1788400391616
terminalbench	main	qwen35b	di__b3k__otrc-su-partial	tmux-advanced-workflow__otrc-su-partial__r3	tmux-advanced-workflow	otrc-su-partial	3	online_trc_summarize_partial	3000	0.5	summary_related_response	probable	0		False	2026-09-02T20:53:13.105089-05:00	ICLR_results/terminalbench/main/qwen35b/di__b3k__otrc-su-partial/tmux-advanced-workflow/otrc-su-partial/run_3	logs/harbor_jobs/terminalbench/qwen35b/qwen35b-otrc-su-partial-r3-1788400391616/tmux-advanced-workflow__c9r6DD9	qwen35b-otrc-su-partial-r3-1788400391616
terminalbench	main	qwen35b	di__b3k__otrc-su-partial	write-compressor__otrc-su-partial__r3	write-compressor	otrc-su-partial	3	online_trc_summarize_partial	3000	0.5	summary_failure_accounting	priority	0		False	2026-09-02T21:44:10.165705-05:00	ICLR_results/terminalbench/main/qwen35b/di__b3k__otrc-su-partial/write-compressor/otrc-su-partial/run_3	logs/harbor_jobs/terminalbench/qwen35b/qwen35b-otrc-su-partial-r3-1788400391616/write-compressor__hYxAnH7	qwen35b-otrc-su-partial-r3-1788400391616
terminalbench	main	qwen35b	di__b3k__trc-ss	eval-mteb__trc-ss__r1	eval-mteb	trc-ss	1	trc_structured_summarize	3000	0.5	tb_erasure_possible	probable	0	ValueError	False	2026-09-02T09:22:07.252132-05:00	ICLR_results/terminalbench/main/qwen35b/di__b3k__trc-ss/eval-mteb/trc-ss/run_1	logs/harbor_jobs/terminalbench/qwen35b/qwen35b-trc-ss-r1-1788358389383/eval-mteb__4vYcmHz	qwen35b-trc-ss-r1-1788358389383
terminalbench	main	qwen35b	di__b3k__trc-ss	solana-data__trc-ss__r1	solana-data	trc-ss	1	trc_structured_summarize	3000	0.5	tb_erasure_possible	probable	0	Submitted	False	2026-09-02T09:16:40.301057-05:00	ICLR_results/terminalbench/main/qwen35b/di__b3k__trc-ss/solana-data/trc-ss/run_1	logs/harbor_jobs/terminalbench/qwen35b/qwen35b-trc-ss-r1-1788358389383/solana-data__ddZhCWs	qwen35b-trc-ss-r1-1788358389383
terminalbench	main	qwen35b	di__b3k__trc-ss	sqlite-with-gcov__trc-ss__r1	sqlite-with-gcov	trc-ss	1	trc_structured_summarize	3000	0.5	tb_erasure_possible	probable	0	Submitted	True	2026-09-02T09:19:21.902621-05:00	ICLR_results/terminalbench/main/qwen35b/di__b3k__trc-ss/sqlite-with-gcov/trc-ss/run_1	logs/harbor_jobs/terminalbench/qwen35b/qwen35b-trc-ss-r1-1788358389383/sqlite-with-gcov__HTukVxj	qwen35b-trc-ss-r1-1788358389383
terminalbench	main	qwen35b	di__b3k__trc-ss	tmux-advanced-workflow__trc-ss__r1	tmux-advanced-workflow	trc-ss	1	trc_structured_summarize	3000	0.5	tb_erasure_possible	probable	0	Submitted	False	2026-09-02T09:13:10.792505-05:00	ICLR_results/terminalbench/main/qwen35b/di__b3k__trc-ss/tmux-advanced-workflow/trc-ss/run_1	logs/harbor_jobs/terminalbench/qwen35b/qwen35b-trc-ss-r1-1788358389383/tmux-advanced-workflow__rCo2dAL	qwen35b-trc-ss-r1-1788358389383
terminalbench	main	qwen35b	di__b3k__trc-ss	cartpole-rl-training__trc-ss__r2	cartpole-rl-training	trc-ss	2	trc_structured_summarize	3000	0.5	tb_erasure_possible	probable	0	Submitted	True	2026-09-02T12:01:30.646230-05:00	ICLR_results/terminalbench/main/qwen35b/di__b3k__trc-ss/cartpole-rl-training/trc-ss/run_2	logs/harbor_jobs/terminalbench/qwen35b/qwen35b-trc-ss-r2-1788364204562/cartpole-rl-training__PwtRFDZ	qwen35b-trc-ss-r2-1788364204562
terminalbench	main	qwen35b	di__b3k__trc-ss	prove-plus-comm__trc-ss__r2	prove-plus-comm	trc-ss	2	trc_structured_summarize	3000	0.5	tb_erasure_possible	probable	0	Submitted	True	2026-09-02T10:50:06.045406-05:00	ICLR_results/terminalbench/main/qwen35b/di__b3k__trc-ss/prove-plus-comm/trc-ss/run_2	logs/harbor_jobs/terminalbench/qwen35b/qwen35b-trc-ss-r2-1788364204562/prove-plus-comm__U7dhVid	qwen35b-trc-ss-r2-1788364204562
terminalbench	main	qwen35b	di__b3k__trc-ss	pytorch-model-cli.hard__trc-ss__r2	pytorch-model-cli.hard	trc-ss	2	trc_structured_summarize	3000	0.5	tb_erasure_possible	probable	0	Submitted	True	2026-09-02T10:56:30.830318-05:00	ICLR_results/terminalbench/main/qwen35b/di__b3k__trc-ss/pytorch-model-cli.hard/trc-ss/run_2	logs/harbor_jobs/terminalbench/qwen35b/qwen35b-trc-ss-r2-1788364204562/pytorch-model-cli.hard__ggL93Ef	qwen35b-trc-ss-r2-1788364204562
terminalbench	main	qwen35b	di__b3k__trc-ss	tmux-advanced-workflow__trc-ss__r2	tmux-advanced-workflow	trc-ss	2	trc_structured_summarize	3000	0.5	tb_erasure_possible	probable	0	Submitted	True	2026-09-02T10:50:05.994949-05:00	ICLR_results/terminalbench/main/qwen35b/di__b3k__trc-ss/tmux-advanced-workflow/trc-ss/run_2	logs/harbor_jobs/terminalbench/qwen35b/qwen35b-trc-ss-r2-1788364204562/tmux-advanced-workflow__WFY6RiH	qwen35b-trc-ss-r2-1788364204562
terminalbench	main	qwen35b	di__b3k__trc-ss	crack-7z-hash.hard__trc-ss__r3	crack-7z-hash.hard	trc-ss	3	trc_structured_summarize	3000	0.5	tb_erasure_possible	probable	0	Submitted	True	2026-09-02T13:30:17.091505-05:00	ICLR_results/terminalbench/main/qwen35b/di__b3k__trc-ss/crack-7z-hash.hard/trc-ss/run_3	logs/harbor_jobs/terminalbench/qwen35b/qwen35b-trc-ss-r3-1788370922194/crack-7z-hash.hard__An6rQPx	qwen35b-trc-ss-r3-1788370922194
terminalbench	main	qwen35b	di__b3k__trc-ss	gpt2-codegolf__trc-ss__r3	gpt2-codegolf	trc-ss	3	trc_structured_summarize	3000	0.5	tb_erasure_possible	probable	0		False	2026-09-02T12:53:11.936347-05:00	ICLR_results/terminalbench/main/qwen35b/di__b3k__trc-ss/gpt2-codegolf/trc-ss/run_3	logs/harbor_jobs/terminalbench/qwen35b/qwen35b-trc-ss-r3-1788370922194/gpt2-codegolf__cEuq7e6	qwen35b-trc-ss-r3-1788370922194
terminalbench	main	qwen35b	di__b3k__trc-ss	processing-pipeline__trc-ss__r3	processing-pipeline	trc-ss	3	trc_structured_summarize	3000	0.5	tb_erasure_possible	probable	0	Submitted	True	2026-09-02T13:07:22.044571-05:00	ICLR_results/terminalbench/main/qwen35b/di__b3k__trc-ss/processing-pipeline/trc-ss/run_3	logs/harbor_jobs/terminalbench/qwen35b/qwen35b-trc-ss-r3-1788370922194/processing-pipeline__9DH5uZE	qwen35b-trc-ss-r3-1788370922194
terminalbench	main	qwen35b	di__b3k__trc-ss	pytorch-model-cli.hard__trc-ss__r3	pytorch-model-cli.hard	trc-ss	3	trc_structured_summarize	3000	0.5	tb_erasure_possible	probable	0	Submitted	False	2026-09-02T12:46:43.734903-05:00	ICLR_results/terminalbench/main/qwen35b/di__b3k__trc-ss/pytorch-model-cli.hard/trc-ss/run_3	logs/harbor_jobs/terminalbench/qwen35b/qwen35b-trc-ss-r3-1788370922194/pytorch-model-cli.hard__zPxY7Gm	qwen35b-trc-ss-r3-1788370922194
terminalbench	main	qwen35b	di__b3k__trc-ss	sqlite-with-gcov__trc-ss__r3	sqlite-with-gcov	trc-ss	3	trc_structured_summarize	3000	0.5	tb_erasure_possible	probable	0	Submitted	False	2026-09-02T12:49:24.045765-05:00	ICLR_results/terminalbench/main/qwen35b/di__b3k__trc-ss/sqlite-with-gcov/trc-ss/run_3	logs/harbor_jobs/terminalbench/qwen35b/qwen35b-trc-ss-r3-1788370922194/sqlite-with-gcov__7QYvLGJ	qwen35b-trc-ss-r3-1788370922194
terminalbench	main	qwen35b	di__b3k__trc-ss	tmux-advanced-workflow__trc-ss__r3	tmux-advanced-workflow	trc-ss	3	trc_structured_summarize	3000	0.5	tb_erasure_possible	probable	0	Submitted	True	2026-09-02T12:42:03.745794-05:00	ICLR_results/terminalbench/main/qwen35b/di__b3k__trc-ss/tmux-advanced-workflow/trc-ss/run_3	logs/harbor_jobs/terminalbench/qwen35b/qwen35b-trc-ss-r3-1788370922194/tmux-advanced-workflow__BMsxPzA	qwen35b-trc-ss-r3-1788370922194
terminalbench	main	qwen35b	di__b3k__trc-su	blind-maze-explorer-5x5__trc-su__r1	blind-maze-explorer-5x5	trc-su	1	trc_summarize	3000	0.5	summary_failure_accounting	priority	0		False	2026-09-02T04:34:59.953940-05:00	ICLR_results/terminalbench/main/qwen35b/di__b3k__trc-su/blind-maze-explorer-5x5/trc-su/run_1	logs/harbor_jobs/terminalbench/qwen35b/qwen35b-trc-su-r1-1788337456846/blind-maze-explorer-5x5__sPYYHWT	qwen35b-trc-su-r1-1788337456846
terminalbench	main	qwen35b	di__b3k__trc-su	cartpole-rl-training__trc-su__r1	cartpole-rl-training	trc-su	1	trc_summarize	3000	0.5	summary_related_response	probable	0		False	2026-09-02T04:37:28.866336-05:00	ICLR_results/terminalbench/main/qwen35b/di__b3k__trc-su/cartpole-rl-training/trc-su/run_1	logs/harbor_jobs/terminalbench/qwen35b/qwen35b-trc-su-r1-1788337456846/cartpole-rl-training__W9LcooF	qwen35b-trc-su-r1-1788337456846
terminalbench	main	qwen35b	di__b3k__trc-su	count-dataset-tokens__trc-su__r1	count-dataset-tokens	trc-su	1	trc_summarize	3000	0.5	summary_related_response	probable	0		False	2026-09-02T03:30:43.462716-05:00	ICLR_results/terminalbench/main/qwen35b/di__b3k__trc-su/count-dataset-tokens/trc-su/run_1	logs/harbor_jobs/terminalbench/qwen35b/qwen35b-trc-su-r1-1788337456846/count-dataset-tokens__Cougi4W	qwen35b-trc-su-r1-1788337456846
terminalbench	main	qwen35b	di__b3k__trc-su	crack-7z-hash.hard__trc-su__r1	crack-7z-hash.hard	trc-su	1	trc_summarize	3000	0.5	tb_erasure_possible	probable	0	Submitted	True	2026-09-02T04:15:39.015565-05:00	ICLR_results/terminalbench/main/qwen35b/di__b3k__trc-su/crack-7z-hash.hard/trc-su/run_1	logs/harbor_jobs/terminalbench/qwen35b/qwen35b-trc-su-r1-1788337456846/crack-7z-hash.hard__6jDwy9P	qwen35b-trc-su-r1-1788337456846
terminalbench	main	qwen35b	di__b3k__trc-su	csv-to-parquet__trc-su__r1	csv-to-parquet	trc-su	1	trc_summarize	3000	0.5	tb_erasure_possible	probable	0		True	2026-09-02T03:47:30.144738-05:00	ICLR_results/terminalbench/main/qwen35b/di__b3k__trc-su/csv-to-parquet/trc-su/run_1	logs/harbor_jobs/terminalbench/qwen35b/qwen35b-trc-su-r1-1788337456846/csv-to-parquet__SmR6kTS	qwen35b-trc-su-r1-1788337456846
terminalbench	main	qwen35b	di__b3k__trc-su	download-youtube__trc-su__r1	download-youtube	trc-su	1	trc_summarize	3000	0.5	summary_failure_accounting	priority	0		False	2026-09-02T04:20:54.555437-05:00	ICLR_results/terminalbench/main/qwen35b/di__b3k__trc-su/download-youtube/trc-su/run_1	logs/harbor_jobs/terminalbench/qwen35b/qwen35b-trc-su-r1-1788337456846/download-youtube__5buPeke	qwen35b-trc-su-r1-1788337456846
terminalbench	main	qwen35b	di__b3k__trc-su	eval-mteb__trc-su__r1	eval-mteb	trc-su	1	trc_summarize	3000	0.5	summary_failure_accounting	priority	0		False	2026-09-02T03:41:07.945527-05:00	ICLR_results/terminalbench/main/qwen35b/di__b3k__trc-su/eval-mteb/trc-su/run_1	logs/harbor_jobs/terminalbench/qwen35b/qwen35b-trc-su-r1-1788337456846/eval-mteb__LR969Uc	qwen35b-trc-su-r1-1788337456846
terminalbench	main	qwen35b	di__b3k__trc-su	eval-mteb.hard__trc-su__r1	eval-mteb.hard	trc-su	1	trc_summarize	3000	0.5	summary_related_response	probable	0		False	2026-09-02T04:31:02.625956-05:00	ICLR_results/terminalbench/main/qwen35b/di__b3k__trc-su/eval-mteb.hard/trc-su/run_1	logs/harbor_jobs/terminalbench/qwen35b/qwen35b-trc-su-r1-1788337456846/eval-mteb.hard__aTvupH5	qwen35b-trc-su-r1-1788337456846
terminalbench	main	qwen35b	di__b3k__trc-su	extract-moves-from-video__trc-su__r1	extract-moves-from-video	trc-su	1	trc_summarize	3000	0.5	summary_related_response	probable	0		False	2026-09-02T03:54:42.804390-05:00	ICLR_results/terminalbench/main/qwen35b/di__b3k__trc-su/extract-moves-from-video/trc-su/run_1	logs/harbor_jobs/terminalbench/qwen35b/qwen35b-trc-su-r1-1788337456846/extract-moves-from-video__cA74QLd	qwen35b-trc-su-r1-1788337456846
terminalbench	main	qwen35b	di__b3k__trc-su	fix-git__trc-su__r1	fix-git	trc-su	1	trc_summarize	3000	0.5	tb_unverifiable	probable	0	Submitted	False	2026-09-02T04:11:28.420783-05:00	ICLR_results/terminalbench/main/qwen35b/di__b3k__trc-su/fix-git/trc-su/run_1	logs/harbor_jobs/terminalbench/qwen35b/qwen35b-trc-su-r1-1788337456846/fix-git__ufKGrSL	qwen35b-trc-su-r1-1788337456846
terminalbench	main	qwen35b	di__b3k__trc-su	git-workflow-hack__trc-su__r1	git-workflow-hack	trc-su	1	trc_summarize	3000	0.5	summary_failure_accounting	priority	0		False	2026-09-02T04:09:16.967652-05:00	ICLR_results/terminalbench/main/qwen35b/di__b3k__trc-su/git-workflow-hack/trc-su/run_1	logs/harbor_jobs/terminalbench/qwen35b/qwen35b-trc-su-r1-1788337456846/git-workflow-hack__fPfec2h	qwen35b-trc-su-r1-1788337456846
terminalbench	main	qwen35b	di__b3k__trc-su	gpt2-codegolf__trc-su__r1	gpt2-codegolf	trc-su	1	trc_summarize	3000	0.5	tb_unverifiable	probable	0		False	2026-09-02T03:38:45.894988-05:00	ICLR_results/terminalbench/main/qwen35b/di__b3k__trc-su/gpt2-codegolf/trc-su/run_1	logs/harbor_jobs/terminalbench/qwen35b/qwen35b-trc-su-r1-1788337456846/gpt2-codegolf__BBGhpnQ	qwen35b-trc-su-r1-1788337456846
terminalbench	main	qwen35b	di__b3k__trc-su	heterogeneous-dates__trc-su__r1	heterogeneous-dates	trc-su	1	trc_summarize	3000	0.5	tb_erasure_possible	probable	0	Submitted	True	2026-09-02T04:41:26.732258-05:00	ICLR_results/terminalbench/main/qwen35b/di__b3k__trc-su/heterogeneous-dates/trc-su/run_1	logs/harbor_jobs/terminalbench/qwen35b/qwen35b-trc-su-r1-1788337456846/heterogeneous-dates__C28qQAq	qwen35b-trc-su-r1-1788337456846
terminalbench	main	qwen35b	di__b3k__trc-su	hf-model-inference__trc-su__r1	hf-model-inference	trc-su	1	trc_summarize	3000	0.5	summary_related_response	probable	0		False	2026-09-02T03:41:08.744770-05:00	ICLR_results/terminalbench/main/qwen35b/di__b3k__trc-su/hf-model-inference/trc-su/run_1	logs/harbor_jobs/terminalbench/qwen35b/qwen35b-trc-su-r1-1788337456846/hf-model-inference__VGdhHdv	qwen35b-trc-su-r1-1788337456846
terminalbench	main	qwen35b	di__b3k__trc-su	incompatible-python-fasttext__trc-su__r1	incompatible-python-fasttext	trc-su	1	trc_summarize	3000	0.5	summary_failure_accounting	priority	0		True	2026-09-02T03:24:18.312034-05:00	ICLR_results/terminalbench/main/qwen35b/di__b3k__trc-su/incompatible-python-fasttext/trc-su/run_1	logs/harbor_jobs/terminalbench/qwen35b/qwen35b-trc-su-r1-1788337456846/incompatible-python-fasttext__yNPCNJG	qwen35b-trc-su-r1-1788337456846
terminalbench	main	qwen35b	di__b3k__trc-su	intrusion-detection__trc-su__r1	intrusion-detection	trc-su	1	trc_summarize	3000	0.5	summary_failure_accounting	priority	0		False	2026-09-02T04:07:49.775865-05:00	ICLR_results/terminalbench/main/qwen35b/di__b3k__trc-su/intrusion-detection/trc-su/run_1	logs/harbor_jobs/terminalbench/qwen35b/qwen35b-trc-su-r1-1788337456846/intrusion-detection__LXdpp3s	qwen35b-trc-su-r1-1788337456846
terminalbench	main	qwen35b	di__b3k__trc-su	password-recovery__trc-su__r1	password-recovery	trc-su	1	trc_summarize	3000	0.5	summary_failure_accounting	priority	0		False	2026-09-02T04:14:14.385879-05:00	ICLR_results/terminalbench/main/qwen35b/di__b3k__trc-su/password-recovery/trc-su/run_1	logs/harbor_jobs/terminalbench/qwen35b/qwen35b-trc-su-r1-1788337456846/password-recovery__oeENHxd	qwen35b-trc-su-r1-1788337456846
terminalbench	main	qwen35b	di__b3k__trc-su	path-tracing-reverse__trc-su__r1	path-tracing-reverse	trc-su	1	trc_summarize	3000	0.5	summary_related_response	probable	0		False	2026-09-02T03:25:08.575395-05:00	ICLR_results/terminalbench/main/qwen35b/di__b3k__trc-su/path-tracing-reverse/trc-su/run_1	logs/harbor_jobs/terminalbench/qwen35b/qwen35b-trc-su-r1-1788337456846/path-tracing-reverse__CdWDKWs	qwen35b-trc-su-r1-1788337456846
terminalbench	main	qwen35b	di__b3k__trc-su	pytorch-model-cli.hard__trc-su__r1	pytorch-model-cli.hard	trc-su	1	trc_summarize	3000	0.5	summary_failure_accounting	priority	0		False	2026-09-02T03:30:46.473871-05:00	ICLR_results/terminalbench/main/qwen35b/di__b3k__trc-su/pytorch-model-cli.hard/trc-su/run_1	logs/harbor_jobs/terminalbench/qwen35b/qwen35b-trc-su-r1-1788337456846/pytorch-model-cli.hard__ABKFZUs	qwen35b-trc-su-r1-1788337456846
terminalbench	main	qwen35b	di__b3k__trc-su	qemu-alpine-ssh__trc-su__r1	qemu-alpine-ssh	trc-su	1	trc_summarize	3000	0.5	summary_failure_accounting	priority	0		False	2026-09-02T03:38:55.406447-05:00	ICLR_results/terminalbench/main/qwen35b/di__b3k__trc-su/qemu-alpine-ssh/trc-su/run_1	logs/harbor_jobs/terminalbench/qwen35b/qwen35b-trc-su-r1-1788337456846/qemu-alpine-ssh__nwvAJEL	qwen35b-trc-su-r1-1788337456846
terminalbench	main	qwen35b	di__b3k__trc-su	qemu-startup__trc-su__r1	qemu-startup	trc-su	1	trc_summarize	3000	0.5	summary_failure_accounting	priority	0		True	2026-09-02T04:20:37.849660-05:00	ICLR_results/terminalbench/main/qwen35b/di__b3k__trc-su/qemu-startup/trc-su/run_1	logs/harbor_jobs/terminalbench/qwen35b/qwen35b-trc-su-r1-1788337456846/qemu-startup__YRkTtpf	qwen35b-trc-su-r1-1788337456846
terminalbench	main	qwen35b	di__b3k__trc-su	raman-fitting.easy__trc-su__r1	raman-fitting.easy	trc-su	1	trc_summarize	3000	0.5	summary_failure_accounting	priority	0		False	2026-09-02T03:24:18.307931-05:00	ICLR_results/terminalbench/main/qwen35b/di__b3k__trc-su/raman-fitting.easy/trc-su/run_1	logs/harbor_jobs/terminalbench/qwen35b/qwen35b-trc-su-r1-1788337456846/raman-fitting.easy__4Q8NEPj	qwen35b-trc-su-r1-1788337456846
terminalbench	main	qwen35b	di__b3k__trc-su	sanitize-git-repo__trc-su__r1	sanitize-git-repo	trc-su	1	trc_summarize	3000	0.5	tb_unverifiable	probable	0		False	2026-09-02T03:46:08.743079-05:00	ICLR_results/terminalbench/main/qwen35b/di__b3k__trc-su/sanitize-git-repo/trc-su/run_1	logs/harbor_jobs/terminalbench/qwen35b/qwen35b-trc-su-r1-1788337456846/sanitize-git-repo__6C4cviA	qwen35b-trc-su-r1-1788337456846
terminalbench	main	qwen35b	di__b3k__trc-su	sanitize-git-repo.hard__trc-su__r1	sanitize-git-repo.hard	trc-su	1	trc_summarize	3000	0.5	summary_failure_accounting	priority	0		False	2026-09-02T04:27:17.166014-05:00	ICLR_results/terminalbench/main/qwen35b/di__b3k__trc-su/sanitize-git-repo.hard/trc-su/run_1	logs/harbor_jobs/terminalbench/qwen35b/qwen35b-trc-su-r1-1788337456846/sanitize-git-repo.hard__D48FGho	qwen35b-trc-su-r1-1788337456846
terminalbench	main	qwen35b	di__b3k__trc-su	sqlite-with-gcov__trc-su__r1	sqlite-with-gcov	trc-su	1	trc_summarize	3000	0.5	summary_failure_accounting	priority	0		False	2026-09-02T03:34:41.377588-05:00	ICLR_results/terminalbench/main/qwen35b/di__b3k__trc-su/sqlite-with-gcov/trc-su/run_1	logs/harbor_jobs/terminalbench/qwen35b/qwen35b-trc-su-r1-1788337456846/sqlite-with-gcov__azPZfxn	qwen35b-trc-su-r1-1788337456846
terminalbench	main	qwen35b	di__b3k__trc-su	super-benchmark-upet__trc-su__r1	super-benchmark-upet	trc-su	1	trc_summarize	3000	0.5	summary_failure_accounting	priority	0		False	2026-09-02T04:01:05.736495-05:00	ICLR_results/terminalbench/main/qwen35b/di__b3k__trc-su/super-benchmark-upet/trc-su/run_1	logs/harbor_jobs/terminalbench/qwen35b/qwen35b-trc-su-r1-1788337456846/super-benchmark-upet__kpJbwKH	qwen35b-trc-su-r1-1788337456846
terminalbench	main	qwen35b	di__b3k__trc-su	swe-bench-astropy-2__trc-su__r1	swe-bench-astropy-2	trc-su	1	trc_summarize	3000	0.5	summary_failure_accounting	priority	0		False	2026-09-02T04:19:04.532553-05:00	ICLR_results/terminalbench/main/qwen35b/di__b3k__trc-su/swe-bench-astropy-2/trc-su/run_1	logs/harbor_jobs/terminalbench/qwen35b/qwen35b-trc-su-r1-1788337456846/swe-bench-astropy-2__A9v8x9E	qwen35b-trc-su-r1-1788337456846
terminalbench	main	qwen35b	di__b3k__trc-su	tmux-advanced-workflow__trc-su__r1	tmux-advanced-workflow	trc-su	1	trc_summarize	3000	0.5	tb_erasure_possible	probable	0		True	2026-09-02T03:24:18.261353-05:00	ICLR_results/terminalbench/main/qwen35b/di__b3k__trc-su/tmux-advanced-workflow/trc-su/run_1	logs/harbor_jobs/terminalbench/qwen35b/qwen35b-trc-su-r1-1788337456846/tmux-advanced-workflow__DPWMyBu	qwen35b-trc-su-r1-1788337456846
terminalbench	main	qwen35b	di__b3k__trc-su	write-compressor__trc-su__r1	write-compressor	trc-su	1	trc_summarize	3000	0.5	summary_failure_accounting	priority	0		False	2026-09-02T04:12:40.810303-05:00	ICLR_results/terminalbench/main/qwen35b/di__b3k__trc-su/write-compressor/trc-su/run_1	logs/harbor_jobs/terminalbench/qwen35b/qwen35b-trc-su-r1-1788337456846/write-compressor__QJbKHBK	qwen35b-trc-su-r1-1788337456846
terminalbench	main	qwen35b	di__b3k__trc-su	blind-maze-explorer-5x5__trc-su__r2	blind-maze-explorer-5x5	trc-su	2	trc_summarize	3000	0.5	summary_failure_accounting	priority	0		False	2026-09-02T06:33:59.935887-05:00	ICLR_results/terminalbench/main/qwen35b/di__b3k__trc-su/blind-maze-explorer-5x5/trc-su/run_2	logs/harbor_jobs/terminalbench/qwen35b/qwen35b-trc-su-r2-1788344532844/blind-maze-explorer-5x5__rRE5dAa	qwen35b-trc-su-r2-1788344532844
terminalbench	main	qwen35b	di__b3k__trc-su	cartpole-rl-training__trc-su__r2	cartpole-rl-training	trc-su	2	trc_summarize	3000	0.5	tb_erasure_possible	probable	0		False	2026-09-02T06:34:21.777660-05:00	ICLR_results/terminalbench/main/qwen35b/di__b3k__trc-su/cartpole-rl-training/trc-su/run_2	logs/harbor_jobs/terminalbench/qwen35b/qwen35b-trc-su-r2-1788344532844/cartpole-rl-training__4PQpYhk	qwen35b-trc-su-r2-1788344532844
terminalbench	main	qwen35b	di__b3k__trc-su	count-dataset-tokens__trc-su__r2	count-dataset-tokens	trc-su	2	trc_summarize	3000	0.5	summary_failure_accounting	priority	0		False	2026-09-02T05:28:39.477368-05:00	ICLR_results/terminalbench/main/qwen35b/di__b3k__trc-su/count-dataset-tokens/trc-su/run_2	logs/harbor_jobs/terminalbench/qwen35b/qwen35b-trc-su-r2-1788344532844/count-dataset-tokens__HqVYGK8	qwen35b-trc-su-r2-1788344532844
terminalbench	main	qwen35b	di__b3k__trc-su	crack-7z-hash.hard__trc-su__r2	crack-7z-hash.hard	trc-su	2	trc_summarize	3000	0.5	summary_failure_accounting	priority	0		False	2026-09-02T06:13:32.113435-05:00	ICLR_results/terminalbench/main/qwen35b/di__b3k__trc-su/crack-7z-hash.hard/trc-su/run_2	logs/harbor_jobs/terminalbench/qwen35b/qwen35b-trc-su-r2-1788344532844/crack-7z-hash.hard__DRAyQhh	qwen35b-trc-su-r2-1788344532844
terminalbench	main	qwen35b	di__b3k__trc-su	csv-to-parquet__trc-su__r2	csv-to-parquet	trc-su	2	trc_summarize	3000	0.5	summary_related_response	probable	0		False	2026-09-02T05:45:23.581508-05:00	ICLR_results/terminalbench/main/qwen35b/di__b3k__trc-su/csv-to-parquet/trc-su/run_2	logs/harbor_jobs/terminalbench/qwen35b/qwen35b-trc-su-r2-1788344532844/csv-to-parquet__KmroRqR	qwen35b-trc-su-r2-1788344532844
terminalbench	main	qwen35b	di__b3k__trc-su	download-youtube__trc-su__r2	download-youtube	trc-su	2	trc_summarize	3000	0.5	summary_failure_accounting	priority	0		False	2026-09-02T06:19:52.774070-05:00	ICLR_results/terminalbench/main/qwen35b/di__b3k__trc-su/download-youtube/trc-su/run_2	logs/harbor_jobs/terminalbench/qwen35b/qwen35b-trc-su-r2-1788344532844/download-youtube__HuycXBh	qwen35b-trc-su-r2-1788344532844
terminalbench	main	qwen35b	di__b3k__trc-su	eval-mteb__trc-su__r2	eval-mteb	trc-su	2	trc_summarize	3000	0.5	tb_erasure_possible	probable	0	Submitted	False	2026-09-02T05:38:58.245661-05:00	ICLR_results/terminalbench/main/qwen35b/di__b3k__trc-su/eval-mteb/trc-su/run_2	logs/harbor_jobs/terminalbench/qwen35b/qwen35b-trc-su-r2-1788344532844/eval-mteb__8hnSkFv	qwen35b-trc-su-r2-1788344532844
terminalbench	main	qwen35b	di__b3k__trc-su	eval-mteb.hard__trc-su__r2	eval-mteb.hard	trc-su	2	trc_summarize	3000	0.5	summary_failure_accounting	priority	0		False	2026-09-02T06:28:00.989976-05:00	ICLR_results/terminalbench/main/qwen35b/di__b3k__trc-su/eval-mteb.hard/trc-su/run_2	logs/harbor_jobs/terminalbench/qwen35b/qwen35b-trc-su-r2-1788344532844/eval-mteb.hard__XrTSBNs	qwen35b-trc-su-r2-1788344532844
terminalbench	main	qwen35b	di__b3k__trc-su	extract-moves-from-video__trc-su__r2	extract-moves-from-video	trc-su	2	trc_summarize	3000	0.5	summary_failure_accounting	priority	0		False	2026-09-02T05:54:51.865999-05:00	ICLR_results/terminalbench/main/qwen35b/di__b3k__trc-su/extract-moves-from-video/trc-su/run_2	logs/harbor_jobs/terminalbench/qwen35b/qwen35b-trc-su-r2-1788344532844/extract-moves-from-video__owpyC5A	qwen35b-trc-su-r2-1788344532844
terminalbench	main	qwen35b	di__b3k__trc-su	fix-git__trc-su__r2	fix-git	trc-su	2	trc_summarize	3000	0.5	summary_related_response	probable	0		False	2026-09-02T06:07:11.198480-05:00	ICLR_results/terminalbench/main/qwen35b/di__b3k__trc-su/fix-git/trc-su/run_2	logs/harbor_jobs/terminalbench/qwen35b/qwen35b-trc-su-r2-1788344532844/fix-git__euyhroF	qwen35b-trc-su-r2-1788344532844
terminalbench	main	qwen35b	di__b3k__trc-su	git-workflow-hack__trc-su__r2	git-workflow-hack	trc-su	2	trc_summarize	3000	0.5	summary_related_response	probable	0		True	2026-09-02T06:04:51.055202-05:00	ICLR_results/terminalbench/main/qwen35b/di__b3k__trc-su/git-workflow-hack/trc-su/run_2	logs/harbor_jobs/terminalbench/qwen35b/qwen35b-trc-su-r2-1788344532844/git-workflow-hack__qxoHKC7	qwen35b-trc-su-r2-1788344532844
terminalbench	main	qwen35b	di__b3k__trc-su	gpt2-codegolf__trc-su__r2	gpt2-codegolf	trc-su	2	trc_summarize	3000	0.5	tb_unverifiable	probable	0		False	2026-09-02T05:36:43.347518-05:00	ICLR_results/terminalbench/main/qwen35b/di__b3k__trc-su/gpt2-codegolf/trc-su/run_2	logs/harbor_jobs/terminalbench/qwen35b/qwen35b-trc-su-r2-1788344532844/gpt2-codegolf__xDAuPKT	qwen35b-trc-su-r2-1788344532844
terminalbench	main	qwen35b	di__b3k__trc-su	hf-model-inference__trc-su__r2	hf-model-inference	trc-su	2	trc_summarize	3000	0.5	tb_erasure_possible	probable	0		False	2026-09-02T05:39:02.343630-05:00	ICLR_results/terminalbench/main/qwen35b/di__b3k__trc-su/hf-model-inference/trc-su/run_2	logs/harbor_jobs/terminalbench/qwen35b/qwen35b-trc-su-r2-1788344532844/hf-model-inference__iuAmqVU	qwen35b-trc-su-r2-1788344532844
terminalbench	main	qwen35b	di__b3k__trc-su	incompatible-python-fasttext__trc-su__r2	incompatible-python-fasttext	trc-su	2	trc_summarize	3000	0.5	summary_failure_accounting	priority	0		True	2026-09-02T05:22:14.325943-05:00	ICLR_results/terminalbench/main/qwen35b/di__b3k__trc-su/incompatible-python-fasttext/trc-su/run_2	logs/harbor_jobs/terminalbench/qwen35b/qwen35b-trc-su-r2-1788344532844/incompatible-python-fasttext__WDbpAii	qwen35b-trc-su-r2-1788344532844
terminalbench	main	qwen35b	di__b3k__trc-su	intrusion-detection__trc-su__r2	intrusion-detection	trc-su	2	trc_summarize	3000	0.5	summary_failure_accounting	priority	0		False	2026-09-02T06:02:56.360771-05:00	ICLR_results/terminalbench/main/qwen35b/di__b3k__trc-su/intrusion-detection/trc-su/run_2	logs/harbor_jobs/terminalbench/qwen35b/qwen35b-trc-su-r2-1788344532844/intrusion-detection__ndvZQzp	qwen35b-trc-su-r2-1788344532844
terminalbench	main	qwen35b	di__b3k__trc-su	modernize-fortran-build__trc-su__r2	modernize-fortran-build	trc-su	2	trc_summarize	3000	0.5	tb_unverifiable	probable	0		False	2026-09-02T05:50:18.227429-05:00	ICLR_results/terminalbench/main/qwen35b/di__b3k__trc-su/modernize-fortran-build/trc-su/run_2	logs/harbor_jobs/terminalbench/qwen35b/qwen35b-trc-su-r2-1788344532844/modernize-fortran-build__hkUskuJ	qwen35b-trc-su-r2-1788344532844
terminalbench	main	qwen35b	di__b3k__trc-su	new-encrypt-command__trc-su__r2	new-encrypt-command	trc-su	2	trc_summarize	3000	0.5	summary_failure_accounting	priority	0	Submitted	True	2026-09-02T06:01:14.594840-05:00	ICLR_results/terminalbench/main/qwen35b/di__b3k__trc-su/new-encrypt-command/trc-su/run_2	logs/harbor_jobs/terminalbench/qwen35b/qwen35b-trc-su-r2-1788344532844/new-encrypt-command__e4NZDjA	qwen35b-trc-su-r2-1788344532844
terminalbench	main	qwen35b	di__b3k__trc-su	password-recovery__trc-su__r2	password-recovery	trc-su	2	trc_summarize	3000	0.5	summary_failure_accounting	priority	0		False	2026-09-02T06:11:13.957561-05:00	ICLR_results/terminalbench/main/qwen35b/di__b3k__trc-su/password-recovery/trc-su/run_2	logs/harbor_jobs/terminalbench/qwen35b/qwen35b-trc-su-r2-1788344532844/password-recovery__GhUrDb4	qwen35b-trc-su-r2-1788344532844
terminalbench	main	qwen35b	di__b3k__trc-su	path-tracing-reverse__trc-su__r2	path-tracing-reverse	trc-su	2	trc_summarize	3000	0.5	tb_unverifiable	probable	0		False	2026-09-02T05:23:07.234539-05:00	ICLR_results/terminalbench/main/qwen35b/di__b3k__trc-su/path-tracing-reverse/trc-su/run_2	logs/harbor_jobs/terminalbench/qwen35b/qwen35b-trc-su-r2-1788344532844/path-tracing-reverse__w3LAMAw	qwen35b-trc-su-r2-1788344532844
terminalbench	main	qwen35b	di__b3k__trc-su	processing-pipeline__trc-su__r2	processing-pipeline	trc-su	2	trc_summarize	3000	0.5	tb_unverifiable	probable	0		True	2026-09-02T05:48:27.144925-05:00	ICLR_results/terminalbench/main/qwen35b/di__b3k__trc-su/processing-pipeline/trc-su/run_2	logs/harbor_jobs/terminalbench/qwen35b/qwen35b-trc-su-r2-1788344532844/processing-pipeline__RYdGvRs	qwen35b-trc-su-r2-1788344532844
terminalbench	main	qwen35b	di__b3k__trc-su	pytorch-model-cli.hard__trc-su__r2	pytorch-model-cli.hard	trc-su	2	trc_summarize	3000	0.5	tb_erasure_possible	probable	0		False	2026-09-02T05:28:42.388297-05:00	ICLR_results/terminalbench/main/qwen35b/di__b3k__trc-su/pytorch-model-cli.hard/trc-su/run_2	logs/harbor_jobs/terminalbench/qwen35b/qwen35b-trc-su-r2-1788344532844/pytorch-model-cli.hard__nDyxMgc	qwen35b-trc-su-r2-1788344532844
terminalbench	main	qwen35b	di__b3k__trc-su	qemu-alpine-ssh__trc-su__r2	qemu-alpine-ssh	trc-su	2	trc_summarize	3000	0.5	summary_related_response	probable	0		False	2026-09-02T05:36:58.208747-05:00	ICLR_results/terminalbench/main/qwen35b/di__b3k__trc-su/qemu-alpine-ssh/trc-su/run_2	logs/harbor_jobs/terminalbench/qwen35b/qwen35b-trc-su-r2-1788344532844/qemu-alpine-ssh__kpGQ8un	qwen35b-trc-su-r2-1788344532844
terminalbench	main	qwen35b	di__b3k__trc-su	qemu-startup__trc-su__r2	qemu-startup	trc-su	2	trc_summarize	3000	0.5	summary_failure_accounting	priority	0		True	2026-09-02T06:17:36.297400-05:00	ICLR_results/terminalbench/main/qwen35b/di__b3k__trc-su/qemu-startup/trc-su/run_2	logs/harbor_jobs/terminalbench/qwen35b/qwen35b-trc-su-r2-1788344532844/qemu-startup__KSyfnP7	qwen35b-trc-su-r2-1788344532844
terminalbench	main	qwen35b	di__b3k__trc-su	raman-fitting.easy__trc-su__r2	raman-fitting.easy	trc-su	2	trc_summarize	3000	0.5	tb_erasure_possible	probable	0		False	2026-09-02T05:22:14.321905-05:00	ICLR_results/terminalbench/main/qwen35b/di__b3k__trc-su/raman-fitting.easy/trc-su/run_2	logs/harbor_jobs/terminalbench/qwen35b/qwen35b-trc-su-r2-1788344532844/raman-fitting.easy__gJrJc99	qwen35b-trc-su-r2-1788344532844
terminalbench	main	qwen35b	di__b3k__trc-su	sanitize-git-repo__trc-su__r2	sanitize-git-repo	trc-su	2	trc_summarize	3000	0.5	summary_failure_accounting	priority	0		False	2026-09-02T05:43:57.466908-05:00	ICLR_results/terminalbench/main/qwen35b/di__b3k__trc-su/sanitize-git-repo/trc-su/run_2	logs/harbor_jobs/terminalbench/qwen35b/qwen35b-trc-su-r2-1788344532844/sanitize-git-repo__3vyindS	qwen35b-trc-su-r2-1788344532844
terminalbench	main	qwen35b	di__b3k__trc-su	sanitize-git-repo.hard__trc-su__r2	sanitize-git-repo.hard	trc-su	2	trc_summarize	3000	0.5	summary_failure_accounting	priority	0		False	2026-09-02T06:26:15.110848-05:00	ICLR_results/terminalbench/main/qwen35b/di__b3k__trc-su/sanitize-git-repo.hard/trc-su/run_2	logs/harbor_jobs/terminalbench/qwen35b/qwen35b-trc-su-r2-1788344532844/sanitize-git-repo.hard__XgXbhYm	qwen35b-trc-su-r2-1788344532844
terminalbench	main	qwen35b	di__b3k__trc-su	solana-data__trc-su__r2	solana-data	trc-su	2	trc_summarize	3000	0.5	summary_failure_accounting	priority	0		False	2026-09-02T05:30:13.585971-05:00	ICLR_results/terminalbench/main/qwen35b/di__b3k__trc-su/solana-data/trc-su/run_2	logs/harbor_jobs/terminalbench/qwen35b/qwen35b-trc-su-r2-1788344532844/solana-data__KV9GT2b	qwen35b-trc-su-r2-1788344532844
terminalbench	main	qwen35b	di__b3k__trc-su	sqlite-with-gcov__trc-su__r2	sqlite-with-gcov	trc-su	2	trc_summarize	3000	0.5	tb_erasure_possible	probable	0		False	2026-09-02T05:32:37.307873-05:00	ICLR_results/terminalbench/main/qwen35b/di__b3k__trc-su/sqlite-with-gcov/trc-su/run_2	logs/harbor_jobs/terminalbench/qwen35b/qwen35b-trc-su-r2-1788344532844/sqlite-with-gcov__43sRqjD	qwen35b-trc-su-r2-1788344532844
terminalbench	main	qwen35b	di__b3k__trc-su	super-benchmark-upet__trc-su__r2	super-benchmark-upet	trc-su	2	trc_summarize	3000	0.5	summary_failure_accounting	priority	0		False	2026-09-02T05:56:42.468636-05:00	ICLR_results/terminalbench/main/qwen35b/di__b3k__trc-su/super-benchmark-upet/trc-su/run_2	logs/harbor_jobs/terminalbench/qwen35b/qwen35b-trc-su-r2-1788344532844/super-benchmark-upet__4NN7pdB	qwen35b-trc-su-r2-1788344532844
terminalbench	main	qwen35b	di__b3k__trc-su	swe-bench-fsspec__trc-su__r2	swe-bench-fsspec	trc-su	2	trc_summarize	3000	0.5	summary_failure_accounting	priority	0		False	2026-09-02T05:47:21.371529-05:00	ICLR_results/terminalbench/main/qwen35b/di__b3k__trc-su/swe-bench-fsspec/trc-su/run_2	logs/harbor_jobs/terminalbench/qwen35b/qwen35b-trc-su-r2-1788344532844/swe-bench-fsspec__42rda4f	qwen35b-trc-su-r2-1788344532844
terminalbench	main	qwen35b	di__b3k__trc-su	tmux-advanced-workflow__trc-su__r2	tmux-advanced-workflow	trc-su	2	trc_summarize	3000	0.5	summary_failure_accounting	priority	0		False	2026-09-02T05:22:14.278789-05:00	ICLR_results/terminalbench/main/qwen35b/di__b3k__trc-su/tmux-advanced-workflow/trc-su/run_2	logs/harbor_jobs/terminalbench/qwen35b/qwen35b-trc-su-r2-1788344532844/tmux-advanced-workflow__XhquWkL	qwen35b-trc-su-r2-1788344532844
terminalbench	main	qwen35b	di__b3k__trc-su	write-compressor__trc-su__r2	write-compressor	trc-su	2	trc_summarize	3000	0.5	summary_failure_accounting	priority	0		False	2026-09-02T06:09:32.929909-05:00	ICLR_results/terminalbench/main/qwen35b/di__b3k__trc-su/write-compressor/trc-su/run_2	logs/harbor_jobs/terminalbench/qwen35b/qwen35b-trc-su-r2-1788344532844/write-compressor__pht4jfw	qwen35b-trc-su-r2-1788344532844
terminalbench	main	qwen35b	di__b3k__trc-su	blind-maze-explorer-algorithm__trc-su__r3	blind-maze-explorer-algorithm	trc-su	3	trc_summarize	3000	0.5	tb_erasure_possible	probable	0		False	2026-09-02T07:45:04.674381-05:00	ICLR_results/terminalbench/main/qwen35b/di__b3k__trc-su/blind-maze-explorer-algorithm/trc-su/run_3	logs/harbor_jobs/terminalbench/qwen35b/qwen35b-trc-su-r3-1788351539662/blind-maze-explorer-algorithm__FaQhjDs	qwen35b-trc-su-r3-1788351539662
terminalbench	main	qwen35b	di__b3k__trc-su	cartpole-rl-training__trc-su__r3	cartpole-rl-training	trc-su	3	trc_summarize	3000	0.5	summary_failure_accounting	priority	0		False	2026-09-02T08:28:51.345553-05:00	ICLR_results/terminalbench/main/qwen35b/di__b3k__trc-su/cartpole-rl-training/trc-su/run_3	logs/harbor_jobs/terminalbench/qwen35b/qwen35b-trc-su-r3-1788351539662/cartpole-rl-training__tfgWFy4	qwen35b-trc-su-r3-1788351539662
terminalbench	main	qwen35b	di__b3k__trc-su	count-dataset-tokens__trc-su__r3	count-dataset-tokens	trc-su	3	trc_summarize	3000	0.5	summary_failure_accounting	priority	0		False	2026-09-02T07:19:56.625802-05:00	ICLR_results/terminalbench/main/qwen35b/di__b3k__trc-su/count-dataset-tokens/trc-su/run_3	logs/harbor_jobs/terminalbench/qwen35b/qwen35b-trc-su-r3-1788351539662/count-dataset-tokens__Jw8o8mk	qwen35b-trc-su-r3-1788351539662
terminalbench	main	qwen35b	di__b3k__trc-su	crack-7z-hash.hard__trc-su__r3	crack-7z-hash.hard	trc-su	3	trc_summarize	3000	0.5	summary_failure_accounting	priority	0		False	2026-09-02T08:06:50.386095-05:00	ICLR_results/terminalbench/main/qwen35b/di__b3k__trc-su/crack-7z-hash.hard/trc-su/run_3	logs/harbor_jobs/terminalbench/qwen35b/qwen35b-trc-su-r3-1788351539662/crack-7z-hash.hard__h5gvzJi	qwen35b-trc-su-r3-1788351539662
terminalbench	main	qwen35b	di__b3k__trc-su	download-youtube__trc-su__r3	download-youtube	trc-su	3	trc_summarize	3000	0.5	summary_failure_accounting	priority	0		False	2026-09-02T08:13:11.995287-05:00	ICLR_results/terminalbench/main/qwen35b/di__b3k__trc-su/download-youtube/trc-su/run_3	logs/harbor_jobs/terminalbench/qwen35b/qwen35b-trc-su-r3-1788351539662/download-youtube__WEy9uSb	qwen35b-trc-su-r3-1788351539662
terminalbench	main	qwen35b	di__b3k__trc-su	eval-mteb__trc-su__r3	eval-mteb	trc-su	3	trc_summarize	3000	0.5	tb_unverifiable	probable	0		False	2026-09-02T07:32:30.346050-05:00	ICLR_results/terminalbench/main/qwen35b/di__b3k__trc-su/eval-mteb/trc-su/run_3	logs/harbor_jobs/terminalbench/qwen35b/qwen35b-trc-su-r3-1788351539662/eval-mteb__SXowZ4w	qwen35b-trc-su-r3-1788351539662
terminalbench	main	qwen35b	di__b3k__trc-su	eval-mteb.hard__trc-su__r3	eval-mteb.hard	trc-su	3	trc_summarize	3000	0.5	tb_erasure_possible	probable	0		False	2026-09-02T08:23:14.925039-05:00	ICLR_results/terminalbench/main/qwen35b/di__b3k__trc-su/eval-mteb.hard/trc-su/run_3	logs/harbor_jobs/terminalbench/qwen35b/qwen35b-trc-su-r3-1788351539662/eval-mteb.hard__A5iWdzK	qwen35b-trc-su-r3-1788351539662
terminalbench	main	qwen35b	di__b3k__trc-su	extract-moves-from-video__trc-su__r3	extract-moves-from-video	trc-su	3	trc_summarize	3000	0.5	summary_failure_accounting	priority	0		False	2026-09-02T07:47:15.989668-05:00	ICLR_results/terminalbench/main/qwen35b/di__b3k__trc-su/extract-moves-from-video/trc-su/run_3	logs/harbor_jobs/terminalbench/qwen35b/qwen35b-trc-su-r3-1788351539662/extract-moves-from-video__oqvwupd	qwen35b-trc-su-r3-1788351539662
terminalbench	main	qwen35b	di__b3k__trc-su	fix-pandas-version__trc-su__r3	fix-pandas-version	trc-su	3	trc_summarize	3000	0.5	summary_failure_accounting	priority	0	Submitted	True	2026-09-02T07:36:26.447783-05:00	ICLR_results/terminalbench/main/qwen35b/di__b3k__trc-su/fix-pandas-version/trc-su/run_3	logs/harbor_jobs/terminalbench/qwen35b/qwen35b-trc-su-r3-1788351539662/fix-pandas-version__stqNdEA	qwen35b-trc-su-r3-1788351539662
terminalbench	main	qwen35b	di__b3k__trc-su	git-workflow-hack__trc-su__r3	git-workflow-hack	trc-su	3	trc_summarize	3000	0.5	tb_unverifiable	probable	0		True	2026-09-02T08:00:26.705889-05:00	ICLR_results/terminalbench/main/qwen35b/di__b3k__trc-su/git-workflow-hack/trc-su/run_3	logs/harbor_jobs/terminalbench/qwen35b/qwen35b-trc-su-r3-1788351539662/git-workflow-hack__5vstdU9	qwen35b-trc-su-r3-1788351539662
terminalbench	main	qwen35b	di__b3k__trc-su	gpt2-codegolf__trc-su__r3	gpt2-codegolf	trc-su	3	trc_summarize	3000	0.5	summary_failure_accounting	priority	0		False	2026-09-02T07:30:04.786202-05:00	ICLR_results/terminalbench/main/qwen35b/di__b3k__trc-su/gpt2-codegolf/trc-su/run_3	logs/harbor_jobs/terminalbench/qwen35b/qwen35b-trc-su-r3-1788351539662/gpt2-codegolf__LspA3TM	qwen35b-trc-su-r3-1788351539662
terminalbench	main	qwen35b	di__b3k__trc-su	hf-model-inference__trc-su__r3	hf-model-inference	trc-su	3	trc_summarize	3000	0.5	summary_failure_accounting	priority	0		False	2026-09-02T07:32:33.824435-05:00	ICLR_results/terminalbench/main/qwen35b/di__b3k__trc-su/hf-model-inference/trc-su/run_3	logs/harbor_jobs/terminalbench/qwen35b/qwen35b-trc-su-r3-1788351539662/hf-model-inference__ggwtmEi	qwen35b-trc-su-r3-1788351539662
terminalbench	main	qwen35b	di__b3k__trc-su	incompatible-python-fasttext__trc-su__r3	incompatible-python-fasttext	trc-su	3	trc_summarize	3000	0.5	tb_unverifiable	probable	0	Submitted	False	2026-09-02T07:19:01.135520-05:00	ICLR_results/terminalbench/main/qwen35b/di__b3k__trc-su/incompatible-python-fasttext/trc-su/run_3	logs/harbor_jobs/terminalbench/qwen35b/qwen35b-trc-su-r3-1788351539662/incompatible-python-fasttext__rVkcrHh	qwen35b-trc-su-r3-1788351539662
terminalbench	main	qwen35b	di__b3k__trc-su	intrusion-detection__trc-su__r3	intrusion-detection	trc-su	3	trc_summarize	3000	0.5	summary_failure_accounting	priority	0		False	2026-09-02T07:59:11.220178-05:00	ICLR_results/terminalbench/main/qwen35b/di__b3k__trc-su/intrusion-detection/trc-su/run_3	logs/harbor_jobs/terminalbench/qwen35b/qwen35b-trc-su-r3-1788351539662/intrusion-detection__emrJFgs	qwen35b-trc-su-r3-1788351539662
terminalbench	main	qwen35b	di__b3k__trc-su	password-recovery__trc-su__r3	password-recovery	trc-su	3	trc_summarize	3000	0.5	summary_failure_accounting	priority	0		False	2026-09-02T08:05:36.379679-05:00	ICLR_results/terminalbench/main/qwen35b/di__b3k__trc-su/password-recovery/trc-su/run_3	logs/harbor_jobs/terminalbench/qwen35b/qwen35b-trc-su-r3-1788351539662/password-recovery__yKy69NM	qwen35b-trc-su-r3-1788351539662
terminalbench	main	qwen35b	di__b3k__trc-su	path-tracing-reverse__trc-su__r3	path-tracing-reverse	trc-su	3	trc_summarize	3000	0.5	tb_erasure_possible	probable	0		False	2026-09-02T07:19:50.235743-05:00	ICLR_results/terminalbench/main/qwen35b/di__b3k__trc-su/path-tracing-reverse/trc-su/run_3	logs/harbor_jobs/terminalbench/qwen35b/qwen35b-trc-su-r3-1788351539662/path-tracing-reverse__vvn25Hb	qwen35b-trc-su-r3-1788351539662
terminalbench	main	qwen35b	di__b3k__trc-su	processing-pipeline__trc-su__r3	processing-pipeline	trc-su	3	trc_summarize	3000	0.5	summary_failure_accounting	priority	0		True	2026-09-02T07:40:53.662076-05:00	ICLR_results/terminalbench/main/qwen35b/di__b3k__trc-su/processing-pipeline/trc-su/run_3	logs/harbor_jobs/terminalbench/qwen35b/qwen35b-trc-su-r3-1788351539662/processing-pipeline__K648s84	qwen35b-trc-su-r3-1788351539662
terminalbench	main	qwen35b	di__b3k__trc-su	pytorch-model-cli.hard__trc-su__r3	pytorch-model-cli.hard	trc-su	3	trc_summarize	3000	0.5	tb_unverifiable	probable	0		False	2026-09-02T07:21:54.516809-05:00	ICLR_results/terminalbench/main/qwen35b/di__b3k__trc-su/pytorch-model-cli.hard/trc-su/run_3	logs/harbor_jobs/terminalbench/qwen35b/qwen35b-trc-su-r3-1788351539662/pytorch-model-cli.hard__HPjtvof	qwen35b-trc-su-r3-1788351539662
terminalbench	main	qwen35b	di__b3k__trc-su	qemu-alpine-ssh__trc-su__r3	qemu-alpine-ssh	trc-su	3	trc_summarize	3000	0.5	summary_failure_accounting	priority	0		False	2026-09-02T07:30:21.881520-05:00	ICLR_results/terminalbench/main/qwen35b/di__b3k__trc-su/qemu-alpine-ssh/trc-su/run_3	logs/harbor_jobs/terminalbench/qwen35b/qwen35b-trc-su-r3-1788351539662/qemu-alpine-ssh__rnwCXaR	qwen35b-trc-su-r3-1788351539662
terminalbench	main	qwen35b	di__b3k__trc-su	qemu-startup__trc-su__r3	qemu-startup	trc-su	3	trc_summarize	3000	0.5	tb_erasure_possible	probable	0		False	2026-09-02T08:11:59.120529-05:00	ICLR_results/terminalbench/main/qwen35b/di__b3k__trc-su/qemu-startup/trc-su/run_3	logs/harbor_jobs/terminalbench/qwen35b/qwen35b-trc-su-r3-1788351539662/qemu-startup__e3UG5zd	qwen35b-trc-su-r3-1788351539662
terminalbench	main	qwen35b	di__b3k__trc-su	raman-fitting.easy__trc-su__r3	raman-fitting.easy	trc-su	3	trc_summarize	3000	0.5	tb_erasure_possible	probable	0	Submitted	False	2026-09-02T07:19:01.125393-05:00	ICLR_results/terminalbench/main/qwen35b/di__b3k__trc-su/raman-fitting.easy/trc-su/run_3	logs/harbor_jobs/terminalbench/qwen35b/qwen35b-trc-su-r3-1788351539662/raman-fitting.easy__aNMZN8t	qwen35b-trc-su-r3-1788351539662
terminalbench	main	qwen35b	di__b3k__trc-su	sanitize-git-repo__trc-su__r3	sanitize-git-repo	trc-su	3	trc_summarize	3000	0.5	summary_failure_accounting	priority	0		False	2026-09-02T07:37:46.154214-05:00	ICLR_results/terminalbench/main/qwen35b/di__b3k__trc-su/sanitize-git-repo/trc-su/run_3	logs/harbor_jobs/terminalbench/qwen35b/qwen35b-trc-su-r3-1788351539662/sanitize-git-repo__R9nwnNA	qwen35b-trc-su-r3-1788351539662
terminalbench	main	qwen35b	di__b3k__trc-su	sanitize-git-repo.hard__trc-su__r3	sanitize-git-repo.hard	trc-su	3	trc_summarize	3000	0.5	summary_failure_accounting	priority	0		False	2026-09-02T08:19:36.846561-05:00	ICLR_results/terminalbench/main/qwen35b/di__b3k__trc-su/sanitize-git-repo.hard/trc-su/run_3	logs/harbor_jobs/terminalbench/qwen35b/qwen35b-trc-su-r3-1788351539662/sanitize-git-repo.hard__eZy8QtT	qwen35b-trc-su-r3-1788351539662
terminalbench	main	qwen35b	di__b3k__trc-su	sqlite-with-gcov__trc-su__r3	sqlite-with-gcov	trc-su	3	trc_summarize	3000	0.5	tb_erasure_possible	probable	0		False	2026-09-02T07:26:11.839943-05:00	ICLR_results/terminalbench/main/qwen35b/di__b3k__trc-su/sqlite-with-gcov/trc-su/run_3	logs/harbor_jobs/terminalbench/qwen35b/qwen35b-trc-su-r3-1788351539662/sqlite-with-gcov__7JAzkU6	qwen35b-trc-su-r3-1788351539662
terminalbench	main	qwen35b	di__b3k__trc-su	super-benchmark-upet__trc-su__r3	super-benchmark-upet	trc-su	3	trc_summarize	3000	0.5	summary_failure_accounting	priority	0		False	2026-09-02T07:53:37.347359-05:00	ICLR_results/terminalbench/main/qwen35b/di__b3k__trc-su/super-benchmark-upet/trc-su/run_3	logs/harbor_jobs/terminalbench/qwen35b/qwen35b-trc-su-r3-1788351539662/super-benchmark-upet__Zpujuwz	qwen35b-trc-su-r3-1788351539662
terminalbench	main	qwen35b	di__b3k__trc-su	swe-bench-fsspec__trc-su__r3	swe-bench-fsspec	trc-su	3	trc_summarize	3000	0.5	summary_failure_accounting	priority	0		False	2026-09-02T07:40:45.557757-05:00	ICLR_results/terminalbench/main/qwen35b/di__b3k__trc-su/swe-bench-fsspec/trc-su/run_3	logs/harbor_jobs/terminalbench/qwen35b/qwen35b-trc-su-r3-1788351539662/swe-bench-fsspec__8ZfZoZd	qwen35b-trc-su-r3-1788351539662
terminalbench	main	qwen35b	di__b3k__trc-su	tmux-advanced-workflow__trc-su__r3	tmux-advanced-workflow	trc-su	3	trc_summarize	3000	0.5	summary_failure_accounting	priority	0		False	2026-09-02T07:19:01.081022-05:00	ICLR_results/terminalbench/main/qwen35b/di__b3k__trc-su/tmux-advanced-workflow/trc-su/run_3	logs/harbor_jobs/terminalbench/qwen35b/qwen35b-trc-su-r3-1788351539662/tmux-advanced-workflow__RoAxjJd	qwen35b-trc-su-r3-1788351539662
terminalbench	main	qwen35b	di__b3k__trc-su	write-compressor__trc-su__r3	write-compressor	trc-su	3	trc_summarize	3000	0.5	summary_failure_accounting	priority	0		False	2026-09-02T08:03:58.616516-05:00	ICLR_results/terminalbench/main/qwen35b/di__b3k__trc-su/write-compressor/trc-su/run_3	logs/harbor_jobs/terminalbench/qwen35b/qwen35b-trc-su-r3-1788351539662/write-compressor__s5ixHH8	qwen35b-trc-su-r3-1788351539662
