benchmark,model,policy,task,policy_calls,fc_calls
SWE-bench,Qwen,TR,django__django-11066,9.0,8.0
SWE-bench,Qwen,TR,django__django-11095,46.333333333333336,40.333333333333336
SWE-bench,Qwen,TR,django__django-11292,55.5,34.0
SWE-bench,Qwen,TR,django__django-12143,34.666666666666664,22.666666666666668
SWE-bench,Qwen,TR,django__django-12276,58.333333333333336,48.333333333333336
SWE-bench,Qwen,TR,django__django-12304,47.333333333333336,46.0
SWE-bench,Qwen,TR,django__django-13809,48.666666666666664,32.0
SWE-bench,Qwen,TR,django__django-14915,34.0,33.5
SWE-bench,Qwen,TR,django__django-15368,79.5,71.0
SWE-bench,Qwen,TR,django__django-15741,81.5,61.333333333333336
SWE-bench,Qwen,TR,scikit-learn__scikit-learn-10297,42.0,45.666666666666664
SWE-bench,Qwen,TR,scikit-learn__scikit-learn-10844,32.666666666666664,36.0
SWE-bench,Qwen,TR,scikit-learn__scikit-learn-11578,73.5,50.666666666666664
SWE-bench,Qwen,TR,scikit-learn__scikit-learn-12585,35.666666666666664,39.0
SWE-bench,Qwen,TR,scikit-learn__scikit-learn-12682,80.66666666666667,73.33333333333333
SWE-bench,Qwen,TR,scikit-learn__scikit-learn-13135,72.0,40.666666666666664
SWE-bench,Qwen,TR,scikit-learn__scikit-learn-13142,44.0,46.0
SWE-bench,Qwen,TR,scikit-learn__scikit-learn-13439,37.333333333333336,45.333333333333336
SWE-bench,Qwen,TR,scikit-learn__scikit-learn-13496,44.333333333333336,51.333333333333336
SWE-bench,Qwen,TR,scikit-learn__scikit-learn-14141,16.666666666666668,19.666666666666668
SWE-bench,Qwen,TR,scikit-learn__scikit-learn-14496,32.666666666666664,26.333333333333332
SWE-bench,Qwen,TR,scikit-learn__scikit-learn-14894,54.666666666666664,53.666666666666664
SWE-bench,Qwen,TR,scikit-learn__scikit-learn-15100,19.666666666666668,21.666666666666668
SWE-bench,Qwen,TR,scikit-learn__scikit-learn-25232,84.5,67.0
SWE-bench,Qwen,TR,scikit-learn__scikit-learn-26323,54.5,44.0
SWE-bench,Qwen,TR,sympy__sympy-11618,59.666666666666664,56.666666666666664
SWE-bench,Qwen,TR,sympy__sympy-13372,42.666666666666664,38.666666666666664
SWE-bench,Qwen,TR,sympy__sympy-13647,71.5,59.0
SWE-bench,Qwen,TR,sympy__sympy-14711,99.5,82.0
SWE-bench,Qwen,TR,sympy__sympy-15349,33.0,27.0
SWE-bench,Qwen,TR,sympy__sympy-16450,48.0,35.333333333333336
SWE-bench,Qwen,TR,sympy__sympy-18189,31.333333333333332,42.333333333333336
SWE-bench,Qwen,TR,sympy__sympy-18211,60.5,43.5
SWE-bench,Qwen,TR,sympy__sympy-19637,30.0,27.666666666666668
SWE-bench,Qwen,TR,sympy__sympy-19954,25.0,24.0
SWE-bench,Qwen,TR,sympy__sympy-24066,49.333333333333336,67.0
SWE-bench,Qwen,TR,sympy__sympy-24213,33.333333333333336,25.0
SWE-bench,Qwen,TR,sympy__sympy-24443,35.333333333333336,56.666666666666664
SWE-bench,Qwen,TR,sympy__sympy-24661,56.333333333333336,39.0
SWE-bench,Qwen,TRC,django__django-11066,9.666666666666666,8.0
SWE-bench,Qwen,TRC,django__django-11095,47.333333333333336,40.333333333333336
SWE-bench,Qwen,TRC,django__django-11292,72.0,34.0
SWE-bench,Qwen,TRC,django__django-11299,65.5,79.0
SWE-bench,Qwen,TRC,django__django-12143,50.0,22.666666666666668
SWE-bench,Qwen,TRC,django__django-12276,42.0,48.333333333333336
SWE-bench,Qwen,TRC,django__django-13012,52.0,57.666666666666664
SWE-bench,Qwen,TRC,django__django-13809,36.666666666666664,32.0
SWE-bench,Qwen,TRC,django__django-14580,51.666666666666664,61.666666666666664
SWE-bench,Qwen,TRC,django__django-14915,33.0,33.5
SWE-bench,Qwen,TRC,django__django-15278,50.5,63.5
SWE-bench,Qwen,TRC,django__django-15368,45.0,71.0
SWE-bench,Qwen,TRC,django__django-15741,54.0,61.333333333333336
SWE-bench,Qwen,TRC,django__django-17087,63.0,33.0
SWE-bench,Qwen,TRC,scikit-learn__scikit-learn-10297,71.33333333333333,45.666666666666664
SWE-bench,Qwen,TRC,scikit-learn__scikit-learn-10844,26.0,36.0
SWE-bench,Qwen,TRC,scikit-learn__scikit-learn-10908,83.33333333333333,86.0
SWE-bench,Qwen,TRC,scikit-learn__scikit-learn-11578,63.333333333333336,50.666666666666664
SWE-bench,Qwen,TRC,scikit-learn__scikit-learn-12585,41.666666666666664,39.0
SWE-bench,Qwen,TRC,scikit-learn__scikit-learn-13135,47.333333333333336,40.666666666666664
SWE-bench,Qwen,TRC,scikit-learn__scikit-learn-13142,43.666666666666664,46.0
SWE-bench,Qwen,TRC,scikit-learn__scikit-learn-13328,68.66666666666667,43.5
SWE-bench,Qwen,TRC,scikit-learn__scikit-learn-13439,53.333333333333336,45.333333333333336
SWE-bench,Qwen,TRC,scikit-learn__scikit-learn-13496,41.666666666666664,51.333333333333336
SWE-bench,Qwen,TRC,scikit-learn__scikit-learn-13779,61.333333333333336,50.666666666666664
SWE-bench,Qwen,TRC,scikit-learn__scikit-learn-14141,20.666666666666668,19.666666666666668
SWE-bench,Qwen,TRC,scikit-learn__scikit-learn-14496,55.333333333333336,26.333333333333332
SWE-bench,Qwen,TRC,scikit-learn__scikit-learn-14710,50.333333333333336,67.5
SWE-bench,Qwen,TRC,scikit-learn__scikit-learn-14894,41.0,53.666666666666664
SWE-bench,Qwen,TRC,scikit-learn__scikit-learn-15100,22.333333333333332,21.666666666666668
SWE-bench,Qwen,TRC,scikit-learn__scikit-learn-25232,92.66666666666667,67.0
SWE-bench,Qwen,TRC,scikit-learn__scikit-learn-26323,61.0,44.0
SWE-bench,Qwen,TRC,scikit-learn__scikit-learn-9288,93.5,61.0
SWE-bench,Qwen,TRC,sympy__sympy-11618,44.0,56.666666666666664
SWE-bench,Qwen,TRC,sympy__sympy-13372,45.666666666666664,38.666666666666664
SWE-bench,Qwen,TRC,sympy__sympy-13647,94.66666666666667,59.0
SWE-bench,Qwen,TRC,sympy__sympy-15345,66.66666666666667,69.33333333333333
SWE-bench,Qwen,TRC,sympy__sympy-15349,30.0,27.0
SWE-bench,Qwen,TRC,sympy__sympy-16450,44.0,35.333333333333336
SWE-bench,Qwen,TRC,sympy__sympy-18189,34.5,42.333333333333336
SWE-bench,Qwen,TRC,sympy__sympy-18211,40.5,43.5
SWE-bench,Qwen,TRC,sympy__sympy-19637,25.666666666666668,27.666666666666668
SWE-bench,Qwen,TRC,sympy__sympy-19954,28.333333333333332,24.0
SWE-bench,Qwen,TRC,sympy__sympy-24066,32.666666666666664,67.0
SWE-bench,Qwen,TRC,sympy__sympy-24213,21.333333333333332,25.0
SWE-bench,Qwen,TRC,sympy__sympy-24443,32.333333333333336,56.666666666666664
SWE-bench,Qwen,TRC,sympy__sympy-24661,41.666666666666664,39.0
SWE-bench,Qwen,SU,django__django-11066,13.333333333333334,8.0
SWE-bench,Qwen,SU,django__django-11095,69.66666666666667,40.333333333333336
SWE-bench,Qwen,SU,django__django-11292,39.5,34.0
SWE-bench,Qwen,SU,django__django-12143,30.0,22.666666666666668
SWE-bench,Qwen,SU,django__django-12276,37.0,48.333333333333336
SWE-bench,Qwen,SU,django__django-12304,42.0,46.0
SWE-bench,Qwen,SU,django__django-13012,62.666666666666664,57.666666666666664
SWE-bench,Qwen,SU,django__django-14580,64.0,61.666666666666664
SWE-bench,Qwen,SU,django__django-14915,38.0,33.5
SWE-bench,Qwen,SU,django__django-15278,79.5,63.5
SWE-bench,Qwen,SU,django__django-15368,53.333333333333336,71.0
SWE-bench,Qwen,SU,django__django-15741,63.0,61.333333333333336
SWE-bench,Qwen,SU,scikit-learn__scikit-learn-10297,43.5,45.666666666666664
SWE-bench,Qwen,SU,scikit-learn__scikit-learn-10844,50.0,36.0
SWE-bench,Qwen,SU,scikit-learn__scikit-learn-10908,58.5,86.0
SWE-bench,Qwen,SU,scikit-learn__scikit-learn-11578,32.0,50.666666666666664
SWE-bench,Qwen,SU,scikit-learn__scikit-learn-12585,67.33333333333333,39.0
SWE-bench,Qwen,SU,scikit-learn__scikit-learn-12682,74.0,73.33333333333333
SWE-bench,Qwen,SU,scikit-learn__scikit-learn-13135,40.0,40.666666666666664
SWE-bench,Qwen,SU,scikit-learn__scikit-learn-13142,56.0,46.0
SWE-bench,Qwen,SU,scikit-learn__scikit-learn-13439,43.0,45.333333333333336
SWE-bench,Qwen,SU,scikit-learn__scikit-learn-13496,57.0,51.333333333333336
SWE-bench,Qwen,SU,scikit-learn__scikit-learn-14141,23.333333333333332,19.666666666666668
SWE-bench,Qwen,SU,scikit-learn__scikit-learn-14496,33.333333333333336,26.333333333333332
SWE-bench,Qwen,SU,scikit-learn__scikit-learn-14710,114.0,67.5
SWE-bench,Qwen,SU,scikit-learn__scikit-learn-14894,46.333333333333336,53.666666666666664
SWE-bench,Qwen,SU,scikit-learn__scikit-learn-15100,24.333333333333332,21.666666666666668
SWE-bench,Qwen,SU,scikit-learn__scikit-learn-26323,81.33333333333333,44.0
SWE-bench,Qwen,SU,sympy__sympy-11618,78.0,56.666666666666664
SWE-bench,Qwen,SU,sympy__sympy-13372,37.0,38.666666666666664
SWE-bench,Qwen,SU,sympy__sympy-13647,36.5,59.0
SWE-bench,Qwen,SU,sympy__sympy-15345,66.0,69.33333333333333
SWE-bench,Qwen,SU,sympy__sympy-15349,26.0,27.0
SWE-bench,Qwen,SU,sympy__sympy-16450,40.666666666666664,35.333333333333336
SWE-bench,Qwen,SU,sympy__sympy-18189,41.5,42.333333333333336
SWE-bench,Qwen,SU,sympy__sympy-19637,21.0,27.666666666666668
SWE-bench,Qwen,SU,sympy__sympy-19954,31.0,24.0
SWE-bench,Qwen,SU,sympy__sympy-24066,37.0,67.0
SWE-bench,Qwen,SU,sympy__sympy-24213,21.666666666666668,25.0
SWE-bench,Qwen,SU,sympy__sympy-24443,48.333333333333336,56.666666666666664
SWE-bench,Qwen,SU,sympy__sympy-24661,54.666666666666664,39.0
SWE-bench,Qwen,SU-p,django__django-11066,7.0,8.0
SWE-bench,Qwen,SU-p,django__django-11095,38.5,40.333333333333336
SWE-bench,Qwen,SU-p,django__django-11292,39.0,34.0
SWE-bench,Qwen,SU-p,django__django-12143,24.333333333333332,22.666666666666668
SWE-bench,Qwen,SU-p,django__django-12276,47.333333333333336,48.333333333333336
SWE-bench,Qwen,SU-p,django__django-12304,40.0,46.0
SWE-bench,Qwen,SU-p,django__django-13012,38.666666666666664,57.666666666666664
SWE-bench,Qwen,SU-p,django__django-13809,25.5,32.0
SWE-bench,Qwen,SU-p,django__django-14580,32.5,61.666666666666664
SWE-bench,Qwen,SU-p,django__django-14915,26.0,33.5
SWE-bench,Qwen,SU-p,django__django-15278,85.66666666666667,63.5
SWE-bench,Qwen,SU-p,django__django-15741,43.333333333333336,61.333333333333336
SWE-bench,Qwen,SU-p,django__django-17087,36.0,33.0
SWE-bench,Qwen,SU-p,scikit-learn__scikit-learn-10297,35.333333333333336,45.666666666666664
SWE-bench,Qwen,SU-p,scikit-learn__scikit-learn-10844,28.0,36.0
SWE-bench,Qwen,SU-p,scikit-learn__scikit-learn-11578,50.0,50.666666666666664
SWE-bench,Qwen,SU-p,scikit-learn__scikit-learn-12585,34.0,39.0
SWE-bench,Qwen,SU-p,scikit-learn__scikit-learn-12682,51.333333333333336,73.33333333333333
SWE-bench,Qwen,SU-p,scikit-learn__scikit-learn-13135,46.0,40.666666666666664
SWE-bench,Qwen,SU-p,scikit-learn__scikit-learn-13142,53.333333333333336,46.0
SWE-bench,Qwen,SU-p,scikit-learn__scikit-learn-13328,56.333333333333336,43.5
SWE-bench,Qwen,SU-p,scikit-learn__scikit-learn-13439,30.333333333333332,45.333333333333336
SWE-bench,Qwen,SU-p,scikit-learn__scikit-learn-13496,32.333333333333336,51.333333333333336
SWE-bench,Qwen,SU-p,scikit-learn__scikit-learn-13779,48.666666666666664,50.666666666666664
SWE-bench,Qwen,SU-p,scikit-learn__scikit-learn-14141,18.0,19.666666666666668
SWE-bench,Qwen,SU-p,scikit-learn__scikit-learn-14496,25.333333333333332,26.333333333333332
SWE-bench,Qwen,SU-p,scikit-learn__scikit-learn-14894,38.666666666666664,53.666666666666664
SWE-bench,Qwen,SU-p,scikit-learn__scikit-learn-15100,26.333333333333332,21.666666666666668
SWE-bench,Qwen,SU-p,scikit-learn__scikit-learn-25232,68.0,67.0
SWE-bench,Qwen,SU-p,scikit-learn__scikit-learn-25931,85.0,68.0
SWE-bench,Qwen,SU-p,sympy__sympy-11618,36.666666666666664,56.666666666666664
SWE-bench,Qwen,SU-p,sympy__sympy-13372,35.5,38.666666666666664
SWE-bench,Qwen,SU-p,sympy__sympy-13647,50.666666666666664,59.0
SWE-bench,Qwen,SU-p,sympy__sympy-14711,84.66666666666667,82.0
SWE-bench,Qwen,SU-p,sympy__sympy-15345,70.0,69.33333333333333
SWE-bench,Qwen,SU-p,sympy__sympy-15349,24.0,27.0
SWE-bench,Qwen,SU-p,sympy__sympy-16450,37.333333333333336,35.333333333333336
SWE-bench,Qwen,SU-p,sympy__sympy-18189,20.666666666666668,42.333333333333336
SWE-bench,Qwen,SU-p,sympy__sympy-18211,40.0,43.5
SWE-bench,Qwen,SU-p,sympy__sympy-19637,24.333333333333332,27.666666666666668
SWE-bench,Qwen,SU-p,sympy__sympy-19954,28.666666666666668,24.0
SWE-bench,Qwen,SU-p,sympy__sympy-24066,53.5,67.0
SWE-bench,Qwen,SU-p,sympy__sympy-24213,26.0,25.0
SWE-bench,Qwen,SU-p,sympy__sympy-24443,29.5,56.666666666666664
SWE-bench,Qwen,SU-p,sympy__sympy-24661,42.0,39.0
SWE-bench,Qwen,SS,django__django-11066,8.666666666666666,8.0
SWE-bench,Qwen,SS,django__django-11095,55.333333333333336,40.333333333333336
SWE-bench,Qwen,SS,django__django-11299,97.5,79.0
SWE-bench,Qwen,SS,django__django-12143,26.0,22.666666666666668
SWE-bench,Qwen,SS,django__django-12276,43.666666666666664,48.333333333333336
SWE-bench,Qwen,SS,django__django-12304,32.5,46.0
SWE-bench,Qwen,SS,django__django-13012,53.0,57.666666666666664
SWE-bench,Qwen,SS,django__django-13809,31.666666666666668,32.0
SWE-bench,Qwen,SS,django__django-14580,45.5,61.666666666666664
SWE-bench,Qwen,SS,django__django-14915,37.0,33.5
SWE-bench,Qwen,SS,django__django-15278,70.0,63.5
SWE-bench,Qwen,SS,django__django-15368,58.0,71.0
SWE-bench,Qwen,SS,django__django-15741,38.0,61.333333333333336
SWE-bench,Qwen,SS,django__django-17087,28.0,33.0
SWE-bench,Qwen,SS,scikit-learn__scikit-learn-10297,46.666666666666664,45.666666666666664
SWE-bench,Qwen,SS,scikit-learn__scikit-learn-10844,23.333333333333332,36.0
SWE-bench,Qwen,SS,scikit-learn__scikit-learn-11578,33.333333333333336,50.666666666666664
SWE-bench,Qwen,SS,scikit-learn__scikit-learn-12585,36.666666666666664,39.0
SWE-bench,Qwen,SS,scikit-learn__scikit-learn-12682,66.5,73.33333333333333
SWE-bench,Qwen,SS,scikit-learn__scikit-learn-13135,73.0,40.666666666666664
SWE-bench,Qwen,SS,scikit-learn__scikit-learn-13142,60.5,46.0
SWE-bench,Qwen,SS,scikit-learn__scikit-learn-13328,80.0,43.5
SWE-bench,Qwen,SS,scikit-learn__scikit-learn-13439,45.0,45.333333333333336
SWE-bench,Qwen,SS,scikit-learn__scikit-learn-13496,46.666666666666664,51.333333333333336
SWE-bench,Qwen,SS,scikit-learn__scikit-learn-14141,19.666666666666668,19.666666666666668
SWE-bench,Qwen,SS,scikit-learn__scikit-learn-14496,34.666666666666664,26.333333333333332
SWE-bench,Qwen,SS,scikit-learn__scikit-learn-14894,42.0,53.666666666666664
SWE-bench,Qwen,SS,scikit-learn__scikit-learn-15100,19.666666666666668,21.666666666666668
SWE-bench,Qwen,SS,scikit-learn__scikit-learn-25232,73.0,67.0
SWE-bench,Qwen,SS,scikit-learn__scikit-learn-25931,68.5,68.0
SWE-bench,Qwen,SS,sympy__sympy-14711,76.0,82.0
SWE-bench,Qwen,SS,sympy__sympy-15349,35.0,27.0
SWE-bench,Qwen,SS,sympy__sympy-16450,36.0,35.333333333333336
SWE-bench,Qwen,SS,sympy__sympy-18189,36.333333333333336,42.333333333333336
SWE-bench,Qwen,SS,sympy__sympy-18211,58.5,43.5
SWE-bench,Qwen,SS,sympy__sympy-19637,28.666666666666668,27.666666666666668
SWE-bench,Qwen,SS,sympy__sympy-19954,31.5,24.0
SWE-bench,Qwen,SS,sympy__sympy-24066,33.0,67.0
SWE-bench,Qwen,SS,sympy__sympy-24213,19.5,25.0
SWE-bench,Qwen,SS,sympy__sympy-24443,29.5,56.666666666666664
SWE-bench,Qwen,SS,sympy__sympy-24661,56.0,39.0
SWE-bench,Qwen,SS-p,django__django-11066,8.333333333333334,8.0
SWE-bench,Qwen,SS-p,django__django-11095,70.0,40.333333333333336
SWE-bench,Qwen,SS-p,django__django-11292,47.666666666666664,34.0
SWE-bench,Qwen,SS-p,django__django-11299,83.5,79.0
SWE-bench,Qwen,SS-p,django__django-12143,27.333333333333332,22.666666666666668
SWE-bench,Qwen,SS-p,django__django-12276,61.5,48.333333333333336
SWE-bench,Qwen,SS-p,django__django-12304,47.0,46.0
SWE-bench,Qwen,SS-p,django__django-13012,70.33333333333333,57.666666666666664
SWE-bench,Qwen,SS-p,django__django-13809,57.666666666666664,32.0
SWE-bench,Qwen,SS-p,django__django-14915,27.666666666666668,33.5
SWE-bench,Qwen,SS-p,django__django-15278,50.0,63.5
SWE-bench,Qwen,SS-p,django__django-15368,78.0,71.0
SWE-bench,Qwen,SS-p,django__django-15741,54.333333333333336,61.333333333333336
SWE-bench,Qwen,SS-p,django__django-17087,55.5,33.0
SWE-bench,Qwen,SS-p,scikit-learn__scikit-learn-10297,64.0,45.666666666666664
SWE-bench,Qwen,SS-p,scikit-learn__scikit-learn-10844,45.333333333333336,36.0
SWE-bench,Qwen,SS-p,scikit-learn__scikit-learn-11578,52.5,50.666666666666664
SWE-bench,Qwen,SS-p,scikit-learn__scikit-learn-12585,27.333333333333332,39.0
SWE-bench,Qwen,SS-p,scikit-learn__scikit-learn-12682,66.0,73.33333333333333
SWE-bench,Qwen,SS-p,scikit-learn__scikit-learn-13135,54.0,40.666666666666664
SWE-bench,Qwen,SS-p,scikit-learn__scikit-learn-13142,33.0,46.0
SWE-bench,Qwen,SS-p,scikit-learn__scikit-learn-13328,66.0,43.5
SWE-bench,Qwen,SS-p,scikit-learn__scikit-learn-13439,36.666666666666664,45.333333333333336
SWE-bench,Qwen,SS-p,scikit-learn__scikit-learn-13496,37.0,51.333333333333336
SWE-bench,Qwen,SS-p,scikit-learn__scikit-learn-13779,47.0,50.666666666666664
SWE-bench,Qwen,SS-p,scikit-learn__scikit-learn-14141,19.666666666666668,19.666666666666668
SWE-bench,Qwen,SS-p,scikit-learn__scikit-learn-14496,30.666666666666668,26.333333333333332
SWE-bench,Qwen,SS-p,scikit-learn__scikit-learn-14894,36.666666666666664,53.666666666666664
SWE-bench,Qwen,SS-p,scikit-learn__scikit-learn-15100,19.666666666666668,21.666666666666668
SWE-bench,Qwen,SS-p,scikit-learn__scikit-learn-26323,75.33333333333333,44.0
SWE-bench,Qwen,SS-p,sympy__sympy-11618,62.0,56.666666666666664
SWE-bench,Qwen,SS-p,sympy__sympy-13372,51.333333333333336,38.666666666666664
SWE-bench,Qwen,SS-p,sympy__sympy-13647,58.5,59.0
SWE-bench,Qwen,SS-p,sympy__sympy-15345,63.0,69.33333333333333
SWE-bench,Qwen,SS-p,sympy__sympy-15349,36.0,27.0
SWE-bench,Qwen,SS-p,sympy__sympy-16450,40.666666666666664,35.333333333333336
SWE-bench,Qwen,SS-p,sympy__sympy-18189,39.666666666666664,42.333333333333336
SWE-bench,Qwen,SS-p,sympy__sympy-18211,45.0,43.5
SWE-bench,Qwen,SS-p,sympy__sympy-19637,25.666666666666668,27.666666666666668
SWE-bench,Qwen,SS-p,sympy__sympy-19954,24.666666666666668,24.0
SWE-bench,Qwen,SS-p,sympy__sympy-24066,49.333333333333336,67.0
SWE-bench,Qwen,SS-p,sympy__sympy-24213,29.0,25.0
SWE-bench,Qwen,SS-p,sympy__sympy-24443,29.333333333333332,56.666666666666664
SWE-bench,Qwen,SS-p,sympy__sympy-24661,56.666666666666664,39.0
SWE-bench,Qwen,TRC+SU,django__django-11066,7.333333333333333,8.0
SWE-bench,Qwen,TRC+SU,django__django-11095,54.5,40.333333333333336
SWE-bench,Qwen,TRC+SU,django__django-11292,48.666666666666664,34.0
SWE-bench,Qwen,TRC+SU,django__django-11299,68.33333333333333,79.0
SWE-bench,Qwen,TRC+SU,django__django-12143,29.666666666666668,22.666666666666668
SWE-bench,Qwen,TRC+SU,django__django-12276,37.333333333333336,48.333333333333336
SWE-bench,Qwen,TRC+SU,django__django-13012,67.0,57.666666666666664
SWE-bench,Qwen,TRC+SU,django__django-13809,48.5,32.0
SWE-bench,Qwen,TRC+SU,django__django-14580,44.5,61.666666666666664
SWE-bench,Qwen,TRC+SU,django__django-14915,31.666666666666668,33.5
SWE-bench,Qwen,TRC+SU,django__django-15368,67.0,71.0
SWE-bench,Qwen,TRC+SU,django__django-15741,62.666666666666664,61.333333333333336
SWE-bench,Qwen,TRC+SU,django__django-17087,45.0,33.0
SWE-bench,Qwen,TRC+SU,scikit-learn__scikit-learn-10297,58.333333333333336,45.666666666666664
SWE-bench,Qwen,TRC+SU,scikit-learn__scikit-learn-10844,24.666666666666668,36.0
SWE-bench,Qwen,TRC+SU,scikit-learn__scikit-learn-11578,58.0,50.666666666666664
SWE-bench,Qwen,TRC+SU,scikit-learn__scikit-learn-12585,55.0,39.0
SWE-bench,Qwen,TRC+SU,scikit-learn__scikit-learn-13135,68.0,40.666666666666664
SWE-bench,Qwen,TRC+SU,scikit-learn__scikit-learn-13142,56.0,46.0
SWE-bench,Qwen,TRC+SU,scikit-learn__scikit-learn-13328,45.666666666666664,43.5
SWE-bench,Qwen,TRC+SU,scikit-learn__scikit-learn-13439,53.333333333333336,45.333333333333336
SWE-bench,Qwen,TRC+SU,scikit-learn__scikit-learn-13496,48.0,51.333333333333336
SWE-bench,Qwen,TRC+SU,scikit-learn__scikit-learn-13779,50.333333333333336,50.666666666666664
SWE-bench,Qwen,TRC+SU,scikit-learn__scikit-learn-14141,21.666666666666668,19.666666666666668
SWE-bench,Qwen,TRC+SU,scikit-learn__scikit-learn-14496,36.333333333333336,26.333333333333332
SWE-bench,Qwen,TRC+SU,scikit-learn__scikit-learn-14710,67.5,67.5
SWE-bench,Qwen,TRC+SU,scikit-learn__scikit-learn-14894,77.0,53.666666666666664
SWE-bench,Qwen,TRC+SU,scikit-learn__scikit-learn-15100,22.333333333333332,21.666666666666668
SWE-bench,Qwen,TRC+SU,scikit-learn__scikit-learn-25232,79.33333333333333,67.0
SWE-bench,Qwen,TRC+SU,scikit-learn__scikit-learn-25931,105.0,68.0
SWE-bench,Qwen,TRC+SU,scikit-learn__scikit-learn-26323,57.333333333333336,44.0
SWE-bench,Qwen,TRC+SU,sympy__sympy-11618,88.5,56.666666666666664
SWE-bench,Qwen,TRC+SU,sympy__sympy-13372,41.666666666666664,38.666666666666664
SWE-bench,Qwen,TRC+SU,sympy__sympy-13647,70.66666666666667,59.0
SWE-bench,Qwen,TRC+SU,sympy__sympy-15345,40.0,69.33333333333333
SWE-bench,Qwen,TRC+SU,sympy__sympy-15349,25.5,27.0
SWE-bench,Qwen,TRC+SU,sympy__sympy-16450,45.0,35.333333333333336
SWE-bench,Qwen,TRC+SU,sympy__sympy-18189,26.666666666666668,42.333333333333336
SWE-bench,Qwen,TRC+SU,sympy__sympy-18211,53.0,43.5
SWE-bench,Qwen,TRC+SU,sympy__sympy-19637,29.0,27.666666666666668
SWE-bench,Qwen,TRC+SU,sympy__sympy-19954,25.666666666666668,24.0
SWE-bench,Qwen,TRC+SU,sympy__sympy-24066,39.333333333333336,67.0
SWE-bench,Qwen,TRC+SU,sympy__sympy-24213,19.333333333333332,25.0
SWE-bench,Qwen,TRC+SU,sympy__sympy-24443,40.0,56.666666666666664
SWE-bench,Qwen,TRC+SU,sympy__sympy-24661,44.333333333333336,39.0
SWE-bench,Qwen,TRC+SS,django__django-11066,7.333333333333333,8.0
SWE-bench,Qwen,TRC+SS,django__django-11095,48.666666666666664,40.333333333333336
SWE-bench,Qwen,TRC+SS,django__django-11292,41.666666666666664,34.0
SWE-bench,Qwen,TRC+SS,django__django-11299,68.0,79.0
SWE-bench,Qwen,TRC+SS,django__django-12143,31.333333333333332,22.666666666666668
SWE-bench,Qwen,TRC+SS,django__django-12276,44.0,48.333333333333336
SWE-bench,Qwen,TRC+SS,django__django-13012,58.0,57.666666666666664
SWE-bench,Qwen,TRC+SS,django__django-13809,24.5,32.0
SWE-bench,Qwen,TRC+SS,django__django-14580,63.666666666666664,61.666666666666664
SWE-bench,Qwen,TRC+SS,django__django-14915,30.0,33.5
SWE-bench,Qwen,TRC+SS,django__django-15278,53.5,63.5
SWE-bench,Qwen,TRC+SS,django__django-15368,63.666666666666664,71.0
SWE-bench,Qwen,TRC+SS,django__django-15741,49.5,61.333333333333336
SWE-bench,Qwen,TRC+SS,django__django-17087,28.666666666666668,33.0
SWE-bench,Qwen,TRC+SS,scikit-learn__scikit-learn-10297,49.0,45.666666666666664
SWE-bench,Qwen,TRC+SS,scikit-learn__scikit-learn-10844,37.333333333333336,36.0
SWE-bench,Qwen,TRC+SS,scikit-learn__scikit-learn-11578,49.0,50.666666666666664
SWE-bench,Qwen,TRC+SS,scikit-learn__scikit-learn-12585,31.0,39.0
SWE-bench,Qwen,TRC+SS,scikit-learn__scikit-learn-13135,54.0,40.666666666666664
SWE-bench,Qwen,TRC+SS,scikit-learn__scikit-learn-13142,44.0,46.0
SWE-bench,Qwen,TRC+SS,scikit-learn__scikit-learn-13328,58.333333333333336,43.5
SWE-bench,Qwen,TRC+SS,scikit-learn__scikit-learn-13439,35.5,45.333333333333336
SWE-bench,Qwen,TRC+SS,scikit-learn__scikit-learn-13496,61.333333333333336,51.333333333333336
SWE-bench,Qwen,TRC+SS,scikit-learn__scikit-learn-13779,55.0,50.666666666666664
SWE-bench,Qwen,TRC+SS,scikit-learn__scikit-learn-14141,20.333333333333332,19.666666666666668
SWE-bench,Qwen,TRC+SS,scikit-learn__scikit-learn-14496,64.0,26.333333333333332
SWE-bench,Qwen,TRC+SS,scikit-learn__scikit-learn-14710,70.66666666666667,67.5
SWE-bench,Qwen,TRC+SS,scikit-learn__scikit-learn-14894,57.666666666666664,53.666666666666664
SWE-bench,Qwen,TRC+SS,scikit-learn__scikit-learn-15100,22.333333333333332,21.666666666666668
SWE-bench,Qwen,TRC+SS,scikit-learn__scikit-learn-25232,79.33333333333333,67.0
SWE-bench,Qwen,TRC+SS,scikit-learn__scikit-learn-25931,76.0,68.0
SWE-bench,Qwen,TRC+SS,scikit-learn__scikit-learn-26323,47.0,44.0
SWE-bench,Qwen,TRC+SS,sympy__sympy-11618,69.66666666666667,56.666666666666664
SWE-bench,Qwen,TRC+SS,sympy__sympy-13372,52.666666666666664,38.666666666666664
SWE-bench,Qwen,TRC+SS,sympy__sympy-13647,57.333333333333336,59.0
SWE-bench,Qwen,TRC+SS,sympy__sympy-14711,54.0,82.0
SWE-bench,Qwen,TRC+SS,sympy__sympy-15345,80.0,69.33333333333333
SWE-bench,Qwen,TRC+SS,sympy__sympy-15349,30.333333333333332,27.0
SWE-bench,Qwen,TRC+SS,sympy__sympy-16450,38.333333333333336,35.333333333333336
SWE-bench,Qwen,TRC+SS,sympy__sympy-18189,26.666666666666668,42.333333333333336
SWE-bench,Qwen,TRC+SS,sympy__sympy-18211,37.666666666666664,43.5
SWE-bench,Qwen,TRC+SS,sympy__sympy-19637,26.666666666666668,27.666666666666668
SWE-bench,Qwen,TRC+SS,sympy__sympy-19954,31.666666666666668,24.0
SWE-bench,Qwen,TRC+SS,sympy__sympy-24213,29.666666666666668,25.0
SWE-bench,Qwen,TRC+SS,sympy__sympy-24443,29.0,56.666666666666664
SWE-bench,Qwen,TRC+SS,sympy__sympy-24661,44.666666666666664,39.0
SWE-bench,Qwen,OTRC+TR,django__django-11066,9.0,8.0
SWE-bench,Qwen,OTRC+TR,django__django-11292,37.0,34.0
SWE-bench,Qwen,OTRC+TR,django__django-12143,41.0,22.666666666666668
SWE-bench,Qwen,OTRC+TR,django__django-12276,55.333333333333336,48.333333333333336
SWE-bench,Qwen,OTRC+TR,django__django-13012,56.333333333333336,57.666666666666664
SWE-bench,Qwen,OTRC+TR,django__django-14915,24.666666666666668,33.5
SWE-bench,Qwen,OTRC+TR,django__django-15368,45.333333333333336,71.0
SWE-bench,Qwen,OTRC+TR,django__django-15741,56.333333333333336,61.333333333333336
SWE-bench,Qwen,OTRC+TR,django__django-17087,33.0,33.0
SWE-bench,Qwen,OTRC+TR,scikit-learn__scikit-learn-10297,44.333333333333336,45.666666666666664
SWE-bench,Qwen,OTRC+TR,scikit-learn__scikit-learn-10844,39.0,36.0
SWE-bench,Qwen,OTRC+TR,scikit-learn__scikit-learn-12585,49.333333333333336,39.0
SWE-bench,Qwen,OTRC+TR,scikit-learn__scikit-learn-13135,65.66666666666667,40.666666666666664
SWE-bench,Qwen,OTRC+TR,scikit-learn__scikit-learn-13142,60.0,46.0
SWE-bench,Qwen,OTRC+TR,scikit-learn__scikit-learn-13328,75.0,43.5
SWE-bench,Qwen,OTRC+TR,scikit-learn__scikit-learn-13439,47.0,45.333333333333336
SWE-bench,Qwen,OTRC+TR,scikit-learn__scikit-learn-13496,64.33333333333333,51.333333333333336
SWE-bench,Qwen,OTRC+TR,scikit-learn__scikit-learn-13779,54.5,50.666666666666664
SWE-bench,Qwen,OTRC+TR,scikit-learn__scikit-learn-14141,23.0,19.666666666666668
SWE-bench,Qwen,OTRC+TR,scikit-learn__scikit-learn-14496,28.333333333333332,26.333333333333332
SWE-bench,Qwen,OTRC+TR,scikit-learn__scikit-learn-14710,74.66666666666667,67.5
SWE-bench,Qwen,OTRC+TR,scikit-learn__scikit-learn-14894,54.0,53.666666666666664
SWE-bench,Qwen,OTRC+TR,scikit-learn__scikit-learn-15100,28.666666666666668,21.666666666666668
SWE-bench,Qwen,OTRC+TR,scikit-learn__scikit-learn-25931,81.5,68.0
SWE-bench,Qwen,OTRC+TR,scikit-learn__scikit-learn-26323,67.5,44.0
SWE-bench,Qwen,OTRC+TR,sympy__sympy-11618,50.0,56.666666666666664
SWE-bench,Qwen,OTRC+TR,sympy__sympy-13372,36.666666666666664,38.666666666666664
SWE-bench,Qwen,OTRC+TR,sympy__sympy-13647,57.333333333333336,59.0
SWE-bench,Qwen,OTRC+TR,sympy__sympy-15345,103.0,69.33333333333333
SWE-bench,Qwen,OTRC+TR,sympy__sympy-15349,25.333333333333332,27.0
SWE-bench,Qwen,OTRC+TR,sympy__sympy-16450,42.0,35.333333333333336
SWE-bench,Qwen,OTRC+TR,sympy__sympy-18189,61.0,42.333333333333336
SWE-bench,Qwen,OTRC+TR,sympy__sympy-18211,64.66666666666667,43.5
SWE-bench,Qwen,OTRC+TR,sympy__sympy-19637,34.666666666666664,27.666666666666668
SWE-bench,Qwen,OTRC+TR,sympy__sympy-19954,27.666666666666668,24.0
SWE-bench,Qwen,OTRC+TR,sympy__sympy-24066,40.666666666666664,67.0
SWE-bench,Qwen,OTRC+TR,sympy__sympy-24213,32.666666666666664,25.0
SWE-bench,Qwen,OTRC+TR,sympy__sympy-24443,33.5,56.666666666666664
SWE-bench,Qwen,OTRC+TR,sympy__sympy-24661,66.0,39.0
SWE-bench,Qwen,OTRC+SU-p,django__django-11066,23.333333333333332,8.0
SWE-bench,Qwen,OTRC+SU-p,django__django-11095,37.333333333333336,40.333333333333336
SWE-bench,Qwen,OTRC+SU-p,django__django-11292,46.666666666666664,34.0
SWE-bench,Qwen,OTRC+SU-p,django__django-11299,78.0,79.0
SWE-bench,Qwen,OTRC+SU-p,django__django-12143,19.333333333333332,22.666666666666668
SWE-bench,Qwen,OTRC+SU-p,django__django-12276,58.0,48.333333333333336
SWE-bench,Qwen,OTRC+SU-p,django__django-12304,34.0,46.0
SWE-bench,Qwen,OTRC+SU-p,django__django-13012,57.0,57.666666666666664
SWE-bench,Qwen,OTRC+SU-p,django__django-13809,25.0,32.0
SWE-bench,Qwen,OTRC+SU-p,django__django-14580,51.0,61.666666666666664
SWE-bench,Qwen,OTRC+SU-p,django__django-14915,35.666666666666664,33.5
SWE-bench,Qwen,OTRC+SU-p,django__django-15368,29.0,71.0
SWE-bench,Qwen,OTRC+SU-p,django__django-15741,52.0,61.333333333333336
SWE-bench,Qwen,OTRC+SU-p,django__django-17087,44.0,33.0
SWE-bench,Qwen,OTRC+SU-p,scikit-learn__scikit-learn-10297,61.5,45.666666666666664
SWE-bench,Qwen,OTRC+SU-p,scikit-learn__scikit-learn-10844,49.0,36.0
SWE-bench,Qwen,OTRC+SU-p,scikit-learn__scikit-learn-10908,73.0,86.0
SWE-bench,Qwen,OTRC+SU-p,scikit-learn__scikit-learn-11578,73.5,50.666666666666664
SWE-bench,Qwen,OTRC+SU-p,scikit-learn__scikit-learn-12585,33.333333333333336,39.0
SWE-bench,Qwen,OTRC+SU-p,scikit-learn__scikit-learn-13135,66.66666666666667,40.666666666666664
SWE-bench,Qwen,OTRC+SU-p,scikit-learn__scikit-learn-13142,51.0,46.0
SWE-bench,Qwen,OTRC+SU-p,scikit-learn__scikit-learn-13328,49.666666666666664,43.5
SWE-bench,Qwen,OTRC+SU-p,scikit-learn__scikit-learn-13439,57.0,45.333333333333336
SWE-bench,Qwen,OTRC+SU-p,scikit-learn__scikit-learn-13496,57.333333333333336,51.333333333333336
SWE-bench,Qwen,OTRC+SU-p,scikit-learn__scikit-learn-13779,71.0,50.666666666666664
SWE-bench,Qwen,OTRC+SU-p,scikit-learn__scikit-learn-14141,24.666666666666668,19.666666666666668
SWE-bench,Qwen,OTRC+SU-p,scikit-learn__scikit-learn-14496,45.333333333333336,26.333333333333332
SWE-bench,Qwen,OTRC+SU-p,scikit-learn__scikit-learn-14894,48.333333333333336,53.666666666666664
SWE-bench,Qwen,OTRC+SU-p,scikit-learn__scikit-learn-15100,29.666666666666668,21.666666666666668
SWE-bench,Qwen,OTRC+SU-p,scikit-learn__scikit-learn-25931,96.0,68.0
SWE-bench,Qwen,OTRC+SU-p,scikit-learn__scikit-learn-26323,69.5,44.0
SWE-bench,Qwen,OTRC+SU-p,scikit-learn__scikit-learn-9288,85.5,61.0
SWE-bench,Qwen,OTRC+SU-p,sympy__sympy-11618,37.333333333333336,56.666666666666664
SWE-bench,Qwen,OTRC+SU-p,sympy__sympy-13372,46.0,38.666666666666664
SWE-bench,Qwen,OTRC+SU-p,sympy__sympy-13647,36.666666666666664,59.0
SWE-bench,Qwen,OTRC+SU-p,sympy__sympy-14711,70.5,82.0
SWE-bench,Qwen,OTRC+SU-p,sympy__sympy-15349,32.0,27.0
SWE-bench,Qwen,OTRC+SU-p,sympy__sympy-16450,41.333333333333336,35.333333333333336
SWE-bench,Qwen,OTRC+SU-p,sympy__sympy-18189,31.666666666666668,42.333333333333336
SWE-bench,Qwen,OTRC+SU-p,sympy__sympy-18211,84.5,43.5
SWE-bench,Qwen,OTRC+SU-p,sympy__sympy-19637,20.0,27.666666666666668
SWE-bench,Qwen,OTRC+SU-p,sympy__sympy-19954,29.0,24.0
SWE-bench,Qwen,OTRC+SU-p,sympy__sympy-24066,25.666666666666668,67.0
SWE-bench,Qwen,OTRC+SU-p,sympy__sympy-24213,34.333333333333336,25.0
SWE-bench,Qwen,OTRC+SU-p,sympy__sympy-24443,34.0,56.666666666666664
SWE-bench,Qwen,OTRC+SU-p,sympy__sympy-24661,52.0,39.0
SWE-bench,Qwen,OTRC+SS-p,django__django-11066,10.333333333333334,8.0
SWE-bench,Qwen,OTRC+SS-p,django__django-11095,48.0,40.333333333333336
SWE-bench,Qwen,OTRC+SS-p,django__django-11292,36.333333333333336,34.0
SWE-bench,Qwen,OTRC+SS-p,django__django-12143,31.0,22.666666666666668
SWE-bench,Qwen,OTRC+SS-p,django__django-12276,51.333333333333336,48.333333333333336
SWE-bench,Qwen,OTRC+SS-p,django__django-13012,60.0,57.666666666666664
SWE-bench,Qwen,OTRC+SS-p,django__django-13809,29.666666666666668,32.0
SWE-bench,Qwen,OTRC+SS-p,django__django-14915,21.666666666666668,33.5
SWE-bench,Qwen,OTRC+SS-p,django__django-15278,59.666666666666664,63.5
SWE-bench,Qwen,OTRC+SS-p,django__django-15368,32.333333333333336,71.0
SWE-bench,Qwen,OTRC+SS-p,django__django-15741,74.33333333333333,61.333333333333336
SWE-bench,Qwen,OTRC+SS-p,django__django-17087,51.333333333333336,33.0
SWE-bench,Qwen,OTRC+SS-p,scikit-learn__scikit-learn-10297,50.0,45.666666666666664
SWE-bench,Qwen,OTRC+SS-p,scikit-learn__scikit-learn-10844,30.666666666666668,36.0
SWE-bench,Qwen,OTRC+SS-p,scikit-learn__scikit-learn-10908,64.5,86.0
SWE-bench,Qwen,OTRC+SS-p,scikit-learn__scikit-learn-11578,56.0,50.666666666666664
SWE-bench,Qwen,OTRC+SS-p,scikit-learn__scikit-learn-12585,54.0,39.0
SWE-bench,Qwen,OTRC+SS-p,scikit-learn__scikit-learn-13135,94.0,40.666666666666664
SWE-bench,Qwen,OTRC+SS-p,scikit-learn__scikit-learn-13142,49.666666666666664,46.0
SWE-bench,Qwen,OTRC+SS-p,scikit-learn__scikit-learn-13328,83.33333333333333,43.5
SWE-bench,Qwen,OTRC+SS-p,scikit-learn__scikit-learn-13439,42.333333333333336,45.333333333333336
SWE-bench,Qwen,OTRC+SS-p,scikit-learn__scikit-learn-13779,47.666666666666664,50.666666666666664
SWE-bench,Qwen,OTRC+SS-p,scikit-learn__scikit-learn-14141,19.666666666666668,19.666666666666668
SWE-bench,Qwen,OTRC+SS-p,scikit-learn__scikit-learn-14496,34.333333333333336,26.333333333333332
SWE-bench,Qwen,OTRC+SS-p,scikit-learn__scikit-learn-14710,53.333333333333336,67.5
SWE-bench,Qwen,OTRC+SS-p,scikit-learn__scikit-learn-14894,41.0,53.666666666666664
SWE-bench,Qwen,OTRC+SS-p,scikit-learn__scikit-learn-15100,29.666666666666668,21.666666666666668
SWE-bench,Qwen,OTRC+SS-p,scikit-learn__scikit-learn-26323,69.5,44.0
SWE-bench,Qwen,OTRC+SS-p,sympy__sympy-11618,44.333333333333336,56.666666666666664
SWE-bench,Qwen,OTRC+SS-p,sympy__sympy-13372,58.666666666666664,38.666666666666664
SWE-bench,Qwen,OTRC+SS-p,sympy__sympy-13647,50.666666666666664,59.0
SWE-bench,Qwen,OTRC+SS-p,sympy__sympy-14711,80.0,82.0
SWE-bench,Qwen,OTRC+SS-p,sympy__sympy-15349,28.5,27.0
SWE-bench,Qwen,OTRC+SS-p,sympy__sympy-16450,44.5,35.333333333333336
SWE-bench,Qwen,OTRC+SS-p,sympy__sympy-18189,25.666666666666668,42.333333333333336
SWE-bench,Qwen,OTRC+SS-p,sympy__sympy-18211,54.333333333333336,43.5
SWE-bench,Qwen,OTRC+SS-p,sympy__sympy-19637,31.333333333333332,27.666666666666668
SWE-bench,Qwen,OTRC+SS-p,sympy__sympy-19954,24.0,24.0
SWE-bench,Qwen,OTRC+SS-p,sympy__sympy-24066,29.333333333333332,67.0
SWE-bench,Qwen,OTRC+SS-p,sympy__sympy-24213,23.666666666666668,25.0
SWE-bench,Qwen,OTRC+SS-p,sympy__sympy-24443,23.5,56.666666666666664
SWE-bench,Qwen,OTRC+SS-p,sympy__sympy-24661,63.333333333333336,39.0
SWE-bench,Qwen,OTRC,django__django-11066,9.666666666666666,8.0
SWE-bench,Qwen,OTRC,django__django-11095,59.666666666666664,40.333333333333336
SWE-bench,Qwen,OTRC,django__django-11292,50.0,34.0
SWE-bench,Qwen,OTRC,django__django-12143,22.333333333333332,22.666666666666668
SWE-bench,Qwen,OTRC,django__django-12276,36.0,48.333333333333336
SWE-bench,Qwen,OTRC,django__django-13012,76.66666666666667,57.666666666666664
SWE-bench,Qwen,OTRC,django__django-13809,29.666666666666668,32.0
SWE-bench,Qwen,OTRC,django__django-14580,84.33333333333333,61.666666666666664
SWE-bench,Qwen,OTRC,django__django-14915,38.666666666666664,33.5
SWE-bench,Qwen,OTRC,django__django-15278,64.33333333333333,63.5
SWE-bench,Qwen,OTRC,django__django-15368,71.0,71.0
SWE-bench,Qwen,OTRC,django__django-15741,67.66666666666667,61.333333333333336
SWE-bench,Qwen,OTRC,django__django-17087,33.333333333333336,33.0
SWE-bench,Qwen,OTRC,scikit-learn__scikit-learn-10297,62.333333333333336,45.666666666666664
SWE-bench,Qwen,OTRC,scikit-learn__scikit-learn-10844,38.0,36.0
SWE-bench,Qwen,OTRC,scikit-learn__scikit-learn-11578,62.666666666666664,50.666666666666664
SWE-bench,Qwen,OTRC,scikit-learn__scikit-learn-12585,51.666666666666664,39.0
SWE-bench,Qwen,OTRC,scikit-learn__scikit-learn-12682,89.66666666666667,73.33333333333333
SWE-bench,Qwen,OTRC,scikit-learn__scikit-learn-13135,84.0,40.666666666666664
SWE-bench,Qwen,OTRC,scikit-learn__scikit-learn-13142,78.0,46.0
SWE-bench,Qwen,OTRC,scikit-learn__scikit-learn-13328,74.33333333333333,43.5
SWE-bench,Qwen,OTRC,scikit-learn__scikit-learn-13439,49.666666666666664,45.333333333333336
SWE-bench,Qwen,OTRC,scikit-learn__scikit-learn-13496,71.0,51.333333333333336
SWE-bench,Qwen,OTRC,scikit-learn__scikit-learn-13779,63.333333333333336,50.666666666666664
SWE-bench,Qwen,OTRC,scikit-learn__scikit-learn-14141,19.333333333333332,19.666666666666668
SWE-bench,Qwen,OTRC,scikit-learn__scikit-learn-14496,51.0,26.333333333333332
SWE-bench,Qwen,OTRC,scikit-learn__scikit-learn-14710,96.5,67.5
SWE-bench,Qwen,OTRC,scikit-learn__scikit-learn-14894,39.0,53.666666666666664
SWE-bench,Qwen,OTRC,scikit-learn__scikit-learn-15100,29.333333333333332,21.666666666666668
SWE-bench,Qwen,OTRC,scikit-learn__scikit-learn-25931,69.0,68.0
SWE-bench,Qwen,OTRC,scikit-learn__scikit-learn-26323,95.0,44.0
SWE-bench,Qwen,OTRC,scikit-learn__scikit-learn-9288,98.0,61.0
SWE-bench,Qwen,OTRC,sympy__sympy-11618,55.333333333333336,56.666666666666664
SWE-bench,Qwen,OTRC,sympy__sympy-13372,43.0,38.666666666666664
SWE-bench,Qwen,OTRC,sympy__sympy-13647,56.666666666666664,59.0
SWE-bench,Qwen,OTRC,sympy__sympy-15345,89.33333333333333,69.33333333333333
SWE-bench,Qwen,OTRC,sympy__sympy-15349,30.0,27.0
SWE-bench,Qwen,OTRC,sympy__sympy-16450,44.333333333333336,35.333333333333336
SWE-bench,Qwen,OTRC,sympy__sympy-18189,29.0,42.333333333333336
SWE-bench,Qwen,OTRC,sympy__sympy-18211,72.0,43.5
SWE-bench,Qwen,OTRC,sympy__sympy-19637,29.666666666666668,27.666666666666668
SWE-bench,Qwen,OTRC,sympy__sympy-19954,31.0,24.0
SWE-bench,Qwen,OTRC,sympy__sympy-24213,31.0,25.0
SWE-bench,Qwen,OTRC,sympy__sympy-24443,33.333333333333336,56.666666666666664
SWE-bench,Qwen,OTRC,sympy__sympy-24661,57.666666666666664,39.0
SWE-bench,Devstral,TR,django__django-11066,39.0,44.0
SWE-bench,Devstral,TR,django__django-11095,53.666666666666664,53.666666666666664
SWE-bench,Devstral,TR,django__django-11292,63.666666666666664,57.0
SWE-bench,Devstral,TR,django__django-11299,71.66666666666667,83.66666666666667
SWE-bench,Devstral,TR,django__django-12143,30.666666666666668,32.666666666666664
SWE-bench,Devstral,TR,django__django-12304,56.333333333333336,65.66666666666667
SWE-bench,Devstral,TR,django__django-13012,58.666666666666664,51.333333333333336
SWE-bench,Devstral,TR,django__django-13809,53.0,48.333333333333336
SWE-bench,Devstral,TR,django__django-14580,64.0,68.33333333333333
SWE-bench,Devstral,TR,django__django-14915,46.666666666666664,55.0
SWE-bench,Devstral,TR,django__django-14999,71.33333333333333,71.0
SWE-bench,Devstral,TR,django__django-15278,59.0,84.66666666666667
SWE-bench,Devstral,TR,django__django-15368,64.0,57.666666666666664
SWE-bench,Devstral,TR,django__django-15741,73.66666666666667,59.333333333333336
SWE-bench,Devstral,TR,django__django-15930,88.66666666666667,97.0
SWE-bench,Devstral,TR,scikit-learn__scikit-learn-10297,69.33333333333333,76.0
SWE-bench,Devstral,TR,scikit-learn__scikit-learn-10844,40.0,41.333333333333336
SWE-bench,Devstral,TR,scikit-learn__scikit-learn-10908,68.5,64.66666666666667
SWE-bench,Devstral,TR,scikit-learn__scikit-learn-11310,85.0,70.66666666666667
SWE-bench,Devstral,TR,scikit-learn__scikit-learn-11578,80.66666666666667,43.0
SWE-bench,Devstral,TR,scikit-learn__scikit-learn-12585,44.666666666666664,46.0
SWE-bench,Devstral,TR,scikit-learn__scikit-learn-13135,57.0,68.5
SWE-bench,Devstral,TR,scikit-learn__scikit-learn-13142,64.33333333333333,62.666666666666664
SWE-bench,Devstral,TR,scikit-learn__scikit-learn-13328,75.0,75.33333333333333
SWE-bench,Devstral,TR,scikit-learn__scikit-learn-13439,54.0,53.333333333333336
SWE-bench,Devstral,TR,scikit-learn__scikit-learn-13496,59.666666666666664,62.0
SWE-bench,Devstral,TR,scikit-learn__scikit-learn-13779,59.0,74.0
SWE-bench,Devstral,TR,scikit-learn__scikit-learn-14053,81.5,68.33333333333333
SWE-bench,Devstral,TR,scikit-learn__scikit-learn-14141,45.0,39.666666666666664
SWE-bench,Devstral,TR,scikit-learn__scikit-learn-14496,47.333333333333336,43.333333333333336
SWE-bench,Devstral,TR,scikit-learn__scikit-learn-14894,60.333333333333336,46.333333333333336
SWE-bench,Devstral,TR,scikit-learn__scikit-learn-15100,49.0,46.666666666666664
SWE-bench,Devstral,TR,scikit-learn__scikit-learn-25931,73.0,68.0
SWE-bench,Devstral,TR,scikit-learn__scikit-learn-26323,69.5,57.5
SWE-bench,Devstral,TR,scikit-learn__scikit-learn-9288,63.666666666666664,59.0
SWE-bench,Devstral,TR,sympy__sympy-11618,72.0,61.5
SWE-bench,Devstral,TR,sympy__sympy-13372,69.5,66.0
SWE-bench,Devstral,TR,sympy__sympy-13647,84.0,56.333333333333336
SWE-bench,Devstral,TR,sympy__sympy-13757,88.66666666666667,76.5
SWE-bench,Devstral,TR,sympy__sympy-14531,91.5,100.0
SWE-bench,Devstral,TR,sympy__sympy-14711,81.5,86.66666666666667
SWE-bench,Devstral,TR,sympy__sympy-15345,90.0,88.0
SWE-bench,Devstral,TR,sympy__sympy-15349,44.666666666666664,41.333333333333336
SWE-bench,Devstral,TR,sympy__sympy-15875,68.0,63.0
SWE-bench,Devstral,TR,sympy__sympy-16450,59.333333333333336,56.333333333333336
SWE-bench,Devstral,TR,sympy__sympy-18189,60.333333333333336,42.333333333333336
SWE-bench,Devstral,TR,sympy__sympy-19637,38.666666666666664,39.333333333333336
SWE-bench,Devstral,TR,sympy__sympy-19954,44.666666666666664,45.666666666666664
SWE-bench,Devstral,TR,sympy__sympy-24066,63.666666666666664,66.0
SWE-bench,Devstral,TR,sympy__sympy-24213,41.333333333333336,35.333333333333336
SWE-bench,Devstral,TR,sympy__sympy-24443,59.666666666666664,51.0
SWE-bench,Devstral,TR,sympy__sympy-24661,54.5,67.33333333333333
SWE-bench,Devstral,TRC,django__django-11066,57.0,44.0
SWE-bench,Devstral,TRC,django__django-11095,56.0,53.666666666666664
SWE-bench,Devstral,TRC,django__django-11292,66.0,57.0
SWE-bench,Devstral,TRC,django__django-11299,90.0,83.66666666666667
SWE-bench,Devstral,TRC,django__django-12143,32.0,32.666666666666664
SWE-bench,Devstral,TRC,django__django-12304,48.333333333333336,65.66666666666667
SWE-bench,Devstral,TRC,django__django-13012,65.0,51.333333333333336
SWE-bench,Devstral,TRC,django__django-13809,43.5,48.333333333333336
SWE-bench,Devstral,TRC,django__django-14580,77.0,68.33333333333333
SWE-bench,Devstral,TRC,django__django-14915,41.0,55.0
SWE-bench,Devstral,TRC,django__django-14999,81.33333333333333,71.0
SWE-bench,Devstral,TRC,django__django-15278,63.0,84.66666666666667
SWE-bench,Devstral,TRC,django__django-15368,47.0,57.666666666666664
SWE-bench,Devstral,TRC,django__django-15741,54.333333333333336,59.333333333333336
SWE-bench,Devstral,TRC,django__django-15930,87.0,97.0
SWE-bench,Devstral,TRC,scikit-learn__scikit-learn-10297,72.0,76.0
SWE-bench,Devstral,TRC,scikit-learn__scikit-learn-10844,47.333333333333336,41.333333333333336
SWE-bench,Devstral,TRC,scikit-learn__scikit-learn-11310,87.66666666666667,70.66666666666667
SWE-bench,Devstral,TRC,scikit-learn__scikit-learn-11578,61.666666666666664,43.0
SWE-bench,Devstral,TRC,scikit-learn__scikit-learn-12585,45.666666666666664,46.0
SWE-bench,Devstral,TRC,scikit-learn__scikit-learn-13135,61.0,68.5
SWE-bench,Devstral,TRC,scikit-learn__scikit-learn-13142,65.5,62.666666666666664
SWE-bench,Devstral,TRC,scikit-learn__scikit-learn-13328,74.33333333333333,75.33333333333333
SWE-bench,Devstral,TRC,scikit-learn__scikit-learn-13439,65.33333333333333,53.333333333333336
SWE-bench,Devstral,TRC,scikit-learn__scikit-learn-13496,61.333333333333336,62.0
SWE-bench,Devstral,TRC,scikit-learn__scikit-learn-13779,51.0,74.0
SWE-bench,Devstral,TRC,scikit-learn__scikit-learn-14053,66.5,68.33333333333333
SWE-bench,Devstral,TRC,scikit-learn__scikit-learn-14141,32.0,39.666666666666664
SWE-bench,Devstral,TRC,scikit-learn__scikit-learn-14496,60.0,43.333333333333336
SWE-bench,Devstral,TRC,scikit-learn__scikit-learn-14894,55.0,46.333333333333336
SWE-bench,Devstral,TRC,scikit-learn__scikit-learn-15100,43.0,46.666666666666664
SWE-bench,Devstral,TRC,scikit-learn__scikit-learn-25931,77.33333333333333,68.0
SWE-bench,Devstral,TRC,scikit-learn__scikit-learn-26323,59.0,57.5
SWE-bench,Devstral,TRC,scikit-learn__scikit-learn-9288,88.0,59.0
SWE-bench,Devstral,TRC,sympy__sympy-11618,67.66666666666667,61.5
SWE-bench,Devstral,TRC,sympy__sympy-13372,67.33333333333333,66.0
SWE-bench,Devstral,TRC,sympy__sympy-13647,51.333333333333336,56.333333333333336
SWE-bench,Devstral,TRC,sympy__sympy-14531,101.5,100.0
SWE-bench,Devstral,TRC,sympy__sympy-14711,60.333333333333336,86.66666666666667
SWE-bench,Devstral,TRC,sympy__sympy-15345,78.5,88.0
SWE-bench,Devstral,TRC,sympy__sympy-15349,40.5,41.333333333333336
SWE-bench,Devstral,TRC,sympy__sympy-16450,50.0,56.333333333333336
SWE-bench,Devstral,TRC,sympy__sympy-18189,50.666666666666664,42.333333333333336
SWE-bench,Devstral,TRC,sympy__sympy-19637,30.0,39.333333333333336
SWE-bench,Devstral,TRC,sympy__sympy-24066,56.666666666666664,66.0
SWE-bench,Devstral,TRC,sympy__sympy-24213,46.0,35.333333333333336
SWE-bench,Devstral,TRC,sympy__sympy-24443,51.0,51.0
SWE-bench,Devstral,TRC,sympy__sympy-24661,86.0,67.33333333333333
SWE-bench,Devstral,SU,django__django-11066,36.0,44.0
SWE-bench,Devstral,SU,django__django-11095,46.0,53.666666666666664
SWE-bench,Devstral,SU,django__django-11292,51.666666666666664,57.0
SWE-bench,Devstral,SU,django__django-11299,79.0,83.66666666666667
SWE-bench,Devstral,SU,django__django-12304,84.0,65.66666666666667
SWE-bench,Devstral,SU,django__django-13012,82.5,51.333333333333336
SWE-bench,Devstral,SU,django__django-13809,57.333333333333336,48.333333333333336
SWE-bench,Devstral,SU,django__django-13810,60.0,69.0
SWE-bench,Devstral,SU,django__django-14580,53.333333333333336,68.33333333333333
SWE-bench,Devstral,SU,django__django-14915,46.333333333333336,55.0
SWE-bench,Devstral,SU,django__django-14999,50.0,71.0
SWE-bench,Devstral,SU,django__django-15278,79.0,84.66666666666667
SWE-bench,Devstral,SU,django__django-15368,67.66666666666667,57.666666666666664
SWE-bench,Devstral,SU,django__django-15741,54.666666666666664,59.333333333333336
SWE-bench,Devstral,SU,scikit-learn__scikit-learn-10297,84.5,76.0
SWE-bench,Devstral,SU,scikit-learn__scikit-learn-10844,38.666666666666664,41.333333333333336
SWE-bench,Devstral,SU,scikit-learn__scikit-learn-10908,72.33333333333333,64.66666666666667
SWE-bench,Devstral,SU,scikit-learn__scikit-learn-11310,78.33333333333333,70.66666666666667
SWE-bench,Devstral,SU,scikit-learn__scikit-learn-11578,59.0,43.0
SWE-bench,Devstral,SU,scikit-learn__scikit-learn-12585,45.666666666666664,46.0
SWE-bench,Devstral,SU,scikit-learn__scikit-learn-13135,84.0,68.5
SWE-bench,Devstral,SU,scikit-learn__scikit-learn-13142,67.5,62.666666666666664
SWE-bench,Devstral,SU,scikit-learn__scikit-learn-13328,74.0,75.33333333333333
SWE-bench,Devstral,SU,scikit-learn__scikit-learn-13439,64.0,53.333333333333336
SWE-bench,Devstral,SU,scikit-learn__scikit-learn-13496,64.33333333333333,62.0
SWE-bench,Devstral,SU,scikit-learn__scikit-learn-13779,48.5,74.0
SWE-bench,Devstral,SU,scikit-learn__scikit-learn-14053,69.0,68.33333333333333
SWE-bench,Devstral,SU,scikit-learn__scikit-learn-14141,33.333333333333336,39.666666666666664
SWE-bench,Devstral,SU,scikit-learn__scikit-learn-14496,40.0,43.333333333333336
SWE-bench,Devstral,SU,scikit-learn__scikit-learn-14894,63.666666666666664,46.333333333333336
SWE-bench,Devstral,SU,scikit-learn__scikit-learn-15100,46.666666666666664,46.666666666666664
SWE-bench,Devstral,SU,scikit-learn__scikit-learn-25931,104.5,68.0
SWE-bench,Devstral,SU,scikit-learn__scikit-learn-26323,88.66666666666667,57.5
SWE-bench,Devstral,SU,scikit-learn__scikit-learn-9288,58.0,59.0
SWE-bench,Devstral,SU,sympy__sympy-13372,60.333333333333336,66.0
SWE-bench,Devstral,SU,sympy__sympy-13647,58.5,56.333333333333336
SWE-bench,Devstral,SU,sympy__sympy-13757,91.66666666666667,76.5
SWE-bench,Devstral,SU,sympy__sympy-14711,73.0,86.66666666666667
SWE-bench,Devstral,SU,sympy__sympy-15345,76.66666666666667,88.0
SWE-bench,Devstral,SU,sympy__sympy-15349,59.333333333333336,41.333333333333336
SWE-bench,Devstral,SU,sympy__sympy-16450,64.33333333333333,56.333333333333336
SWE-bench,Devstral,SU,sympy__sympy-18189,37.333333333333336,42.333333333333336
SWE-bench,Devstral,SU,sympy__sympy-19637,41.333333333333336,39.333333333333336
SWE-bench,Devstral,SU,sympy__sympy-19954,54.333333333333336,45.666666666666664
SWE-bench,Devstral,SU,sympy__sympy-24066,53.0,66.0
SWE-bench,Devstral,SU,sympy__sympy-24213,38.666666666666664,35.333333333333336
SWE-bench,Devstral,SU,sympy__sympy-24443,56.0,51.0
SWE-bench,Devstral,SU,sympy__sympy-24661,71.33333333333333,67.33333333333333
SWE-bench,Devstral,SU-p,django__django-11066,37.333333333333336,44.0
SWE-bench,Devstral,SU-p,django__django-11095,43.0,53.666666666666664
SWE-bench,Devstral,SU-p,django__django-11292,60.0,57.0
SWE-bench,Devstral,SU-p,django__django-11299,81.66666666666667,83.66666666666667
SWE-bench,Devstral,SU-p,django__django-12143,26.0,32.666666666666664
SWE-bench,Devstral,SU-p,django__django-12304,57.666666666666664,65.66666666666667
SWE-bench,Devstral,SU-p,django__django-13012,68.66666666666667,51.333333333333336
SWE-bench,Devstral,SU-p,django__django-13809,54.333333333333336,48.333333333333336
SWE-bench,Devstral,SU-p,django__django-14580,73.0,68.33333333333333
SWE-bench,Devstral,SU-p,django__django-14915,42.333333333333336,55.0
SWE-bench,Devstral,SU-p,django__django-14999,61.0,71.0
SWE-bench,Devstral,SU-p,django__django-15278,90.5,84.66666666666667
SWE-bench,Devstral,SU-p,django__django-15368,51.666666666666664,57.666666666666664
SWE-bench,Devstral,SU-p,django__django-15741,49.333333333333336,59.333333333333336
SWE-bench,Devstral,SU-p,django__django-15930,96.5,97.0
SWE-bench,Devstral,SU-p,scikit-learn__scikit-learn-10297,80.66666666666667,76.0
SWE-bench,Devstral,SU-p,scikit-learn__scikit-learn-10844,42.333333333333336,41.333333333333336
SWE-bench,Devstral,SU-p,scikit-learn__scikit-learn-11310,64.66666666666667,70.66666666666667
SWE-bench,Devstral,SU-p,scikit-learn__scikit-learn-11578,47.0,43.0
SWE-bench,Devstral,SU-p,scikit-learn__scikit-learn-12585,40.666666666666664,46.0
SWE-bench,Devstral,SU-p,scikit-learn__scikit-learn-13142,57.666666666666664,62.666666666666664
SWE-bench,Devstral,SU-p,scikit-learn__scikit-learn-13328,68.0,75.33333333333333
SWE-bench,Devstral,SU-p,scikit-learn__scikit-learn-13439,49.0,53.333333333333336
SWE-bench,Devstral,SU-p,scikit-learn__scikit-learn-13496,64.66666666666667,62.0
SWE-bench,Devstral,SU-p,scikit-learn__scikit-learn-13779,71.66666666666667,74.0
SWE-bench,Devstral,SU-p,scikit-learn__scikit-learn-14053,59.0,68.33333333333333
SWE-bench,Devstral,SU-p,scikit-learn__scikit-learn-14141,35.666666666666664,39.666666666666664
SWE-bench,Devstral,SU-p,scikit-learn__scikit-learn-14496,51.666666666666664,43.333333333333336
SWE-bench,Devstral,SU-p,scikit-learn__scikit-learn-14894,53.333333333333336,46.333333333333336
SWE-bench,Devstral,SU-p,scikit-learn__scikit-learn-15100,55.0,46.666666666666664
SWE-bench,Devstral,SU-p,scikit-learn__scikit-learn-25232,78.33333333333333,60.333333333333336
SWE-bench,Devstral,SU-p,scikit-learn__scikit-learn-26323,67.0,57.5
SWE-bench,Devstral,SU-p,scikit-learn__scikit-learn-9288,62.666666666666664,59.0
SWE-bench,Devstral,SU-p,sympy__sympy-11618,53.0,61.5
SWE-bench,Devstral,SU-p,sympy__sympy-13372,64.66666666666667,66.0
SWE-bench,Devstral,SU-p,sympy__sympy-13647,59.666666666666664,56.333333333333336
SWE-bench,Devstral,SU-p,sympy__sympy-13757,76.0,76.5
SWE-bench,Devstral,SU-p,sympy__sympy-14531,93.5,100.0
SWE-bench,Devstral,SU-p,sympy__sympy-14711,57.666666666666664,86.66666666666667
SWE-bench,Devstral,SU-p,sympy__sympy-15345,70.5,88.0
SWE-bench,Devstral,SU-p,sympy__sympy-15349,46.5,41.333333333333336
SWE-bench,Devstral,SU-p,sympy__sympy-15875,50.5,63.0
SWE-bench,Devstral,SU-p,sympy__sympy-16450,46.666666666666664,56.333333333333336
SWE-bench,Devstral,SU-p,sympy__sympy-18189,44.5,42.333333333333336
SWE-bench,Devstral,SU-p,sympy__sympy-19637,42.0,39.333333333333336
SWE-bench,Devstral,SU-p,sympy__sympy-19954,46.0,45.666666666666664
SWE-bench,Devstral,SU-p,sympy__sympy-24066,56.0,66.0
SWE-bench,Devstral,SU-p,sympy__sympy-24213,38.0,35.333333333333336
SWE-bench,Devstral,SU-p,sympy__sympy-24443,79.0,51.0
SWE-bench,Devstral,SU-p,sympy__sympy-24661,58.0,67.33333333333333
SWE-bench,Devstral,SS,django__django-11066,43.333333333333336,44.0
SWE-bench,Devstral,SS,django__django-11095,60.0,53.666666666666664
SWE-bench,Devstral,SS,django__django-11292,69.0,57.0
SWE-bench,Devstral,SS,django__django-12143,34.5,32.666666666666664
SWE-bench,Devstral,SS,django__django-12304,45.0,65.66666666666667
SWE-bench,Devstral,SS,django__django-13012,55.0,51.333333333333336
SWE-bench,Devstral,SS,django__django-13810,71.33333333333333,69.0
SWE-bench,Devstral,SS,django__django-14580,62.0,68.33333333333333
SWE-bench,Devstral,SS,django__django-14915,47.333333333333336,55.0
SWE-bench,Devstral,SS,django__django-14999,89.0,71.0
SWE-bench,Devstral,SS,django__django-15368,67.33333333333333,57.666666666666664
SWE-bench,Devstral,SS,django__django-15741,92.0,59.333333333333336
SWE-bench,Devstral,SS,scikit-learn__scikit-learn-10297,88.5,76.0
SWE-bench,Devstral,SS,scikit-learn__scikit-learn-10844,47.0,41.333333333333336
SWE-bench,Devstral,SS,scikit-learn__scikit-learn-11310,93.33333333333333,70.66666666666667
SWE-bench,Devstral,SS,scikit-learn__scikit-learn-11578,52.666666666666664,43.0
SWE-bench,Devstral,SS,scikit-learn__scikit-learn-12585,54.0,46.0
SWE-bench,Devstral,SS,scikit-learn__scikit-learn-13135,86.66666666666667,68.5
SWE-bench,Devstral,SS,scikit-learn__scikit-learn-13328,79.33333333333333,75.33333333333333
SWE-bench,Devstral,SS,scikit-learn__scikit-learn-13439,67.33333333333333,53.333333333333336
SWE-bench,Devstral,SS,scikit-learn__scikit-learn-13496,50.666666666666664,62.0
SWE-bench,Devstral,SS,scikit-learn__scikit-learn-13779,55.0,74.0
SWE-bench,Devstral,SS,scikit-learn__scikit-learn-14141,37.666666666666664,39.666666666666664
SWE-bench,Devstral,SS,scikit-learn__scikit-learn-14496,49.0,43.333333333333336
SWE-bench,Devstral,SS,scikit-learn__scikit-learn-14894,84.33333333333333,46.333333333333336
SWE-bench,Devstral,SS,scikit-learn__scikit-learn-15100,51.0,46.666666666666664
SWE-bench,Devstral,SS,scikit-learn__scikit-learn-25232,85.5,60.333333333333336
SWE-bench,Devstral,SS,scikit-learn__scikit-learn-26323,75.0,57.5
SWE-bench,Devstral,SS,sympy__sympy-11618,57.5,61.5
SWE-bench,Devstral,SS,sympy__sympy-13372,68.66666666666667,66.0
SWE-bench,Devstral,SS,sympy__sympy-13757,95.0,76.5
SWE-bench,Devstral,SS,sympy__sympy-14531,97.5,100.0
SWE-bench,Devstral,SS,sympy__sympy-14711,85.0,86.66666666666667
SWE-bench,Devstral,SS,sympy__sympy-15349,44.333333333333336,41.333333333333336
SWE-bench,Devstral,SS,sympy__sympy-15875,66.0,63.0
SWE-bench,Devstral,SS,sympy__sympy-16450,53.0,56.333333333333336
SWE-bench,Devstral,SS,sympy__sympy-18189,76.33333333333333,42.333333333333336
SWE-bench,Devstral,SS,sympy__sympy-19637,28.0,39.333333333333336
SWE-bench,Devstral,SS,sympy__sympy-19954,44.333333333333336,45.666666666666664
SWE-bench,Devstral,SS,sympy__sympy-24066,46.5,66.0
SWE-bench,Devstral,SS,sympy__sympy-24213,34.333333333333336,35.333333333333336
SWE-bench,Devstral,SS,sympy__sympy-24443,65.66666666666667,51.0
SWE-bench,Devstral,SS,sympy__sympy-24661,60.5,67.33333333333333
SWE-bench,Devstral,SS-p,django__django-11066,31.0,44.0
SWE-bench,Devstral,SS-p,django__django-11095,43.333333333333336,53.666666666666664
SWE-bench,Devstral,SS-p,django__django-11292,51.0,57.0
SWE-bench,Devstral,SS-p,django__django-11299,76.33333333333333,83.66666666666667
SWE-bench,Devstral,SS-p,django__django-12143,29.666666666666668,32.666666666666664
SWE-bench,Devstral,SS-p,django__django-12304,51.0,65.66666666666667
SWE-bench,Devstral,SS-p,django__django-13012,46.666666666666664,51.333333333333336
SWE-bench,Devstral,SS-p,django__django-13809,53.0,48.333333333333336
SWE-bench,Devstral,SS-p,django__django-13810,78.33333333333333,69.0
SWE-bench,Devstral,SS-p,django__django-14580,65.33333333333333,68.33333333333333
SWE-bench,Devstral,SS-p,django__django-14915,47.0,55.0
SWE-bench,Devstral,SS-p,django__django-14999,79.33333333333333,71.0
SWE-bench,Devstral,SS-p,django__django-15278,50.5,84.66666666666667
SWE-bench,Devstral,SS-p,django__django-15368,59.666666666666664,57.666666666666664
SWE-bench,Devstral,SS-p,django__django-15741,57.666666666666664,59.333333333333336
SWE-bench,Devstral,SS-p,django__django-15930,88.33333333333333,97.0
SWE-bench,Devstral,SS-p,scikit-learn__scikit-learn-10297,85.66666666666667,76.0
SWE-bench,Devstral,SS-p,scikit-learn__scikit-learn-10844,51.0,41.333333333333336
SWE-bench,Devstral,SS-p,scikit-learn__scikit-learn-10908,89.5,64.66666666666667
SWE-bench,Devstral,SS-p,scikit-learn__scikit-learn-11310,62.333333333333336,70.66666666666667
SWE-bench,Devstral,SS-p,scikit-learn__scikit-learn-11578,47.0,43.0
SWE-bench,Devstral,SS-p,scikit-learn__scikit-learn-12585,45.666666666666664,46.0
SWE-bench,Devstral,SS-p,scikit-learn__scikit-learn-13135,69.66666666666667,68.5
SWE-bench,Devstral,SS-p,scikit-learn__scikit-learn-13142,72.33333333333333,62.666666666666664
SWE-bench,Devstral,SS-p,scikit-learn__scikit-learn-13328,74.0,75.33333333333333
SWE-bench,Devstral,SS-p,scikit-learn__scikit-learn-13439,52.666666666666664,53.333333333333336
SWE-bench,Devstral,SS-p,scikit-learn__scikit-learn-13496,72.0,62.0
SWE-bench,Devstral,SS-p,scikit-learn__scikit-learn-13779,47.5,74.0
SWE-bench,Devstral,SS-p,scikit-learn__scikit-learn-14053,59.0,68.33333333333333
SWE-bench,Devstral,SS-p,scikit-learn__scikit-learn-14141,39.0,39.666666666666664
SWE-bench,Devstral,SS-p,scikit-learn__scikit-learn-14496,44.666666666666664,43.333333333333336
SWE-bench,Devstral,SS-p,scikit-learn__scikit-learn-14894,51.666666666666664,46.333333333333336
SWE-bench,Devstral,SS-p,scikit-learn__scikit-learn-15100,52.666666666666664,46.666666666666664
SWE-bench,Devstral,SS-p,scikit-learn__scikit-learn-25232,90.0,60.333333333333336
SWE-bench,Devstral,SS-p,scikit-learn__scikit-learn-25931,59.666666666666664,68.0
SWE-bench,Devstral,SS-p,scikit-learn__scikit-learn-26323,58.666666666666664,57.5
SWE-bench,Devstral,SS-p,scikit-learn__scikit-learn-9288,63.0,59.0
SWE-bench,Devstral,SS-p,sympy__sympy-11618,72.66666666666667,61.5
SWE-bench,Devstral,SS-p,sympy__sympy-13372,66.0,66.0
SWE-bench,Devstral,SS-p,sympy__sympy-13647,70.5,56.333333333333336
SWE-bench,Devstral,SS-p,sympy__sympy-14531,92.0,100.0
SWE-bench,Devstral,SS-p,sympy__sympy-14711,64.33333333333333,86.66666666666667
SWE-bench,Devstral,SS-p,sympy__sympy-15345,73.0,88.0
SWE-bench,Devstral,SS-p,sympy__sympy-15349,50.666666666666664,41.333333333333336
SWE-bench,Devstral,SS-p,sympy__sympy-15875,71.66666666666667,63.0
SWE-bench,Devstral,SS-p,sympy__sympy-16450,49.333333333333336,56.333333333333336
SWE-bench,Devstral,SS-p,sympy__sympy-18189,35.666666666666664,42.333333333333336
SWE-bench,Devstral,SS-p,sympy__sympy-19637,40.0,39.333333333333336
SWE-bench,Devstral,SS-p,sympy__sympy-19954,45.333333333333336,45.666666666666664
SWE-bench,Devstral,SS-p,sympy__sympy-24213,39.0,35.333333333333336
SWE-bench,Devstral,SS-p,sympy__sympy-24443,78.0,51.0
SWE-bench,Devstral,SS-p,sympy__sympy-24661,67.0,67.33333333333333
SWE-bench,Devstral,TRC+SU,django__django-11066,37.0,44.0
SWE-bench,Devstral,TRC+SU,django__django-11095,53.333333333333336,53.666666666666664
SWE-bench,Devstral,TRC+SU,django__django-11292,57.333333333333336,57.0
SWE-bench,Devstral,TRC+SU,django__django-11299,76.33333333333333,83.66666666666667
SWE-bench,Devstral,TRC+SU,django__django-12143,52.0,32.666666666666664
SWE-bench,Devstral,TRC+SU,django__django-12304,76.0,65.66666666666667
SWE-bench,Devstral,TRC+SU,django__django-13012,68.33333333333333,51.333333333333336
SWE-bench,Devstral,TRC+SU,django__django-13809,60.333333333333336,48.333333333333336
SWE-bench,Devstral,TRC+SU,django__django-13810,71.66666666666667,69.0
SWE-bench,Devstral,TRC+SU,django__django-14580,53.666666666666664,68.33333333333333
SWE-bench,Devstral,TRC+SU,django__django-14915,58.333333333333336,55.0
SWE-bench,Devstral,TRC+SU,django__django-14999,65.66666666666667,71.0
SWE-bench,Devstral,TRC+SU,django__django-15278,79.66666666666667,84.66666666666667
SWE-bench,Devstral,TRC+SU,django__django-15368,71.66666666666667,57.666666666666664
SWE-bench,Devstral,TRC+SU,django__django-15741,61.0,59.333333333333336
SWE-bench,Devstral,TRC+SU,django__django-15930,78.0,97.0
SWE-bench,Devstral,TRC+SU,scikit-learn__scikit-learn-10297,83.0,76.0
SWE-bench,Devstral,TRC+SU,scikit-learn__scikit-learn-10844,47.0,41.333333333333336
SWE-bench,Devstral,TRC+SU,scikit-learn__scikit-learn-11310,82.33333333333333,70.66666666666667
SWE-bench,Devstral,TRC+SU,scikit-learn__scikit-learn-11578,55.333333333333336,43.0
SWE-bench,Devstral,TRC+SU,scikit-learn__scikit-learn-12585,51.333333333333336,46.0
SWE-bench,Devstral,TRC+SU,scikit-learn__scikit-learn-13135,63.0,68.5
SWE-bench,Devstral,TRC+SU,scikit-learn__scikit-learn-13142,74.66666666666667,62.666666666666664
SWE-bench,Devstral,TRC+SU,scikit-learn__scikit-learn-13328,72.0,75.33333333333333
SWE-bench,Devstral,TRC+SU,scikit-learn__scikit-learn-13439,56.333333333333336,53.333333333333336
SWE-bench,Devstral,TRC+SU,scikit-learn__scikit-learn-13496,72.66666666666667,62.0
SWE-bench,Devstral,TRC+SU,scikit-learn__scikit-learn-13779,73.0,74.0
SWE-bench,Devstral,TRC+SU,scikit-learn__scikit-learn-14141,47.333333333333336,39.666666666666664
SWE-bench,Devstral,TRC+SU,scikit-learn__scikit-learn-14496,62.666666666666664,43.333333333333336
SWE-bench,Devstral,TRC+SU,scikit-learn__scikit-learn-14894,56.0,46.333333333333336
SWE-bench,Devstral,TRC+SU,scikit-learn__scikit-learn-15100,43.0,46.666666666666664
SWE-bench,Devstral,TRC+SU,scikit-learn__scikit-learn-25931,79.33333333333333,68.0
SWE-bench,Devstral,TRC+SU,scikit-learn__scikit-learn-26323,62.333333333333336,57.5
SWE-bench,Devstral,TRC+SU,scikit-learn__scikit-learn-9288,55.0,59.0
SWE-bench,Devstral,TRC+SU,sympy__sympy-11618,78.0,61.5
SWE-bench,Devstral,TRC+SU,sympy__sympy-13372,66.33333333333333,66.0
SWE-bench,Devstral,TRC+SU,sympy__sympy-13647,102.33333333333333,56.333333333333336
SWE-bench,Devstral,TRC+SU,sympy__sympy-13757,108.0,76.5
SWE-bench,Devstral,TRC+SU,sympy__sympy-14711,75.5,86.66666666666667
SWE-bench,Devstral,TRC+SU,sympy__sympy-15345,78.0,88.0
SWE-bench,Devstral,TRC+SU,sympy__sympy-15349,53.666666666666664,41.333333333333336
SWE-bench,Devstral,TRC+SU,sympy__sympy-15875,61.333333333333336,63.0
SWE-bench,Devstral,TRC+SU,sympy__sympy-16450,56.0,56.333333333333336
SWE-bench,Devstral,TRC+SU,sympy__sympy-18189,53.333333333333336,42.333333333333336
SWE-bench,Devstral,TRC+SU,sympy__sympy-19637,50.666666666666664,39.333333333333336
SWE-bench,Devstral,TRC+SU,sympy__sympy-19954,45.333333333333336,45.666666666666664
SWE-bench,Devstral,TRC+SU,sympy__sympy-24066,69.66666666666667,66.0
SWE-bench,Devstral,TRC+SU,sympy__sympy-24213,44.333333333333336,35.333333333333336
SWE-bench,Devstral,TRC+SU,sympy__sympy-24443,59.0,51.0
SWE-bench,Devstral,TRC+SU,sympy__sympy-24661,62.0,67.33333333333333
SWE-bench,Devstral,TRC+SS,django__django-11066,35.333333333333336,44.0
SWE-bench,Devstral,TRC+SS,django__django-11095,52.333333333333336,53.666666666666664
SWE-bench,Devstral,TRC+SS,django__django-11292,59.0,57.0
SWE-bench,Devstral,TRC+SS,django__django-11299,80.66666666666667,83.66666666666667
SWE-bench,Devstral,TRC+SS,django__django-12143,34.333333333333336,32.666666666666664
SWE-bench,Devstral,TRC+SS,django__django-12304,44.333333333333336,65.66666666666667
SWE-bench,Devstral,TRC+SS,django__django-13012,57.666666666666664,51.333333333333336
SWE-bench,Devstral,TRC+SS,django__django-13809,92.0,48.333333333333336
SWE-bench,Devstral,TRC+SS,django__django-14580,80.33333333333333,68.33333333333333
SWE-bench,Devstral,TRC+SS,django__django-14915,44.0,55.0
SWE-bench,Devstral,TRC+SS,django__django-14999,67.0,71.0
SWE-bench,Devstral,TRC+SS,django__django-15278,84.0,84.66666666666667
SWE-bench,Devstral,TRC+SS,django__django-15368,42.5,57.666666666666664
SWE-bench,Devstral,TRC+SS,django__django-15741,63.333333333333336,59.333333333333336
SWE-bench,Devstral,TRC+SS,django__django-15930,76.5,97.0
SWE-bench,Devstral,TRC+SS,scikit-learn__scikit-learn-10297,98.66666666666667,76.0
SWE-bench,Devstral,TRC+SS,scikit-learn__scikit-learn-10844,48.333333333333336,41.333333333333336
SWE-bench,Devstral,TRC+SS,scikit-learn__scikit-learn-10908,75.0,64.66666666666667
SWE-bench,Devstral,TRC+SS,scikit-learn__scikit-learn-11310,69.0,70.66666666666667
SWE-bench,Devstral,TRC+SS,scikit-learn__scikit-learn-11578,52.333333333333336,43.0
SWE-bench,Devstral,TRC+SS,scikit-learn__scikit-learn-12585,38.666666666666664,46.0
SWE-bench,Devstral,TRC+SS,scikit-learn__scikit-learn-13135,50.5,68.5
SWE-bench,Devstral,TRC+SS,scikit-learn__scikit-learn-13142,66.33333333333333,62.666666666666664
SWE-bench,Devstral,TRC+SS,scikit-learn__scikit-learn-13328,66.66666666666667,75.33333333333333
SWE-bench,Devstral,TRC+SS,scikit-learn__scikit-learn-13439,62.666666666666664,53.333333333333336
SWE-bench,Devstral,TRC+SS,scikit-learn__scikit-learn-13496,70.33333333333333,62.0
SWE-bench,Devstral,TRC+SS,scikit-learn__scikit-learn-13779,68.33333333333333,74.0
SWE-bench,Devstral,TRC+SS,scikit-learn__scikit-learn-14141,55.333333333333336,39.666666666666664
SWE-bench,Devstral,TRC+SS,scikit-learn__scikit-learn-14496,53.666666666666664,43.333333333333336
SWE-bench,Devstral,TRC+SS,scikit-learn__scikit-learn-14894,50.666666666666664,46.333333333333336
SWE-bench,Devstral,TRC+SS,scikit-learn__scikit-learn-15100,56.666666666666664,46.666666666666664
SWE-bench,Devstral,TRC+SS,scikit-learn__scikit-learn-25232,67.66666666666667,60.333333333333336
SWE-bench,Devstral,TRC+SS,scikit-learn__scikit-learn-26323,56.666666666666664,57.5
SWE-bench,Devstral,TRC+SS,scikit-learn__scikit-learn-9288,66.0,59.0
SWE-bench,Devstral,TRC+SS,sympy__sympy-11618,93.5,61.5
SWE-bench,Devstral,TRC+SS,sympy__sympy-13372,66.0,66.0
SWE-bench,Devstral,TRC+SS,sympy__sympy-13647,72.0,56.333333333333336
SWE-bench,Devstral,TRC+SS,sympy__sympy-13757,118.0,76.5
SWE-bench,Devstral,TRC+SS,sympy__sympy-14711,75.66666666666667,86.66666666666667
SWE-bench,Devstral,TRC+SS,sympy__sympy-15345,91.66666666666667,88.0
SWE-bench,Devstral,TRC+SS,sympy__sympy-15349,42.666666666666664,41.333333333333336
SWE-bench,Devstral,TRC+SS,sympy__sympy-15875,64.0,63.0
SWE-bench,Devstral,TRC+SS,sympy__sympy-16450,50.333333333333336,56.333333333333336
SWE-bench,Devstral,TRC+SS,sympy__sympy-18189,40.666666666666664,42.333333333333336
SWE-bench,Devstral,TRC+SS,sympy__sympy-19637,35.666666666666664,39.333333333333336
SWE-bench,Devstral,TRC+SS,sympy__sympy-19954,50.666666666666664,45.666666666666664
SWE-bench,Devstral,TRC+SS,sympy__sympy-24066,55.333333333333336,66.0
SWE-bench,Devstral,TRC+SS,sympy__sympy-24213,52.333333333333336,35.333333333333336
SWE-bench,Devstral,TRC+SS,sympy__sympy-24443,50.666666666666664,51.0
SWE-bench,Devstral,TRC+SS,sympy__sympy-24661,75.33333333333333,67.33333333333333
SWE-bench,Devstral,OTRC+TR,django__django-11066,65.33333333333333,44.0
SWE-bench,Devstral,OTRC+TR,django__django-11095,70.5,53.666666666666664
SWE-bench,Devstral,OTRC+TR,django__django-11292,78.0,57.0
SWE-bench,Devstral,OTRC+TR,django__django-12143,25.333333333333332,32.666666666666664
SWE-bench,Devstral,OTRC+TR,django__django-13012,59.0,51.333333333333336
SWE-bench,Devstral,OTRC+TR,django__django-14580,79.33333333333333,68.33333333333333
SWE-bench,Devstral,OTRC+TR,django__django-14915,45.333333333333336,55.0
SWE-bench,Devstral,OTRC+TR,django__django-14999,82.33333333333333,71.0
SWE-bench,Devstral,OTRC+TR,django__django-15278,83.5,84.66666666666667
SWE-bench,Devstral,OTRC+TR,django__django-15741,76.33333333333333,59.333333333333336
SWE-bench,Devstral,OTRC+TR,django__django-15930,99.0,97.0
SWE-bench,Devstral,OTRC+TR,scikit-learn__scikit-learn-10297,62.333333333333336,76.0
SWE-bench,Devstral,OTRC+TR,scikit-learn__scikit-learn-10844,29.5,41.333333333333336
SWE-bench,Devstral,OTRC+TR,scikit-learn__scikit-learn-11310,81.33333333333333,70.66666666666667
SWE-bench,Devstral,OTRC+TR,scikit-learn__scikit-learn-11578,55.0,43.0
SWE-bench,Devstral,OTRC+TR,scikit-learn__scikit-learn-13135,49.5,68.5
SWE-bench,Devstral,OTRC+TR,scikit-learn__scikit-learn-13142,81.0,62.666666666666664
SWE-bench,Devstral,OTRC+TR,scikit-learn__scikit-learn-13328,76.5,75.33333333333333
SWE-bench,Devstral,OTRC+TR,scikit-learn__scikit-learn-13439,63.5,53.333333333333336
SWE-bench,Devstral,OTRC+TR,scikit-learn__scikit-learn-13496,58.5,62.0
SWE-bench,Devstral,OTRC+TR,scikit-learn__scikit-learn-13779,48.333333333333336,74.0
SWE-bench,Devstral,OTRC+TR,scikit-learn__scikit-learn-14053,51.5,68.33333333333333
SWE-bench,Devstral,OTRC+TR,scikit-learn__scikit-learn-14141,41.0,39.666666666666664
SWE-bench,Devstral,OTRC+TR,scikit-learn__scikit-learn-14496,46.0,43.333333333333336
SWE-bench,Devstral,OTRC+TR,scikit-learn__scikit-learn-25931,71.0,68.0
SWE-bench,Devstral,OTRC+TR,scikit-learn__scikit-learn-9288,62.5,59.0
SWE-bench,Devstral,OTRC+TR,sympy__sympy-11618,81.0,61.5
SWE-bench,Devstral,OTRC+TR,sympy__sympy-13647,90.0,56.333333333333336
SWE-bench,Devstral,OTRC+TR,sympy__sympy-14711,68.66666666666667,86.66666666666667
SWE-bench,Devstral,OTRC+TR,sympy__sympy-15345,72.5,88.0
SWE-bench,Devstral,OTRC+TR,sympy__sympy-15349,53.0,41.333333333333336
SWE-bench,Devstral,OTRC+TR,sympy__sympy-16450,61.666666666666664,56.333333333333336
SWE-bench,Devstral,OTRC+TR,sympy__sympy-19637,35.666666666666664,39.333333333333336
SWE-bench,Devstral,OTRC+TR,sympy__sympy-19954,54.333333333333336,45.666666666666664
SWE-bench,Devstral,OTRC+TR,sympy__sympy-24066,84.33333333333333,66.0
SWE-bench,Devstral,OTRC+TR,sympy__sympy-24213,49.666666666666664,35.333333333333336
SWE-bench,Devstral,OTRC+TR,sympy__sympy-24661,91.33333333333333,67.33333333333333
SWE-bench,Devstral,OTRC+SU-p,django__django-11066,19.0,44.0
SWE-bench,Devstral,OTRC+SU-p,django__django-11095,56.0,53.666666666666664
SWE-bench,Devstral,OTRC+SU-p,django__django-11292,64.66666666666667,57.0
SWE-bench,Devstral,OTRC+SU-p,django__django-12304,59.0,65.66666666666667
SWE-bench,Devstral,OTRC+SU-p,django__django-13012,89.0,51.333333333333336
SWE-bench,Devstral,OTRC+SU-p,django__django-13809,61.0,48.333333333333336
SWE-bench,Devstral,OTRC+SU-p,django__django-13810,61.0,69.0
SWE-bench,Devstral,OTRC+SU-p,django__django-14580,81.5,68.33333333333333
SWE-bench,Devstral,OTRC+SU-p,django__django-14915,48.0,55.0
SWE-bench,Devstral,OTRC+SU-p,django__django-15368,58.5,57.666666666666664
SWE-bench,Devstral,OTRC+SU-p,django__django-15741,51.666666666666664,59.333333333333336
SWE-bench,Devstral,OTRC+SU-p,django__django-15930,78.5,97.0
SWE-bench,Devstral,OTRC+SU-p,scikit-learn__scikit-learn-10297,44.5,76.0
SWE-bench,Devstral,OTRC+SU-p,scikit-learn__scikit-learn-10844,36.0,41.333333333333336
SWE-bench,Devstral,OTRC+SU-p,scikit-learn__scikit-learn-11310,78.33333333333333,70.66666666666667
SWE-bench,Devstral,OTRC+SU-p,scikit-learn__scikit-learn-12585,64.33333333333333,46.0
SWE-bench,Devstral,OTRC+SU-p,scikit-learn__scikit-learn-13439,70.0,53.333333333333336
SWE-bench,Devstral,OTRC+SU-p,scikit-learn__scikit-learn-13496,72.0,62.0
SWE-bench,Devstral,OTRC+SU-p,scikit-learn__scikit-learn-13779,37.333333333333336,74.0
SWE-bench,Devstral,OTRC+SU-p,scikit-learn__scikit-learn-14141,37.333333333333336,39.666666666666664
SWE-bench,Devstral,OTRC+SU-p,scikit-learn__scikit-learn-14496,52.333333333333336,43.333333333333336
SWE-bench,Devstral,OTRC+SU-p,scikit-learn__scikit-learn-14894,66.5,46.333333333333336
SWE-bench,Devstral,OTRC+SU-p,scikit-learn__scikit-learn-15100,33.5,46.666666666666664
SWE-bench,Devstral,OTRC+SU-p,scikit-learn__scikit-learn-9288,65.0,59.0
SWE-bench,Devstral,OTRC+SU-p,sympy__sympy-11618,61.0,61.5
SWE-bench,Devstral,OTRC+SU-p,sympy__sympy-14531,117.0,100.0
SWE-bench,Devstral,OTRC+SU-p,sympy__sympy-14711,69.5,86.66666666666667
SWE-bench,Devstral,OTRC+SU-p,sympy__sympy-15875,67.5,63.0
SWE-bench,Devstral,OTRC+SU-p,sympy__sympy-16450,66.33333333333333,56.333333333333336
SWE-bench,Devstral,OTRC+SU-p,sympy__sympy-19637,35.666666666666664,39.333333333333336
SWE-bench,Devstral,OTRC+SU-p,sympy__sympy-19954,46.333333333333336,45.666666666666664
SWE-bench,Devstral,OTRC+SU-p,sympy__sympy-24066,80.66666666666667,66.0
SWE-bench,Devstral,OTRC+SU-p,sympy__sympy-24213,44.0,35.333333333333336
SWE-bench,Devstral,OTRC+SU-p,sympy__sympy-24661,86.5,67.33333333333333
SWE-bench,Devstral,OTRC+SS-p,django__django-11066,43.0,44.0
SWE-bench,Devstral,OTRC+SS-p,django__django-11095,59.0,53.666666666666664
SWE-bench,Devstral,OTRC+SS-p,django__django-11292,54.666666666666664,57.0
SWE-bench,Devstral,OTRC+SS-p,django__django-12304,54.5,65.66666666666667
SWE-bench,Devstral,OTRC+SS-p,django__django-13012,74.5,51.333333333333336
SWE-bench,Devstral,OTRC+SS-p,django__django-13809,56.0,48.333333333333336
SWE-bench,Devstral,OTRC+SS-p,django__django-13810,57.0,69.0
SWE-bench,Devstral,OTRC+SS-p,django__django-14915,38.5,55.0
SWE-bench,Devstral,OTRC+SS-p,django__django-14999,80.33333333333333,71.0
SWE-bench,Devstral,OTRC+SS-p,django__django-15278,71.5,84.66666666666667
SWE-bench,Devstral,OTRC+SS-p,django__django-15741,84.5,59.333333333333336
SWE-bench,Devstral,OTRC+SS-p,scikit-learn__scikit-learn-10297,73.33333333333333,76.0
SWE-bench,Devstral,OTRC+SS-p,scikit-learn__scikit-learn-10844,33.666666666666664,41.333333333333336
SWE-bench,Devstral,OTRC+SS-p,scikit-learn__scikit-learn-11310,93.66666666666667,70.66666666666667
SWE-bench,Devstral,OTRC+SS-p,scikit-learn__scikit-learn-11578,52.333333333333336,43.0
SWE-bench,Devstral,OTRC+SS-p,scikit-learn__scikit-learn-12585,51.666666666666664,46.0
SWE-bench,Devstral,OTRC+SS-p,scikit-learn__scikit-learn-13135,68.5,68.5
SWE-bench,Devstral,OTRC+SS-p,scikit-learn__scikit-learn-13328,85.5,75.33333333333333
SWE-bench,Devstral,OTRC+SS-p,scikit-learn__scikit-learn-13439,61.333333333333336,53.333333333333336
SWE-bench,Devstral,OTRC+SS-p,scikit-learn__scikit-learn-13496,83.0,62.0
SWE-bench,Devstral,OTRC+SS-p,scikit-learn__scikit-learn-13779,47.0,74.0
SWE-bench,Devstral,OTRC+SS-p,scikit-learn__scikit-learn-14141,37.333333333333336,39.666666666666664
SWE-bench,Devstral,OTRC+SS-p,scikit-learn__scikit-learn-14496,50.666666666666664,43.333333333333336
SWE-bench,Devstral,OTRC+SS-p,scikit-learn__scikit-learn-14894,50.0,46.333333333333336
SWE-bench,Devstral,OTRC+SS-p,scikit-learn__scikit-learn-9288,72.5,59.0
SWE-bench,Devstral,OTRC+SS-p,sympy__sympy-11618,49.0,61.5
SWE-bench,Devstral,OTRC+SS-p,sympy__sympy-13372,63.5,66.0
SWE-bench,Devstral,OTRC+SS-p,sympy__sympy-13647,98.0,56.333333333333336
SWE-bench,Devstral,OTRC+SS-p,sympy__sympy-14711,89.33333333333333,86.66666666666667
SWE-bench,Devstral,OTRC+SS-p,sympy__sympy-15875,64.5,63.0
SWE-bench,Devstral,OTRC+SS-p,sympy__sympy-16450,58.333333333333336,56.333333333333336
SWE-bench,Devstral,OTRC+SS-p,sympy__sympy-18189,71.33333333333333,42.333333333333336
SWE-bench,Devstral,OTRC+SS-p,sympy__sympy-19637,43.5,39.333333333333336
SWE-bench,Devstral,OTRC+SS-p,sympy__sympy-19954,56.333333333333336,45.666666666666664
SWE-bench,Devstral,OTRC+SS-p,sympy__sympy-24066,88.66666666666667,66.0
SWE-bench,Devstral,OTRC+SS-p,sympy__sympy-24213,75.33333333333333,35.333333333333336
SWE-bench,Devstral,OTRC+SS-p,sympy__sympy-24661,79.33333333333333,67.33333333333333
SWE-bench,Devstral,OTRC,django__django-11095,70.66666666666667,53.666666666666664
SWE-bench,Devstral,OTRC,django__django-11292,65.0,57.0
SWE-bench,Devstral,OTRC,django__django-12143,33.333333333333336,32.666666666666664
SWE-bench,Devstral,OTRC,django__django-12304,77.0,65.66666666666667
SWE-bench,Devstral,OTRC,django__django-13809,55.5,48.333333333333336
SWE-bench,Devstral,OTRC,django__django-13810,53.5,69.0
SWE-bench,Devstral,OTRC,django__django-14999,86.33333333333333,71.0
SWE-bench,Devstral,OTRC,django__django-15278,105.0,84.66666666666667
SWE-bench,Devstral,OTRC,django__django-15368,61.666666666666664,57.666666666666664
SWE-bench,Devstral,OTRC,django__django-15930,115.5,97.0
SWE-bench,Devstral,OTRC,scikit-learn__scikit-learn-10297,71.5,76.0
SWE-bench,Devstral,OTRC,scikit-learn__scikit-learn-10844,31.333333333333332,41.333333333333336
SWE-bench,Devstral,OTRC,scikit-learn__scikit-learn-11310,71.0,70.66666666666667
SWE-bench,Devstral,OTRC,scikit-learn__scikit-learn-11578,59.0,43.0
SWE-bench,Devstral,OTRC,scikit-learn__scikit-learn-13135,68.5,68.5
SWE-bench,Devstral,OTRC,scikit-learn__scikit-learn-13328,69.0,75.33333333333333
SWE-bench,Devstral,OTRC,scikit-learn__scikit-learn-13439,71.5,53.333333333333336
SWE-bench,Devstral,OTRC,scikit-learn__scikit-learn-13496,73.0,62.0
SWE-bench,Devstral,OTRC,scikit-learn__scikit-learn-13779,54.666666666666664,74.0
SWE-bench,Devstral,OTRC,scikit-learn__scikit-learn-14141,37.666666666666664,39.666666666666664
SWE-bench,Devstral,OTRC,scikit-learn__scikit-learn-14496,32.0,43.333333333333336
SWE-bench,Devstral,OTRC,scikit-learn__scikit-learn-14894,54.333333333333336,46.333333333333336
SWE-bench,Devstral,OTRC,scikit-learn__scikit-learn-15100,43.5,46.666666666666664
SWE-bench,Devstral,OTRC,scikit-learn__scikit-learn-9288,65.5,59.0
SWE-bench,Devstral,OTRC,sympy__sympy-13372,66.0,66.0
SWE-bench,Devstral,OTRC,sympy__sympy-15349,39.333333333333336,41.333333333333336
SWE-bench,Devstral,OTRC,sympy__sympy-15875,65.66666666666667,63.0
SWE-bench,Devstral,OTRC,sympy__sympy-16450,60.5,56.333333333333336
SWE-bench,Devstral,OTRC,sympy__sympy-18189,43.5,42.333333333333336
SWE-bench,Devstral,OTRC,sympy__sympy-19637,57.666666666666664,39.333333333333336
SWE-bench,Devstral,OTRC,sympy__sympy-19954,39.0,45.666666666666664
SWE-bench,Devstral,OTRC,sympy__sympy-24066,93.0,66.0
SWE-bench,Devstral,OTRC,sympy__sympy-24213,56.333333333333336,35.333333333333336
SWE-bench,Devstral,OTRC,sympy__sympy-24443,61.5,51.0
SWE-bench,Devstral,OTRC,sympy__sympy-24661,94.33333333333333,67.33333333333333
SWE-bench,GLM,TR,django__django-11066,10.666666666666666,12.333333333333334
SWE-bench,GLM,TR,django__django-11095,74.5,33.5
SWE-bench,GLM,TR,django__django-12143,22.666666666666668,22.666666666666668
SWE-bench,GLM,TR,django__django-13012,75.5,66.5
SWE-bench,GLM,TR,django__django-13809,19.0,15.666666666666666
SWE-bench,GLM,TR,django__django-14915,33.0,27.0
SWE-bench,GLM,TR,scikit-learn__scikit-learn-10297,52.666666666666664,39.5
SWE-bench,GLM,TR,scikit-learn__scikit-learn-10844,30.5,23.0
SWE-bench,GLM,TR,scikit-learn__scikit-learn-11310,63.5,66.0
SWE-bench,GLM,TR,scikit-learn__scikit-learn-11578,36.666666666666664,31.0
SWE-bench,GLM,TR,scikit-learn__scikit-learn-12585,27.0,26.333333333333332
SWE-bench,GLM,TR,scikit-learn__scikit-learn-13142,67.5,46.5
SWE-bench,GLM,TR,scikit-learn__scikit-learn-13439,35.0,32.666666666666664
SWE-bench,GLM,TR,scikit-learn__scikit-learn-13496,39.0,42.0
SWE-bench,GLM,TR,scikit-learn__scikit-learn-13779,31.0,27.5
SWE-bench,GLM,TR,scikit-learn__scikit-learn-14141,16.333333333333332,18.0
SWE-bench,GLM,TR,scikit-learn__scikit-learn-14496,24.333333333333332,31.333333333333332
SWE-bench,GLM,TR,scikit-learn__scikit-learn-14710,52.5,49.666666666666664
SWE-bench,GLM,TR,scikit-learn__scikit-learn-14894,63.333333333333336,28.0
SWE-bench,GLM,TR,scikit-learn__scikit-learn-15100,26.333333333333332,33.0
SWE-bench,GLM,TR,sympy__sympy-11618,31.0,39.0
SWE-bench,GLM,TR,sympy__sympy-13372,29.333333333333332,27.0
SWE-bench,GLM,TR,sympy__sympy-14711,35.0,36.666666666666664
SWE-bench,GLM,TR,sympy__sympy-15017,35.5,38.666666666666664
SWE-bench,GLM,TR,sympy__sympy-15349,43.666666666666664,25.333333333333332
SWE-bench,GLM,TR,sympy__sympy-16450,52.5,67.0
SWE-bench,GLM,TR,sympy__sympy-17139,26.0,29.0
SWE-bench,GLM,TR,sympy__sympy-19954,31.666666666666668,41.0
SWE-bench,GLM,TR,sympy__sympy-24066,29.0,22.5
SWE-bench,GLM,TR,sympy__sympy-24213,20.0,34.666666666666664
SWE-bench,GLM,TR,sympy__sympy-24443,56.5,33.5
SWE-bench,GLM,TR,sympy__sympy-24661,87.5,62.666666666666664
SWE-bench,GLM,TRC,django__django-11066,8.666666666666666,12.333333333333334
SWE-bench,GLM,TRC,django__django-11095,32.666666666666664,33.5
SWE-bench,GLM,TRC,django__django-13809,18.0,15.666666666666666
SWE-bench,GLM,TRC,django__django-14915,30.333333333333332,27.0
SWE-bench,GLM,TRC,django__django-15368,33.0,39.0
SWE-bench,GLM,TRC,django__django-15741,47.0,85.5
SWE-bench,GLM,TRC,scikit-learn__scikit-learn-10297,38.666666666666664,39.5
SWE-bench,GLM,TRC,scikit-learn__scikit-learn-10844,30.666666666666668,23.0
SWE-bench,GLM,TRC,scikit-learn__scikit-learn-11578,46.0,31.0
SWE-bench,GLM,TRC,scikit-learn__scikit-learn-12585,32.666666666666664,26.333333333333332
SWE-bench,GLM,TRC,scikit-learn__scikit-learn-13142,63.666666666666664,46.5
SWE-bench,GLM,TRC,scikit-learn__scikit-learn-13439,30.0,32.666666666666664
SWE-bench,GLM,TRC,scikit-learn__scikit-learn-13496,54.333333333333336,42.0
SWE-bench,GLM,TRC,scikit-learn__scikit-learn-14141,20.333333333333332,18.0
SWE-bench,GLM,TRC,scikit-learn__scikit-learn-14496,26.333333333333332,31.333333333333332
SWE-bench,GLM,TRC,scikit-learn__scikit-learn-14710,42.5,49.666666666666664
SWE-bench,GLM,TRC,scikit-learn__scikit-learn-14894,42.5,28.0
SWE-bench,GLM,TRC,scikit-learn__scikit-learn-15100,28.333333333333332,33.0
SWE-bench,GLM,TRC,scikit-learn__scikit-learn-26323,50.0,45.333333333333336
SWE-bench,GLM,TRC,sympy__sympy-11618,41.333333333333336,39.0
SWE-bench,GLM,TRC,sympy__sympy-13372,25.0,27.0
SWE-bench,GLM,TRC,sympy__sympy-13647,51.5,36.5
SWE-bench,GLM,TRC,sympy__sympy-15017,35.5,38.666666666666664
SWE-bench,GLM,TRC,sympy__sympy-15349,24.0,25.333333333333332
SWE-bench,GLM,TRC,sympy__sympy-16450,42.333333333333336,67.0
SWE-bench,GLM,TRC,sympy__sympy-19637,24.333333333333332,36.666666666666664
SWE-bench,GLM,TRC,sympy__sympy-19954,26.666666666666668,41.0
SWE-bench,GLM,TRC,sympy__sympy-24066,28.666666666666668,22.5
SWE-bench,GLM,TRC,sympy__sympy-24213,28.0,34.666666666666664
SWE-bench,GLM,TRC,sympy__sympy-24443,38.333333333333336,33.5
SWE-bench,GLM,TRC,sympy__sympy-24661,52.5,62.666666666666664
SWE-bench,GLM,SU,django__django-11066,11.0,12.333333333333334
SWE-bench,GLM,SU,django__django-11095,27.0,33.5
SWE-bench,GLM,SU,django__django-12143,20.5,22.666666666666668
SWE-bench,GLM,SU,django__django-13809,14.5,15.666666666666666
SWE-bench,GLM,SU,django__django-14915,15.5,27.0
SWE-bench,GLM,SU,django__django-15741,32.5,85.5
SWE-bench,GLM,SU,scikit-learn__scikit-learn-10844,21.666666666666668,23.0
SWE-bench,GLM,SU,scikit-learn__scikit-learn-11578,40.5,31.0
SWE-bench,GLM,SU,scikit-learn__scikit-learn-13142,42.0,46.5
SWE-bench,GLM,SU,scikit-learn__scikit-learn-13439,38.666666666666664,32.666666666666664
SWE-bench,GLM,SU,scikit-learn__scikit-learn-14141,18.0,18.0
SWE-bench,GLM,SU,scikit-learn__scikit-learn-14496,28.333333333333332,31.333333333333332
SWE-bench,GLM,SU,scikit-learn__scikit-learn-15100,23.5,33.0
SWE-bench,GLM,SU,sympy__sympy-13372,24.666666666666668,27.0
SWE-bench,GLM,SU,sympy__sympy-14711,30.666666666666668,36.666666666666664
SWE-bench,GLM,SU,sympy__sympy-17139,26.333333333333332,29.0
SWE-bench,GLM,SU,sympy__sympy-19637,19.666666666666668,36.666666666666664
SWE-bench,GLM,SU,sympy__sympy-19954,22.5,41.0
SWE-bench,GLM,SU,sympy__sympy-24066,20.0,22.5
SWE-bench,GLM,SU,sympy__sympy-24213,31.0,34.666666666666664
SWE-bench,GLM,SU-p,django__django-11066,8.0,12.333333333333334
SWE-bench,GLM,SU-p,django__django-11095,29.666666666666668,33.5
SWE-bench,GLM,SU-p,django__django-12143,25.666666666666668,22.666666666666668
SWE-bench,GLM,SU-p,django__django-12276,44.0,53.5
SWE-bench,GLM,SU-p,django__django-13012,77.5,66.5
SWE-bench,GLM,SU-p,django__django-13809,21.0,15.666666666666666
SWE-bench,GLM,SU-p,django__django-14915,34.0,27.0
SWE-bench,GLM,SU-p,scikit-learn__scikit-learn-10297,43.5,39.5
SWE-bench,GLM,SU-p,scikit-learn__scikit-learn-10844,26.0,23.0
SWE-bench,GLM,SU-p,scikit-learn__scikit-learn-11310,71.0,66.0
SWE-bench,GLM,SU-p,scikit-learn__scikit-learn-11578,63.666666666666664,31.0
SWE-bench,GLM,SU-p,scikit-learn__scikit-learn-12585,33.666666666666664,26.333333333333332
SWE-bench,GLM,SU-p,scikit-learn__scikit-learn-13142,55.5,46.5
SWE-bench,GLM,SU-p,scikit-learn__scikit-learn-13439,28.666666666666668,32.666666666666664
SWE-bench,GLM,SU-p,scikit-learn__scikit-learn-13496,63.666666666666664,42.0
SWE-bench,GLM,SU-p,scikit-learn__scikit-learn-13779,66.66666666666667,27.5
SWE-bench,GLM,SU-p,scikit-learn__scikit-learn-14141,20.666666666666668,18.0
SWE-bench,GLM,SU-p,scikit-learn__scikit-learn-14496,30.666666666666668,31.333333333333332
SWE-bench,GLM,SU-p,scikit-learn__scikit-learn-14710,41.0,49.666666666666664
SWE-bench,GLM,SU-p,scikit-learn__scikit-learn-14894,50.5,28.0
SWE-bench,GLM,SU-p,scikit-learn__scikit-learn-15100,58.333333333333336,33.0
SWE-bench,GLM,SU-p,sympy__sympy-11618,32.666666666666664,39.0
SWE-bench,GLM,SU-p,sympy__sympy-13372,27.333333333333332,27.0
SWE-bench,GLM,SU-p,sympy__sympy-13647,34.0,36.5
SWE-bench,GLM,SU-p,sympy__sympy-14711,39.5,36.666666666666664
SWE-bench,GLM,SU-p,sympy__sympy-15017,31.5,38.666666666666664
SWE-bench,GLM,SU-p,sympy__sympy-16450,35.666666666666664,67.0
SWE-bench,GLM,SU-p,sympy__sympy-17139,29.0,29.0
SWE-bench,GLM,SU-p,sympy__sympy-19637,22.333333333333332,36.666666666666664
SWE-bench,GLM,SU-p,sympy__sympy-19954,25.0,41.0
SWE-bench,GLM,SU-p,sympy__sympy-24213,27.666666666666668,34.666666666666664
SWE-bench,GLM,SU-p,sympy__sympy-24661,50.0,62.666666666666664
SWE-bench,GLM,SS,django__django-11066,9.333333333333334,12.333333333333334
SWE-bench,GLM,SS,django__django-11095,46.0,33.5
SWE-bench,GLM,SS,django__django-12143,21.5,22.666666666666668
SWE-bench,GLM,SS,django__django-13012,57.0,66.5
SWE-bench,GLM,SS,django__django-13809,16.666666666666668,15.666666666666666
SWE-bench,GLM,SS,django__django-14915,23.666666666666668,27.0
SWE-bench,GLM,SS,django__django-15368,37.0,39.0
SWE-bench,GLM,SS,django__django-15741,34.666666666666664,85.5
SWE-bench,GLM,SS,scikit-learn__scikit-learn-10844,25.0,23.0
SWE-bench,GLM,SS,scikit-learn__scikit-learn-11578,37.666666666666664,31.0
SWE-bench,GLM,SS,scikit-learn__scikit-learn-13439,36.0,32.666666666666664
SWE-bench,GLM,SS,scikit-learn__scikit-learn-14141,20.333333333333332,18.0
SWE-bench,GLM,SS,scikit-learn__scikit-learn-14496,20.0,31.333333333333332
SWE-bench,GLM,SS,scikit-learn__scikit-learn-14710,29.5,49.666666666666664
SWE-bench,GLM,SS,scikit-learn__scikit-learn-14894,45.5,28.0
SWE-bench,GLM,SS,scikit-learn__scikit-learn-15100,22.333333333333332,33.0
SWE-bench,GLM,SS,sympy__sympy-11618,42.5,39.0
SWE-bench,GLM,SS,sympy__sympy-13372,34.5,27.0
SWE-bench,GLM,SS,sympy__sympy-15017,28.0,38.666666666666664
SWE-bench,GLM,SS,sympy__sympy-15349,25.0,25.333333333333332
SWE-bench,GLM,SS,sympy__sympy-16450,23.0,67.0
SWE-bench,GLM,SS,sympy__sympy-17139,23.0,29.0
SWE-bench,GLM,SS,sympy__sympy-19637,27.0,36.666666666666664
SWE-bench,GLM,SS,sympy__sympy-19954,31.666666666666668,41.0
SWE-bench,GLM,SS,sympy__sympy-24213,28.5,34.666666666666664
SWE-bench,GLM,SS,sympy__sympy-24443,33.5,33.5
SWE-bench,GLM,SS-p,django__django-11066,8.666666666666666,12.333333333333334
SWE-bench,GLM,SS-p,django__django-11095,60.333333333333336,33.5
SWE-bench,GLM,SS-p,django__django-12143,36.333333333333336,22.666666666666668
SWE-bench,GLM,SS-p,django__django-13809,23.666666666666668,15.666666666666666
SWE-bench,GLM,SS-p,django__django-14915,45.666666666666664,27.0
SWE-bench,GLM,SS-p,django__django-15368,35.5,39.0
SWE-bench,GLM,SS-p,django__django-15741,45.5,85.5
SWE-bench,GLM,SS-p,scikit-learn__scikit-learn-10297,49.0,39.5
SWE-bench,GLM,SS-p,scikit-learn__scikit-learn-10844,32.666666666666664,23.0
SWE-bench,GLM,SS-p,scikit-learn__scikit-learn-11578,50.0,31.0
SWE-bench,GLM,SS-p,scikit-learn__scikit-learn-12585,27.0,26.333333333333332
SWE-bench,GLM,SS-p,scikit-learn__scikit-learn-13142,47.0,46.5
SWE-bench,GLM,SS-p,scikit-learn__scikit-learn-13439,38.666666666666664,32.666666666666664
SWE-bench,GLM,SS-p,scikit-learn__scikit-learn-13496,59.666666666666664,42.0
SWE-bench,GLM,SS-p,scikit-learn__scikit-learn-14141,21.0,18.0
SWE-bench,GLM,SS-p,scikit-learn__scikit-learn-14496,26.333333333333332,31.333333333333332
SWE-bench,GLM,SS-p,scikit-learn__scikit-learn-14710,30.333333333333332,49.666666666666664
SWE-bench,GLM,SS-p,scikit-learn__scikit-learn-14894,41.5,28.0
SWE-bench,GLM,SS-p,scikit-learn__scikit-learn-15100,35.333333333333336,33.0
SWE-bench,GLM,SS-p,scikit-learn__scikit-learn-26323,75.5,45.333333333333336
SWE-bench,GLM,SS-p,sympy__sympy-11618,45.0,39.0
SWE-bench,GLM,SS-p,sympy__sympy-14711,66.5,36.666666666666664
SWE-bench,GLM,SS-p,sympy__sympy-15017,39.0,38.666666666666664
SWE-bench,GLM,SS-p,sympy__sympy-15349,42.5,25.333333333333332
SWE-bench,GLM,SS-p,sympy__sympy-16450,45.5,67.0
SWE-bench,GLM,SS-p,sympy__sympy-17139,32.0,29.0
SWE-bench,GLM,SS-p,sympy__sympy-19637,33.666666666666664,36.666666666666664
SWE-bench,GLM,SS-p,sympy__sympy-19954,23.0,41.0
SWE-bench,GLM,SS-p,sympy__sympy-24213,30.0,34.666666666666664
SWE-bench,GLM,SS-p,sympy__sympy-24661,45.0,62.666666666666664
SWE-bench,GLM,TRC+SU,django__django-11066,8.333333333333334,12.333333333333334
SWE-bench,GLM,TRC+SU,django__django-11095,50.5,33.5
SWE-bench,GLM,TRC+SU,django__django-12143,21.0,22.666666666666668
SWE-bench,GLM,TRC+SU,django__django-13809,41.333333333333336,15.666666666666666
SWE-bench,GLM,TRC+SU,django__django-14915,31.333333333333332,27.0
SWE-bench,GLM,TRC+SU,django__django-15368,51.666666666666664,39.0
SWE-bench,GLM,TRC+SU,scikit-learn__scikit-learn-10844,36.333333333333336,23.0
SWE-bench,GLM,TRC+SU,scikit-learn__scikit-learn-11578,38.333333333333336,31.0
SWE-bench,GLM,TRC+SU,scikit-learn__scikit-learn-12585,31.5,26.333333333333332
SWE-bench,GLM,TRC+SU,scikit-learn__scikit-learn-13142,47.0,46.5
SWE-bench,GLM,TRC+SU,scikit-learn__scikit-learn-13439,28.333333333333332,32.666666666666664
SWE-bench,GLM,TRC+SU,scikit-learn__scikit-learn-13496,73.66666666666667,42.0
SWE-bench,GLM,TRC+SU,scikit-learn__scikit-learn-14141,18.666666666666668,18.0
SWE-bench,GLM,TRC+SU,scikit-learn__scikit-learn-14496,24.333333333333332,31.333333333333332
SWE-bench,GLM,TRC+SU,scikit-learn__scikit-learn-14710,42.666666666666664,49.666666666666664
SWE-bench,GLM,TRC+SU,scikit-learn__scikit-learn-14894,29.5,28.0
SWE-bench,GLM,TRC+SU,scikit-learn__scikit-learn-15100,26.333333333333332,33.0
SWE-bench,GLM,TRC+SU,scikit-learn__scikit-learn-25232,46.0,87.0
SWE-bench,GLM,TRC+SU,sympy__sympy-13372,25.333333333333332,27.0
SWE-bench,GLM,TRC+SU,sympy__sympy-13647,44.0,36.5
SWE-bench,GLM,TRC+SU,sympy__sympy-14711,41.333333333333336,36.666666666666664
SWE-bench,GLM,TRC+SU,sympy__sympy-15017,41.333333333333336,38.666666666666664
SWE-bench,GLM,TRC+SU,sympy__sympy-16450,56.0,67.0
SWE-bench,GLM,TRC+SU,sympy__sympy-17139,25.5,29.0
SWE-bench,GLM,TRC+SU,sympy__sympy-19637,26.333333333333332,36.666666666666664
SWE-bench,GLM,TRC+SU,sympy__sympy-19954,26.0,41.0
SWE-bench,GLM,TRC+SU,sympy__sympy-24066,27.5,22.5
SWE-bench,GLM,TRC+SU,sympy__sympy-24213,23.0,34.666666666666664
SWE-bench,GLM,TRC+SU,sympy__sympy-24443,31.5,33.5
SWE-bench,GLM,TRC+SU,sympy__sympy-24661,44.0,62.666666666666664
SWE-bench,GLM,TRC+SS,django__django-11066,9.333333333333334,12.333333333333334
SWE-bench,GLM,TRC+SS,django__django-11095,46.333333333333336,33.5
SWE-bench,GLM,TRC+SS,django__django-12143,40.666666666666664,22.666666666666668
SWE-bench,GLM,TRC+SS,django__django-12276,54.333333333333336,53.5
SWE-bench,GLM,TRC+SS,django__django-13012,45.0,66.5
SWE-bench,GLM,TRC+SS,django__django-13809,19.666666666666668,15.666666666666666
SWE-bench,GLM,TRC+SS,django__django-14915,28.666666666666668,27.0
SWE-bench,GLM,TRC+SS,django__django-15368,47.333333333333336,39.0
SWE-bench,GLM,TRC+SS,django__django-15741,35.0,85.5
SWE-bench,GLM,TRC+SS,scikit-learn__scikit-learn-10297,35.5,39.5
SWE-bench,GLM,TRC+SS,scikit-learn__scikit-learn-10844,28.666666666666668,23.0
SWE-bench,GLM,TRC+SS,scikit-learn__scikit-learn-11578,30.5,31.0
SWE-bench,GLM,TRC+SS,scikit-learn__scikit-learn-12585,52.333333333333336,26.333333333333332
SWE-bench,GLM,TRC+SS,scikit-learn__scikit-learn-13142,38.666666666666664,46.5
SWE-bench,GLM,TRC+SS,scikit-learn__scikit-learn-13439,31.0,32.666666666666664
SWE-bench,GLM,TRC+SS,scikit-learn__scikit-learn-13496,33.333333333333336,42.0
SWE-bench,GLM,TRC+SS,scikit-learn__scikit-learn-14141,20.0,18.0
SWE-bench,GLM,TRC+SS,scikit-learn__scikit-learn-14496,32.666666666666664,31.333333333333332
SWE-bench,GLM,TRC+SS,scikit-learn__scikit-learn-14710,22.5,49.666666666666664
SWE-bench,GLM,TRC+SS,scikit-learn__scikit-learn-14894,43.0,28.0
SWE-bench,GLM,TRC+SS,scikit-learn__scikit-learn-15100,25.0,33.0
SWE-bench,GLM,TRC+SS,scikit-learn__scikit-learn-25232,52.0,87.0
SWE-bench,GLM,TRC+SS,scikit-learn__scikit-learn-26323,36.5,45.333333333333336
SWE-bench,GLM,TRC+SS,sympy__sympy-11618,36.0,39.0
SWE-bench,GLM,TRC+SS,sympy__sympy-13372,48.333333333333336,27.0
SWE-bench,GLM,TRC+SS,sympy__sympy-14711,43.5,36.666666666666664
SWE-bench,GLM,TRC+SS,sympy__sympy-15017,41.5,38.666666666666664
SWE-bench,GLM,TRC+SS,sympy__sympy-15349,31.0,25.333333333333332
SWE-bench,GLM,TRC+SS,sympy__sympy-16450,45.333333333333336,67.0
SWE-bench,GLM,TRC+SS,sympy__sympy-17139,34.5,29.0
SWE-bench,GLM,TRC+SS,sympy__sympy-19637,36.666666666666664,36.666666666666664
SWE-bench,GLM,TRC+SS,sympy__sympy-19954,24.5,41.0
SWE-bench,GLM,TRC+SS,sympy__sympy-24066,21.5,22.5
SWE-bench,GLM,TRC+SS,sympy__sympy-24213,21.333333333333332,34.666666666666664
SWE-bench,GLM,TRC+SS,sympy__sympy-24443,37.0,33.5
SWE-bench,GLM,TRC+SS,sympy__sympy-24661,33.0,62.666666666666664
SWE-bench,GLM,OTRC+TR,django__django-11066,8.333333333333334,12.333333333333334
SWE-bench,GLM,OTRC+TR,django__django-11095,41.0,33.5
SWE-bench,GLM,OTRC+TR,django__django-12143,30.333333333333332,22.666666666666668
SWE-bench,GLM,OTRC+TR,django__django-12276,66.0,53.5
SWE-bench,GLM,OTRC+TR,django__django-13809,27.5,15.666666666666666
SWE-bench,GLM,OTRC+TR,django__django-14915,55.666666666666664,27.0
SWE-bench,GLM,OTRC+TR,django__django-15368,50.0,39.0
SWE-bench,GLM,OTRC+TR,django__django-15741,27.333333333333332,85.5
SWE-bench,GLM,OTRC+TR,scikit-learn__scikit-learn-10297,58.5,39.5
SWE-bench,GLM,OTRC+TR,scikit-learn__scikit-learn-10844,60.666666666666664,23.0
SWE-bench,GLM,OTRC+TR,scikit-learn__scikit-learn-11578,47.5,31.0
SWE-bench,GLM,OTRC+TR,scikit-learn__scikit-learn-12585,41.5,26.333333333333332
SWE-bench,GLM,OTRC+TR,scikit-learn__scikit-learn-13439,50.0,32.666666666666664
SWE-bench,GLM,OTRC+TR,scikit-learn__scikit-learn-13496,61.666666666666664,42.0
SWE-bench,GLM,OTRC+TR,scikit-learn__scikit-learn-13779,38.333333333333336,27.5
SWE-bench,GLM,OTRC+TR,scikit-learn__scikit-learn-14141,15.333333333333334,18.0
SWE-bench,GLM,OTRC+TR,scikit-learn__scikit-learn-14496,28.333333333333332,31.333333333333332
SWE-bench,GLM,OTRC+TR,scikit-learn__scikit-learn-14710,38.0,49.666666666666664
SWE-bench,GLM,OTRC+TR,scikit-learn__scikit-learn-14894,30.0,28.0
SWE-bench,GLM,OTRC+TR,scikit-learn__scikit-learn-15100,27.0,33.0
SWE-bench,GLM,OTRC+TR,sympy__sympy-11618,29.0,39.0
SWE-bench,GLM,OTRC+TR,sympy__sympy-15017,36.0,38.666666666666664
SWE-bench,GLM,OTRC+TR,sympy__sympy-16450,41.5,67.0
SWE-bench,GLM,OTRC+TR,sympy__sympy-17139,24.0,29.0
SWE-bench,GLM,OTRC+TR,sympy__sympy-19637,33.666666666666664,36.666666666666664
SWE-bench,GLM,OTRC+TR,sympy__sympy-19954,23.5,41.0
SWE-bench,GLM,OTRC+TR,sympy__sympy-24066,55.0,22.5
SWE-bench,GLM,OTRC+TR,sympy__sympy-24213,39.666666666666664,34.666666666666664
SWE-bench,GLM,OTRC+TR,sympy__sympy-24443,49.0,33.5
SWE-bench,GLM,OTRC+SU-p,django__django-11066,8.666666666666666,12.333333333333334
SWE-bench,GLM,OTRC+SU-p,django__django-11095,31.0,33.5
SWE-bench,GLM,OTRC+SU-p,django__django-12143,21.333333333333332,22.666666666666668
SWE-bench,GLM,OTRC+SU-p,django__django-12276,57.333333333333336,53.5
SWE-bench,GLM,OTRC+SU-p,django__django-13809,33.666666666666664,15.666666666666666
SWE-bench,GLM,OTRC+SU-p,django__django-14915,38.333333333333336,27.0
SWE-bench,GLM,OTRC+SU-p,django__django-15368,56.666666666666664,39.0
SWE-bench,GLM,OTRC+SU-p,django__django-15741,30.333333333333332,85.5
SWE-bench,GLM,OTRC+SU-p,scikit-learn__scikit-learn-10297,56.333333333333336,39.5
SWE-bench,GLM,OTRC+SU-p,scikit-learn__scikit-learn-10844,41.666666666666664,23.0
SWE-bench,GLM,OTRC+SU-p,scikit-learn__scikit-learn-11578,38.333333333333336,31.0
SWE-bench,GLM,OTRC+SU-p,scikit-learn__scikit-learn-12585,37.0,26.333333333333332
SWE-bench,GLM,OTRC+SU-p,scikit-learn__scikit-learn-13439,35.0,32.666666666666664
SWE-bench,GLM,OTRC+SU-p,scikit-learn__scikit-learn-13496,45.333333333333336,42.0
SWE-bench,GLM,OTRC+SU-p,scikit-learn__scikit-learn-14141,15.666666666666666,18.0
SWE-bench,GLM,OTRC+SU-p,scikit-learn__scikit-learn-14496,28.0,31.333333333333332
SWE-bench,GLM,OTRC+SU-p,scikit-learn__scikit-learn-14710,40.0,49.666666666666664
SWE-bench,GLM,OTRC+SU-p,scikit-learn__scikit-learn-14894,37.333333333333336,28.0
SWE-bench,GLM,OTRC+SU-p,scikit-learn__scikit-learn-15100,30.333333333333332,33.0
SWE-bench,GLM,OTRC+SU-p,scikit-learn__scikit-learn-25232,51.0,87.0
SWE-bench,GLM,OTRC+SU-p,sympy__sympy-11618,57.0,39.0
SWE-bench,GLM,OTRC+SU-p,sympy__sympy-13372,33.666666666666664,27.0
SWE-bench,GLM,OTRC+SU-p,sympy__sympy-14711,50.5,36.666666666666664
SWE-bench,GLM,OTRC+SU-p,sympy__sympy-15017,43.333333333333336,38.666666666666664
SWE-bench,GLM,OTRC+SU-p,sympy__sympy-16450,26.0,67.0
SWE-bench,GLM,OTRC+SU-p,sympy__sympy-17139,24.666666666666668,29.0
SWE-bench,GLM,OTRC+SU-p,sympy__sympy-19637,53.0,36.666666666666664
SWE-bench,GLM,OTRC+SU-p,sympy__sympy-19954,22.0,41.0
SWE-bench,GLM,OTRC+SU-p,sympy__sympy-24066,21.0,22.5
SWE-bench,GLM,OTRC+SU-p,sympy__sympy-24213,30.666666666666668,34.666666666666664
SWE-bench,GLM,OTRC+SS-p,django__django-11066,10.0,12.333333333333334
SWE-bench,GLM,OTRC+SS-p,django__django-11095,36.5,33.5
SWE-bench,GLM,OTRC+SS-p,django__django-12143,24.0,22.666666666666668
SWE-bench,GLM,OTRC+SS-p,django__django-13012,55.0,66.5
SWE-bench,GLM,OTRC+SS-p,django__django-13809,41.666666666666664,15.666666666666666
SWE-bench,GLM,OTRC+SS-p,django__django-14915,23.333333333333332,27.0
SWE-bench,GLM,OTRC+SS-p,django__django-15741,35.5,85.5
SWE-bench,GLM,OTRC+SS-p,scikit-learn__scikit-learn-10297,49.0,39.5
SWE-bench,GLM,OTRC+SS-p,scikit-learn__scikit-learn-10844,30.0,23.0
SWE-bench,GLM,OTRC+SS-p,scikit-learn__scikit-learn-11578,30.0,31.0
SWE-bench,GLM,OTRC+SS-p,scikit-learn__scikit-learn-12585,40.5,26.333333333333332
SWE-bench,GLM,OTRC+SS-p,scikit-learn__scikit-learn-13439,42.5,32.666666666666664
SWE-bench,GLM,OTRC+SS-p,scikit-learn__scikit-learn-13496,52.666666666666664,42.0
SWE-bench,GLM,OTRC+SS-p,scikit-learn__scikit-learn-14141,16.333333333333332,18.0
SWE-bench,GLM,OTRC+SS-p,scikit-learn__scikit-learn-14496,29.666666666666668,31.333333333333332
SWE-bench,GLM,OTRC+SS-p,scikit-learn__scikit-learn-14710,37.5,49.666666666666664
SWE-bench,GLM,OTRC+SS-p,scikit-learn__scikit-learn-14894,36.5,28.0
SWE-bench,GLM,OTRC+SS-p,scikit-learn__scikit-learn-15100,33.0,33.0
SWE-bench,GLM,OTRC+SS-p,sympy__sympy-11618,58.666666666666664,39.0
SWE-bench,GLM,OTRC+SS-p,sympy__sympy-13372,24.0,27.0
SWE-bench,GLM,OTRC+SS-p,sympy__sympy-14711,76.0,36.666666666666664
SWE-bench,GLM,OTRC+SS-p,sympy__sympy-15017,27.0,38.666666666666664
SWE-bench,GLM,OTRC+SS-p,sympy__sympy-15349,33.5,25.333333333333332
SWE-bench,GLM,OTRC+SS-p,sympy__sympy-16450,53.5,67.0
SWE-bench,GLM,OTRC+SS-p,sympy__sympy-17139,25.666666666666668,29.0
SWE-bench,GLM,OTRC+SS-p,sympy__sympy-19637,28.666666666666668,36.666666666666664
SWE-bench,GLM,OTRC+SS-p,sympy__sympy-19954,24.666666666666668,41.0
SWE-bench,GLM,OTRC+SS-p,sympy__sympy-24213,24.0,34.666666666666664
SWE-bench,GLM,OTRC+SS-p,sympy__sympy-24443,43.5,33.5
SWE-bench,GLM,OTRC+SS-p,sympy__sympy-24661,63.0,62.666666666666664
SWE-bench,GLM,OTRC,django__django-11066,7.5,12.333333333333334
SWE-bench,GLM,OTRC,django__django-11095,39.333333333333336,33.5
SWE-bench,GLM,OTRC,django__django-12143,34.666666666666664,22.666666666666668
SWE-bench,GLM,OTRC,django__django-12276,45.5,53.5
SWE-bench,GLM,OTRC,django__django-13809,17.5,15.666666666666666
SWE-bench,GLM,OTRC,django__django-14915,41.0,27.0
SWE-bench,GLM,OTRC,django__django-15368,47.666666666666664,39.0
SWE-bench,GLM,OTRC,django__django-15741,35.666666666666664,85.5
SWE-bench,GLM,OTRC,scikit-learn__scikit-learn-10297,52.0,39.5
SWE-bench,GLM,OTRC,scikit-learn__scikit-learn-10844,28.666666666666668,23.0
SWE-bench,GLM,OTRC,scikit-learn__scikit-learn-11578,35.5,31.0
SWE-bench,GLM,OTRC,scikit-learn__scikit-learn-12585,41.0,26.333333333333332
SWE-bench,GLM,OTRC,scikit-learn__scikit-learn-13142,39.333333333333336,46.5
SWE-bench,GLM,OTRC,scikit-learn__scikit-learn-13439,36.333333333333336,32.666666666666664
SWE-bench,GLM,OTRC,scikit-learn__scikit-learn-13496,47.333333333333336,42.0
SWE-bench,GLM,OTRC,scikit-learn__scikit-learn-13779,38.5,27.5
SWE-bench,GLM,OTRC,scikit-learn__scikit-learn-14141,26.666666666666668,18.0
SWE-bench,GLM,OTRC,scikit-learn__scikit-learn-14496,31.666666666666668,31.333333333333332
SWE-bench,GLM,OTRC,scikit-learn__scikit-learn-14710,34.333333333333336,49.666666666666664
SWE-bench,GLM,OTRC,scikit-learn__scikit-learn-14894,29.333333333333332,28.0
SWE-bench,GLM,OTRC,scikit-learn__scikit-learn-15100,36.333333333333336,33.0
SWE-bench,GLM,OTRC,scikit-learn__scikit-learn-26323,53.5,45.333333333333336
SWE-bench,GLM,OTRC,sympy__sympy-11618,51.333333333333336,39.0
SWE-bench,GLM,OTRC,sympy__sympy-13372,29.5,27.0
SWE-bench,GLM,OTRC,sympy__sympy-14711,48.5,36.666666666666664
SWE-bench,GLM,OTRC,sympy__sympy-15017,32.0,38.666666666666664
SWE-bench,GLM,OTRC,sympy__sympy-15349,25.5,25.333333333333332
SWE-bench,GLM,OTRC,sympy__sympy-17139,21.5,29.0
SWE-bench,GLM,OTRC,sympy__sympy-19637,45.666666666666664,36.666666666666664
SWE-bench,GLM,OTRC,sympy__sympy-19954,26.333333333333332,41.0
SWE-bench,GLM,OTRC,sympy__sympy-24066,42.666666666666664,22.5
SWE-bench,GLM,OTRC,sympy__sympy-24213,25.333333333333332,34.666666666666664
SWE-bench,GLM,OTRC,sympy__sympy-24443,33.0,33.5
Terminal-Bench,Qwen,TR,csv-to-parquet,18.666666666666668,11.333333333333334
Terminal-Bench,Qwen,TR,eval-mteb,25.0,20.0
Terminal-Bench,Qwen,TR,eval-mteb.hard,42.666666666666664,12.0
Terminal-Bench,Qwen,TR,fix-pandas-version,10.333333333333334,8.666666666666666
Terminal-Bench,Qwen,TR,fix-permissions,3.6666666666666665,4.0
Terminal-Bench,Qwen,TR,git-workflow-hack,100.0,30.0
Terminal-Bench,Qwen,TR,heterogeneous-dates,6.333333333333333,5.5
Terminal-Bench,Qwen,TR,modernize-fortran-build,10.666666666666666,10.5
Terminal-Bench,Qwen,TR,new-encrypt-command,7.0,8.0
Terminal-Bench,Qwen,TR,processing-pipeline,16.0,18.0
Terminal-Bench,Qwen,TR,prove-plus-comm,8.666666666666666,7.0
Terminal-Bench,Qwen,TR,sqlite-with-gcov,16.666666666666668,12.0
Terminal-Bench,Qwen,TR,tmux-advanced-workflow,25.333333333333332,17.0
Terminal-Bench,Qwen,TRC,crack-7z-hash.hard,88.5,20.666666666666668
Terminal-Bench,Qwen,TRC,csv-to-parquet,16.666666666666668,11.333333333333334
Terminal-Bench,Qwen,TRC,eval-mteb,27.0,20.0
Terminal-Bench,Qwen,TRC,eval-mteb.hard,79.5,12.0
Terminal-Bench,Qwen,TRC,fix-pandas-version,9.0,8.666666666666666
Terminal-Bench,Qwen,TRC,fix-permissions,3.0,4.0
Terminal-Bench,Qwen,TRC,git-workflow-hack,100.0,30.0
Terminal-Bench,Qwen,TRC,heterogeneous-dates,5.5,5.5
Terminal-Bench,Qwen,TRC,modernize-fortran-build,9.0,10.5
Terminal-Bench,Qwen,TRC,new-encrypt-command,7.0,8.0
Terminal-Bench,Qwen,TRC,processing-pipeline,19.333333333333332,18.0
Terminal-Bench,Qwen,TRC,prove-plus-comm,14.0,7.0
Terminal-Bench,Qwen,TRC,qemu-startup,43.666666666666664,30.666666666666668
Terminal-Bench,Qwen,TRC,sqlite-with-gcov,23.333333333333332,12.0
Terminal-Bench,Qwen,SU,crack-7z-hash.hard,19.0,20.666666666666668
Terminal-Bench,Qwen,SU,csv-to-parquet,19.666666666666668,11.333333333333334
Terminal-Bench,Qwen,SU,eval-mteb,43.5,20.0
Terminal-Bench,Qwen,SU,fix-pandas-version,15.333333333333334,8.666666666666666
Terminal-Bench,Qwen,SU,fix-permissions,3.6666666666666665,4.0
Terminal-Bench,Qwen,SU,git-workflow-hack,39.5,30.0
Terminal-Bench,Qwen,SU,heterogeneous-dates,7.666666666666667,5.5
Terminal-Bench,Qwen,SU,modernize-fortran-build,16.5,10.5
Terminal-Bench,Qwen,SU,new-encrypt-command,8.333333333333334,8.0
Terminal-Bench,Qwen,SU,processing-pipeline,42.0,18.0
Terminal-Bench,Qwen,SU,prove-plus-comm,7.0,7.0
Terminal-Bench,Qwen,SU,swe-bench-fsspec,29.5,39.0
Terminal-Bench,Qwen,SU-p,crack-7z-hash.hard,40.5,20.666666666666668
Terminal-Bench,Qwen,SU-p,csv-to-parquet,14.666666666666666,11.333333333333334
Terminal-Bench,Qwen,SU-p,eval-mteb.hard,20.5,12.0
Terminal-Bench,Qwen,SU-p,fix-pandas-version,8.0,8.666666666666666
Terminal-Bench,Qwen,SU-p,fix-permissions,4.0,4.0
Terminal-Bench,Qwen,SU-p,git-workflow-hack,48.666666666666664,30.0
Terminal-Bench,Qwen,SU-p,modernize-fortran-build,15.0,10.5
Terminal-Bench,Qwen,SU-p,new-encrypt-command,7.0,8.0
Terminal-Bench,Qwen,SU-p,processing-pipeline,23.333333333333332,18.0
Terminal-Bench,Qwen,SU-p,prove-plus-comm,7.0,7.0
Terminal-Bench,Qwen,SU-p,qemu-startup,18.0,30.666666666666668
Terminal-Bench,Qwen,SU-p,sqlite-with-gcov,24.0,12.0
Terminal-Bench,Qwen,SU-p,tmux-advanced-workflow,33.5,17.0
Terminal-Bench,Qwen,SS,crack-7z-hash.hard,28.666666666666668,20.666666666666668
Terminal-Bench,Qwen,SS,csv-to-parquet,16.0,11.333333333333334
Terminal-Bench,Qwen,SS,fix-pandas-version,7.333333333333333,8.666666666666666
Terminal-Bench,Qwen,SS,fix-permissions,3.0,4.0
Terminal-Bench,Qwen,SS,git-workflow-hack,39.0,30.0
Terminal-Bench,Qwen,SS,heterogeneous-dates,5.5,5.5
Terminal-Bench,Qwen,SS,new-encrypt-command,7.333333333333333,8.0
Terminal-Bench,Qwen,SS,processing-pipeline,32.0,18.0
Terminal-Bench,Qwen,SS,prove-plus-comm,7.0,7.0
Terminal-Bench,Qwen,SS,qemu-startup,23.666666666666668,30.666666666666668
Terminal-Bench,Qwen,SS-p,crack-7z-hash.hard,38.0,20.666666666666668
Terminal-Bench,Qwen,SS-p,csv-to-parquet,13.333333333333334,11.333333333333334
Terminal-Bench,Qwen,SS-p,eval-mteb,16.0,20.0
Terminal-Bench,Qwen,SS-p,eval-mteb.hard,31.0,12.0
Terminal-Bench,Qwen,SS-p,fix-pandas-version,12.666666666666666,8.666666666666666
Terminal-Bench,Qwen,SS-p,fix-permissions,3.6666666666666665,4.0
Terminal-Bench,Qwen,SS-p,heterogeneous-dates,6.5,5.5
Terminal-Bench,Qwen,SS-p,modernize-fortran-build,13.666666666666666,10.5
Terminal-Bench,Qwen,SS-p,new-encrypt-command,7.333333333333333,8.0
Terminal-Bench,Qwen,SS-p,processing-pipeline,24.0,18.0
Terminal-Bench,Qwen,SS-p,prove-plus-comm,7.0,7.0
Terminal-Bench,Qwen,SS-p,qemu-startup,38.5,30.666666666666668
Terminal-Bench,Qwen,TRC+SU,csv-to-parquet,12.666666666666666,11.333333333333334
Terminal-Bench,Qwen,TRC+SU,eval-mteb,62.5,20.0
Terminal-Bench,Qwen,TRC+SU,fix-pandas-version,9.0,8.666666666666666
Terminal-Bench,Qwen,TRC+SU,fix-permissions,3.6666666666666665,4.0
Terminal-Bench,Qwen,TRC+SU,git-workflow-hack,33.666666666666664,30.0
Terminal-Bench,Qwen,TRC+SU,heterogeneous-dates,5.0,5.5
Terminal-Bench,Qwen,TRC+SU,new-encrypt-command,7.333333333333333,8.0
Terminal-Bench,Qwen,TRC+SU,processing-pipeline,18.666666666666668,18.0
Terminal-Bench,Qwen,TRC+SU,prove-plus-comm,7.0,7.0
Terminal-Bench,Qwen,TRC+SU,qemu-startup,39.5,30.666666666666668
Terminal-Bench,Qwen,TRC+SU,sqlite-with-gcov,15.5,12.0
Terminal-Bench,Qwen,TRC+SS,crack-7z-hash.hard,25.333333333333332,20.666666666666668
Terminal-Bench,Qwen,TRC+SS,csv-to-parquet,12.666666666666666,11.333333333333334
Terminal-Bench,Qwen,TRC+SS,eval-mteb,18.0,20.0
Terminal-Bench,Qwen,TRC+SS,fix-pandas-version,9.666666666666666,8.666666666666666
Terminal-Bench,Qwen,TRC+SS,fix-permissions,3.3333333333333335,4.0
Terminal-Bench,Qwen,TRC+SS,git-workflow-hack,40.333333333333336,30.0
Terminal-Bench,Qwen,TRC+SS,heterogeneous-dates,6.0,5.5
Terminal-Bench,Qwen,TRC+SS,modernize-fortran-build,11.0,10.5
Terminal-Bench,Qwen,TRC+SS,new-encrypt-command,8.666666666666666,8.0
Terminal-Bench,Qwen,TRC+SS,processing-pipeline,15.0,18.0
Terminal-Bench,Qwen,TRC+SS,prove-plus-comm,7.0,7.0
Terminal-Bench,Qwen,TRC+SS,sanitize-git-repo.hard,31.0,35.0
Terminal-Bench,Qwen,TRC+SS,tmux-advanced-workflow,31.333333333333332,17.0
Terminal-Bench,Qwen,OTRC+TR,csv-to-parquet,72.33333333333333,11.333333333333334
Terminal-Bench,Qwen,OTRC+TR,eval-mteb.hard,100.0,12.0
Terminal-Bench,Qwen,OTRC+TR,fix-pandas-version,9.0,8.666666666666666
Terminal-Bench,Qwen,OTRC+TR,fix-permissions,4.0,4.0
Terminal-Bench,Qwen,OTRC+TR,git-workflow-hack,100.0,30.0
Terminal-Bench,Qwen,OTRC+TR,heterogeneous-dates,5.666666666666667,5.5
Terminal-Bench,Qwen,OTRC+TR,modernize-fortran-build,11.0,10.5
Terminal-Bench,Qwen,OTRC+TR,new-encrypt-command,7.666666666666667,8.0
Terminal-Bench,Qwen,OTRC+TR,processing-pipeline,46.333333333333336,18.0
Terminal-Bench,Qwen,OTRC+TR,prove-plus-comm,7.333333333333333,7.0
Terminal-Bench,Qwen,OTRC+TR,qemu-startup,39.5,30.666666666666668
Terminal-Bench,Qwen,OTRC+TR,sqlite-with-gcov,39.333333333333336,12.0
Terminal-Bench,Qwen,OTRC+SU-p,crack-7z-hash.hard,49.5,20.666666666666668
Terminal-Bench,Qwen,OTRC+SU-p,csv-to-parquet,13.5,11.333333333333334
Terminal-Bench,Qwen,OTRC+SU-p,eval-mteb,20.5,20.0
Terminal-Bench,Qwen,OTRC+SU-p,fix-pandas-version,7.666666666666667,8.666666666666666
Terminal-Bench,Qwen,OTRC+SU-p,fix-permissions,4.0,4.0
Terminal-Bench,Qwen,OTRC+SU-p,heterogeneous-dates,6.0,5.5
Terminal-Bench,Qwen,OTRC+SU-p,modernize-fortran-build,11.0,10.5
Terminal-Bench,Qwen,OTRC+SU-p,new-encrypt-command,7.0,8.0
Terminal-Bench,Qwen,OTRC+SU-p,processing-pipeline,15.5,18.0
Terminal-Bench,Qwen,OTRC+SU-p,prove-plus-comm,7.333333333333333,7.0
Terminal-Bench,Qwen,OTRC+SU-p,qemu-startup,61.0,30.666666666666668
Terminal-Bench,Qwen,OTRC+SU-p,tmux-advanced-workflow,53.5,17.0
Terminal-Bench,Qwen,OTRC+SS-p,crack-7z-hash.hard,33.0,20.666666666666668
Terminal-Bench,Qwen,OTRC+SS-p,csv-to-parquet,82.33333333333333,11.333333333333334
Terminal-Bench,Qwen,OTRC+SS-p,fix-pandas-version,9.0,8.666666666666666
Terminal-Bench,Qwen,OTRC+SS-p,fix-permissions,3.6666666666666665,4.0
Terminal-Bench,Qwen,OTRC+SS-p,heterogeneous-dates,7.333333333333333,5.5
Terminal-Bench,Qwen,OTRC+SS-p,modernize-fortran-build,11.333333333333334,10.5
Terminal-Bench,Qwen,OTRC+SS-p,new-encrypt-command,7.333333333333333,8.0
Terminal-Bench,Qwen,OTRC+SS-p,processing-pipeline,15.5,18.0
Terminal-Bench,Qwen,OTRC+SS-p,prove-plus-comm,7.0,7.0
Terminal-Bench,Qwen,OTRC+SS-p,qemu-startup,16.0,30.666666666666668
Terminal-Bench,Qwen,OTRC+SS-p,sanitize-git-repo.hard,44.5,35.0
Terminal-Bench,Qwen,OTRC+SS-p,sqlite-with-gcov,16.666666666666668,12.0
Terminal-Bench,Qwen,OTRC+SS-p,swe-bench-fsspec,76.5,39.0
Terminal-Bench,Qwen,OTRC,crack-7z-hash.hard,26.666666666666668,20.666666666666668
Terminal-Bench,Qwen,OTRC,csv-to-parquet,11.666666666666666,11.333333333333334
Terminal-Bench,Qwen,OTRC,eval-mteb,29.5,20.0
Terminal-Bench,Qwen,OTRC,fix-pandas-version,7.333333333333333,8.666666666666666
Terminal-Bench,Qwen,OTRC,fix-permissions,3.6666666666666665,4.0
Terminal-Bench,Qwen,OTRC,heterogeneous-dates,5.333333333333333,5.5
Terminal-Bench,Qwen,OTRC,modernize-fortran-build,11.0,10.5
Terminal-Bench,Qwen,OTRC,new-encrypt-command,9.333333333333334,8.0
Terminal-Bench,Qwen,OTRC,processing-pipeline,19.0,18.0
Terminal-Bench,Qwen,OTRC,prove-plus-comm,7.0,7.0
Terminal-Bench,Qwen,OTRC,qemu-startup,18.5,30.666666666666668
Terminal-Bench,Qwen,OTRC,sanitize-git-repo.hard,25.666666666666668,35.0
Terminal-Bench,Qwen,OTRC,sqlite-with-gcov,11.0,12.0
Terminal-Bench,Qwen,OTRC,swe-bench-fsspec,51.333333333333336,39.0
Terminal-Bench,Qwen,OTRC,tmux-advanced-workflow,15.666666666666666,17.0
Terminal-Bench,Devstral,TR,csv-to-parquet,22.333333333333332,16.0
Terminal-Bench,Devstral,TR,eval-mteb,22.333333333333332,14.666666666666666
Terminal-Bench,Devstral,TR,fix-pandas-version,7.666666666666667,5.666666666666667
Terminal-Bench,Devstral,TR,fix-permissions,4.333333333333333,4.0
Terminal-Bench,Devstral,TR,git-workflow-hack,56.333333333333336,36.0
Terminal-Bench,Devstral,TR,new-encrypt-command,10.0,8.333333333333334
Terminal-Bench,Devstral,TR,prove-plus-comm,12.5,15.5
Terminal-Bench,Devstral,TR,sqlite-with-gcov,23.5,22.0
Terminal-Bench,Devstral,TR,swe-bench-fsspec,100.0,59.5
Terminal-Bench,Devstral,TRC,csv-to-parquet,19.0,16.0
Terminal-Bench,Devstral,TRC,eval-mteb,17.0,14.666666666666666
Terminal-Bench,Devstral,TRC,fix-pandas-version,6.0,5.666666666666667
Terminal-Bench,Devstral,TRC,fix-permissions,4.0,4.0
Terminal-Bench,Devstral,TRC,heterogeneous-dates,30.5,8.0
Terminal-Bench,Devstral,TRC,new-encrypt-command,11.666666666666666,8.333333333333334
Terminal-Bench,Devstral,TRC,processing-pipeline,17.5,23.0
Terminal-Bench,Devstral,TRC,prove-plus-comm,24.5,15.5
Terminal-Bench,Devstral,TRC,sqlite-with-gcov,22.666666666666668,22.0
Terminal-Bench,Devstral,SU,csv-to-parquet,19.333333333333332,16.0
Terminal-Bench,Devstral,SU,eval-mteb,50.5,14.666666666666666
Terminal-Bench,Devstral,SU,fix-pandas-version,6.0,5.666666666666667
Terminal-Bench,Devstral,SU,fix-permissions,3.6666666666666665,4.0
Terminal-Bench,Devstral,SU,git-workflow-hack,31.333333333333332,36.0
Terminal-Bench,Devstral,SU,new-encrypt-command,8.333333333333334,8.333333333333334
Terminal-Bench,Devstral,SU,prove-plus-comm,20.666666666666668,15.5
Terminal-Bench,Devstral,SU,sqlite-with-gcov,16.5,22.0
Terminal-Bench,Devstral,SU,swe-bench-fsspec,23.0,59.5
Terminal-Bench,Devstral,SU-p,csv-to-parquet,13.666666666666666,16.0
Terminal-Bench,Devstral,SU-p,eval-mteb,15.5,14.666666666666666
Terminal-Bench,Devstral,SU-p,eval-mteb.hard,37.5,14.5
Terminal-Bench,Devstral,SU-p,fix-pandas-version,5.666666666666667,5.666666666666667
Terminal-Bench,Devstral,SU-p,fix-permissions,4.0,4.0
Terminal-Bench,Devstral,SU-p,heterogeneous-dates,27.5,8.0
Terminal-Bench,Devstral,SU-p,new-encrypt-command,8.333333333333334,8.333333333333334
Terminal-Bench,Devstral,SU-p,sqlite-with-gcov,23.0,22.0
Terminal-Bench,Devstral,SU-p,swe-bench-fsspec,54.0,59.5
Terminal-Bench,Devstral,SS,blind-maze-explorer-algorithm,22.0,38.0
Terminal-Bench,Devstral,SS,csv-to-parquet,17.666666666666668,16.0
Terminal-Bench,Devstral,SS,eval-mteb,32.666666666666664,14.666666666666666
Terminal-Bench,Devstral,SS,fix-pandas-version,5.0,5.666666666666667
Terminal-Bench,Devstral,SS,fix-permissions,4.0,4.0
Terminal-Bench,Devstral,SS,git-workflow-hack,14.5,36.0
Terminal-Bench,Devstral,SS,new-encrypt-command,8.333333333333334,8.333333333333334
Terminal-Bench,Devstral,SS,prove-plus-comm,15.0,15.5
Terminal-Bench,Devstral,SS,swe-bench-fsspec,46.0,59.5
Terminal-Bench,Devstral,SS-p,csv-to-parquet,16.5,16.0
Terminal-Bench,Devstral,SS-p,eval-mteb,52.5,14.666666666666666
Terminal-Bench,Devstral,SS-p,eval-mteb.hard,31.5,14.5
Terminal-Bench,Devstral,SS-p,fix-pandas-version,5.333333333333333,5.666666666666667
Terminal-Bench,Devstral,SS-p,fix-permissions,4.0,4.0
Terminal-Bench,Devstral,SS-p,git-workflow-hack,31.5,36.0
Terminal-Bench,Devstral,SS-p,new-encrypt-command,7.5,8.333333333333334
Terminal-Bench,Devstral,SS-p,sqlite-with-gcov,9.0,22.0
Terminal-Bench,Devstral,TRC+SU,csv-to-parquet,22.0,16.0
Terminal-Bench,Devstral,TRC+SU,eval-mteb,46.5,14.666666666666666
Terminal-Bench,Devstral,TRC+SU,fix-pandas-version,5.666666666666667,5.666666666666667
Terminal-Bench,Devstral,TRC+SU,fix-permissions,4.666666666666667,4.0
Terminal-Bench,Devstral,TRC+SU,new-encrypt-command,6.666666666666667,8.333333333333334
Terminal-Bench,Devstral,TRC+SU,swe-bench-fsspec,55.5,59.5
Terminal-Bench,Devstral,TRC+SS,csv-to-parquet,14.333333333333334,16.0
Terminal-Bench,Devstral,TRC+SS,fix-pandas-version,5.0,5.666666666666667
Terminal-Bench,Devstral,TRC+SS,fix-permissions,4.0,4.0
Terminal-Bench,Devstral,TRC+SS,git-workflow-hack,16.5,36.0
Terminal-Bench,Devstral,TRC+SS,new-encrypt-command,7.0,8.333333333333334
Terminal-Bench,Devstral,TRC+SS,prove-plus-comm,16.0,15.5
Terminal-Bench,Devstral,TRC+SS,swe-bench-fsspec,73.5,59.5
Terminal-Bench,Devstral,OTRC+TR,csv-to-parquet,55.5,16.0
Terminal-Bench,Devstral,OTRC+TR,eval-mteb,100.0,14.666666666666666
Terminal-Bench,Devstral,OTRC+TR,fix-pandas-version,5.0,5.666666666666667
Terminal-Bench,Devstral,OTRC+TR,fix-permissions,4.0,4.0
Terminal-Bench,Devstral,OTRC+TR,new-encrypt-command,7.0,8.333333333333334
Terminal-Bench,Devstral,OTRC+TR,prove-plus-comm,19.0,15.5
Terminal-Bench,Devstral,OTRC+TR,sqlite-with-gcov,76.5,22.0
Terminal-Bench,Devstral,OTRC+TR,swe-bench-fsspec,100.0,59.5
Terminal-Bench,Devstral,OTRC+SU-p,fix-pandas-version,6.333333333333333,5.666666666666667
Terminal-Bench,Devstral,OTRC+SU-p,fix-permissions,4.333333333333333,4.0
Terminal-Bench,Devstral,OTRC+SU-p,new-encrypt-command,8.0,8.333333333333334
Terminal-Bench,Devstral,OTRC+SU-p,prove-plus-comm,11.666666666666666,15.5
Terminal-Bench,Devstral,OTRC+SS-p,csv-to-parquet,17.0,16.0
Terminal-Bench,Devstral,OTRC+SS-p,eval-mteb.hard,60.0,14.5
Terminal-Bench,Devstral,OTRC+SS-p,fix-pandas-version,6.666666666666667,5.666666666666667
Terminal-Bench,Devstral,OTRC+SS-p,fix-permissions,4.0,4.0
Terminal-Bench,Devstral,OTRC+SS-p,git-workflow-hack,79.5,36.0
Terminal-Bench,Devstral,OTRC+SS-p,heterogeneous-dates,50.0,8.0
Terminal-Bench,Devstral,OTRC+SS-p,new-encrypt-command,10.333333333333334,8.333333333333334
Terminal-Bench,Devstral,OTRC+SS-p,prove-plus-comm,12.5,15.5
Terminal-Bench,Devstral,OTRC+SS-p,sqlite-with-gcov,16.0,22.0
Terminal-Bench,Devstral,OTRC,csv-to-parquet,11.666666666666666,16.0
Terminal-Bench,Devstral,OTRC,eval-mteb,28.5,14.666666666666666
Terminal-Bench,Devstral,OTRC,eval-mteb.hard,14.0,14.5
Terminal-Bench,Devstral,OTRC,fix-pandas-version,8.333333333333334,5.666666666666667
Terminal-Bench,Devstral,OTRC,fix-permissions,4.0,4.0
Terminal-Bench,Devstral,OTRC,git-workflow-hack,23.5,36.0
Terminal-Bench,Devstral,OTRC,new-encrypt-command,11.0,8.333333333333334
Terminal-Bench,Devstral,OTRC,prove-plus-comm,31.0,15.5
Terminal-Bench,Devstral,OTRC,sqlite-with-gcov,18.0,22.0
Terminal-Bench,GLM,TR,csv-to-parquet,21.5,17.0
Terminal-Bench,GLM,TR,eval-mteb,85.33333333333333,26.0
Terminal-Bench,GLM,TR,eval-mteb.hard,63.5,19.5
Terminal-Bench,GLM,TR,fix-pandas-version,6.0,7.0
Terminal-Bench,GLM,TR,incompatible-python-fasttext,25.333333333333332,21.5
Terminal-Bench,GLM,TR,new-encrypt-command,6.333333333333333,7.333333333333333
Terminal-Bench,GLM,TRC,csv-to-parquet,18.666666666666668,17.0
Terminal-Bench,GLM,TRC,eval-mteb,53.333333333333336,26.0
Terminal-Bench,GLM,TRC,eval-mteb.hard,35.0,19.5
Terminal-Bench,GLM,TRC,fix-pandas-version,10.666666666666666,7.0
Terminal-Bench,GLM,TRC,fix-permissions,4.666666666666667,4.0
Terminal-Bench,GLM,TRC,incompatible-python-fasttext,43.5,21.5
Terminal-Bench,GLM,TRC,new-encrypt-command,7.0,7.333333333333333
Terminal-Bench,GLM,TRC,prove-plus-comm,8.666666666666666,11.5
Terminal-Bench,GLM,SU,fix-permissions,4.0,4.0
Terminal-Bench,GLM,SU,incompatible-python-fasttext,15.0,21.5
Terminal-Bench,GLM,SU,new-encrypt-command,7.333333333333333,7.333333333333333
Terminal-Bench,GLM,SU-p,csv-to-parquet,21.0,17.0
Terminal-Bench,GLM,SU-p,fix-permissions,4.0,4.0
Terminal-Bench,GLM,SU-p,incompatible-python-fasttext,27.5,21.5
Terminal-Bench,GLM,SU-p,new-encrypt-command,7.666666666666667,7.333333333333333
Terminal-Bench,GLM,SS,fix-pandas-version,9.5,7.0
Terminal-Bench,GLM,SS,fix-permissions,4.0,4.0
Terminal-Bench,GLM,SS,new-encrypt-command,6.0,7.333333333333333
Terminal-Bench,GLM,SS-p,fix-permissions,4.666666666666667,4.0
Terminal-Bench,GLM,SS-p,git-workflow-hack,19.5,20.0
Terminal-Bench,GLM,SS-p,incompatible-python-fasttext,33.333333333333336,21.5
Terminal-Bench,GLM,SS-p,new-encrypt-command,6.666666666666667,7.333333333333333
Terminal-Bench,GLM,TRC+SU,fix-permissions,5.0,4.0
Terminal-Bench,GLM,TRC+SU,new-encrypt-command,7.333333333333333,7.333333333333333
Terminal-Bench,GLM,TRC+SS,fix-pandas-version,5.666666666666667,7.0
Terminal-Bench,GLM,TRC+SS,fix-permissions,4.0,4.0
Terminal-Bench,GLM,TRC+SS,incompatible-python-fasttext,14.0,21.5
Terminal-Bench,GLM,TRC+SS,new-encrypt-command,7.0,7.333333333333333
Terminal-Bench,GLM,TRC+SS,prove-plus-comm,7.5,11.5
Terminal-Bench,GLM,OTRC+TR,csv-to-parquet,14.5,17.0
Terminal-Bench,GLM,OTRC+TR,fix-pandas-version,7.0,7.0
Terminal-Bench,GLM,OTRC+TR,fix-permissions,4.0,4.0
Terminal-Bench,GLM,OTRC+TR,incompatible-python-fasttext,12.0,21.5
Terminal-Bench,GLM,OTRC+TR,new-encrypt-command,9.333333333333334,7.333333333333333
Terminal-Bench,GLM,OTRC+TR,sqlite-with-gcov,77.0,19.333333333333332
Terminal-Bench,GLM,OTRC+SU-p,fix-pandas-version,8.0,7.0
Terminal-Bench,GLM,OTRC+SU-p,fix-permissions,4.333333333333333,4.0
Terminal-Bench,GLM,OTRC+SU-p,new-encrypt-command,5.666666666666667,7.333333333333333
Terminal-Bench,GLM,OTRC+SS-p,fix-pandas-version,6.0,7.0
Terminal-Bench,GLM,OTRC+SS-p,fix-permissions,4.0,4.0
Terminal-Bench,GLM,OTRC+SS-p,new-encrypt-command,7.333333333333333,7.333333333333333
Terminal-Bench,GLM,OTRC+SS-p,prove-plus-comm,11.0,11.5
Terminal-Bench,GLM,OTRC,csv-to-parquet,14.666666666666666,17.0
Terminal-Bench,GLM,OTRC,eval-mteb,28.5,26.0
Terminal-Bench,GLM,OTRC,eval-mteb.hard,29.333333333333332,19.5
Terminal-Bench,GLM,OTRC,fix-permissions,3.6666666666666665,4.0
Terminal-Bench,GLM,OTRC,git-workflow-hack,31.0,20.0
Terminal-Bench,GLM,OTRC,new-encrypt-command,6.333333333333333,7.333333333333333
Terminal-Bench,GLM,OTRC,sanitize-git-repo,20.0,23.5
Terminal-Bench,GLM,OTRC,swe-bench-fsspec,95.0,62.5
